action_type	serialized_occurrences	source_candidates	resolution
	10	[]	no_loose_source_match
AddHP	71	"[""Assets/Scripts/ProjectCode/FSM/01_Project_Actions/Hollow_Knight/AddHP.cs""]"	short_name_candidate
AnimatorGroupPlay	6	"[""Assets/Scripts/Assembly-CSharp/HutongGames/PlayMaker/Actions/AnimatorGroupPlay.cs""]"	short_name_candidate
CameraRepositionToHero	1	"[""Assets/Scripts/ProjectCode/FSM/01_Project_Actions/Hollow_Knight/CameraRepositionToHero.cs""]"	short_name_candidate
CancelDoQueuedSaveGame	3	"[""Assets/Scripts/ProjectCode/Game/06_Data_Save_Progression/CancelDoQueuedSaveGame.cs""]"	exact_declared_type
CheckAlertRange	2703	"[""Assets/Scripts/ProjectCode/FSM/01_Project_Actions/Hollow_Knight/CheckAlertRange.cs""]"	exact_declared_type
CheckAlertRangeByName	14573	"[""Assets/Scripts/ProjectCode/FSM/01_Project_Actions/Hollow_Knight/CheckAlertRangeByName.cs""]"	exact_declared_type
CheckCanSeeHero	252	"[""Assets/Scripts/ProjectCode/FSM/01_Project_Actions/Hollow_Knight/CheckCanSeeHero.cs""]"	exact_declared_type
CheckCurrentMapZone	284	"[""Assets/Scripts/ProjectCode/FSM/01_Project_Actions/Hollow_Knight/CheckCurrentMapZone.cs""]"	exact_declared_type
CheckCurrentMapZoneEnum	472	"[""Assets/Scripts/Assembly-CSharp/CheckCurrentMapZoneEnum.cs""]"	exact_declared_type
CheckHasVisitedScene	3	"[""Assets/Scripts/Assembly-CSharp/CheckHasVisitedScene.cs""]"	exact_declared_type
CheckIsCharacterGrounded	2358	"[""Assets/Scripts/Assembly-CSharp/CheckIsCharacterGrounded.cs""]"	exact_declared_type
CheckIsFirstLevelForPlayer	468	"[""Assets/Scripts/Assembly-CSharp/CheckIsFirstLevelForPlayer.cs""]"	exact_declared_type
CheckIsRespawningOnMarker	1	"[""Assets/Scripts/Assembly-CSharp/CheckIsRespawningOnMarker.cs""]"	exact_declared_type
CheckLineOfSight	9	"[""Assets/Scripts/Assembly-CSharp/CheckLineOfSight.cs""]"	exact_declared_type
CheckSceneName	171	"[""Assets/Scripts/ProjectCode/FSM/01_Project_Actions/Hollow_Knight/CheckSceneName.cs""]"	exact_declared_type
CheckSendEventLimit	15	"[""Assets/Scripts/ProjectCode/FSM/01_Project_Actions/General/CheckSendEventLimit.cs""]"	exact_declared_type
CheckStartedOnThisScene	1	"[""Assets/Scripts/Assembly-CSharp/CheckStartedOnThisScene.cs""]"	exact_declared_type
CheckStaticBool	18	"[""Assets/Scripts/ProjectCode/FSM/01_Project_Actions/General/CheckStaticBool.cs""]"	exact_declared_type
CheckTrackTriggerCount	6	"[""Assets/Scripts/ProjectCode/FSM/01_Project_Actions/Hollow_Knight/CheckTrackTriggerCount.cs""]"	short_name_candidate
CompareUnalertTime	60	"[""Assets/Scripts/Assembly-CSharp/CompareUnalertTime.cs""]"	exact_declared_type
CompleteJournalRecord	7	"[""Assets/Scripts/Assembly-CSharp/CompleteJournalRecord.cs""]"	exact_declared_type
CompleteJournalRecordV2	1	"[""Assets/Scripts/Assembly-CSharp/CompleteJournalRecordV2.cs""]"	exact_declared_type
CreateAutoSaveSilent	1	"[""Assets/Scripts/ProjectCode/Game/06_Data_Save_Progression/CreateAutoSaveSilent.cs""]"	exact_declared_type
DestroyPersonalPools	1	"[""Assets/Scripts/ProjectCode/FSM/01_Project_Actions/Hollow_Knight/DestroyPersonalPools.cs""]"	exact_declared_type
DoGameMapUpdate	2	"[""Assets/Scripts/Assembly-CSharp/DoGameMapUpdate.cs""]"	exact_declared_type
DoNotSpawnCorpse	21	"[""Assets/Scripts/Assembly-CSharp/DoNotSpawnCorpse.cs""]"	exact_declared_type
DoQueuedSaveGame	16	"[""Assets/Scripts/ProjectCode/Game/06_Data_Save_Progression/DoQueuedSaveGame.cs""]"	exact_declared_type
EnemyDeathEffectsRegular+SimulateDeath	856	"[""Assets/Scripts/Assembly-CSharp/EnemyDeathEffectsRegular.cs""]"	exact_declared_nested_type
EnemyDeathEffectsRegular+SimulateDeathNoCorpse	31	"[""Assets/Scripts/Assembly-CSharp/EnemyDeathEffectsRegular.cs""]"	exact_declared_nested_type
EnemyDeathEffectsRegular+SimulateDeathV2	1	"[""Assets/Scripts/Assembly-CSharp/EnemyDeathEffectsRegular.cs""]"	exact_declared_nested_type
FadeColorFader	247	"[""Assets/Scripts/ProjectCode/FSM/01_Project_Actions/Hollow_Knight/FadeColorFader.cs""]"	exact_declared_type
FadeGroupDown	94	"[""Assets/Scripts/ProjectCode/FSM/01_Project_Actions/Hollow_Knight/FadeGroupDown.cs""]"	exact_declared_type
FadeGroupUp	14	"[""Assets/Scripts/ProjectCode/FSM/01_Project_Actions/Hollow_Knight/FadeGroupUp.cs""]"	exact_declared_type
FadeNestedFadeGroup	1	[]	no_loose_source_match
FindAlertRange	1116	"[""Assets/Scripts/ProjectCode/FSM/01_Project_Actions/Hollow_Knight/FindAlertRange.cs""]"	exact_declared_type
FloatLerp	6	"[""Assets/Scripts/Assembly-CSharp/FloatLerp.cs""]"	exact_declared_type
FreezeMoment	14	"[""Assets/Scripts/Assembly-CSharp/FreezeMoment.cs""]"	exact_declared_type
FreezeMomentV2	28	"[""Assets/Scripts/Assembly-CSharp/FreezeMomentV2.cs""]"	exact_declared_type
GGCheckBoundHeart	2	"[""Assets/Scripts/ProjectCode/FSM/01_Project_Actions/Hollow_Knight_GG/GGCheckBoundHeart.cs""]"	exact_declared_type
GGCheckIsBossRushMode	1	"[""Assets/Scripts/ProjectCode/FSM/01_Project_Actions/Hollow_Knight_GG/GGCheckIsBossRushMode.cs""]"	exact_declared_type
GetConstantsValue	133	"[""Assets/Scripts/ProjectCode/FSM/01_Project_Actions/Hollow_Knight/GetConstantsValue.cs""]"	exact_declared_type
GetCrawlerType	26	"[""Assets/Scripts/Assembly-CSharp/GetCrawlerType.cs""]"	exact_declared_type
GetDamagerDirection	1	"[""Assets/Scripts/Assembly-CSharp/HutongGames/PlayMaker/GetDamagerDirection.cs""]"	short_name_candidate
GetEntryGateName	75	"[""Assets/Scripts/Assembly-CSharp/GetEntryGateName.cs""]"	exact_declared_type
GetHP	13	"[""Assets/Scripts/ProjectCode/FSM/01_Project_Actions/Hollow_Knight/GetHP.cs""]"	short_name_candidate
GetHero	489	"[""Assets/Scripts/ProjectCode/FSM/01_Project_Actions/Hollow_Knight/GetHero.cs""]"	exact_declared_type
GetJournalKillData	1	"[""Assets/Scripts/Assembly-CSharp/GetJournalKillData.cs""]"	exact_declared_type
GetLanguageStringProcessed	13	"[""Assets/Scripts/ProjectCode/FSM/01_Project_Actions/Game_Text/GetLanguageStringProcessed.cs""]"	exact_declared_type
GetPersistentBool	4	"[""Assets/Scripts/ProjectCode/FSM/01_Project_Actions/Hollow_Knight/GetPersistentBool.cs""]"	short_name_candidate
GetPreInstantiatedGameObject	5	"[""Assets/Scripts/ProjectCode/FSM/01_Project_Actions/General/GetPreInstantiatedGameObject.cs""]"	exact_declared_type
GetRespawningHero	5	"[""Assets/Scripts/ProjectCode/FSM/01_Project_Actions/Hollow_Knight/GetRespawningHero.cs""]"	exact_declared_type
GetStaticVariable	15	"[""Assets/Scripts/ProjectCode/FSM/01_Project_Actions/General/GetStaticVariable.cs""]"	exact_declared_type
GetUnalertTime	37	"[""Assets/Scripts/Assembly-CSharp/GetUnalertTime.cs""]"	exact_declared_type
GetWalkerSpeed	6	"[""Assets/Scripts/Assembly-CSharp/GetWalkerSpeed.cs""]"	exact_declared_type
HutongGames.PlayMaker.Actions.AccelerateToX	911	"[""Assets/Scripts/Assembly-CSharp/HutongGames/PlayMaker/Actions/AccelerateToX.cs""]"	exact_declared_type
HutongGames.PlayMaker.Actions.AccelerateToXByScale	95	"[""Assets/Scripts/Assembly-CSharp/HutongGames/PlayMaker/Actions/AccelerateToXByScale.cs""]"	exact_declared_type
HutongGames.PlayMaker.Actions.AccelerateToY	1033	"[""Assets/Scripts/Assembly-CSharp/HutongGames/PlayMaker/Actions/AccelerateToY.cs""]"	exact_declared_type
HutongGames.PlayMaker.Actions.AccelerateVelocity	9	"[""Assets/Scripts/ThirdParty/HutongGames/PlayMaker/Actions/AccelerateVelocity.cs""]"	exact_declared_type
HutongGames.PlayMaker.Actions.ActivateAllChildren	1749	"[""Assets/Scripts/Assembly-CSharp/HutongGames/PlayMaker/Actions/ActivateAllChildren.cs""]"	exact_declared_type
HutongGames.PlayMaker.Actions.ActivateAllChildrenV2	12	"[""Assets/Scripts/Assembly-CSharp/HutongGames/PlayMaker/Actions/ActivateAllChildrenV2.cs""]"	exact_declared_type
HutongGames.PlayMaker.Actions.ActivateBoxCollider2D	114	"[""Assets/Scripts/Assembly-CSharp/HutongGames/PlayMaker/Actions/ActivateBoxCollider2D.cs""]"	exact_declared_type
HutongGames.PlayMaker.Actions.ActivateGameObject	60938	"[""Assets/PlayMaker/Actions/GameObject/ActivateGameObject.cs""]"	exact_declared_type
HutongGames.PlayMaker.Actions.ActivateGameObjectDelay	1202	"[""Assets/Scripts/Assembly-CSharp/HutongGames/PlayMaker/Actions/ActivateGameObjectDelay.cs""]"	exact_declared_type
HutongGames.PlayMaker.Actions.ActivateInteractible	2975	"[""Assets/Scripts/Assembly-CSharp/HutongGames/PlayMaker/Actions/ActivateInteractible.cs""]"	exact_declared_type
HutongGames.PlayMaker.Actions.ActivateInteraction	24	"[""Assets/Scripts/Assembly-CSharp/HutongGames/PlayMaker/Actions/ActivateInteraction.cs""]"	exact_declared_type
HutongGames.PlayMaker.Actions.ActivateInventoryPaneInput	20	"[""Assets/Scripts/Assembly-CSharp/HutongGames/PlayMaker/Actions/ActivateInventoryPaneInput.cs""]"	exact_declared_type
HutongGames.PlayMaker.Actions.ActivateLookAnimNPC	716	"[""Assets/Scripts/Assembly-CSharp/HutongGames/PlayMaker/Actions/ActivateLookAnimNPC.cs""]"	exact_declared_type
HutongGames.PlayMaker.Actions.ActivateNPCFlyAroundTalking	17	"[""Assets/Scripts/Assembly-CSharp/HutongGames/PlayMaker/Actions/ActivateNPCFlyAroundTalking.cs""]"	exact_declared_type
HutongGames.PlayMaker.Actions.ActivateTalkAnimNPC	96	"[""Assets/Scripts/Assembly-CSharp/HutongGames/PlayMaker/Actions/ActivateTalkAnimNPC.cs""]"	exact_declared_type
HutongGames.PlayMaker.Actions.ActivateWorldRumble	26	"[""Assets/Scripts/Assembly-CSharp/HutongGames/PlayMaker/Actions/ActivateWorldRumble.cs""]"	exact_declared_type
HutongGames.PlayMaker.Actions.AddComponent	69	"[""Assets/PlayMaker/Actions/GameObject/AddComponent.cs""]"	exact_declared_type
HutongGames.PlayMaker.Actions.AddCurrency	4	"[""Assets/Scripts/Assembly-CSharp/HutongGames/PlayMaker/Actions/AddCurrency.cs""]"	exact_declared_type
HutongGames.PlayMaker.Actions.AddEventRegister	839	"[""Assets/Scripts/ProjectCode/FSM/01_Project_Actions/Hollow_Knight/AddEventRegister.cs""]"	exact_declared_type
HutongGames.PlayMaker.Actions.AddForce2d	939	"[""Assets/PlayMaker/Actions/Physics2D/AddForce2d.cs""]"	exact_declared_type
HutongGames.PlayMaker.Actions.AddForce2dAsAngle	25	"[""Assets/Scripts/ThirdParty/HutongGames/PlayMaker/Actions/AddForce2dAsAngle.cs""]"	exact_declared_type
HutongGames.PlayMaker.Actions.AddForce2dConditional	7	"[""Assets/Scripts/Assembly-CSharp/HutongGames/PlayMaker/Actions/AddForce2dConditional.cs""]"	exact_declared_type
HutongGames.PlayMaker.Actions.AddHP	490	"[""Assets/Scripts/ProjectCode/FSM/01_Project_Actions/Hollow_Knight/AddHP.cs""]"	exact_declared_type
HutongGames.PlayMaker.Actions.AddHeroInputBlocker	313	"[""Assets/Scripts/Assembly-CSharp/HutongGames/PlayMaker/Actions/AddHeroInputBlocker.cs""]"	exact_declared_type
HutongGames.PlayMaker.Actions.AddMemoryMsg	15	"[""Assets/Scripts/Assembly-CSharp/HutongGames/PlayMaker/Actions/AddMemoryMsg.cs""]"	exact_declared_type
HutongGames.PlayMaker.Actions.AddNeedolinMsg	1	"[""Assets/Scripts/Assembly-CSharp/HutongGames/PlayMaker/Actions/AddNeedolinMsg.cs""]"	exact_declared_type
HutongGames.PlayMaker.Actions.AddPersonalObjectPool	120	"[""Assets/Scripts/Assembly-CSharp/HutongGames/PlayMaker/Actions/AddPersonalObjectPool.cs""]"	exact_declared_type
HutongGames.PlayMaker.Actions.AddScenesMapped	1	"[""Assets/Scripts/Assembly-CSharp/HutongGames/PlayMaker/Actions/AddScenesMapped.cs""]"	exact_declared_type
HutongGames.PlayMaker.Actions.AddScenesVisited	1	"[""Assets/Scripts/Assembly-CSharp/HutongGames/PlayMaker/Actions/AddScenesVisited.cs""]"	exact_declared_type
HutongGames.PlayMaker.Actions.AddSilk	132	"[""Assets/Scripts/Assembly-CSharp/HutongGames/PlayMaker/Actions/AddSilk.cs""]"	exact_declared_type
HutongGames.PlayMaker.Actions.AddSilkV2	2	"[""Assets/Scripts/Assembly-CSharp/HutongGames/PlayMaker/Actions/AddSilkV2.cs""]"	exact_declared_type
HutongGames.PlayMaker.Actions.AddSpawnedToQueueGroup	1	"[""Assets/Scripts/Assembly-CSharp/HutongGames/PlayMaker/Actions/AddSpawnedToQueueGroup.cs""]"	exact_declared_type
HutongGames.PlayMaker.Actions.AddStatusVignetteStatus	96	"[""Assets/Scripts/Assembly-CSharp/HutongGames/PlayMaker/Actions/AddStatusVignetteStatus.cs""]"	exact_declared_type
HutongGames.PlayMaker.Actions.AddTempStatusVignette	96	"[""Assets/Scripts/Assembly-CSharp/HutongGames/PlayMaker/Actions/AddTempStatusVignette.cs""]"	exact_declared_type
HutongGames.PlayMaker.Actions.AddTorque2d	119	"[""Assets/PlayMaker/Actions/Physics2D/AddTorque2d.cs""]"	exact_declared_type
HutongGames.PlayMaker.Actions.AddTrackTrigger	1	"[""Assets/Scripts/ProjectCode/FSM/01_Project_Actions/Hollow_Knight/AddTrackTrigger.cs""]"	exact_declared_type
HutongGames.PlayMaker.Actions.AddUsingSilk	28	"[""Assets/Scripts/Assembly-CSharp/HutongGames/PlayMaker/Actions/AddUsingSilk.cs""]"	exact_declared_type
HutongGames.PlayMaker.Actions.AdjustColliderPosToEdge	15	"[""Assets/Scripts/Assembly-CSharp/HutongGames/PlayMaker/Actions/AdjustColliderPosToEdge.cs""]"	exact_declared_type
HutongGames.PlayMaker.Actions.AdjustColliderPosToEdgeV2	2	"[""Assets/Scripts/Assembly-CSharp/HutongGames/PlayMaker/Actions/AdjustColliderPosToEdgeV2.cs""]"	exact_declared_type
HutongGames.PlayMaker.Actions.AllowMantle	8	"[""Assets/Scripts/Assembly-CSharp/HutongGames/PlayMaker/Actions/AllowMantle.cs""]"	exact_declared_type
HutongGames.PlayMaker.Actions.AnimateFloat	1	"[""Assets/PlayMaker/Actions/AnimateVariables/AnimateFloat.cs""]"	exact_declared_type
HutongGames.PlayMaker.Actions.AnimatePositionBy	3343	"[""Assets/Scripts/Assembly-CSharp/HutongGames/PlayMaker/Actions/AnimatePositionBy.cs""]"	exact_declared_type
HutongGames.PlayMaker.Actions.AnimatePositionTo	1976	"[""Assets/Scripts/Assembly-CSharp/HutongGames/PlayMaker/Actions/AnimatePositionTo.cs""]"	exact_declared_type
HutongGames.PlayMaker.Actions.AnimatePositionToV2	78	"[""Assets/Scripts/Assembly-CSharp/HutongGames/PlayMaker/Actions/AnimatePositionToV2.cs""]"	exact_declared_type
HutongGames.PlayMaker.Actions.AnimateRigidBody2DPositionTo	106	"[""Assets/Scripts/Assembly-CSharp/HutongGames/PlayMaker/Actions/AnimateRigidBody2DPositionTo.cs""]"	exact_declared_type
HutongGames.PlayMaker.Actions.AnimateRigidBody2DPositionToV2	53	"[""Assets/Scripts/Assembly-CSharp/HutongGames/PlayMaker/Actions/AnimateRigidBody2DPositionToV2.cs""]"	exact_declared_type
HutongGames.PlayMaker.Actions.AnimateRigidBodyYPositionTo	30	"[""Assets/Scripts/Assembly-CSharp/HutongGames/PlayMaker/Actions/AnimateRigidBodyYPositionTo.cs""]"	exact_declared_type
HutongGames.PlayMaker.Actions.AnimateRotationTo	772	"[""Assets/Scripts/Assembly-CSharp/HutongGames/PlayMaker/Actions/AnimateRotationTo.cs""]"	exact_declared_type
HutongGames.PlayMaker.Actions.AnimateRotationToV2	241	"[""Assets/Scripts/Assembly-CSharp/HutongGames/PlayMaker/Actions/AnimateRotationToV2.cs""]"	exact_declared_type
HutongGames.PlayMaker.Actions.AnimateScaleTo	6	"[""Assets/Scripts/Assembly-CSharp/HutongGames/PlayMaker/Actions/AnimateScaleTo.cs""]"	exact_declared_type
HutongGames.PlayMaker.Actions.AnimateXPositionTo	239	"[""Assets/Scripts/Assembly-CSharp/HutongGames/PlayMaker/Actions/AnimateXPositionTo.cs""]"	exact_declared_type
HutongGames.PlayMaker.Actions.AnimateYPositionTo	468	"[""Assets/Scripts/Assembly-CSharp/HutongGames/PlayMaker/Actions/AnimateYPositionTo.cs""]"	exact_declared_type
HutongGames.PlayMaker.Actions.AnimateZPositionTo	192	"[""Assets/Scripts/Assembly-CSharp/HutongGames/PlayMaker/Actions/AnimateZPositionTo.cs""]"	exact_declared_type
HutongGames.PlayMaker.Actions.AnimatorGroupPlay	12	"[""Assets/Scripts/Assembly-CSharp/HutongGames/PlayMaker/Actions/AnimatorGroupPlay.cs""]"	exact_declared_type
HutongGames.PlayMaker.Actions.AnimatorGroupSetBool	7	"[""Assets/Scripts/Assembly-CSharp/HutongGames/PlayMaker/Actions/AnimatorGroupSetBool.cs""]"	exact_declared_type
HutongGames.PlayMaker.Actions.AnimatorPauseAtTime	12	"[""Assets/Scripts/Assembly-CSharp/HutongGames/PlayMaker/Actions/AnimatorPauseAtTime.cs""]"	exact_declared_type
HutongGames.PlayMaker.Actions.AnimatorPlay	1741	"[""Assets/PlayMaker/Actions/Animator/AnimatorPlay.cs""]"	exact_declared_type
HutongGames.PlayMaker.Actions.AnimatorPlayStateWait	262	"[""Assets/Scripts/ThirdParty/HutongGames/PlayMaker/Actions/AnimatorPlayStateWait.cs""]"	exact_declared_type
HutongGames.PlayMaker.Actions.AnimatorStartPlayback	2	"[""Assets/PlayMaker/Actions/Animator/AnimatorStartPlayback.cs""]"	exact_declared_type
HutongGames.PlayMaker.Actions.AnimatorStopPlayback	163	"[""Assets/PlayMaker/Actions/Animator/AnimatorStopPlayback.cs""]"	exact_declared_type
HutongGames.PlayMaker.Actions.ApplyAtmosCue	3	"[""Assets/Scripts/Assembly-CSharp/HutongGames/PlayMaker/Actions/ApplyAtmosCue.cs""]"	exact_declared_type
HutongGames.PlayMaker.Actions.ApplyMusicCue	372	"[""Assets/Scripts/MixedIntegrations/PlayMakerActions/ApplyMusicCue.cs""]"	exact_declared_type
HutongGames.PlayMaker.Actions.ApplyMusicSnapshot	3	"[""Assets/Scripts/Assembly-CSharp/HutongGames/PlayMaker/Actions/ApplyMusicSnapshot.cs""]"	exact_declared_type
HutongGames.PlayMaker.Actions.ArrayAdd	21	"[""Assets/PlayMaker/Actions/Array/ArrayAdd.cs""]"	exact_declared_type
HutongGames.PlayMaker.Actions.ArrayClear	2	"[""Assets/PlayMaker/Actions/Array/ArrayClear.cs""]"	exact_declared_type
HutongGames.PlayMaker.Actions.ArrayContains	1	"[""Assets/PlayMaker/Actions/Array/ArrayContains.cs""]"	exact_declared_type
HutongGames.PlayMaker.Actions.ArrayGet	42	"[""Assets/PlayMaker/Actions/Array/ArrayGet.cs""]"	exact_declared_type
HutongGames.PlayMaker.Actions.ArrayGetNext	75	"[""Assets/PlayMaker/Actions/Array/ArrayGetNext.cs""]"	exact_declared_type
HutongGames.PlayMaker.Actions.ArrayGetRandom	20	"[""Assets/PlayMaker/Actions/Array/ArrayGetRandom.cs""]"	exact_declared_type
HutongGames.PlayMaker.Actions.ArrayLength	28	"[""Assets/PlayMaker/Actions/Array/ArrayLength.cs""]"	exact_declared_type
HutongGames.PlayMaker.Actions.ArrayListGetClosestGameObject	97	"[""Assets/Scripts/ThirdParty/HutongGames/PlayMaker/Actions/ArrayListGetClosestGameObject.cs""]"	exact_declared_type
HutongGames.PlayMaker.Actions.ArrayRemove	2	"[""Assets/PlayMaker/Actions/Array/ArrayRemove.cs""]"	exact_declared_type
HutongGames.PlayMaker.Actions.ArrayResize	2	"[""Assets/PlayMaker/Actions/Array/ArrayResize.cs""]"	exact_declared_type
HutongGames.PlayMaker.Actions.ArrayShuffle	31	"[""Assets/PlayMaker/Actions/Array/ArrayShuffle.cs""]"	exact_declared_type
HutongGames.PlayMaker.Actions.AudioPause	10	"[""Assets/PlayMaker/Actions/Audio/AudioPause.cs""]"	exact_declared_type
HutongGames.PlayMaker.Actions.AudioPlay	651	"[""Assets/PlayMaker/Actions/Audio/AudioPlay.cs""]"	exact_declared_type
HutongGames.PlayMaker.Actions.AudioPlayDelay	15	"[""Assets/Scripts/Assembly-CSharp/HutongGames/PlayMaker/Actions/AudioPlayDelay.cs""]"	exact_declared_type
HutongGames.PlayMaker.Actions.AudioPlayInState	2348	"[""Assets/Scripts/ThirdParty/HutongGames/PlayMaker/Actions/AudioPlayInState.cs""]"	exact_declared_type
HutongGames.PlayMaker.Actions.AudioPlayInStateConditional	116	"[""Assets/Scripts/Assembly-CSharp/HutongGames/PlayMaker/Actions/AudioPlayInStateConditional.cs""]"	exact_declared_type
HutongGames.PlayMaker.Actions.AudioPlayRandom	1146	"[""Assets/Scripts/ThirdParty/HutongGames/PlayMaker/Actions/AudioPlayRandom.cs""]"	exact_declared_type
HutongGames.PlayMaker.Actions.AudioPlayRandomSingle	149	"[""Assets/Scripts/ThirdParty/HutongGames/PlayMaker/Actions/AudioPlayRandomSingle.cs""]"	exact_declared_type
HutongGames.PlayMaker.Actions.AudioPlayRandomVoice	1323	"[""Assets/Scripts/Assembly-CSharp/HutongGames/PlayMaker/Actions/AudioPlayRandomVoice.cs""]"	exact_declared_type
HutongGames.PlayMaker.Actions.AudioPlayRandomVoiceFromTable	7414	"[""Assets/Scripts/Assembly-CSharp/HutongGames/PlayMaker/Actions/AudioPlayRandomVoiceFromTable.cs""]"	exact_declared_type
HutongGames.PlayMaker.Actions.AudioPlayRandomVoiceFromTableBool	44	"[""Assets/Scripts/Assembly-CSharp/HutongGames/PlayMaker/Actions/AudioPlayRandomVoiceFromTableBool.cs""]"	exact_declared_type
HutongGames.PlayMaker.Actions.AudioPlayRandomVoiceFromTableV2	4108	"[""Assets/Scripts/Assembly-CSharp/HutongGames/PlayMaker/Actions/AudioPlayRandomVoiceFromTableV2.cs""]"	exact_declared_type
HutongGames.PlayMaker.Actions.AudioPlaySimple	4967	"[""Assets/Scripts/ThirdParty/HutongGames/PlayMaker/Actions/AudioPlaySimple.cs""]"	exact_declared_type
HutongGames.PlayMaker.Actions.AudioPlaySimpleBool	2	"[""Assets/Scripts/Assembly-CSharp/HutongGames/PlayMaker/Actions/AudioPlaySimpleBool.cs""]"	exact_declared_type
HutongGames.PlayMaker.Actions.AudioPlaySimpleV2	989	"[""Assets/Scripts/Assembly-CSharp/HutongGames/PlayMaker/Actions/AudioPlaySimpleV2.cs""]"	exact_declared_type
HutongGames.PlayMaker.Actions.AudioPlaySynced	2	"[""Assets/Scripts/Assembly-CSharp/HutongGames/PlayMaker/Actions/AudioPlaySynced.cs""]"	exact_declared_type
HutongGames.PlayMaker.Actions.AudioPlayV2	243	"[""Assets/Scripts/ThirdParty/HutongGames/PlayMaker/Actions/AudioPlayV2.cs""]"	exact_declared_type
HutongGames.PlayMaker.Actions.AudioPlayerOneShot	718	"[""Assets/Scripts/ThirdParty/HutongGames/PlayMaker/Actions/AudioPlayerOneShot.cs""]"	exact_declared_type
HutongGames.PlayMaker.Actions.AudioPlayerOneShotSingle	2613	"[""Assets/Scripts/ThirdParty/HutongGames/PlayMaker/Actions/AudioPlayerOneShotSingle.cs""]"	exact_declared_type
HutongGames.PlayMaker.Actions.AudioPlayerOneShotSingleV2	5	"[""Assets/Scripts/Assembly-CSharp/HutongGames/PlayMaker/Actions/AudioPlayerOneShotSingleV2.cs""]"	exact_declared_type
HutongGames.PlayMaker.Actions.AudioSnapshotRestore	2	"[""Assets/Scripts/Assembly-CSharp/HutongGames/PlayMaker/Actions/AudioSnapshotRestore.cs""]"	exact_declared_type
HutongGames.PlayMaker.Actions.AudioStop	4541	"[""Assets/PlayMaker/Actions/Audio/AudioStop.cs""]"	exact_declared_type
HutongGames.PlayMaker.Actions.AudioStopV2	1882	"[""Assets/Scripts/Assembly-CSharp/HutongGames/PlayMaker/Actions/AudioStopV2.cs""]"	exact_declared_type
HutongGames.PlayMaker.Actions.AutoEquipCrest	2	"[""Assets/Scripts/Assembly-CSharp/HutongGames/PlayMaker/Actions/AutoEquipCrest.cs""]"	exact_declared_type
HutongGames.PlayMaker.Actions.AutoEquipCrestV2	8	"[""Assets/Scripts/Assembly-CSharp/HutongGames/PlayMaker/Actions/AutoEquipCrestV2.cs""]"	exact_declared_type
HutongGames.PlayMaker.Actions.AutoEquipCrestV3	19	"[""Assets/Scripts/Assembly-CSharp/HutongGames/PlayMaker/Actions/AutoEquipCrestV3.cs""]"	exact_declared_type
HutongGames.PlayMaker.Actions.AutoEquipCrestV4	1	"[""Assets/Scripts/Assembly-CSharp/HutongGames/PlayMaker/Actions/AutoEquipCrestV4.cs""]"	exact_declared_type
HutongGames.PlayMaker.Actions.AutoEquipTool	13	"[""Assets/Scripts/Assembly-CSharp/HutongGames/PlayMaker/Actions/AutoEquipTool.cs""]"	exact_declared_type
HutongGames.PlayMaker.Actions.AwardAchievementProgress	13	"[""Assets/Scripts/Assembly-CSharp/HutongGames/PlayMaker/Actions/AwardAchievementProgress.cs""]"	exact_declared_type
HutongGames.PlayMaker.Actions.AwardQueuedAchievements	23	"[""Assets/Scripts/Assembly-CSharp/HutongGames/PlayMaker/Actions/AwardQueuedAchievements.cs""]"	exact_declared_type
HutongGames.PlayMaker.Actions.BecomeBlackThreaded	33	"[""Assets/Scripts/Assembly-CSharp/HutongGames/PlayMaker/Actions/BecomeBlackThreaded.cs""]"	exact_declared_type
HutongGames.PlayMaker.Actions.BeginRecoil	13	"[""Assets/Scripts/ProjectCode/FSM/01_Project_Actions/Hollow_Knight/BeginRecoil.cs""]"	exact_declared_type
HutongGames.PlayMaker.Actions.BeginSceneTransition	73	"[""Assets/Scripts/MixedIntegrations/PlayMakerActions/BeginSceneTransition.cs""]"	exact_declared_type
HutongGames.PlayMaker.Actions.BeginSceneTransitionV2	6	"[""Assets/Scripts/Assembly-CSharp/HutongGames/PlayMaker/Actions/BeginSceneTransitionV2.cs""]"	exact_declared_type
HutongGames.PlayMaker.Actions.BlackThreadSetAttackQueued	40	"[""Assets/Scripts/Assembly-CSharp/HutongGames/PlayMaker/Actions/BlackThreadSetAttackQueued.cs""]"	exact_declared_type
HutongGames.PlayMaker.Actions.BlackThreadStateReset	96	"[""Assets/Scripts/Assembly-CSharp/HutongGames/PlayMaker/Actions/BlackThreadStateReset.cs""]"	exact_declared_type
HutongGames.PlayMaker.Actions.BlockNeedolinTextInState	76	"[""Assets/Scripts/Assembly-CSharp/HutongGames/PlayMaker/Actions/BlockNeedolinTextInState.cs""]"	exact_declared_type
HutongGames.PlayMaker.Actions.BoolAllTrue	2652	"[""Assets/PlayMaker/Actions/Logic/BoolAllTrue.cs""]"	exact_declared_type
HutongGames.PlayMaker.Actions.BoolAnyTrue	195	"[""Assets/PlayMaker/Actions/Logic/BoolAnyTrue.cs""]"	exact_declared_type
HutongGames.PlayMaker.Actions.BoolFlip	659	"[""Assets/PlayMaker/Actions/Math/BoolFlip.cs""]"	exact_declared_type
HutongGames.PlayMaker.Actions.BoolFlipEveryFrame	914	"[""Assets/Scripts/ThirdParty/HutongGames/PlayMaker/Actions/BoolFlipEveryFrame.cs""]"	exact_declared_type
HutongGames.PlayMaker.Actions.BoolKeepValue	2	"[""Assets/Scripts/Assembly-CSharp/HutongGames/PlayMaker/Actions/BoolKeepValue.cs""]"	exact_declared_type
HutongGames.PlayMaker.Actions.BoolNoneTrue	392	"[""Assets/PlayMaker/Actions/Logic/BoolNoneTrue.cs""]"	exact_declared_type
HutongGames.PlayMaker.Actions.BoolOperator	5	"[""Assets/PlayMaker/Actions/Logic/BoolOperator.cs""]"	exact_declared_type
HutongGames.PlayMaker.Actions.BoolTest	31568	"[""Assets/PlayMaker/Actions/Logic/BoolTest.cs""]"	exact_declared_type
HutongGames.PlayMaker.Actions.BoolTestDelay	32	"[""Assets/Scripts/Assembly-CSharp/HutongGames/PlayMaker/Actions/BoolTestDelay.cs""]"	exact_declared_type
HutongGames.PlayMaker.Actions.BoolTestDelayV2	4	"[""Assets/Scripts/Assembly-CSharp/HutongGames/PlayMaker/Actions/BoolTestDelayV2.cs""]"	exact_declared_type
HutongGames.PlayMaker.Actions.BoolTestMulti	7748	"[""Assets/Scripts/ThirdParty/HutongGames/PlayMaker/Actions/BoolTestMulti.cs""]"	exact_declared_type
HutongGames.PlayMaker.Actions.BoolTestToGameObject	232	"[""Assets/Scripts/Assembly-CSharp/HutongGames/PlayMaker/Actions/BoolTestToGameObject.cs""]"	exact_declared_type
HutongGames.PlayMaker.Actions.BoolTestToObject	13	"[""Assets/Scripts/Assembly-CSharp/HutongGames/PlayMaker/Actions/BoolTestToObject.cs""]"	exact_declared_type
HutongGames.PlayMaker.Actions.BoolTestV2	17	"[""Assets/Scripts/Assembly-CSharp/HutongGames/PlayMaker/Actions/BoolTestV2.cs""]"	exact_declared_type
HutongGames.PlayMaker.Actions.BoolTrigger	8	"[""Assets/Scripts/Assembly-CSharp/HutongGames/PlayMaker/Actions/BoolTrigger.cs""]"	exact_declared_type
HutongGames.PlayMaker.Actions.BoundsBoxCollider	23	"[""Assets/Scripts/ThirdParty/HutongGames/PlayMaker/Actions/BoundsBoxCollider.cs""]"	exact_declared_type
HutongGames.PlayMaker.Actions.BoxColliderOffset	23	"[""Assets/Scripts/ThirdParty/HutongGames/PlayMaker/Actions/BoxColliderOffset.cs""]"	exact_declared_type
HutongGames.PlayMaker.Actions.BuildString	379	"[""Assets/PlayMaker/Actions/String/BuildString.cs""]"	exact_declared_type
HutongGames.PlayMaker.Actions.CalculateProjectileVelocity	55	"[""Assets/Scripts/Assembly-CSharp/HutongGames/PlayMaker/Actions/CalculateProjectileVelocity.cs""]"	exact_declared_type
HutongGames.PlayMaker.Actions.CallMethod	24	"[""Assets/PlayMaker/Actions/ScriptControl/CallMethod.cs""]"	exact_declared_type
HutongGames.PlayMaker.Actions.CallMethodOnExit	3	"[""Assets/Scripts/Assembly-CSharp/HutongGames/PlayMaker/Actions/CallMethodOnExit.cs""]"	exact_declared_type
HutongGames.PlayMaker.Actions.CallMethodProper	17781	"[""Assets/Scripts/ThirdParty/HutongGames/PlayMaker/Actions/CallMethodProper.cs""]"	exact_declared_type
HutongGames.PlayMaker.Actions.CallStaticMethod	570	"[""Assets/PlayMaker/Actions/ScriptControl/CallStaticMethod.cs""]"	exact_declared_type
HutongGames.PlayMaker.Actions.CameraBlurPlaneFade	16	"[""Assets/Scripts/Assembly-CSharp/HutongGames/PlayMaker/Actions/CameraBlurPlaneFade.cs""]"	exact_declared_type
HutongGames.PlayMaker.Actions.CameraBlurPlaneFadeToV2	4	"[""Assets/Scripts/Assembly-CSharp/HutongGames/PlayMaker/Actions/CameraBlurPlaneFadeToV2.cs""]"	exact_declared_type
HutongGames.PlayMaker.Actions.CameraBlurPlaneFadeToV3	16	"[""Assets/Scripts/Assembly-CSharp/HutongGames/PlayMaker/Actions/CameraBlurPlaneFadeToV3.cs""]"	exact_declared_type
HutongGames.PlayMaker.Actions.CameraFadeInWithDelay	1	"[""Assets/Scripts/ThirdParty/HutongGames/PlayMaker/Actions/CameraFadeInWithDelay.cs""]"	exact_declared_type
HutongGames.PlayMaker.Actions.CameraFollowInState	2	"[""Assets/Scripts/Assembly-CSharp/HutongGames/PlayMaker/Actions/CameraFollowInState.cs""]"	exact_declared_type
HutongGames.PlayMaker.Actions.CameraFollowYInState	5	"[""Assets/Scripts/Assembly-CSharp/HutongGames/PlayMaker/Actions/CameraFollowYInState.cs""]"	exact_declared_type
HutongGames.PlayMaker.Actions.CameraFreezeInPlace	26	"[""Assets/Scripts/ProjectCode/FSM/01_Project_Actions/Hollow_Knight/CameraFreezeInPlace.cs""]"	exact_declared_type
HutongGames.PlayMaker.Actions.CameraRepositionToHero	19	"[""Assets/Scripts/ProjectCode/FSM/01_Project_Actions/Hollow_Knight/CameraRepositionToHero.cs""]"	exact_declared_type
HutongGames.PlayMaker.Actions.CameraRepositionToHeroV2	1	"[""Assets/Scripts/Assembly-CSharp/HutongGames/PlayMaker/Actions/CameraRepositionToHeroV2.cs""]"	exact_declared_type
HutongGames.PlayMaker.Actions.CameraStopFreeze	14	"[""Assets/Scripts/Assembly-CSharp/HutongGames/PlayMaker/Actions/CameraStopFreeze.cs""]"	exact_declared_type
HutongGames.PlayMaker.Actions.CameraTargetMethods	12	"[""Assets/Scripts/Assembly-CSharp/HutongGames/PlayMaker/Actions/CameraTargetMethods.cs""]"	exact_declared_type
HutongGames.PlayMaker.Actions.CanAddBlueHealth	4	"[""Assets/Scripts/Assembly-CSharp/HutongGames/PlayMaker/Actions/CanAddBlueHealth.cs""]"	exact_declared_type
HutongGames.PlayMaker.Actions.CanHeroBeGrabbed	86	"[""Assets/Scripts/Assembly-CSharp/HutongGames/PlayMaker/Actions/CanHeroBeGrabbed.cs""]"	exact_declared_type
HutongGames.PlayMaker.Actions.CanHeroBeGrabbedV2	2	"[""Assets/Scripts/Assembly-CSharp/HutongGames/PlayMaker/Actions/CanHeroBeGrabbedV2.cs""]"	exact_declared_type
HutongGames.PlayMaker.Actions.CanHeroTakeDamage	1339	"[""Assets/Scripts/Assembly-CSharp/HutongGames/PlayMaker/Actions/CanHeroTakeDamage.cs""]"	exact_declared_type
HutongGames.PlayMaker.Actions.CancelActiveHeroActions	1	"[""Assets/Scripts/Assembly-CSharp/HutongGames/PlayMaker/Actions/CancelActiveHeroActions.cs""]"	exact_declared_type
HutongGames.PlayMaker.Actions.CancelAllLagHits	2	"[""Assets/Scripts/Assembly-CSharp/HutongGames/PlayMaker/Actions/CancelAllLagHits.cs""]"	exact_declared_type
HutongGames.PlayMaker.Actions.CancelAllTaggedDamage	2	"[""Assets/Scripts/Assembly-CSharp/HutongGames/PlayMaker/Actions/CancelAllTaggedDamage.cs""]"	exact_declared_type
HutongGames.PlayMaker.Actions.CancelCameraShake	285	"[""Assets/Scripts/Assembly-CSharp/HutongGames/PlayMaker/Actions/CancelCameraShake.cs""]"	exact_declared_type
HutongGames.PlayMaker.Actions.CancelFlashByID	2	"[""Assets/Scripts/Assembly-CSharp/HutongGames/PlayMaker/Actions/CancelFlashByID.cs""]"	exact_declared_type
HutongGames.PlayMaker.Actions.CancelRecoil	114	"[""Assets/Scripts/Assembly-CSharp/HutongGames/PlayMaker/Actions/CancelRecoil.cs""]"	exact_declared_type
HutongGames.PlayMaker.Actions.CaravanLocationSwitch	5	"[""Assets/Scripts/Assembly-CSharp/HutongGames/PlayMaker/Actions/CaravanLocationSwitch.cs""]"	exact_declared_type
HutongGames.PlayMaker.Actions.CharacterAmbientLightLerp	136	"[""Assets/Scripts/Assembly-CSharp/HutongGames/PlayMaker/Actions/CharacterAmbientLightLerp.cs""]"	exact_declared_type
HutongGames.PlayMaker.Actions.CharacterCheckForBump	117	"[""Assets/Scripts/Assembly-CSharp/HutongGames/PlayMaker/Actions/CharacterCheckForBump.cs""]"	exact_declared_type
HutongGames.PlayMaker.Actions.ChaseObject	561	"[""Assets/Scripts/MixedIntegrations/PlayMakerActions/ChaseObject.cs""]"	exact_declared_type
HutongGames.PlayMaker.Actions.ChaseObjectGround	275	"[""Assets/Scripts/MixedIntegrations/PlayMakerActions/ChaseObjectGround.cs""]"	exact_declared_type
HutongGames.PlayMaker.Actions.ChaseObjectSpread	218	"[""Assets/Scripts/Assembly-CSharp/HutongGames/PlayMaker/Actions/ChaseObjectSpread.cs""]"	exact_declared_type
HutongGames.PlayMaker.Actions.ChaseObjectV2	247	"[""Assets/Scripts/MixedIntegrations/PlayMakerActions/ChaseObjectV2.cs""]"	exact_declared_type
HutongGames.PlayMaker.Actions.ChaseObjectV3	86	"[""Assets/Scripts/Assembly-CSharp/HutongGames/PlayMaker/Actions/ChaseObjectV3.cs""]"	exact_declared_type
HutongGames.PlayMaker.Actions.ChaseObjectVertical	314	"[""Assets/Scripts/MixedIntegrations/PlayMakerActions/ChaseObjectVertical.cs""]"	exact_declared_type
HutongGames.PlayMaker.Actions.ChaseObjectWisp	26	"[""Assets/Scripts/Assembly-CSharp/HutongGames/PlayMaker/Actions/ChaseObjectWisp.cs""]"	exact_declared_type
HutongGames.PlayMaker.Actions.CheckBackerCreditsSetting	6	"[""Assets/Scripts/Assembly-CSharp/HutongGames/PlayMaker/Actions/CheckBackerCreditsSetting.cs""]"	exact_declared_type
HutongGames.PlayMaker.Actions.CheckCollisionSide	3913	"[""Assets/Scripts/ThirdParty/HutongGames/PlayMaker/Actions/CheckCollisionSide.cs""]"	exact_declared_type
HutongGames.PlayMaker.Actions.CheckCollisionSideEnter	2551	"[""Assets/Scripts/ThirdParty/HutongGames/PlayMaker/Actions/CheckCollisionSideEnter.cs""]"	exact_declared_type
HutongGames.PlayMaker.Actions.CheckCollisionSideEnterV2	12	"[""Assets/Scripts/Assembly-CSharp/HutongGames/PlayMaker/Actions/CheckCollisionSideEnterV2.cs""]"	exact_declared_type
HutongGames.PlayMaker.Actions.CheckCollisionSideV2	23	"[""Assets/Scripts/Assembly-CSharp/HutongGames/PlayMaker/Actions/CheckCollisionSideV2.cs""]"	exact_declared_type
HutongGames.PlayMaker.Actions.CheckFacingTarget	1051	"[""Assets/Scripts/Assembly-CSharp/HutongGames/PlayMaker/Actions/CheckFacingTarget.cs""]"	exact_declared_type
HutongGames.PlayMaker.Actions.CheckForEnemyDamagerBelow	6	"[""Assets/Scripts/Assembly-CSharp/HutongGames/PlayMaker/Actions/CheckForEnemyDamagerBelow.cs""]"	exact_declared_type
HutongGames.PlayMaker.Actions.CheckForEnemyDamagerBelowV2	47	"[""Assets/Scripts/Assembly-CSharp/HutongGames/PlayMaker/Actions/CheckForEnemyDamagerBelowV2.cs""]"	exact_declared_type
HutongGames.PlayMaker.Actions.CheckGameplayTimer	2	"[""Assets/Scripts/Assembly-CSharp/HutongGames/PlayMaker/Actions/CheckGameplayTimer.cs""]"	exact_declared_type
HutongGames.PlayMaker.Actions.CheckHeroCanSprint	1	"[""Assets/Scripts/Assembly-CSharp/HutongGames/PlayMaker/Actions/CheckHeroCanSprint.cs""]"	exact_declared_type
HutongGames.PlayMaker.Actions.CheckHeroClamberLedge	1	"[""Assets/Scripts/Assembly-CSharp/HutongGames/PlayMaker/Actions/CheckHeroClamberLedge.cs""]"	exact_declared_type
HutongGames.PlayMaker.Actions.CheckHeroConfig	1	"[""Assets/Scripts/Assembly-CSharp/HutongGames/PlayMaker/Actions/CheckHeroConfig.cs""]"	exact_declared_type
HutongGames.PlayMaker.Actions.CheckHeroNailImbuement	2	"[""Assets/Scripts/Assembly-CSharp/HutongGames/PlayMaker/Actions/CheckHeroNailImbuement.cs""]"	exact_declared_type
HutongGames.PlayMaker.Actions.CheckHeroPerformanceRegion	13900	"[""Assets/Scripts/Assembly-CSharp/HutongGames/PlayMaker/Actions/CheckHeroPerformanceRegion.cs""]"	exact_declared_type
HutongGames.PlayMaker.Actions.CheckHeroPerformanceRegionV2	720	"[""Assets/Scripts/Assembly-CSharp/HutongGames/PlayMaker/Actions/CheckHeroPerformanceRegionV2.cs""]"	exact_declared_type
HutongGames.PlayMaker.Actions.CheckHudVisible	33	"[""Assets/Scripts/Assembly-CSharp/HutongGames/PlayMaker/Actions/CheckHudVisible.cs""]"	exact_declared_type
HutongGames.PlayMaker.Actions.CheckIfCrestEquipped	108	"[""Assets/Scripts/Assembly-CSharp/HutongGames/PlayMaker/Actions/CheckIfCrestEquipped.cs""]"	exact_declared_type
HutongGames.PlayMaker.Actions.CheckIfToolEquipped	293	"[""Assets/Scripts/Assembly-CSharp/HutongGames/PlayMaker/Actions/CheckIfToolEquipped.cs""]"	exact_declared_type
HutongGames.PlayMaker.Actions.CheckIfToolUnlocked	13	"[""Assets/Scripts/Assembly-CSharp/HutongGames/PlayMaker/Actions/CheckIfToolUnlocked.cs""]"	exact_declared_type
HutongGames.PlayMaker.Actions.CheckIsAnyCurrencyCounterRolling	1	"[""Assets/Scripts/Assembly-CSharp/HutongGames/PlayMaker/Actions/CheckIsAnyCurrencyCounterRolling.cs""]"	exact_declared_type
HutongGames.PlayMaker.Actions.CheckIsBlackThreaded	1569	"[""Assets/Scripts/Assembly-CSharp/HutongGames/PlayMaker/Actions/CheckIsBlackThreaded.cs""]"	exact_declared_type
HutongGames.PlayMaker.Actions.CheckIsCheatManagerOpen	8	"[""Assets/Scripts/Assembly-CSharp/HutongGames/PlayMaker/Actions/CheckIsCheatManagerOpen.cs""]"	exact_declared_type
HutongGames.PlayMaker.Actions.CheckIsClamberBlocked	4	"[""Assets/Scripts/Assembly-CSharp/HutongGames/PlayMaker/Actions/CheckIsClamberBlocked.cs""]"	exact_declared_type
HutongGames.PlayMaker.Actions.CheckIsDemoMode	3	"[""Assets/Scripts/Assembly-CSharp/HutongGames/PlayMaker/Actions/CheckIsDemoMode.cs""]"	exact_declared_type
HutongGames.PlayMaker.Actions.CheckIsInEditor	24	"[""Assets/Scripts/Assembly-CSharp/HutongGames/PlayMaker/Actions/CheckIsInEditor.cs""]"	exact_declared_type
HutongGames.PlayMaker.Actions.CheckIsInQuestBoardDepositSequence	5	"[""Assets/Scripts/Assembly-CSharp/HutongGames/PlayMaker/Actions/CheckIsInQuestBoardDepositSequence.cs""]"	exact_declared_type
HutongGames.PlayMaker.Actions.CheckIsSilkDrainDisabled	4	"[""Assets/Scripts/Assembly-CSharp/HutongGames/PlayMaker/Actions/CheckIsSilkDrainDisabled.cs""]"	exact_declared_type
HutongGames.PlayMaker.Actions.CheckIsTeleportBlocked	1	"[""Assets/Scripts/Assembly-CSharp/HutongGames/PlayMaker/Actions/CheckIsTeleportBlocked.cs""]"	exact_declared_type
HutongGames.PlayMaker.Actions.CheckOutOfCamera	378	"[""Assets/Scripts/Assembly-CSharp/HutongGames/PlayMaker/Actions/CheckOutOfCamera.cs""]"	exact_declared_type
HutongGames.PlayMaker.Actions.CheckPassedTarget	525	"[""Assets/Scripts/Assembly-CSharp/HutongGames/PlayMaker/Actions/CheckPassedTarget.cs""]"	exact_declared_type
HutongGames.PlayMaker.Actions.CheckPlatformGraphicsTier	6	"[""Assets/Scripts/Assembly-CSharp/HutongGames/PlayMaker/Actions/CheckPlatformGraphicsTier.cs""]"	exact_declared_type
HutongGames.PlayMaker.Actions.CheckQuestCompleteTotalGroup	6	"[""Assets/Scripts/Assembly-CSharp/HutongGames/PlayMaker/Actions/CheckQuestCompleteTotalGroup.cs""]"	exact_declared_type
HutongGames.PlayMaker.Actions.CheckQuestPdSceneBool	50	"[""Assets/Scripts/Assembly-CSharp/HutongGames/PlayMaker/Actions/CheckQuestPdSceneBool.cs""]"	exact_declared_type
HutongGames.PlayMaker.Actions.CheckSimpleShopMenuHasStock	8	"[""Assets/Scripts/Assembly-CSharp/HutongGames/PlayMaker/Actions/CheckSimpleShopMenuHasStock.cs""]"	exact_declared_type
HutongGames.PlayMaker.Actions.CheckTargetDirection	2058	"[""Assets/Scripts/MixedIntegrations/PlayMakerActions/CheckTargetDirection.cs""]"	exact_declared_type
HutongGames.PlayMaker.Actions.CheckTrackTriggerCount	1158	"[""Assets/Scripts/ProjectCode/FSM/01_Project_Actions/Hollow_Knight/CheckTrackTriggerCount.cs""]"	exact_declared_type
HutongGames.PlayMaker.Actions.CheckTrackTriggerCountV2	815	"[""Assets/Scripts/Assembly-CSharp/HutongGames/PlayMaker/Actions/CheckTrackTriggerCountV2.cs""]"	exact_declared_type
HutongGames.PlayMaker.Actions.CheckXPosition	1111	"[""Assets/Scripts/Assembly-CSharp/HutongGames/PlayMaker/Actions/CheckXPosition.cs""]"	exact_declared_type
HutongGames.PlayMaker.Actions.CheckYPosition	903	"[""Assets/Scripts/Assembly-CSharp/HutongGames/PlayMaker/Actions/CheckYPosition.cs""]"	exact_declared_type
HutongGames.PlayMaker.Actions.CheckYPositionV2	151	"[""Assets/Scripts/Assembly-CSharp/HutongGames/PlayMaker/Actions/CheckYPositionV2.cs""]"	exact_declared_type
HutongGames.PlayMaker.Actions.CheckZPosition	379	"[""Assets/Scripts/Assembly-CSharp/HutongGames/PlayMaker/Actions/CheckZPosition.cs""]"	exact_declared_type
HutongGames.PlayMaker.Actions.ClampAngle	174	"[""Assets/Scripts/Assembly-CSharp/HutongGames/PlayMaker/Actions/ClampAngle.cs""]"	exact_declared_type
HutongGames.PlayMaker.Actions.ClampAngleByScale	314	"[""Assets/Scripts/Assembly-CSharp/HutongGames/PlayMaker/Actions/ClampAngleByScale.cs""]"	exact_declared_type
HutongGames.PlayMaker.Actions.ClampPosition	77	"[""Assets/PlayMaker/Actions/Transform/ClampPosition.cs""]"	exact_declared_type
HutongGames.PlayMaker.Actions.ClampSpeed	177	"[""Assets/Scripts/Assembly-CSharp/HutongGames/PlayMaker/Actions/ClampSpeed.cs""]"	exact_declared_type
HutongGames.PlayMaker.Actions.ClampVelocity2D	190	"[""Assets/Scripts/Assembly-CSharp/HutongGames/PlayMaker/Actions/ClampVelocity2D.cs""]"	exact_declared_type
HutongGames.PlayMaker.Actions.ClearHeroEffects	55	"[""Assets/Scripts/Assembly-CSharp/HutongGames/PlayMaker/Actions/ClearHeroEffects.cs""]"	exact_declared_type
HutongGames.PlayMaker.Actions.ClearHeroEffectsInstant	2	"[""Assets/Scripts/Assembly-CSharp/HutongGames/PlayMaker/Actions/ClearHeroEffectsInstant.cs""]"	exact_declared_type
HutongGames.PlayMaker.Actions.ClearHeroEffectsLite	22	"[""Assets/Scripts/Assembly-CSharp/HutongGames/PlayMaker/Actions/ClearHeroEffectsLite.cs""]"	exact_declared_type
HutongGames.PlayMaker.Actions.ClearSpoolMossChunks	3	"[""Assets/Scripts/Assembly-CSharp/HutongGames/PlayMaker/Actions/ClearSpoolMossChunks.cs""]"	exact_declared_type
HutongGames.PlayMaker.Actions.CloseMarkerMenu	2	"[""Assets/Scripts/ProjectCode/FSM/01_Project_Actions/Inventory/CloseMarkerMenu.cs""]"	exact_declared_type
HutongGames.PlayMaker.Actions.CogEnergyTimelineSetEnergy	32	"[""Assets/Scripts/Assembly-CSharp/HutongGames/PlayMaker/Actions/CogEnergyTimelineSetEnergy.cs""]"	exact_declared_type
HutongGames.PlayMaker.Actions.CollectableItemCollect	41	"[""Assets/Scripts/Assembly-CSharp/HutongGames/PlayMaker/Actions/CollectableItemCollect.cs""]"	exact_declared_type
HutongGames.PlayMaker.Actions.CollectableItemGetData	29	"[""Assets/Scripts/Assembly-CSharp/HutongGames/PlayMaker/Actions/CollectableItemGetData.cs""]"	exact_declared_type
HutongGames.PlayMaker.Actions.CollectableItemGetDataV2	17	"[""Assets/Scripts/Assembly-CSharp/HutongGames/PlayMaker/Actions/CollectableItemGetDataV2.cs""]"	exact_declared_type
HutongGames.PlayMaker.Actions.CollectableItemGetDataV3	22	"[""Assets/Scripts/Assembly-CSharp/HutongGames/PlayMaker/Actions/CollectableItemGetDataV3.cs""]"	exact_declared_type
HutongGames.PlayMaker.Actions.CollectableItemTake	2	"[""Assets/Scripts/Assembly-CSharp/HutongGames/PlayMaker/Actions/CollectableItemTake.cs""]"	exact_declared_type
HutongGames.PlayMaker.Actions.CollectableItemTakeV2	6	"[""Assets/Scripts/Assembly-CSharp/HutongGames/PlayMaker/Actions/CollectableItemTakeV2.cs""]"	exact_declared_type
HutongGames.PlayMaker.Actions.CollectableRelicCheck	5	"[""Assets/Scripts/Assembly-CSharp/HutongGames/PlayMaker/Actions/CollectableRelicCheck.cs""]"	exact_declared_type
HutongGames.PlayMaker.Actions.Collider2DIsActive	4	"[""Assets/Scripts/Assembly-CSharp/HutongGames/PlayMaker/Actions/Collider2DIsActive.cs""]"	exact_declared_type
HutongGames.PlayMaker.Actions.Collision2dEvent	2012	"[""Assets/PlayMaker/Actions/Physics2D/Collision2dEvent.cs""]"	exact_declared_type
HutongGames.PlayMaker.Actions.Collision2dEventLayer	1811	"[""Assets/Scripts/ThirdParty/HutongGames/PlayMaker/Actions/Collision2dEventLayer.cs""]"	exact_declared_type
HutongGames.PlayMaker.Actions.Collision2dEventLayerV2	972	"[""Assets/Scripts/Assembly-CSharp/HutongGames/PlayMaker/Actions/Collision2dEventLayerV2.cs""]"	exact_declared_type
HutongGames.PlayMaker.Actions.CollisionEnter2DChildren	648	"[""Assets/Scripts/Assembly-CSharp/HutongGames/PlayMaker/Actions/CollisionEnter2DChildren.cs""]"	exact_declared_type
HutongGames.PlayMaker.Actions.Comment	262	"[""Assets/PlayMaker/Actions/Debug/Comment.cs""]"	exact_declared_type
HutongGames.PlayMaker.Actions.CompareHP	137	"[""Assets/Scripts/Assembly-CSharp/HutongGames/PlayMaker/Actions/CompareHP.cs""]"	exact_declared_type
HutongGames.PlayMaker.Actions.CompareHPBool	32	"[""Assets/Scripts/Assembly-CSharp/HutongGames/PlayMaker/Actions/CompareHPBool.cs""]"	exact_declared_type
HutongGames.PlayMaker.Actions.CompareNames	15	"[""Assets/Scripts/ThirdParty/HutongGames/PlayMaker/Actions/CompareNames.cs""]"	exact_declared_type
HutongGames.PlayMaker.Actions.ConchProjectileHelperAction	16	"[""Assets/Scripts/Assembly-CSharp/HutongGames/PlayMaker/Actions/ConchProjectileHelperAction.cs""]"	exact_declared_type
HutongGames.PlayMaker.Actions.ConstrainMovement	88	"[""Assets/Scripts/ThirdParty/HutongGames/PlayMaker/Actions/ConstrainMovement.cs""]"	exact_declared_type
HutongGames.PlayMaker.Actions.ControlNeedolin	13	"[""Assets/Scripts/Assembly-CSharp/HutongGames/PlayMaker/Actions/ControlNeedolin.cs""]"	exact_declared_type
HutongGames.PlayMaker.Actions.ControllerIsGrounded	15	"[""Assets/PlayMaker/Actions/Character/ControllerIsGrounded.cs""]"	exact_declared_type
HutongGames.PlayMaker.Actions.ConvertAngleToVector2	93	"[""Assets/Scripts/Assembly-CSharp/HutongGames/PlayMaker/Actions/ConvertAngleToVector2.cs""]"	exact_declared_type
HutongGames.PlayMaker.Actions.ConvertBoolToFloat	690	"[""Assets/PlayMaker/Actions/Convert/ConvertBoolToFloat.cs""]"	exact_declared_type
HutongGames.PlayMaker.Actions.ConvertBoolToInt	13	"[""Assets/PlayMaker/Actions/Convert/ConvertBoolToInt.cs""]"	exact_declared_type
HutongGames.PlayMaker.Actions.ConvertBoolToString	932	"[""Assets/PlayMaker/Actions/Convert/ConvertBoolToString.cs""]"	exact_declared_type
HutongGames.PlayMaker.Actions.ConvertDoubleBoolToFloat	7	"[""Assets/Scripts/Assembly-CSharp/HutongGames/PlayMaker/Actions/ConvertDoubleBoolToFloat.cs""]"	exact_declared_type
HutongGames.PlayMaker.Actions.ConvertDoubleBoolToString	3	"[""Assets/Scripts/Assembly-CSharp/HutongGames/PlayMaker/Actions/ConvertDoubleBoolToString.cs""]"	exact_declared_type
HutongGames.PlayMaker.Actions.ConvertFloatToString	2	"[""Assets/PlayMaker/Actions/Convert/ConvertFloatToString.cs""]"	exact_declared_type
HutongGames.PlayMaker.Actions.ConvertIntToEnum	4	"[""Assets/Scripts/Assembly-CSharp/HutongGames/PlayMaker/Actions/ConvertIntToEnum.cs""]"	exact_declared_type
HutongGames.PlayMaker.Actions.ConvertIntToFloat	72	"[""Assets/PlayMaker/Actions/Convert/ConvertIntToFloat.cs""]"	exact_declared_type
HutongGames.PlayMaker.Actions.ConvertIntToString	3	"[""Assets/PlayMaker/Actions/Convert/ConvertIntToString.cs""]"	exact_declared_type
HutongGames.PlayMaker.Actions.ConvertNormalToAngle	3	"[""Assets/Scripts/Assembly-CSharp/HutongGames/PlayMaker/Actions/ConvertNormalToAngle.cs""]"	exact_declared_type
HutongGames.PlayMaker.Actions.ConvertVector2ToAngle	29	"[""Assets/Scripts/Assembly-CSharp/HutongGames/PlayMaker/Actions/ConvertVector2ToAngle.cs""]"	exact_declared_type
HutongGames.PlayMaker.Actions.CountCrestUnlockPoints	1	"[""Assets/Scripts/Assembly-CSharp/HutongGames/PlayMaker/Actions/CountCrestUnlockPoints.cs""]"	exact_declared_type
HutongGames.PlayMaker.Actions.CountShopItems	4	"[""Assets/Scripts/Assembly-CSharp/HutongGames/PlayMaker/Actions/CountShopItems.cs""]"	exact_declared_type
HutongGames.PlayMaker.Actions.CountShopItemsFromStock	1	"[""Assets/Scripts/Assembly-CSharp/HutongGames/PlayMaker/Actions/CountShopItemsFromStock.cs""]"	exact_declared_type
HutongGames.PlayMaker.Actions.CountTools	3	"[""Assets/Scripts/Assembly-CSharp/HutongGames/PlayMaker/Actions/CountTools.cs""]"	exact_declared_type
HutongGames.PlayMaker.Actions.CreateChildWithParentedOffset	4	"[""Assets/Scripts/Assembly-CSharp/HutongGames/PlayMaker/Actions/CreateChildWithParentedOffset.cs""]"	exact_declared_type
HutongGames.PlayMaker.Actions.CreateEmptyObject	328	"[""Assets/PlayMaker/Actions/GameObject/CreateEmptyObject.cs""]"	exact_declared_type
HutongGames.PlayMaker.Actions.CreateNoise	1903	"[""Assets/Scripts/Assembly-CSharp/HutongGames/PlayMaker/Actions/CreateNoise.cs""]"	exact_declared_type
HutongGames.PlayMaker.Actions.CreateNoiseContinuous	181	"[""Assets/Scripts/Assembly-CSharp/HutongGames/PlayMaker/Actions/CreateNoiseContinuous.cs""]"	exact_declared_type
HutongGames.PlayMaker.Actions.CreateNoiseRect	1	"[""Assets/Scripts/Assembly-CSharp/HutongGames/PlayMaker/Actions/CreateNoiseRect.cs""]"	exact_declared_type
HutongGames.PlayMaker.Actions.CreateNoiseV2	30	"[""Assets/Scripts/Assembly-CSharp/HutongGames/PlayMaker/Actions/CreateNoiseV2.cs""]"	exact_declared_type
HutongGames.PlayMaker.Actions.CreateObject	1221	"[""Assets/PlayMaker/Actions/GameObject/CreateObject.cs""]"	exact_declared_type
HutongGames.PlayMaker.Actions.CreateObjectV2	15	"[""Assets/Scripts/Assembly-CSharp/HutongGames/PlayMaker/Actions/CreateObjectV2.cs""]"	exact_declared_type
HutongGames.PlayMaker.Actions.CreateObjectsRandom	1	"[""Assets/Scripts/Assembly-CSharp/HutongGames/PlayMaker/Actions/CreateObjectsRandom.cs""]"	exact_declared_type
HutongGames.PlayMaker.Actions.CreateUIMsgGetItem	26	"[""Assets/Scripts/MixedIntegrations/PlayMakerActions/CreateUIMsgGetItem.cs""]"	exact_declared_type
HutongGames.PlayMaker.Actions.CurrencyCounterMethod	3	"[""Assets/Scripts/Assembly-CSharp/HutongGames/PlayMaker/Actions/CurrencyCounterMethod.cs""]"	exact_declared_type
HutongGames.PlayMaker.Actions.CurveFloat	30	"[""Assets/PlayMaker/Actions/AnimateVariables/CurveFloat.cs""]"	exact_declared_type
HutongGames.PlayMaker.Actions.CustomTagIsSuckable	1	"[""Assets/Scripts/Assembly-CSharp/HutongGames/PlayMaker/Actions/CustomTagIsSuckable.cs""]"	exact_declared_type
HutongGames.PlayMaker.Actions.CustomToolUsage	8	"[""Assets/Scripts/Assembly-CSharp/HutongGames/PlayMaker/Actions/CustomToolUsage.cs""]"	exact_declared_type
HutongGames.PlayMaker.Actions.DamageHeroDirectly	2880	"[""Assets/Scripts/Assembly-CSharp/HutongGames/PlayMaker/Actions/DamageHeroDirectly.cs""]"	exact_declared_type
HutongGames.PlayMaker.Actions.DamageHeroDirectlyV2	96	"[""Assets/Scripts/Assembly-CSharp/HutongGames/PlayMaker/Actions/DamageHeroDirectlyV2.cs""]"	exact_declared_type
HutongGames.PlayMaker.Actions.DebugLogConsole	148	"[""Assets/Scripts/ThirdParty/HutongGames/PlayMaker/Actions/DebugLogConsole.cs""]"	exact_declared_type
HutongGames.PlayMaker.Actions.Decelerate	541	"[""Assets/Scripts/MixedIntegrations/PlayMakerActions/Decelerate.cs""]"	exact_declared_type
HutongGames.PlayMaker.Actions.DecelerateV2	8868	"[""Assets/Scripts/MixedIntegrations/PlayMakerActions/DecelerateV2.cs""]"	exact_declared_type
HutongGames.PlayMaker.Actions.DecelerateXY	5784	"[""Assets/Scripts/MixedIntegrations/PlayMakerActions/DecelerateXY.cs""]"	exact_declared_type
HutongGames.PlayMaker.Actions.DecelerateXYConditional	94	"[""Assets/Scripts/Assembly-CSharp/HutongGames/PlayMaker/Actions/DecelerateXYConditional.cs""]"	exact_declared_type
HutongGames.PlayMaker.Actions.DecrementPlayerDataInt	1	"[""Assets/Scripts/MixedIntegrations/PlayMakerActions/DecrementPlayerDataInt.cs""]"	exact_declared_type
HutongGames.PlayMaker.Actions.DespawnCurrency	1	"[""Assets/Scripts/Assembly-CSharp/HutongGames/PlayMaker/Actions/DespawnCurrency.cs""]"	exact_declared_type
HutongGames.PlayMaker.Actions.DestroyAllChildren	62	"[""Assets/Scripts/ThirdParty/HutongGames/PlayMaker/Actions/DestroyAllChildren.cs""]"	exact_declared_type
HutongGames.PlayMaker.Actions.DestroyObject	140	"[""Assets/PlayMaker/Actions/GameObject/DestroyObject.cs""]"	exact_declared_type
HutongGames.PlayMaker.Actions.DestroyPersistentBoolIfPdBool	48	"[""Assets/Scripts/Assembly-CSharp/HutongGames/PlayMaker/Actions/DestroyPersistentBoolIfPdBool.cs""]"	exact_declared_type
HutongGames.PlayMaker.Actions.DestroySelf	417	"[""Assets/PlayMaker/Actions/GameObject/DestroySelf.cs""]"	exact_declared_type
HutongGames.PlayMaker.Actions.DetachChildren	1	"[""Assets/PlayMaker/Actions/GameObject/DetachChildren.cs""]"	exact_declared_type
HutongGames.PlayMaker.Actions.DetectGroundEdge	36	"[""Assets/Scripts/Assembly-CSharp/HutongGames/PlayMaker/Actions/DetectGroundEdge.cs""]"	exact_declared_type
HutongGames.PlayMaker.Actions.DialogueNewLineEvent	7	"[""Assets/Scripts/Assembly-CSharp/HutongGames/PlayMaker/Actions/DialogueNewLineEvent.cs""]"	exact_declared_type
HutongGames.PlayMaker.Actions.DialogueYesNo	27	"[""Assets/Scripts/Assembly-CSharp/HutongGames/PlayMaker/Actions/DialogueYesNo.cs""]"	exact_declared_type
HutongGames.PlayMaker.Actions.DialogueYesNoItemV2	2	"[""Assets/Scripts/Assembly-CSharp/HutongGames/PlayMaker/Actions/DialogueYesNoItemV2.cs""]"	exact_declared_type
HutongGames.PlayMaker.Actions.DialogueYesNoItemV3	21	"[""Assets/Scripts/Assembly-CSharp/HutongGames/PlayMaker/Actions/DialogueYesNoItemV3.cs""]"	exact_declared_type
HutongGames.PlayMaker.Actions.DialogueYesNoItemV4	4	"[""Assets/Scripts/Assembly-CSharp/HutongGames/PlayMaker/Actions/DialogueYesNoItemV4.cs""]"	exact_declared_type
HutongGames.PlayMaker.Actions.DialogueYesNoItemV5	1	"[""Assets/Scripts/Assembly-CSharp/HutongGames/PlayMaker/Actions/DialogueYesNoItemV5.cs""]"	exact_declared_type
HutongGames.PlayMaker.Actions.DialogueYesNoItemV6	2	"[""Assets/Scripts/Assembly-CSharp/HutongGames/PlayMaker/Actions/DialogueYesNoItemV6.cs""]"	exact_declared_type
HutongGames.PlayMaker.Actions.DialogueYesNoV2	51	"[""Assets/Scripts/Assembly-CSharp/HutongGames/PlayMaker/Actions/DialogueYesNoV2.cs""]"	exact_declared_type
HutongGames.PlayMaker.Actions.DialogueYesNoV3	5	"[""Assets/Scripts/Assembly-CSharp/HutongGames/PlayMaker/Actions/DialogueYesNoV3.cs""]"	exact_declared_type
HutongGames.PlayMaker.Actions.DirectionalInvincibility	582	"[""Assets/Scripts/Assembly-CSharp/HutongGames/PlayMaker/Actions/DirectionalInvincibility.cs""]"	exact_declared_type
HutongGames.PlayMaker.Actions.DirectlyFlyTo	2	"[""Assets/Scripts/Assembly-CSharp/HutongGames/PlayMaker/Actions/DirectlyFlyTo.cs""]"	exact_declared_type
HutongGames.PlayMaker.Actions.DisplayBossTitle	92	"[""Assets/Scripts/Assembly-CSharp/HutongGames/PlayMaker/Actions/DisplayBossTitle.cs""]"	exact_declared_type
HutongGames.PlayMaker.Actions.DisplayNPCTitle	190	"[""Assets/Scripts/Assembly-CSharp/HutongGames/PlayMaker/Actions/DisplayNPCTitle.cs""]"	exact_declared_type
HutongGames.PlayMaker.Actions.DistanceBetweenPoints	227	"[""Assets/Scripts/ThirdParty/HutongGames/PlayMaker/Actions/DistanceBetweenPoints.cs""]"	exact_declared_type
HutongGames.PlayMaker.Actions.DistanceFly	1632	"[""Assets/Scripts/MixedIntegrations/PlayMakerActions/DistanceFly.cs""]"	exact_declared_type
HutongGames.PlayMaker.Actions.DistanceFlyHorizontal	112	"[""Assets/Scripts/Assembly-CSharp/HutongGames/PlayMaker/Actions/DistanceFlyHorizontal.cs""]"	exact_declared_type
HutongGames.PlayMaker.Actions.DistanceFlySmooth	7	"[""Assets/Scripts/MixedIntegrations/PlayMakerActions/DistanceFlySmooth.cs""]"	exact_declared_type
HutongGames.PlayMaker.Actions.DistanceFlyV2	361	"[""Assets/Scripts/MixedIntegrations/PlayMakerActions/DistanceFlyV2.cs""]"	exact_declared_type
HutongGames.PlayMaker.Actions.DistanceFlyV3	122	"[""Assets/Scripts/Assembly-CSharp/HutongGames/PlayMaker/Actions/DistanceFlyV3.cs""]"	exact_declared_type
HutongGames.PlayMaker.Actions.DistanceWalk	11	"[""Assets/Scripts/MixedIntegrations/PlayMakerActions/DistanceWalk.cs""]"	exact_declared_type
HutongGames.PlayMaker.Actions.DistanceWalkServitor	20	"[""Assets/Scripts/Assembly-CSharp/HutongGames/PlayMaker/Actions/DistanceWalkServitor.cs""]"	exact_declared_type
HutongGames.PlayMaker.Actions.DistanceWalkServitorV	13	"[""Assets/Scripts/Assembly-CSharp/HutongGames/PlayMaker/Actions/DistanceWalkServitorV.cs""]"	exact_declared_type
HutongGames.PlayMaker.Actions.DoCameraShake	7189	"[""Assets/Scripts/Assembly-CSharp/HutongGames/PlayMaker/Actions/DoCameraShake.cs""]"	exact_declared_type
HutongGames.PlayMaker.Actions.DoCameraShakeRepeating	154	"[""Assets/Scripts/Assembly-CSharp/HutongGames/PlayMaker/Actions/DoCameraShakeRepeating.cs""]"	exact_declared_type
HutongGames.PlayMaker.Actions.DoCameraShakeRepeatingV2	32	"[""Assets/Scripts/Assembly-CSharp/HutongGames/PlayMaker/Actions/DoCameraShakeRepeatingV2.cs""]"	exact_declared_type
HutongGames.PlayMaker.Actions.DoCameraShakeV2	565	"[""Assets/Scripts/Assembly-CSharp/HutongGames/PlayMaker/Actions/DoCameraShakeV2.cs""]"	exact_declared_type
HutongGames.PlayMaker.Actions.DoCameraShakeV3	20	"[""Assets/Scripts/Assembly-CSharp/HutongGames/PlayMaker/Actions/DoCameraShakeV3.cs""]"	exact_declared_type
HutongGames.PlayMaker.Actions.DoCameraShakeV4	82	"[""Assets/Scripts/Assembly-CSharp/HutongGames/PlayMaker/Actions/DoCameraShakeV4.cs""]"	exact_declared_type
HutongGames.PlayMaker.Actions.DoHeroMovement	1	"[""Assets/Scripts/Assembly-CSharp/HutongGames/PlayMaker/Actions/DoHeroMovement.cs""]"	exact_declared_type
HutongGames.PlayMaker.Actions.DoHeroRecoil	1	"[""Assets/Scripts/Assembly-CSharp/HutongGames/PlayMaker/Actions/DoHeroRecoil.cs""]"	exact_declared_type
HutongGames.PlayMaker.Actions.DoPassBlackThreadState	1	"[""Assets/Scripts/Assembly-CSharp/HutongGames/PlayMaker/Actions/DoPassBlackThreadState.cs""]"	exact_declared_type
HutongGames.PlayMaker.Actions.DoSpriteFlash	10	"[""Assets/Scripts/Assembly-CSharp/HutongGames/PlayMaker/Actions/DoSpriteFlash.cs""]"	exact_declared_type
HutongGames.PlayMaker.Actions.DoSpriteFlashCustom	3	"[""Assets/Scripts/Assembly-CSharp/HutongGames/PlayMaker/Actions/DoSpriteFlashCustom.cs""]"	exact_declared_type
HutongGames.PlayMaker.Actions.DoSpriteFlashNamed	1	"[""Assets/Scripts/Assembly-CSharp/HutongGames/PlayMaker/Actions/DoSpriteFlashNamed.cs""]"	exact_declared_type
HutongGames.PlayMaker.Actions.DoSurfaceWaterSplash	49	"[""Assets/Scripts/Assembly-CSharp/HutongGames/PlayMaker/Actions/DoSurfaceWaterSplash.cs""]"	exact_declared_type
HutongGames.PlayMaker.Actions.DockClamberCheck	6	"[""Assets/Scripts/Assembly-CSharp/HutongGames/PlayMaker/Actions/DockClamberCheck.cs""]"	exact_declared_type
HutongGames.PlayMaker.Actions.DontDestroyOnLoad	3	"[""Assets/PlayMaker/Actions/Level/DontDestroyOnLoad.cs""]"	exact_declared_type
HutongGames.PlayMaker.Actions.DropPlatformResolutionModeInScene	1	"[""Assets/Scripts/Assembly-CSharp/HutongGames/PlayMaker/Actions/DropPlatformResolutionModeInScene.cs""]"	exact_declared_type
HutongGames.PlayMaker.Actions.EaseColor	966	"[""Assets/PlayMaker/Actions/AnimateVariables/EaseColor.cs""]"	exact_declared_type
HutongGames.PlayMaker.Actions.EaseFloat	6795	"[""Assets/PlayMaker/Actions/AnimateVariables/EaseFloat.cs""]"	exact_declared_type
HutongGames.PlayMaker.Actions.EasePosX	4	"[""Assets/Scripts/Assembly-CSharp/HutongGames/PlayMaker/Actions/EasePosX.cs""]"	exact_declared_type
HutongGames.PlayMaker.Actions.EaseSpriteColor	195	"[""Assets/Scripts/Assembly-CSharp/HutongGames/PlayMaker/Actions/EaseSpriteColor.cs""]"	exact_declared_type
HutongGames.PlayMaker.Actions.EdgeSlowdown	13	"[""Assets/Scripts/Assembly-CSharp/HutongGames/PlayMaker/Actions/EdgeSlowdown.cs""]"	exact_declared_type
HutongGames.PlayMaker.Actions.EnableBehaviour	85	"[""Assets/PlayMaker/Actions/ScriptControl/EnableBehaviour.cs""]"	exact_declared_type
HutongGames.PlayMaker.Actions.EnableFSM	160	"[""Assets/PlayMaker/Actions/StateMachine/EnableFSM.cs""]"	exact_declared_type
HutongGames.PlayMaker.Actions.EnableFsmSelf	815	"[""Assets/Scripts/Assembly-CSharp/HutongGames/PlayMaker/Actions/EnableFsmSelf.cs""]"	exact_declared_type
HutongGames.PlayMaker.Actions.EndDialogue	1102	"[""Assets/Scripts/Assembly-CSharp/HutongGames/PlayMaker/Actions/EndDialogue.cs""]"	exact_declared_type
HutongGames.PlayMaker.Actions.EndFreeCameraMode	20	"[""Assets/Scripts/Assembly-CSharp/HutongGames/PlayMaker/Actions/EndFreeCameraMode.cs""]"	exact_declared_type
HutongGames.PlayMaker.Actions.EndInteractEvents	202	"[""Assets/Scripts/Assembly-CSharp/HutongGames/PlayMaker/Actions/EndInteractEvents.cs""]"	exact_declared_type
HutongGames.PlayMaker.Actions.EnemyDetectTurn	6	"[""Assets/Scripts/Assembly-CSharp/HutongGames/PlayMaker/Actions/EnemyDetectTurn.cs""]"	exact_declared_type
HutongGames.PlayMaker.Actions.EnemySingControl	2574	"[""Assets/Scripts/Assembly-CSharp/HutongGames/PlayMaker/Actions/EnemySingControl.cs""]"	exact_declared_type
HutongGames.PlayMaker.Actions.EnumBitmaskSwitch	1	"[""Assets/Scripts/Assembly-CSharp/HutongGames/PlayMaker/Actions/EnumBitmaskSwitch.cs""]"	exact_declared_type
HutongGames.PlayMaker.Actions.EnumCompare	8160	"[""Assets/PlayMaker/Actions/Logic/EnumCompare.cs""]"	exact_declared_type
HutongGames.PlayMaker.Actions.EnumSwitch	485	"[""Assets/PlayMaker/Actions/Logic/EnumSwitch.cs""]"	exact_declared_type
HutongGames.PlayMaker.Actions.FaceAngle	567	"[""Assets/Scripts/MixedIntegrations/PlayMakerActions/FaceAngle.cs""]"	exact_declared_type
HutongGames.PlayMaker.Actions.FaceAngleV2	7	"[""Assets/Scripts/MixedIntegrations/PlayMakerActions/FaceAngleV2.cs""]"	exact_declared_type
HutongGames.PlayMaker.Actions.FaceAngleV3	39	"[""Assets/Scripts/Assembly-CSharp/HutongGames/PlayMaker/Actions/FaceAngleV3.cs""]"	exact_declared_type
HutongGames.PlayMaker.Actions.FaceDirection	1745	"[""Assets/Scripts/MixedIntegrations/PlayMakerActions/FaceDirection.cs""]"	exact_declared_type
HutongGames.PlayMaker.Actions.FaceDirectionUmbrella	2	"[""Assets/Scripts/Assembly-CSharp/HutongGames/PlayMaker/Actions/FaceDirectionUmbrella.cs""]"	exact_declared_type
HutongGames.PlayMaker.Actions.FaceDirectionV2	135	"[""Assets/Scripts/Assembly-CSharp/HutongGames/PlayMaker/Actions/FaceDirectionV2.cs""]"	exact_declared_type
HutongGames.PlayMaker.Actions.FaceObject	1193	"[""Assets/Scripts/MixedIntegrations/PlayMakerActions/FaceObject.cs""]"	exact_declared_type
HutongGames.PlayMaker.Actions.FaceObjectAnim	1	"[""Assets/Scripts/Assembly-CSharp/HutongGames/PlayMaker/Actions/FaceObjectAnim.cs""]"	exact_declared_type
HutongGames.PlayMaker.Actions.FaceObjectTk2dSpriteScale	1	"[""Assets/Scripts/Assembly-CSharp/HutongGames/PlayMaker/Actions/FaceObjectTk2dSpriteScale.cs""]"	exact_declared_type
HutongGames.PlayMaker.Actions.FaceObjectV2	14638	"[""Assets/Scripts/Assembly-CSharp/HutongGames/PlayMaker/Actions/FaceObjectV2.cs""]"	exact_declared_type
HutongGames.PlayMaker.Actions.FaceObjectV3	376	"[""Assets/Scripts/Assembly-CSharp/HutongGames/PlayMaker/Actions/FaceObjectV3.cs""]"	exact_declared_type
HutongGames.PlayMaker.Actions.FaceObjectV4	45	"[""Assets/Scripts/Assembly-CSharp/HutongGames/PlayMaker/Actions/FaceObjectV4.cs""]"	exact_declared_type
HutongGames.PlayMaker.Actions.FaceObjectV5	9	"[""Assets/Scripts/Assembly-CSharp/HutongGames/PlayMaker/Actions/FaceObjectV5.cs""]"	exact_declared_type
HutongGames.PlayMaker.Actions.FadeAudio	1571	"[""Assets/Scripts/ThirdParty/HutongGames/PlayMaker/Actions/FadeAudio.cs""]"	exact_declared_type
HutongGames.PlayMaker.Actions.FadeAudioV2	53	"[""Assets/Scripts/Assembly-CSharp/HutongGames/PlayMaker/Actions/FadeAudioV2.cs""]"	exact_declared_type
HutongGames.PlayMaker.Actions.FadeHeroLightAlpha	5	"[""Assets/Scripts/Assembly-CSharp/HutongGames/PlayMaker/Actions/FadeHeroLightAlpha.cs""]"	exact_declared_type
HutongGames.PlayMaker.Actions.FadeNestedFadeGroup	2027	[]	no_loose_source_match
HutongGames.PlayMaker.Actions.FadeNestedFadeGroupV2	4	[]	no_loose_source_match
HutongGames.PlayMaker.Actions.FadeNestedFadeGroupV3	33	[]	no_loose_source_match
HutongGames.PlayMaker.Actions.FadeOutTransitionAudioFaders	12	"[""Assets/Scripts/Assembly-CSharp/HutongGames/PlayMaker/Actions/FadeOutTransitionAudioFaders.cs""]"	exact_declared_type
HutongGames.PlayMaker.Actions.FindChild	14736	"[""Assets/PlayMaker/Actions/GameObject/FindChild.cs""]"	exact_declared_type
HutongGames.PlayMaker.Actions.FindChildRecursive	18	"[""Assets/Scripts/Assembly-CSharp/HutongGames/PlayMaker/Actions/FindChildRecursive.cs""]"	exact_declared_type
HutongGames.PlayMaker.Actions.FindClosest	361	"[""Assets/PlayMaker/Actions/GameObject/FindClosest.cs""]"	exact_declared_type
HutongGames.PlayMaker.Actions.FindFastTravelTeleportPoint	2	"[""Assets/Scripts/Assembly-CSharp/HutongGames/PlayMaker/Actions/FindFastTravelTeleportPoint.cs""]"	exact_declared_type
HutongGames.PlayMaker.Actions.FindGameObject	1216	"[""Assets/PlayMaker/Actions/GameObject/FindGameObject.cs""]"	exact_declared_type
HutongGames.PlayMaker.Actions.FindNamedChild	11825	"[""Assets/Scripts/Assembly-CSharp/HutongGames/PlayMaker/Actions/FindNamedChild.cs""]"	exact_declared_type
HutongGames.PlayMaker.Actions.FindTopEdgeIntersectionX	169	"[""Assets/Scripts/Assembly-CSharp/HutongGames/PlayMaker/Actions/FindTopEdgeIntersectionX.cs""]"	exact_declared_type
HutongGames.PlayMaker.Actions.FinishFSM	45	"[""Assets/PlayMaker/Actions/StateMachine/FinishFSM.cs""]"	exact_declared_type
HutongGames.PlayMaker.Actions.FireAtTarget	598	"[""Assets/Scripts/MixedIntegrations/PlayMakerActions/FireAtTarget.cs""]"	exact_declared_type
HutongGames.PlayMaker.Actions.FlingObject	642	"[""Assets/Scripts/ThirdParty/HutongGames/PlayMaker/Actions/FlingObject.cs""]"	exact_declared_type
HutongGames.PlayMaker.Actions.FlingObjects	90	"[""Assets/Scripts/ThirdParty/HutongGames/PlayMaker/Actions/FlingObjects.cs""]"	exact_declared_type
HutongGames.PlayMaker.Actions.FlingObjectsFromGlobalPool	1258	"[""Assets/Scripts/MixedIntegrations/PlayMakerActions/FlingObjectsFromGlobalPool.cs""]"	exact_declared_type
HutongGames.PlayMaker.Actions.FlingObjectsFromGlobalPoolTime	29	"[""Assets/Scripts/MixedIntegrations/PlayMakerActions/FlingObjectsFromGlobalPoolTime.cs""]"	exact_declared_type
HutongGames.PlayMaker.Actions.FlingObjectsFromGlobalPoolV2	202	"[""Assets/Scripts/Assembly-CSharp/HutongGames/PlayMaker/Actions/FlingObjectsFromGlobalPoolV2.cs""]"	exact_declared_type
HutongGames.PlayMaker.Actions.FlingObjectsFromGlobalPoolV3	60	"[""Assets/Scripts/Assembly-CSharp/HutongGames/PlayMaker/Actions/FlingObjectsFromGlobalPoolV3.cs""]"	exact_declared_type
HutongGames.PlayMaker.Actions.FlingObjectsFromGlobalPoolVelTime	28	"[""Assets/Scripts/Assembly-CSharp/HutongGames/PlayMaker/Actions/FlingObjectsFromGlobalPoolVelTime.cs""]"	exact_declared_type
HutongGames.PlayMaker.Actions.FlingObjectsV2	49	"[""Assets/Scripts/Assembly-CSharp/HutongGames/PlayMaker/Actions/FlingObjectsV2.cs""]"	exact_declared_type
HutongGames.PlayMaker.Actions.FlipScale	1533	"[""Assets/Scripts/ThirdParty/HutongGames/PlayMaker/Actions/FlipScale.cs""]"	exact_declared_type
HutongGames.PlayMaker.Actions.FlipScaleDelay	4	"[""Assets/Scripts/Assembly-CSharp/HutongGames/PlayMaker/Actions/FlipScaleDelay.cs""]"	exact_declared_type
HutongGames.PlayMaker.Actions.FlipScaleOnExit	47	"[""Assets/Scripts/Assembly-CSharp/HutongGames/PlayMaker/Actions/FlipScaleOnExit.cs""]"	exact_declared_type
HutongGames.PlayMaker.Actions.FloatAbs	10	"[""Assets/PlayMaker/Actions/Math/FloatAbs.cs""]"	exact_declared_type
HutongGames.PlayMaker.Actions.FloatAdd	8278	"[""Assets/PlayMaker/Actions/Math/FloatAdd.cs""]"	exact_declared_type
HutongGames.PlayMaker.Actions.FloatAddRandom	821	"[""Assets/Scripts/Assembly-CSharp/HutongGames/PlayMaker/Actions/FloatAddRandom.cs""]"	exact_declared_type
HutongGames.PlayMaker.Actions.FloatAddV2	208	"[""Assets/Scripts/ThirdParty/HutongGames/PlayMaker/Actions/FloatAddV2.cs""]"	exact_declared_type
HutongGames.PlayMaker.Actions.FloatClamp	3667	"[""Assets/PlayMaker/Actions/Math/FloatClamp.cs""]"	exact_declared_type
HutongGames.PlayMaker.Actions.FloatCompare	11631	"[""Assets/PlayMaker/Actions/Logic/FloatCompare.cs""]"	exact_declared_type
HutongGames.PlayMaker.Actions.FloatDivide	105	"[""Assets/PlayMaker/Actions/Math/FloatDivide.cs""]"	exact_declared_type
HutongGames.PlayMaker.Actions.FloatInRange	915	"[""Assets/Scripts/ThirdParty/HutongGames/PlayMaker/Actions/FloatInRange.cs""]"	exact_declared_type
HutongGames.PlayMaker.Actions.FloatMinClamp	66	"[""Assets/Scripts/Assembly-CSharp/HutongGames/PlayMaker/Actions/FloatMinClamp.cs""]"	exact_declared_type
HutongGames.PlayMaker.Actions.FloatMultiply	3171	"[""Assets/PlayMaker/Actions/Math/FloatMultiply.cs""]"	exact_declared_type
HutongGames.PlayMaker.Actions.FloatMultiplyV2	154	"[""Assets/Scripts/ThirdParty/HutongGames/PlayMaker/Actions/FloatMultiplyV2.cs""]"	exact_declared_type
HutongGames.PlayMaker.Actions.FloatOperator	4985	"[""Assets/PlayMaker/Actions/Math/FloatOperator.cs""]"	exact_declared_type
HutongGames.PlayMaker.Actions.FloatSign	405	"[""Assets/Scripts/Assembly-CSharp/HutongGames/PlayMaker/Actions/FloatSign.cs""]"	exact_declared_type
HutongGames.PlayMaker.Actions.FloatSignTest	12	"[""Assets/PlayMaker/Actions/Logic/FloatSignTest.cs""]"	exact_declared_type
HutongGames.PlayMaker.Actions.FloatSignToBool	336	"[""Assets/Scripts/Assembly-CSharp/HutongGames/PlayMaker/Actions/FloatSignToBool.cs""]"	exact_declared_type
HutongGames.PlayMaker.Actions.FloatSubtract	513	"[""Assets/PlayMaker/Actions/Math/FloatSubtract.cs""]"	exact_declared_type
HutongGames.PlayMaker.Actions.FloatSwitch	173	"[""Assets/PlayMaker/Actions/Logic/FloatSwitch.cs""]"	exact_declared_type
HutongGames.PlayMaker.Actions.FloatTestToBool	2351	"[""Assets/Scripts/ThirdParty/HutongGames/PlayMaker/Actions/FloatTestToBool.cs""]"	exact_declared_type
HutongGames.PlayMaker.Actions.FollowTargetPositionV2	3	"[""Assets/Scripts/Assembly-CSharp/HutongGames/PlayMaker/Actions/FollowTargetPositionV2.cs""]"	exact_declared_type
HutongGames.PlayMaker.Actions.FormatString	28	"[""Assets/PlayMaker/Actions/String/FormatString.cs""]"	exact_declared_type
HutongGames.PlayMaker.Actions.FsmIntAdd	31	"[""Assets/Scripts/Assembly-CSharp/HutongGames/PlayMaker/Actions/FsmIntAdd.cs""]"	exact_declared_type
HutongGames.PlayMaker.Actions.GameObjectCompare	733	"[""Assets/PlayMaker/Actions/Logic/GameObjectCompare.cs""]"	exact_declared_type
HutongGames.PlayMaker.Actions.GameObjectCompareTag	58	"[""Assets/PlayMaker/Actions/Logic/GameObjectCompareTag.cs""]"	exact_declared_type
HutongGames.PlayMaker.Actions.GameObjectIsActive	162	"[""Assets/Scripts/Assembly-CSharp/HutongGames/PlayMaker/Actions/GameObjectIsActive.cs""]"	exact_declared_type
HutongGames.PlayMaker.Actions.GameObjectIsActiveEveryFrame	7	"[""Assets/Scripts/Assembly-CSharp/HutongGames/PlayMaker/Actions/GameObjectIsActiveEveryFrame.cs""]"	exact_declared_type
HutongGames.PlayMaker.Actions.GameObjectIsNull	2051	"[""Assets/PlayMaker/Actions/Logic/GameObjectIsNull.cs""]"	exact_declared_type
HutongGames.PlayMaker.Actions.GameObjectIsVisible	95	"[""Assets/PlayMaker/Actions/Logic/GameObjectIsVisible.cs""]"	exact_declared_type
HutongGames.PlayMaker.Actions.GetActiveChild	67	"[""Assets/Scripts/Assembly-CSharp/HutongGames/PlayMaker/Actions/GetActiveChild.cs""]"	exact_declared_type
HutongGames.PlayMaker.Actions.GetAngleBetweenPointsV2	123	"[""Assets/Scripts/Assembly-CSharp/HutongGames/PlayMaker/Actions/GetAngleBetweenPointsV2.cs""]"	exact_declared_type
HutongGames.PlayMaker.Actions.GetAngleToTarget2D	4270	"[""Assets/Scripts/MixedIntegrations/PlayMakerActions/GetAngleToTarget2D.cs""]"	exact_declared_type
HutongGames.PlayMaker.Actions.GetAngularVelocity2d	16	"[""Assets/Scripts/Assembly-CSharp/HutongGames/PlayMaker/Actions/GetAngularVelocity2d.cs""]"	exact_declared_type
HutongGames.PlayMaker.Actions.GetAnimatorCurrentStateInfo	37	"[""Assets/PlayMaker/Actions/Animator/GetAnimatorCurrentStateInfo.cs""]"	exact_declared_type
HutongGames.PlayMaker.Actions.GetAttunementTime	27	"[""Assets/Scripts/Assembly-CSharp/HutongGames/PlayMaker/Actions/GetAttunementTime.cs""]"	exact_declared_type
HutongGames.PlayMaker.Actions.GetAudioClipDuration	3	"[""Assets/Scripts/Assembly-CSharp/HutongGames/PlayMaker/Actions/GetAudioClipDuration.cs""]"	exact_declared_type
HutongGames.PlayMaker.Actions.GetAudioVolume	36	"[""Assets/Scripts/ThirdParty/HutongGames/PlayMaker/Actions/GetAudioVolume.cs""]"	exact_declared_type
HutongGames.PlayMaker.Actions.GetBitmaskAtIndex	4	"[""Assets/Scripts/Assembly-CSharp/HutongGames/PlayMaker/Actions/GetBitmaskAtIndex.cs""]"	exact_declared_type
HutongGames.PlayMaker.Actions.GetBoxCollider2DSizeVector	118	"[""Assets/Scripts/Assembly-CSharp/HutongGames/PlayMaker/Actions/GetBoxCollider2DSizeVector.cs""]"	exact_declared_type
HutongGames.PlayMaker.Actions.GetCameraXEdgeDistanceForwardMin	1	"[""Assets/Scripts/Assembly-CSharp/HutongGames/PlayMaker/Actions/GetCameraXEdgeDistanceForwardMin.cs""]"	exact_declared_type
HutongGames.PlayMaker.Actions.GetCaravanLocationScene	3	"[""Assets/Scripts/Assembly-CSharp/HutongGames/PlayMaker/Actions/GetCaravanLocationScene.cs""]"	exact_declared_type
HutongGames.PlayMaker.Actions.GetChild	28	"[""Assets/PlayMaker/Actions/GameObject/GetChild.cs""]"	exact_declared_type
HutongGames.PlayMaker.Actions.GetChildCount	134	"[""Assets/PlayMaker/Actions/GameObject/GetChildCount.cs""]"	exact_declared_type
HutongGames.PlayMaker.Actions.GetChildNum	31	"[""Assets/PlayMaker/Actions/GameObject/GetChildNum.cs""]"	exact_declared_type
HutongGames.PlayMaker.Actions.GetClosestGameObject	10	"[""Assets/Scripts/Assembly-CSharp/HutongGames/PlayMaker/Actions/GetClosestGameObject.cs""]"	exact_declared_type
HutongGames.PlayMaker.Actions.GetColliderRange	809	"[""Assets/Scripts/ThirdParty/HutongGames/PlayMaker/Actions/GetColliderRange.cs""]"	exact_declared_type
HutongGames.PlayMaker.Actions.GetCollision2dInfo	239	"[""Assets/PlayMaker/Actions/Physics2D/GetCollision2dInfo.cs""]"	exact_declared_type
HutongGames.PlayMaker.Actions.GetColorRGBA	164	"[""Assets/PlayMaker/Actions/Color/GetColorRGBA.cs""]"	exact_declared_type
HutongGames.PlayMaker.Actions.GetComponent	53	"[""Assets/PlayMaker/Actions/UnityObject/GetComponent.cs""]"	exact_declared_type
HutongGames.PlayMaker.Actions.GetCostFromReference	28	"[""Assets/Scripts/Assembly-CSharp/HutongGames/PlayMaker/Actions/GetCostFromReference.cs""]"	exact_declared_type
HutongGames.PlayMaker.Actions.GetCurrentMusicCueName	1	"[""Assets/Scripts/MixedIntegrations/PlayMakerActions/GetCurrentMusicCueName.cs""]"	exact_declared_type
HutongGames.PlayMaker.Actions.GetCurrentTk2dClipName	185	"[""Assets/Scripts/Assembly-CSharp/HutongGames/PlayMaker/Actions/GetCurrentTk2dClipName.cs""]"	exact_declared_type
HutongGames.PlayMaker.Actions.GetDamageFromReference	1	"[""Assets/Scripts/Assembly-CSharp/HutongGames/PlayMaker/Actions/GetDamageFromReference.cs""]"	exact_declared_type
HutongGames.PlayMaker.Actions.GetDefaultTk2dClipName	2012	"[""Assets/Scripts/Assembly-CSharp/HutongGames/PlayMaker/Actions/GetDefaultTk2dClipName.cs""]"	exact_declared_type
HutongGames.PlayMaker.Actions.GetDifferenceBetweenFloats	108	"[""Assets/Scripts/Assembly-CSharp/HutongGames/PlayMaker/Actions/GetDifferenceBetweenFloats.cs""]"	exact_declared_type
HutongGames.PlayMaker.Actions.GetDirection2D	111	"[""Assets/Scripts/Assembly-CSharp/HutongGames/PlayMaker/Actions/GetDirection2D.cs""]"	exact_declared_type
HutongGames.PlayMaker.Actions.GetDirectionBetweenAngles	45	"[""Assets/Scripts/Assembly-CSharp/HutongGames/PlayMaker/Actions/GetDirectionBetweenAngles.cs""]"	exact_declared_type
HutongGames.PlayMaker.Actions.GetDistance	1906	"[""Assets/PlayMaker/Actions/GameObject/GetDistance.cs""]"	exact_declared_type
HutongGames.PlayMaker.Actions.GetDistanceV2	235	"[""Assets/Scripts/Assembly-CSharp/HutongGames/PlayMaker/Actions/GetDistanceV2.cs""]"	exact_declared_type
HutongGames.PlayMaker.Actions.GetEventSender	127	"[""Assets/Scripts/ThirdParty/HutongGames/PlayMaker/Actions/GetEventSender.cs""]"	exact_declared_type
HutongGames.PlayMaker.Actions.GetFastTravelScene	16	"[""Assets/Scripts/Assembly-CSharp/HutongGames/PlayMaker/Actions/GetFastTravelScene.cs""]"	exact_declared_type
HutongGames.PlayMaker.Actions.GetFsmBool	1114	"[""Assets/PlayMaker/Actions/StateMachine/GetFsmBool.cs""]"	exact_declared_type
HutongGames.PlayMaker.Actions.GetFsmFloat	338	"[""Assets/PlayMaker/Actions/StateMachine/GetFsmFloat.cs""]"	exact_declared_type
HutongGames.PlayMaker.Actions.GetFsmGameObject	35	"[""Assets/PlayMaker/Actions/StateMachine/GetFsmGameObject.cs""]"	exact_declared_type
HutongGames.PlayMaker.Actions.GetFsmInt	136	"[""Assets/PlayMaker/Actions/StateMachine/GetFsmInt.cs""]"	exact_declared_type
HutongGames.PlayMaker.Actions.GetFsmString	25	"[""Assets/PlayMaker/Actions/StateMachine/GetFsmString.cs""]"	exact_declared_type
HutongGames.PlayMaker.Actions.GetFsmVector2	17	"[""Assets/PlayMaker/Actions/StateMachine/GetFsmVector2.cs""]"	exact_declared_type
HutongGames.PlayMaker.Actions.GetFsmVector3	99	"[""Assets/PlayMaker/Actions/StateMachine/GetFsmVector3.cs""]"	exact_declared_type
HutongGames.PlayMaker.Actions.GetGrandParent	406	"[""Assets/Scripts/Assembly-CSharp/HutongGames/PlayMaker/Actions/GetGrandParent.cs""]"	exact_declared_type
HutongGames.PlayMaker.Actions.GetGrandparent	1568	"[""Assets/Scripts/Assembly-CSharp/HutongGames/PlayMaker/Actions/GetGrandParent.cs""]"	exact_declared_type
HutongGames.PlayMaker.Actions.GetGravity2dScale	151	"[""Assets/Scripts/Assembly-CSharp/HutongGames/PlayMaker/Actions/GetGravity2dScale.cs""]"	exact_declared_type
HutongGames.PlayMaker.Actions.GetGroundPointClampedToEdge	32	"[""Assets/Scripts/Assembly-CSharp/HutongGames/PlayMaker/Actions/GetGroundPointClampedToEdge.cs""]"	exact_declared_type
HutongGames.PlayMaker.Actions.GetGuidReferenceHolderGameObject	16	"[""Assets/Scripts/Assembly-CSharp/HutongGames/PlayMaker/Actions/GetGuidReferenceHolderGameObject.cs""]"	exact_declared_type
HutongGames.PlayMaker.Actions.GetHP	192	"[""Assets/Scripts/ProjectCode/FSM/01_Project_Actions/Hollow_Knight/GetHP.cs""]"	exact_declared_type
HutongGames.PlayMaker.Actions.GetHPEveryFrame	6	"[""Assets/Scripts/ProjectCode/FSM/01_Project_Actions/Hollow_Knight/GetHPEveryFrame.cs""]"	exact_declared_type
HutongGames.PlayMaker.Actions.GetHeroAttackObject	6	"[""Assets/Scripts/Assembly-CSharp/HutongGames/PlayMaker/Actions/GetHeroAttackObject.cs""]"	exact_declared_type
HutongGames.PlayMaker.Actions.GetHeroCState	1836	"[""Assets/Scripts/Assembly-CSharp/HutongGames/PlayMaker/Actions/GetHeroCState.cs""]"	exact_declared_type
HutongGames.PlayMaker.Actions.GetHeroCStateEvent	103	"[""Assets/Scripts/Assembly-CSharp/HutongGames/PlayMaker/Actions/GetHeroCStateEvent.cs""]"	exact_declared_type
HutongGames.PlayMaker.Actions.GetHeroConfigVariable	10	"[""Assets/Scripts/Assembly-CSharp/HutongGames/PlayMaker/Actions/GetHeroConfigVariable.cs""]"	exact_declared_type
HutongGames.PlayMaker.Actions.GetHorizontallyClosestGameObject	1	"[""Assets/Scripts/Assembly-CSharp/HutongGames/PlayMaker/Actions/GetHorizontallyClosestGameObject.cs""]"	exact_declared_type
HutongGames.PlayMaker.Actions.GetInventoryPaneCount	35	"[""Assets/Scripts/Assembly-CSharp/HutongGames/PlayMaker/Actions/GetInventoryPaneCount.cs""]"	exact_declared_type
HutongGames.PlayMaker.Actions.GetIsCrestUnlocked	27	"[""Assets/Scripts/Assembly-CSharp/HutongGames/PlayMaker/Actions/GetIsCrestUnlocked.cs""]"	exact_declared_type
HutongGames.PlayMaker.Actions.GetIsHeroInputBlocked	1	"[""Assets/Scripts/Assembly-CSharp/HutongGames/PlayMaker/Actions/GetIsHeroInputBlocked.cs""]"	exact_declared_type
HutongGames.PlayMaker.Actions.GetIsInteractableActive	288	"[""Assets/Scripts/Assembly-CSharp/HutongGames/PlayMaker/Actions/GetIsInteractableActive.cs""]"	exact_declared_type
HutongGames.PlayMaker.Actions.GetIsInteractionQueued	2	"[""Assets/Scripts/Assembly-CSharp/HutongGames/PlayMaker/Actions/GetIsInteractionQueued.cs""]"	exact_declared_type
HutongGames.PlayMaker.Actions.GetIsRecoiling	18	"[""Assets/Scripts/Assembly-CSharp/HutongGames/PlayMaker/Actions/GetIsRecoiling.cs""]"	exact_declared_type
HutongGames.PlayMaker.Actions.GetLanguageString	770	"[""Assets/Scripts/MixedIntegrations/PlayMakerActions/GetLanguageString.cs""]"	exact_declared_type
HutongGames.PlayMaker.Actions.GetLayer	153	"[""Assets/PlayMaker/Actions/GameObject/GetLayer.cs""]"	exact_declared_type
HutongGames.PlayMaker.Actions.GetLocalisedString	19	[]	no_loose_source_match
HutongGames.PlayMaker.Actions.GetMaterialColor	904	"[""Assets/Scripts/ThirdParty/HutongGames/PlayMaker/Actions/GetMaterialColor.cs""]"	exact_declared_type
HutongGames.PlayMaker.Actions.GetMeshRendererBounds	10	"[""Assets/Scripts/ThirdParty/HutongGames/PlayMaker/Actions/GetMeshRendererBounds.cs""]"	exact_declared_type
HutongGames.PlayMaker.Actions.GetMiddleObjectX	1	"[""Assets/Scripts/Assembly-CSharp/HutongGames/PlayMaker/Actions/GetMiddleObjectX.cs""]"	exact_declared_type
HutongGames.PlayMaker.Actions.GetName	333	"[""Assets/PlayMaker/Actions/GameObject/GetName.cs""]"	exact_declared_type
HutongGames.PlayMaker.Actions.GetNextChild	9	"[""Assets/PlayMaker/Actions/GameObject/GetNextChild.cs""]"	exact_declared_type
HutongGames.PlayMaker.Actions.GetOwner	3956	"[""Assets/PlayMaker/Actions/GameObject/GetOwner.cs""]"	exact_declared_type
HutongGames.PlayMaker.Actions.GetParent	6143	"[""Assets/PlayMaker/Actions/GameObject/GetParent.cs""]"	exact_declared_type
HutongGames.PlayMaker.Actions.GetPersistentBool	21	"[""Assets/Scripts/ProjectCode/FSM/01_Project_Actions/Hollow_Knight/GetPersistentBool.cs""]"	exact_declared_type
HutongGames.PlayMaker.Actions.GetPersistentBoolFromSaveData	8	"[""Assets/Scripts/ProjectCode/FSM/01_Project_Actions/General/GetPersistentBoolFromSaveData.cs""]"	exact_declared_type
HutongGames.PlayMaker.Actions.GetPersistentIntFromSaveData	4	"[""Assets/Scripts/Assembly-CSharp/HutongGames/PlayMaker/Actions/GetPersistentIntFromSaveData.cs""]"	exact_declared_type
HutongGames.PlayMaker.Actions.GetPlayerDataBool	503	"[""Assets/Scripts/MixedIntegrations/PlayMakerActions/GetPlayerDataBool.cs""]"	exact_declared_type
HutongGames.PlayMaker.Actions.GetPlayerDataFloat	5	"[""Assets/Scripts/MixedIntegrations/PlayMakerActions/GetPlayerDataFloat.cs""]"	exact_declared_type
HutongGames.PlayMaker.Actions.GetPlayerDataInt	260	"[""Assets/Scripts/MixedIntegrations/PlayMakerActions/GetPlayerDataInt.cs""]"	exact_declared_type
HutongGames.PlayMaker.Actions.GetPlayerDataString	3	"[""Assets/Scripts/MixedIntegrations/PlayMakerActions/GetPlayerDataString.cs""]"	exact_declared_type
HutongGames.PlayMaker.Actions.GetPlayerDataVariable	759	"[""Assets/Scripts/Assembly-CSharp/HutongGames/PlayMaker/Actions/GetPlayerDataVariable.cs""]"	exact_declared_type
HutongGames.PlayMaker.Actions.GetPoisonTintColour	4	"[""Assets/Scripts/Assembly-CSharp/HutongGames/PlayMaker/Actions/GetPoisonTintColour.cs""]"	exact_declared_type
HutongGames.PlayMaker.Actions.GetPosition	13398	"[""Assets/PlayMaker/Actions/Transform/GetPosition.cs""]"	exact_declared_type
HutongGames.PlayMaker.Actions.GetPosition2D	2869	"[""Assets/Scripts/ThirdParty/HutongGames/PlayMaker/Actions/GetPosition2D.cs""]"	exact_declared_type
HutongGames.PlayMaker.Actions.GetPosition2d	1719	"[""Assets/PlayMaker/Actions/Transform/GetPosition2d.cs""]"	exact_declared_type
HutongGames.PlayMaker.Actions.GetPosition2dAs3d	24	"[""Assets/Scripts/Assembly-CSharp/HutongGames/PlayMaker/Actions/GetPosition2dAs3d.cs""]"	exact_declared_type
HutongGames.PlayMaker.Actions.GetPositionAtDistance	2	"[""Assets/Scripts/Assembly-CSharp/HutongGames/PlayMaker/Actions/GetPositionAtDistance.cs""]"	exact_declared_type
HutongGames.PlayMaker.Actions.GetProperty	290	"[""Assets/PlayMaker/Actions/UnityObject/GetProperty.cs""]"	exact_declared_type
HutongGames.PlayMaker.Actions.GetRandomAudioClipFromTable	591	"[""Assets/Scripts/Assembly-CSharp/HutongGames/PlayMaker/Actions/GetRandomAudioClipFromTable.cs""]"	exact_declared_type
HutongGames.PlayMaker.Actions.GetRandomChild	788	"[""Assets/PlayMaker/Actions/GameObject/GetRandomChild.cs""]"	exact_declared_type
HutongGames.PlayMaker.Actions.GetRandomChildOffScreen	11	"[""Assets/Scripts/Assembly-CSharp/HutongGames/PlayMaker/Actions/GetRandomChildOffScreen.cs""]"	exact_declared_type
HutongGames.PlayMaker.Actions.GetRandomChildSceneSeed	33	"[""Assets/Scripts/Assembly-CSharp/HutongGames/PlayMaker/Actions/GetRandomChildSceneSeed.cs""]"	exact_declared_type
HutongGames.PlayMaker.Actions.GetRandomObject	57	"[""Assets/PlayMaker/Actions/GameObject/GetRandomObject.cs""]"	exact_declared_type
HutongGames.PlayMaker.Actions.GetRotation	1617	"[""Assets/PlayMaker/Actions/Transform/GetRotation.cs""]"	exact_declared_type
HutongGames.PlayMaker.Actions.GetScale	2852	"[""Assets/PlayMaker/Actions/Transform/GetScale.cs""]"	exact_declared_type
HutongGames.PlayMaker.Actions.GetSceneDimensions	26	"[""Assets/Scripts/Assembly-CSharp/HutongGames/PlayMaker/Actions/GetSceneDimensions.cs""]"	exact_declared_type
HutongGames.PlayMaker.Actions.GetSceneName	7	"[""Assets/PlayMaker/Actions/SceneManager/GetSceneName.cs""]"	exact_declared_type
HutongGames.PlayMaker.Actions.GetShopObject	9	"[""Assets/Scripts/Assembly-CSharp/HutongGames/PlayMaker/Actions/GetShopObject.cs""]"	exact_declared_type
HutongGames.PlayMaker.Actions.GetSilk	210	"[""Assets/Scripts/Assembly-CSharp/HutongGames/PlayMaker/Actions/GetSilk.cs""]"	exact_declared_type
HutongGames.PlayMaker.Actions.GetSilkV2	1	"[""Assets/Scripts/Assembly-CSharp/HutongGames/PlayMaker/Actions/GetSilkV2.cs""]"	exact_declared_type
HutongGames.PlayMaker.Actions.GetSpeed2d	568	"[""Assets/PlayMaker/Actions/Physics2D/GetSpeed2d.cs""]"	exact_declared_type
HutongGames.PlayMaker.Actions.GetSpriteColor	14	"[""Assets/PlayMaker/Actions/SpriteRenderer/GetSpriteColor.cs""]"	exact_declared_type
HutongGames.PlayMaker.Actions.GetTag	461	"[""Assets/PlayMaker/Actions/GameObject/GetTag.cs""]"	exact_declared_type
HutongGames.PlayMaker.Actions.GetToolEquipInfo	11	"[""Assets/Scripts/Assembly-CSharp/HutongGames/PlayMaker/Actions/GetToolEquipInfo.cs""]"	exact_declared_type
HutongGames.PlayMaker.Actions.GetTrackTriggerClosestObject	51	"[""Assets/Scripts/Assembly-CSharp/HutongGames/PlayMaker/Actions/GetTrackTriggerClosestObject.cs""]"	exact_declared_type
HutongGames.PlayMaker.Actions.GetTrackTriggerCount	4	"[""Assets/Scripts/Assembly-CSharp/HutongGames/PlayMaker/Actions/GetTrackTriggerCount.cs""]"	exact_declared_type
HutongGames.PlayMaker.Actions.GetTubeTravelScene	7	"[""Assets/Scripts/Assembly-CSharp/HutongGames/PlayMaker/Actions/GetTubeTravelScene.cs""]"	exact_declared_type
HutongGames.PlayMaker.Actions.GetVector2Length	54	"[""Assets/PlayMaker/Actions/Vector2/GetVector2Length.cs""]"	exact_declared_type
HutongGames.PlayMaker.Actions.GetVector2XY	988	"[""Assets/PlayMaker/Actions/Vector2/GetVector2XY.cs""]"	exact_declared_type
HutongGames.PlayMaker.Actions.GetVector3XYZ	591	"[""Assets/PlayMaker/Actions/Vector3/GetVector3XYZ.cs""]"	exact_declared_type
HutongGames.PlayMaker.Actions.GetVelocity	9	"[""Assets/PlayMaker/Actions/Physics/GetVelocity.cs""]"	exact_declared_type
HutongGames.PlayMaker.Actions.GetVelocity2d	2417	"[""Assets/PlayMaker/Actions/Physics2D/GetVelocity2d.cs""]"	exact_declared_type
HutongGames.PlayMaker.Actions.GetVelocity2dNotZero	9	"[""Assets/Scripts/Assembly-CSharp/HutongGames/PlayMaker/Actions/GetVelocity2dNotZero.cs""]"	exact_declared_type
HutongGames.PlayMaker.Actions.GetVelocity2dNotZeroV2	1	"[""Assets/Scripts/Assembly-CSharp/HutongGames/PlayMaker/Actions/GetVelocity2dNotZeroV2.cs""]"	exact_declared_type
HutongGames.PlayMaker.Actions.GetVelocityAsAngle	32	"[""Assets/Scripts/ThirdParty/HutongGames/PlayMaker/Actions/GetVelocityAsAngle.cs""]"	exact_declared_type
HutongGames.PlayMaker.Actions.GetWasButtonPressedQueued	10	"[""Assets/Scripts/Assembly-CSharp/HutongGames/PlayMaker/Actions/GetWasButtonPressedQueued.cs""]"	exact_declared_type
HutongGames.PlayMaker.Actions.GetXDistance	1455	"[""Assets/Scripts/ThirdParty/HutongGames/PlayMaker/Actions/GetXDistance.cs""]"	exact_declared_type
HutongGames.PlayMaker.Actions.GetYDistance	157	"[""Assets/Scripts/ThirdParty/HutongGames/PlayMaker/Actions/GetYDistance.cs""]"	exact_declared_type
HutongGames.PlayMaker.Actions.GotoPreviousState	21	"[""Assets/PlayMaker/Actions/StateMachine/GotoPreviousState.cs""]"	exact_declared_type
HutongGames.PlayMaker.Actions.HarpoonDashRayCheck	2	"[""Assets/Scripts/Assembly-CSharp/HutongGames/PlayMaker/Actions/HarpoonDashRayCheck.cs""]"	exact_declared_type
HutongGames.PlayMaker.Actions.HasComponent	1899	"[""Assets/PlayMaker/Actions/GameObject/HasComponent.cs""]"	exact_declared_type
HutongGames.PlayMaker.Actions.HasTakenDamage	161	"[""Assets/Scripts/Assembly-CSharp/HutongGames/PlayMaker/Actions/HasTakenDamage.cs""]"	exact_declared_type
HutongGames.PlayMaker.Actions.HeroAddExtraAirMoveVelocity	1	"[""Assets/Scripts/Assembly-CSharp/HutongGames/PlayMaker/Actions/HeroAddExtraAirMoveVelocity.cs""]"	exact_declared_type
HutongGames.PlayMaker.Actions.HeroAddExtraAirMoveVelocityV2	1	"[""Assets/Scripts/Assembly-CSharp/HutongGames/PlayMaker/Actions/HeroAddExtraAirMoveVelocityV2.cs""]"	exact_declared_type
HutongGames.PlayMaker.Actions.HeroBoxControl	8	"[""Assets/Scripts/Assembly-CSharp/HutongGames/PlayMaker/Actions/HeroBoxControl.cs""]"	exact_declared_type
HutongGames.PlayMaker.Actions.HeroBoxControlV2	4	"[""Assets/Scripts/Assembly-CSharp/HutongGames/PlayMaker/Actions/HeroBoxControlV2.cs""]"	exact_declared_type
HutongGames.PlayMaker.Actions.HeroChargeEffectRespond	4	"[""Assets/Scripts/Assembly-CSharp/HutongGames/PlayMaker/Actions/HeroChargeEffectRespond.cs""]"	exact_declared_type
HutongGames.PlayMaker.Actions.HeroChargeEffectStart	3	"[""Assets/Scripts/Assembly-CSharp/HutongGames/PlayMaker/Actions/HeroChargeEffectStart.cs""]"	exact_declared_type
HutongGames.PlayMaker.Actions.HeroCheckForBump	12	"[""Assets/Scripts/Assembly-CSharp/HutongGames/PlayMaker/Actions/HeroCheckForBump.cs""]"	exact_declared_type
HutongGames.PlayMaker.Actions.HeroCheckForBumpV2	3	"[""Assets/Scripts/Assembly-CSharp/HutongGames/PlayMaker/Actions/HeroCheckForBumpV2.cs""]"	exact_declared_type
HutongGames.PlayMaker.Actions.HeroCheckForBumpVertical	2	"[""Assets/Scripts/Assembly-CSharp/HutongGames/PlayMaker/Actions/HeroCheckForBumpVertical.cs""]"	exact_declared_type
HutongGames.PlayMaker.Actions.HeroClampFallVelocity	2	"[""Assets/Scripts/Assembly-CSharp/HutongGames/PlayMaker/Actions/HeroClampFallVelocity.cs""]"	exact_declared_type
HutongGames.PlayMaker.Actions.HeroClampFallVelocityV2	11	"[""Assets/Scripts/Assembly-CSharp/HutongGames/PlayMaker/Actions/HeroClampFallVelocityV2.cs""]"	exact_declared_type
HutongGames.PlayMaker.Actions.HeroControllerMethods	1639	"[""Assets/Scripts/Assembly-CSharp/HutongGames/PlayMaker/Actions/HeroControllerMethods.cs""]"	exact_declared_type
HutongGames.PlayMaker.Actions.HeroFaceInstant	4	"[""Assets/Scripts/Assembly-CSharp/HutongGames/PlayMaker/Actions/HeroFaceInstant.cs""]"	exact_declared_type
HutongGames.PlayMaker.Actions.HeroGetWarriorCrestState	4	"[""Assets/Scripts/Assembly-CSharp/HutongGames/PlayMaker/Actions/HeroGetWarriorCrestState.cs""]"	exact_declared_type
HutongGames.PlayMaker.Actions.HeroInvulnerability	8	"[""Assets/Scripts/Assembly-CSharp/HutongGames/PlayMaker/Actions/HeroInvulnerability.cs""]"	exact_declared_type
HutongGames.PlayMaker.Actions.HeroLockState	27	"[""Assets/Scripts/Assembly-CSharp/HutongGames/PlayMaker/Actions/HeroLockState.cs""]"	exact_declared_type
HutongGames.PlayMaker.Actions.HeroMaintainWallDistance	1	"[""Assets/Scripts/Assembly-CSharp/HutongGames/PlayMaker/Actions/HeroMaintainWallDistance.cs""]"	exact_declared_type
HutongGames.PlayMaker.Actions.HeroPlayLookUpAnim	5	"[""Assets/Scripts/Assembly-CSharp/HutongGames/PlayMaker/Actions/HeroPlayLookUpAnim.cs""]"	exact_declared_type
HutongGames.PlayMaker.Actions.HeroRegenGainHealth	1	"[""Assets/Scripts/Assembly-CSharp/HutongGames/PlayMaker/Actions/HeroRegenGainHealth.cs""]"	exact_declared_type
HutongGames.PlayMaker.Actions.HeroRegenGainSilk	2	"[""Assets/Scripts/Assembly-CSharp/HutongGames/PlayMaker/Actions/HeroRegenGainSilk.cs""]"	exact_declared_type
HutongGames.PlayMaker.Actions.HeroRelinquishControlDynamic	5	"[""Assets/Scripts/Assembly-CSharp/HutongGames/PlayMaker/Actions/HeroRelinquishControlDynamic.cs""]"	exact_declared_type
HutongGames.PlayMaker.Actions.HeroStealEnemyCurrency	2	"[""Assets/Scripts/Assembly-CSharp/HutongGames/PlayMaker/Actions/HeroStealEnemyCurrency.cs""]"	exact_declared_type
HutongGames.PlayMaker.Actions.HeroTalkAnimationSetBlocked	3	"[""Assets/Scripts/Assembly-CSharp/HutongGames/PlayMaker/Actions/HeroTalkAnimationSetBlocked.cs""]"	exact_declared_type
HutongGames.PlayMaker.Actions.HeroTurnToFace	23	"[""Assets/Scripts/Assembly-CSharp/HutongGames/PlayMaker/Actions/HeroTurnToFace.cs""]"	exact_declared_type
HutongGames.PlayMaker.Actions.HeroTurnToFaceV2	1	"[""Assets/Scripts/Assembly-CSharp/HutongGames/PlayMaker/Actions/HeroTurnToFaceV2.cs""]"	exact_declared_type
HutongGames.PlayMaker.Actions.HeroWallJumpBrollyCheck	2	"[""Assets/Scripts/Assembly-CSharp/HutongGames/PlayMaker/Actions/HeroWallJumpBrollyCheck.cs""]"	exact_declared_type
HutongGames.PlayMaker.Actions.HideNPCTitle	192	"[""Assets/Scripts/Assembly-CSharp/HutongGames/PlayMaker/Actions/HideNPCTitle.cs""]"	exact_declared_type
HutongGames.PlayMaker.Actions.HideNpcDialogueTitle	22	"[""Assets/Scripts/Assembly-CSharp/HutongGames/PlayMaker/Actions/HideNpcDialogueTitle.cs""]"	exact_declared_type
HutongGames.PlayMaker.Actions.IdleBuzz	63	"[""Assets/Scripts/MixedIntegrations/PlayMakerActions/IdleBuzz.cs""]"	exact_declared_type
HutongGames.PlayMaker.Actions.IdleBuzzV2	206	"[""Assets/Scripts/MixedIntegrations/PlayMakerActions/IdleBuzzV2.cs""]"	exact_declared_type
HutongGames.PlayMaker.Actions.IdleBuzzV3	1308	"[""Assets/Scripts/MixedIntegrations/PlayMakerActions/IdleBuzzV3.cs""]"	exact_declared_type
HutongGames.PlayMaker.Actions.IdleBuzzV4	342	"[""Assets/Scripts/Assembly-CSharp/HutongGames/PlayMaker/Actions/IdleBuzzV4.cs""]"	exact_declared_type
HutongGames.PlayMaker.Actions.IgnoreCollisions	1	"[""Assets/Scripts/Assembly-CSharp/HutongGames/PlayMaker/Actions/IgnoreCollisions.cs""]"	exact_declared_type
HutongGames.PlayMaker.Actions.IncrementPlayerDataInt	19	"[""Assets/Scripts/MixedIntegrations/PlayMakerActions/IncrementPlayerDataInt.cs""]"	exact_declared_type
HutongGames.PlayMaker.Actions.InstaDeath	396	"[""Assets/Scripts/ProjectCode/FSM/01_Project_Actions/Hollow_Knight/InstaDeath.cs""]"	exact_declared_type
HutongGames.PlayMaker.Actions.IntAdd	2150	"[""Assets/PlayMaker/Actions/Math/IntAdd.cs""]"	exact_declared_type
HutongGames.PlayMaker.Actions.IntAddDelay	22	"[""Assets/Scripts/Assembly-CSharp/HutongGames/PlayMaker/Actions/IntAddDelay.cs""]"	exact_declared_type
HutongGames.PlayMaker.Actions.IntAddV2	58	"[""Assets/Scripts/ThirdParty/HutongGames/PlayMaker/Actions/IntAddV2.cs""]"	exact_declared_type
HutongGames.PlayMaker.Actions.IntAddWrapped	26	"[""Assets/Scripts/Assembly-CSharp/HutongGames/PlayMaker/Actions/IntAddWrapped.cs""]"	exact_declared_type
HutongGames.PlayMaker.Actions.IntClamp	118	"[""Assets/PlayMaker/Actions/Math/IntClamp.cs""]"	exact_declared_type
HutongGames.PlayMaker.Actions.IntCompare	3587	"[""Assets/PlayMaker/Actions/Logic/IntCompare.cs""]"	exact_declared_type
HutongGames.PlayMaker.Actions.IntCompareToBool	136	"[""Assets/Scripts/ThirdParty/HutongGames/PlayMaker/Actions/IntCompareToBool.cs""]"	exact_declared_type
HutongGames.PlayMaker.Actions.IntOperator	340	"[""Assets/PlayMaker/Actions/Math/IntOperator.cs""]"	exact_declared_type
HutongGames.PlayMaker.Actions.IntSubtract	1	"[""Assets/PlayMaker/Actions/Math/IntSubtract.cs""]"	exact_declared_type
HutongGames.PlayMaker.Actions.IntSwitch	241	"[""Assets/PlayMaker/Actions/Logic/IntSwitch.cs""]"	exact_declared_type
HutongGames.PlayMaker.Actions.IntSwitchToArray	1	"[""Assets/Scripts/Assembly-CSharp/HutongGames/PlayMaker/Actions/IntSwitchToArray.cs""]"	exact_declared_type
HutongGames.PlayMaker.Actions.IntSwitchWait	5	"[""Assets/Scripts/Assembly-CSharp/HutongGames/PlayMaker/Actions/IntSwitchWait.cs""]"	exact_declared_type
HutongGames.PlayMaker.Actions.IntTestToBool	117	"[""Assets/Scripts/ThirdParty/HutongGames/PlayMaker/Actions/IntTestToBool.cs""]"	exact_declared_type
HutongGames.PlayMaker.Actions.IsRefillSoundSuppressed	4	"[""Assets/Scripts/Assembly-CSharp/HutongGames/PlayMaker/Actions/IsRefillSoundSuppressed.cs""]"	exact_declared_type
HutongGames.PlayMaker.Actions.JumpTranslateTo	14	"[""Assets/Scripts/Assembly-CSharp/HutongGames/PlayMaker/Actions/JumpTranslateTo.cs""]"	exact_declared_type
HutongGames.PlayMaker.Actions.KeepFloatPositive	4	"[""Assets/Scripts/ThirdParty/HutongGames/PlayMaker/Actions/KeepFloatPositive.cs""]"	exact_declared_type
HutongGames.PlayMaker.Actions.LimitedPlayAudioClipOnSource	103	"[""Assets/Scripts/Assembly-CSharp/HutongGames/PlayMaker/Actions/LimitedPlayAudioClipOnSource.cs""]"	exact_declared_type
HutongGames.PlayMaker.Actions.LimitedPlayAudioClipSpawn	103	"[""Assets/Scripts/Assembly-CSharp/HutongGames/PlayMaker/Actions/LimitedPlayAudioClipSpawn.cs""]"	exact_declared_type
HutongGames.PlayMaker.Actions.LimitedPlayAudioLooped	103	"[""Assets/Scripts/Assembly-CSharp/HutongGames/PlayMaker/Actions/LimitedPlayAudioLooped.cs""]"	exact_declared_type
HutongGames.PlayMaker.Actions.LimitedRemoveAudioLooped	103	"[""Assets/Scripts/Assembly-CSharp/HutongGames/PlayMaker/Actions/LimitedRemoveAudioLooped.cs""]"	exact_declared_type
HutongGames.PlayMaker.Actions.LineCast2d	32	"[""Assets/PlayMaker/Actions/Physics2D/LineCast2d.cs""]"	exact_declared_type
HutongGames.PlayMaker.Actions.ListenForAnimationEvent	116	"[""Assets/Scripts/Assembly-CSharp/HutongGames/PlayMaker/Actions/ListenForAnimationEvent.cs""]"	exact_declared_type
HutongGames.PlayMaker.Actions.ListenForAttack	146	"[""Assets/Scripts/MixedIntegrations/PlayMakerActions/ListenForAttack.cs""]"	exact_declared_type
HutongGames.PlayMaker.Actions.ListenForAttackV2	62	"[""Assets/Scripts/Assembly-CSharp/HutongGames/PlayMaker/Actions/ListenForAttackV2.cs""]"	exact_declared_type
HutongGames.PlayMaker.Actions.ListenForCast	57	"[""Assets/Scripts/MixedIntegrations/PlayMakerActions/ListenForCast.cs""]"	exact_declared_type
HutongGames.PlayMaker.Actions.ListenForDash	60	"[""Assets/Scripts/MixedIntegrations/PlayMakerActions/ListenForDash.cs""]"	exact_declared_type
HutongGames.PlayMaker.Actions.ListenForDashReleased	1	"[""Assets/Scripts/Assembly-CSharp/HutongGames/PlayMaker/Actions/ListenForDashReleased.cs""]"	exact_declared_type
HutongGames.PlayMaker.Actions.ListenForDashV2	32	"[""Assets/Scripts/Assembly-CSharp/HutongGames/PlayMaker/Actions/ListenForDashV2.cs""]"	exact_declared_type
HutongGames.PlayMaker.Actions.ListenForDashV3	7	"[""Assets/Scripts/Assembly-CSharp/HutongGames/PlayMaker/Actions/ListenForDashV3.cs""]"	exact_declared_type
HutongGames.PlayMaker.Actions.ListenForDown	185	"[""Assets/Scripts/MixedIntegrations/PlayMakerActions/ListenForDown.cs""]"	exact_declared_type
HutongGames.PlayMaker.Actions.ListenForDreamNail	126	"[""Assets/Scripts/MixedIntegrations/PlayMakerActions/ListenForDreamNail.cs""]"	exact_declared_type
HutongGames.PlayMaker.Actions.ListenForInventory	8	"[""Assets/Scripts/MixedIntegrations/PlayMakerActions/ListenForInventory.cs""]"	exact_declared_type
HutongGames.PlayMaker.Actions.ListenForInventoryShortcut	4	"[""Assets/Scripts/Assembly-CSharp/HutongGames/PlayMaker/Actions/ListenForInventoryShortcut.cs""]"	exact_declared_type
HutongGames.PlayMaker.Actions.ListenForJump	212	"[""Assets/Scripts/MixedIntegrations/PlayMakerActions/ListenForJump.cs""]"	exact_declared_type
HutongGames.PlayMaker.Actions.ListenForJumpV2	3	"[""Assets/Scripts/Assembly-CSharp/HutongGames/PlayMaker/Actions/ListenForJumpV2.cs""]"	exact_declared_type
HutongGames.PlayMaker.Actions.ListenForLeft	206	"[""Assets/Scripts/MixedIntegrations/PlayMakerActions/ListenForLeft.cs""]"	exact_declared_type
HutongGames.PlayMaker.Actions.ListenForMenuActions	6	"[""Assets/Scripts/MixedIntegrations/PlayMakerActions/ListenForMenuActions.cs""]"	exact_declared_type
HutongGames.PlayMaker.Actions.ListenForMenuActionsContinuous	4	"[""Assets/Scripts/Assembly-CSharp/HutongGames/PlayMaker/Actions/ListenForMenuActionsContinuous.cs""]"	exact_declared_type
HutongGames.PlayMaker.Actions.ListenForMenuActionsV2	5	"[""Assets/Scripts/Assembly-CSharp/HutongGames/PlayMaker/Actions/ListenForMenuActionsV2.cs""]"	exact_declared_type
HutongGames.PlayMaker.Actions.ListenForMenuCancel	3	"[""Assets/Scripts/MixedIntegrations/PlayMakerActions/ListenForMenuCancel.cs""]"	exact_declared_type
HutongGames.PlayMaker.Actions.ListenForMenuSubmit	5	"[""Assets/Scripts/MixedIntegrations/PlayMakerActions/ListenForMenuSubmit.cs""]"	exact_declared_type
HutongGames.PlayMaker.Actions.ListenForPaneLeft	6	"[""Assets/Scripts/MixedIntegrations/PlayMakerActions/ListenForPaneLeft.cs""]"	exact_declared_type
HutongGames.PlayMaker.Actions.ListenForPaneRight	6	"[""Assets/Scripts/MixedIntegrations/PlayMakerActions/ListenForPaneRight.cs""]"	exact_declared_type
HutongGames.PlayMaker.Actions.ListenForPromptContinue	13	"[""Assets/Scripts/Assembly-CSharp/HutongGames/PlayMaker/Actions/ListenForPromptContinue.cs""]"	exact_declared_type
HutongGames.PlayMaker.Actions.ListenForQuickCast	3	"[""Assets/Scripts/MixedIntegrations/PlayMakerActions/ListenForQuickCast.cs""]"	exact_declared_type
HutongGames.PlayMaker.Actions.ListenForQuickCastV2	1	"[""Assets/Scripts/Assembly-CSharp/HutongGames/PlayMaker/Actions/ListenForQuickCastV2.cs""]"	exact_declared_type
HutongGames.PlayMaker.Actions.ListenForQuickMap	406	"[""Assets/Scripts/MixedIntegrations/PlayMakerActions/ListenForQuickMap.cs""]"	exact_declared_type
HutongGames.PlayMaker.Actions.ListenForQuickMapV2	107	"[""Assets/Scripts/Assembly-CSharp/HutongGames/PlayMaker/Actions/ListenForQuickMapV2.cs""]"	exact_declared_type
HutongGames.PlayMaker.Actions.ListenForRight	206	"[""Assets/Scripts/MixedIntegrations/PlayMakerActions/ListenForRight.cs""]"	exact_declared_type
HutongGames.PlayMaker.Actions.ListenForRsDown	10	"[""Assets/Scripts/MixedIntegrations/PlayMakerActions/ListenForRsDown.cs""]"	exact_declared_type
HutongGames.PlayMaker.Actions.ListenForRsUp	10	"[""Assets/Scripts/MixedIntegrations/PlayMakerActions/ListenForRsUp.cs""]"	exact_declared_type
HutongGames.PlayMaker.Actions.ListenForSilkSpecial	8	"[""Assets/Scripts/Assembly-CSharp/HutongGames/PlayMaker/Actions/ListenForSilkSpecial.cs""]"	exact_declared_type
HutongGames.PlayMaker.Actions.ListenForSilkSpecialV2	1	"[""Assets/Scripts/Assembly-CSharp/HutongGames/PlayMaker/Actions/ListenForSilkSpecialV2.cs""]"	exact_declared_type
HutongGames.PlayMaker.Actions.ListenForSuperdash	4	"[""Assets/Scripts/MixedIntegrations/PlayMakerActions/ListenForSuperdash.cs""]"	exact_declared_type
HutongGames.PlayMaker.Actions.ListenForSuperdashV2	9	"[""Assets/Scripts/Assembly-CSharp/HutongGames/PlayMaker/Actions/ListenForSuperdashV2.cs""]"	exact_declared_type
HutongGames.PlayMaker.Actions.ListenForSuperdashV3	31	"[""Assets/Scripts/Assembly-CSharp/HutongGames/PlayMaker/Actions/ListenForSuperdashV3.cs""]"	exact_declared_type
HutongGames.PlayMaker.Actions.ListenForTauntV2	1	"[""Assets/Scripts/Assembly-CSharp/HutongGames/PlayMaker/Actions/ListenForTauntV2.cs""]"	exact_declared_type
HutongGames.PlayMaker.Actions.ListenForToolThrow	22	"[""Assets/Scripts/Assembly-CSharp/HutongGames/PlayMaker/Actions/ListenForToolThrow.cs""]"	exact_declared_type
HutongGames.PlayMaker.Actions.ListenForUp	180	"[""Assets/Scripts/MixedIntegrations/PlayMakerActions/ListenForUp.cs""]"	exact_declared_type
HutongGames.PlayMaker.Actions.LoadSceneSingleCustom	13	"[""Assets/Scripts/Assembly-CSharp/HutongGames/PlayMaker/Actions/LoadSceneSingleCustom.cs""]"	exact_declared_type
HutongGames.PlayMaker.Actions.LookAnimNPCFaceTargetInstant	12	"[""Assets/Scripts/Assembly-CSharp/HutongGames/PlayMaker/Actions/LookAnimNPCFaceTargetInstant.cs""]"	exact_declared_type
HutongGames.PlayMaker.Actions.LookAnimNpcForceFacing	6	"[""Assets/Scripts/Assembly-CSharp/HutongGames/PlayMaker/Actions/LookAnimNpcForceFacing.cs""]"	exact_declared_type
HutongGames.PlayMaker.Actions.LookAnimNpcGetFacingLeft	8	"[""Assets/Scripts/Assembly-CSharp/HutongGames/PlayMaker/Actions/LookAnimNpcGetFacingLeft.cs""]"	exact_declared_type
HutongGames.PlayMaker.Actions.LookAnimNpcOverrideTarget	10	"[""Assets/Scripts/Assembly-CSharp/HutongGames/PlayMaker/Actions/LookAnimNpcOverrideTarget.cs""]"	exact_declared_type
HutongGames.PlayMaker.Actions.LookAnimNpcSetTargetEntered	1	"[""Assets/Scripts/Assembly-CSharp/HutongGames/PlayMaker/Actions/LookAnimNpcSetTargetEntered.cs""]"	exact_declared_type
HutongGames.PlayMaker.Actions.MapStartPan	2	"[""Assets/Scripts/ProjectCode/FSM/01_Project_Actions/Inventory/MapStartPan.cs""]"	exact_declared_type
HutongGames.PlayMaker.Actions.MapStopPan	6	"[""Assets/Scripts/ProjectCode/FSM/01_Project_Actions/Inventory/MapStopPan.cs""]"	exact_declared_type
HutongGames.PlayMaker.Actions.MatchAudioSourceTime	1	"[""Assets/Scripts/Assembly-CSharp/HutongGames/PlayMaker/Actions/MatchAudioSourceTime.cs""]"	exact_declared_type
HutongGames.PlayMaker.Actions.MatchScaleSign	342	"[""Assets/Scripts/Assembly-CSharp/HutongGames/PlayMaker/Actions/MatchScaleSign.cs""]"	exact_declared_type
HutongGames.PlayMaker.Actions.MatchScaleSignV2	49	"[""Assets/Scripts/Assembly-CSharp/HutongGames/PlayMaker/Actions/MatchScaleSignV2.cs""]"	exact_declared_type
HutongGames.PlayMaker.Actions.MenuStyleUnlockAction	5	"[""Assets/Scripts/ProjectCode/FSM/01_Project_Actions/Hollow_Knight/MenuStyleUnlockAction.cs""]"	exact_declared_type
HutongGames.PlayMaker.Actions.MenuStyleUnlockActionV2	2	"[""Assets/Scripts/Assembly-CSharp/HutongGames/PlayMaker/Actions/MenuStyleUnlockActionV2.cs""]"	exact_declared_type
HutongGames.PlayMaker.Actions.MissingAction	7	[]	no_loose_source_match
HutongGames.PlayMaker.Actions.MoveGameObjectToScene	3	"[""Assets/PlayMaker/Actions/SceneManager/MoveGameObjectToScene.cs""]"	exact_declared_type
HutongGames.PlayMaker.Actions.MoveHeroToPosX	25	"[""Assets/Scripts/Assembly-CSharp/HutongGames/PlayMaker/Actions/MoveHeroToPosX.cs""]"	exact_declared_type
HutongGames.PlayMaker.Actions.MovePosition2dV2	7	"[""Assets/Scripts/Assembly-CSharp/HutongGames/PlayMaker/Actions/MovePosition2dV2.cs""]"	exact_declared_type
HutongGames.PlayMaker.Actions.MovedPastTargetEvent	4	"[""Assets/Scripts/Assembly-CSharp/HutongGames/PlayMaker/Actions/MovedPastTargetEvent.cs""]"	exact_declared_type
HutongGames.PlayMaker.Actions.MultiplyGravity	338	"[""Assets/Scripts/Assembly-CSharp/HutongGames/PlayMaker/Actions/MultiplyGravity.cs""]"	exact_declared_type
HutongGames.PlayMaker.Actions.MultiplyIntByFloat	140	"[""Assets/Scripts/Assembly-CSharp/HutongGames/PlayMaker/Actions/MultiplyIntByFloat.cs""]"	exact_declared_type
HutongGames.PlayMaker.Actions.NPCFlyToPoint	3	"[""Assets/Scripts/Assembly-CSharp/HutongGames/PlayMaker/Actions/NPCFlyToPoint.cs""]"	exact_declared_type
HutongGames.PlayMaker.Actions.NextFixedFrameEvent	76	"[""Assets/Scripts/Assembly-CSharp/HutongGames/PlayMaker/Actions/NextFixedFrameEvent.cs""]"	exact_declared_type
HutongGames.PlayMaker.Actions.NextFrameEvent	10316	"[""Assets/PlayMaker/Actions/StateMachine/NextFrameEvent.cs""]"	exact_declared_type
HutongGames.PlayMaker.Actions.NpcDialogueTitleSkipNextHide	2	"[""Assets/Scripts/Assembly-CSharp/HutongGames/PlayMaker/Actions/NpcDialogueTitleSkipNextHide.cs""]"	exact_declared_type
HutongGames.PlayMaker.Actions.ObjectCompare	17	"[""Assets/PlayMaker/Actions/Logic/ObjectCompare.cs""]"	exact_declared_type
HutongGames.PlayMaker.Actions.ObjectIsNull	71	"[""Assets/Scripts/Assembly-CSharp/HutongGames/PlayMaker/Actions/ObjectIsNull.cs""]"	exact_declared_type
HutongGames.PlayMaker.Actions.ObjectJitter	3982	"[""Assets/Scripts/ThirdParty/HutongGames/PlayMaker/Actions/ObjectJitter.cs""]"	exact_declared_type
HutongGames.PlayMaker.Actions.ObjectJitterLocal	716	"[""Assets/Scripts/ThirdParty/HutongGames/PlayMaker/Actions/ObjectJitterLocal.cs""]"	exact_declared_type
HutongGames.PlayMaker.Actions.ObjectJitterOnRender	146	"[""Assets/Scripts/Assembly-CSharp/HutongGames/PlayMaker/Actions/ObjectJitterOnRender.cs""]"	exact_declared_type
HutongGames.PlayMaker.Actions.OnDamagedHeroEvent	4	"[""Assets/Scripts/Assembly-CSharp/HutongGames/PlayMaker/Actions/OnDamagedHeroEvent.cs""]"	exact_declared_type
HutongGames.PlayMaker.Actions.OpenFastTravelUI	12	"[""Assets/Scripts/Assembly-CSharp/HutongGames/PlayMaker/Actions/OpenFastTravelUI.cs""]"	exact_declared_type
HutongGames.PlayMaker.Actions.OpenMarkerMenu	2	"[""Assets/Scripts/ProjectCode/FSM/01_Project_Actions/Inventory/OpenMarkerMenu.cs""]"	exact_declared_type
HutongGames.PlayMaker.Actions.OpenSimpleShopMenu	5	"[""Assets/Scripts/Assembly-CSharp/HutongGames/PlayMaker/Actions/OpenSimpleShopMenu.cs""]"	exact_declared_type
HutongGames.PlayMaker.Actions.OpenTubeTravelMap	7	"[""Assets/Scripts/Assembly-CSharp/HutongGames/PlayMaker/Actions/OpenTubeTravelMap.cs""]"	exact_declared_type
HutongGames.PlayMaker.Actions.PanAudio	50	"[""Assets/Scripts/Assembly-CSharp/HutongGames/PlayMaker/Actions/PanAudio.cs""]"	exact_declared_type
HutongGames.PlayMaker.Actions.ParticleSystemPlay	13	"[""Assets/PlayMaker/Actions/Effects/ParticleSystemPlay.cs""]"	exact_declared_type
HutongGames.PlayMaker.Actions.PauseTimeline	4	"[""Assets/Scripts/Assembly-CSharp/HutongGames/PlayMaker/Actions/PauseTimeline.cs""]"	exact_declared_type
HutongGames.PlayMaker.Actions.PerSecond	1	"[""Assets/PlayMaker/Actions/Time/PerSecond.cs""]"	exact_declared_type
HutongGames.PlayMaker.Actions.PlayEnemySingAudio	19	"[""Assets/Scripts/Assembly-CSharp/HutongGames/PlayMaker/Actions/PlayEnemySingAudio.cs""]"	exact_declared_type
HutongGames.PlayMaker.Actions.PlayLookAnim	1	"[""Assets/Scripts/Assembly-CSharp/HutongGames/PlayMaker/Actions/PlayLookAnim.cs""]"	exact_declared_type
HutongGames.PlayMaker.Actions.PlayOneShotOnAudioSource	2	"[""Assets/Scripts/Assembly-CSharp/HutongGames/PlayMaker/Actions/PlayOneShotOnAudioSource.cs""]"	exact_declared_type
HutongGames.PlayMaker.Actions.PlayParticleEffectsInState	3	"[""Assets/Scripts/Assembly-CSharp/HutongGames/PlayMaker/Actions/PlayParticleEffectsInState.cs""]"	exact_declared_type
HutongGames.PlayMaker.Actions.PlayParticleEmitter	12117	"[""Assets/Scripts/ThirdParty/HutongGames/PlayMaker/Actions/PlayParticleEmitter.cs""]"	exact_declared_type
HutongGames.PlayMaker.Actions.PlayParticleEmitterChildren	2964	"[""Assets/Scripts/Assembly-CSharp/HutongGames/PlayMaker/Actions/PlayParticleEmitterChildren.cs""]"	exact_declared_type
HutongGames.PlayMaker.Actions.PlayParticleEmitterConditional	2	"[""Assets/Scripts/Assembly-CSharp/HutongGames/PlayMaker/Actions/PlayParticleEmitterConditional.cs""]"	exact_declared_type
HutongGames.PlayMaker.Actions.PlayParticleEmitterInState	5160	"[""Assets/Scripts/ThirdParty/HutongGames/PlayMaker/Actions/PlayParticleEmitterInState.cs""]"	exact_declared_type
HutongGames.PlayMaker.Actions.PlayParticleEmitterInStateV2	13	"[""Assets/Scripts/Assembly-CSharp/HutongGames/PlayMaker/Actions/PlayParticleEmitterInStateV2.cs""]"	exact_declared_type
HutongGames.PlayMaker.Actions.PlayParticleSystemPool	7	"[""Assets/Scripts/Assembly-CSharp/HutongGames/PlayMaker/Actions/PlayParticleSystemPool.cs""]"	exact_declared_type
HutongGames.PlayMaker.Actions.PlayRandomAudioClipTable	7982	"[""Assets/Scripts/Assembly-CSharp/HutongGames/PlayMaker/Actions/PlayRandomAudioClipTable.cs""]"	exact_declared_type
HutongGames.PlayMaker.Actions.PlayRandomAudioClipTableLooped	7	"[""Assets/Scripts/Assembly-CSharp/HutongGames/PlayMaker/Actions/PlayRandomAudioClipTableLooped.cs""]"	exact_declared_type
HutongGames.PlayMaker.Actions.PlayRandomAudioClipTableV2	338	"[""Assets/Scripts/Assembly-CSharp/HutongGames/PlayMaker/Actions/PlayRandomAudioClipTableV2.cs""]"	exact_declared_type
HutongGames.PlayMaker.Actions.PlayRandomAudioClipTableV3	152	"[""Assets/Scripts/Assembly-CSharp/HutongGames/PlayMaker/Actions/PlayRandomAudioClipTableV3.cs""]"	exact_declared_type
HutongGames.PlayMaker.Actions.PlayTimeline	12	"[""Assets/Scripts/Assembly-CSharp/HutongGames/PlayMaker/Actions/PlayTimeline.cs""]"	exact_declared_type
HutongGames.PlayMaker.Actions.PlayVibration	29	"[""Assets/Scripts/ProjectCode/FSM/01_Project_Actions/Hollow_Knight/PlayVibration.cs""]"	exact_declared_type
HutongGames.PlayMaker.Actions.PlayVibrationDelayed	4	"[""Assets/Scripts/Assembly-CSharp/HutongGames/PlayMaker/Actions/PlayVibrationDelayed.cs""]"	exact_declared_type
HutongGames.PlayMaker.Actions.PlayVibrationV2	71	"[""Assets/Scripts/Assembly-CSharp/HutongGames/PlayMaker/Actions/PlayVibrationV2.cs""]"	exact_declared_type
HutongGames.PlayMaker.Actions.PlayVibrationV3	453	"[""Assets/Scripts/Assembly-CSharp/HutongGames/PlayMaker/Actions/PlayVibrationV3.cs""]"	exact_declared_type
HutongGames.PlayMaker.Actions.PlayVibrationV4	39	"[""Assets/Scripts/Assembly-CSharp/HutongGames/PlayMaker/Actions/PlayVibrationV4.cs""]"	exact_declared_type
HutongGames.PlayMaker.Actions.PlayerDataBoolAllTrue	1	"[""Assets/Scripts/MixedIntegrations/PlayMakerActions/PlayerDataBoolAllTrue.cs""]"	exact_declared_type
HutongGames.PlayMaker.Actions.PlayerDataBoolMultiTest	7	"[""Assets/Scripts/Assembly-CSharp/HutongGames/PlayMaker/Actions/PlayerDataBoolMultiTest.cs""]"	exact_declared_type
HutongGames.PlayMaker.Actions.PlayerDataBoolTest	4418	"[""Assets/Scripts/MixedIntegrations/PlayMakerActions/PlayerDataBoolTest.cs""]"	exact_declared_type
HutongGames.PlayMaker.Actions.PlayerDataBoolTrueAndFalse	136	"[""Assets/Scripts/MixedIntegrations/PlayMakerActions/PlayerDataBoolTrueAndFalse.cs""]"	exact_declared_type
HutongGames.PlayMaker.Actions.PlayerDataIntAdd	84	"[""Assets/Scripts/MixedIntegrations/PlayMakerActions/PlayerDataIntAdd.cs""]"	exact_declared_type
HutongGames.PlayMaker.Actions.PlayerDataVariableTest	883	"[""Assets/Scripts/Assembly-CSharp/HutongGames/PlayMaker/Actions/PlayerDataVariableTest.cs""]"	exact_declared_type
HutongGames.PlayMaker.Actions.PlayerdataIntCompare	54	"[""Assets/Scripts/Assembly-CSharp/HutongGames/PlayMaker/Actions/PlayerdataIntCompare.cs""]"	exact_declared_type
HutongGames.PlayMaker.Actions.PositionColliderOnGround	122	"[""Assets/Scripts/Assembly-CSharp/HutongGames/PlayMaker/Actions/PositionColliderOnGround.cs""]"	exact_declared_type
HutongGames.PlayMaker.Actions.PositionColliderOnGroundV2	92	"[""Assets/Scripts/Assembly-CSharp/HutongGames/PlayMaker/Actions/PositionColliderOnGroundV2.cs""]"	exact_declared_type
HutongGames.PlayMaker.Actions.PreBuildTK2DSprites	36	"[""Assets/Scripts/ThirdParty/HutongGames/PlayMaker/Actions/PreBuildTK2DSprites.cs""]"	exact_declared_type
HutongGames.PlayMaker.Actions.PreventInvincibleEffect	70	"[""Assets/Scripts/ProjectCode/FSM/01_Project_Actions/Hollow_Knight/PreventInvincibleEffect.cs""]"	exact_declared_type
HutongGames.PlayMaker.Actions.ProjectileSquash	16	"[""Assets/Scripts/MixedIntegrations/PlayMakerActions/ProjectileSquash.cs""]"	exact_declared_type
HutongGames.PlayMaker.Actions.ProjectileSquashV2	1	"[""Assets/Scripts/Assembly-CSharp/HutongGames/PlayMaker/Actions/ProjectileSquashV2.cs""]"	exact_declared_type
HutongGames.PlayMaker.Actions.QuestCompleteYesNo	15	"[""Assets/Scripts/Assembly-CSharp/HutongGames/PlayMaker/Actions/QuestCompleteYesNo.cs""]"	exact_declared_type
HutongGames.PlayMaker.Actions.QueueAchievement	14	"[""Assets/Scripts/Assembly-CSharp/HutongGames/PlayMaker/Actions/QueueAchievement.cs""]"	exact_declared_type
HutongGames.PlayMaker.Actions.QueueJump	1	"[""Assets/Scripts/Assembly-CSharp/HutongGames/PlayMaker/Actions/QueueJump.cs""]"	exact_declared_type
HutongGames.PlayMaker.Actions.QueueMemoryFullHeal	1	"[""Assets/Scripts/Assembly-CSharp/HutongGames/PlayMaker/Actions/QueueMemoryFullHeal.cs""]"	exact_declared_type
HutongGames.PlayMaker.Actions.RandomBool	343	"[""Assets/PlayMaker/Actions/Math/RandomBool.cs""]"	exact_declared_type
HutongGames.PlayMaker.Actions.RandomBoolPercent	140	"[""Assets/Scripts/Assembly-CSharp/HutongGames/PlayMaker/Actions/RandomBoolPercent.cs""]"	exact_declared_type
HutongGames.PlayMaker.Actions.RandomFloat	17301	"[""Assets/PlayMaker/Actions/Math/RandomFloat.cs""]"	exact_declared_type
HutongGames.PlayMaker.Actions.RandomFloatEither	1124	"[""Assets/Scripts/ThirdParty/HutongGames/PlayMaker/Actions/RandomFloatEither.cs""]"	exact_declared_type
HutongGames.PlayMaker.Actions.RandomFloatV2	228	"[""Assets/Scripts/ThirdParty/HutongGames/PlayMaker/Actions/RandomFloatV2.cs""]"	exact_declared_type
HutongGames.PlayMaker.Actions.RandomInt	783	"[""Assets/PlayMaker/Actions/Math/RandomInt.cs""]"	exact_declared_type
HutongGames.PlayMaker.Actions.RandomVector2	80	"[""Assets/Scripts/Assembly-CSharp/HutongGames/PlayMaker/Actions/RandomVector2.cs""]"	exact_declared_type
HutongGames.PlayMaker.Actions.RandomVector3	43	"[""Assets/Scripts/Assembly-CSharp/HutongGames/PlayMaker/Actions/RandomVector3.cs""]"	exact_declared_type
HutongGames.PlayMaker.Actions.RandomWait	82	"[""Assets/PlayMaker/Actions/Time/RandomWait.cs""]"	exact_declared_type
HutongGames.PlayMaker.Actions.RandomiseAudioPosition	287	"[""Assets/Scripts/Assembly-CSharp/HutongGames/PlayMaker/Actions/RandomiseAudioPosition.cs""]"	exact_declared_type
HutongGames.PlayMaker.Actions.RandomlyFlipFloat	349	"[""Assets/Scripts/ThirdParty/HutongGames/PlayMaker/Actions/RandomlyFlipFloat.cs""]"	exact_declared_type
HutongGames.PlayMaker.Actions.RandomlyFlipInt	1	"[""Assets/Scripts/Assembly-CSharp/HutongGames/PlayMaker/Actions/RandomlyFlipInt.cs""]"	exact_declared_type
HutongGames.PlayMaker.Actions.RandomlyFlipScale	1434	"[""Assets/Scripts/Assembly-CSharp/HutongGames/PlayMaker/Actions/RandomlyFlipScale.cs""]"	exact_declared_type
HutongGames.PlayMaker.Actions.RandomlyFlipYScale	7	"[""Assets/Scripts/Assembly-CSharp/HutongGames/PlayMaker/Actions/RandomlyFlipYScale.cs""]"	exact_declared_type
HutongGames.PlayMaker.Actions.RayCast2d	179	"[""Assets/PlayMaker/Actions/Physics2D/RayCast2d.cs""]"	exact_declared_type
HutongGames.PlayMaker.Actions.RayCast2dIgnoreTag	1	"[""Assets/Scripts/Assembly-CSharp/HutongGames/PlayMaker/Actions/RayCast2dIgnoreTag.cs""]"	exact_declared_type
HutongGames.PlayMaker.Actions.RayCast2dNoTriggers	15	"[""Assets/Scripts/Assembly-CSharp/HutongGames/PlayMaker/Actions/RayCast2dNoTriggers.cs""]"	exact_declared_type
HutongGames.PlayMaker.Actions.RayCast2dV2	9071	"[""Assets/Scripts/ThirdParty/HutongGames/PlayMaker/Actions/RayCast2dV2.cs""]"	exact_declared_type
HutongGames.PlayMaker.Actions.RayCastHeroBlocker	3	"[""Assets/Scripts/Assembly-CSharp/HutongGames/PlayMaker/Actions/RayCastHeroBlocker.cs""]"	exact_declared_type
HutongGames.PlayMaker.Actions.ReceivedDamage	2137	"[""Assets/Scripts/MixedIntegrations/PlayMakerActions/ReceivedDamage.cs""]"	exact_declared_type
HutongGames.PlayMaker.Actions.ReceivedDamageStay	2	"[""Assets/Scripts/MixedIntegrations/PlayMakerActions/ReceivedDamageStay.cs""]"	exact_declared_type
HutongGames.PlayMaker.Actions.ReceivedNailDamage	26	"[""Assets/Scripts/Assembly-CSharp/HutongGames/PlayMaker/Actions/ReceivedNailDamage.cs""]"	exact_declared_type
HutongGames.PlayMaker.Actions.RecordPlayerStory	2	"[""Assets/Scripts/Assembly-CSharp/HutongGames/PlayMaker/Actions/RecordPlayerStory.cs""]"	exact_declared_type
HutongGames.PlayMaker.Actions.RectTransformSetLocalPosition	6	"[""Assets/PlayMaker/Actions/RectTransform/RectTransformSetLocalPosition.cs""]"	exact_declared_type
HutongGames.PlayMaker.Actions.RecycleObject	115	"[""Assets/Scripts/Assembly-CSharp/HutongGames/PlayMaker/Actions/RecycleObject.cs""]"	exact_declared_type
HutongGames.PlayMaker.Actions.RecycleSelf	157	"[""Assets/Scripts/ThirdParty/HutongGames/PlayMaker/Actions/RecycleSelf.cs""]"	exact_declared_type
HutongGames.PlayMaker.Actions.ReflectAngle	32	"[""Assets/Scripts/ThirdParty/HutongGames/PlayMaker/Actions/ReflectAngle.cs""]"	exact_declared_type
HutongGames.PlayMaker.Actions.RelicBoardOwnerYesNo	2	"[""Assets/Scripts/Assembly-CSharp/HutongGames/PlayMaker/Actions/RelicBoardOwnerYesNo.cs""]"	exact_declared_type
HutongGames.PlayMaker.Actions.RemoveHeroInputBlocker	700	"[""Assets/Scripts/Assembly-CSharp/HutongGames/PlayMaker/Actions/RemoveHeroInputBlocker.cs""]"	exact_declared_type
HutongGames.PlayMaker.Actions.RemoveMemoryMsg	17	"[""Assets/Scripts/Assembly-CSharp/HutongGames/PlayMaker/Actions/RemoveMemoryMsg.cs""]"	exact_declared_type
HutongGames.PlayMaker.Actions.RemoveNeedolinMsg	2	"[""Assets/Scripts/Assembly-CSharp/HutongGames/PlayMaker/Actions/RemoveNeedolinMsg.cs""]"	exact_declared_type
HutongGames.PlayMaker.Actions.RemoveStatusVignetteStatus	96	"[""Assets/Scripts/Assembly-CSharp/HutongGames/PlayMaker/Actions/RemoveStatusVignetteStatus.cs""]"	exact_declared_type
HutongGames.PlayMaker.Actions.RemoveUsingSilk	77	"[""Assets/Scripts/Assembly-CSharp/HutongGames/PlayMaker/Actions/RemoveUsingSilk.cs""]"	exact_declared_type
HutongGames.PlayMaker.Actions.RendererFloatRamp	6	"[""Assets/Scripts/Assembly-CSharp/HutongGames/PlayMaker/Actions/RendererFloatRamp.cs""]"	exact_declared_type
HutongGames.PlayMaker.Actions.RendererIsVisible	11	"[""Assets/Scripts/Assembly-CSharp/HutongGames/PlayMaker/Actions/RendererIsVisible.cs""]"	exact_declared_type
HutongGames.PlayMaker.Actions.ReplaceMaterials	1	"[""Assets/Scripts/Assembly-CSharp/HutongGames/PlayMaker/Actions/ReplaceMaterials.cs""]"	exact_declared_type
HutongGames.PlayMaker.Actions.ReportToolUsageFailed	1	"[""Assets/Scripts/Assembly-CSharp/HutongGames/PlayMaker/Actions/ReportToolUsageFailed.cs""]"	exact_declared_type
HutongGames.PlayMaker.Actions.ResetAnimatorTrigger	126	"[""Assets/Scripts/Assembly-CSharp/HutongGames/PlayMaker/Actions/ResetAnimatorTrigger.cs""]"	exact_declared_type
HutongGames.PlayMaker.Actions.ResetCutsceneBools	102	"[""Assets/Scripts/Assembly-CSharp/HutongGames/PlayMaker/Actions/ResetCutsceneBools.cs""]"	exact_declared_type
HutongGames.PlayMaker.Actions.ResetRecordedDamageHero	1	"[""Assets/Scripts/Assembly-CSharp/HutongGames/PlayMaker/Actions/ResetRecordedDamageHero.cs""]"	exact_declared_type
HutongGames.PlayMaker.Actions.RespondToCurrencyCounterEvents	46	"[""Assets/Scripts/Assembly-CSharp/HutongGames/PlayMaker/Actions/RespondToCurrencyCounterEvents.cs""]"	exact_declared_type
HutongGames.PlayMaker.Actions.RestBenchHelperState	600	"[""Assets/Scripts/Assembly-CSharp/HutongGames/PlayMaker/Actions/RestBenchHelperState.cs""]"	exact_declared_type
HutongGames.PlayMaker.Actions.ResumeTimeline	4	"[""Assets/Scripts/Assembly-CSharp/HutongGames/PlayMaker/Actions/ResumeTimeline.cs""]"	exact_declared_type
HutongGames.PlayMaker.Actions.RigidBody2DGetPosition	200	"[""Assets/Scripts/Assembly-CSharp/HutongGames/PlayMaker/Actions/RigidBody2DGetPosition.cs""]"	exact_declared_type
HutongGames.PlayMaker.Actions.RigidBody2DSetPositionSafe	44	"[""Assets/Scripts/Assembly-CSharp/HutongGames/PlayMaker/Actions/RigidBody2DSetPositionSafe.cs""]"	exact_declared_type
HutongGames.PlayMaker.Actions.Rigidbody2DMoveBy	1	"[""Assets/Scripts/Assembly-CSharp/HutongGames/PlayMaker/Actions/Rigidbody2DMoveBy.cs""]"	exact_declared_type
HutongGames.PlayMaker.Actions.Rotate	479	"[""Assets/PlayMaker/Actions/Transform/Rotate.cs""]"	exact_declared_type
HutongGames.PlayMaker.Actions.RotateTo	266	"[""Assets/Scripts/ThirdParty/HutongGames/PlayMaker/Actions/RotateTo.cs""]"	exact_declared_type
HutongGames.PlayMaker.Actions.RunDialogue	2046	"[""Assets/Scripts/Assembly-CSharp/HutongGames/PlayMaker/Actions/RunDialogue.cs""]"	exact_declared_type
HutongGames.PlayMaker.Actions.RunDialogueV2	15	"[""Assets/Scripts/Assembly-CSharp/HutongGames/PlayMaker/Actions/RunDialogueV2.cs""]"	exact_declared_type
HutongGames.PlayMaker.Actions.RunDialogueV3	1	"[""Assets/Scripts/Assembly-CSharp/HutongGames/PlayMaker/Actions/RunDialogueV3.cs""]"	exact_declared_type
HutongGames.PlayMaker.Actions.RunDialogueV4	100	"[""Assets/Scripts/Assembly-CSharp/HutongGames/PlayMaker/Actions/RunDialogueV4.cs""]"	exact_declared_type
HutongGames.PlayMaker.Actions.RunDialogueV5	5	"[""Assets/Scripts/Assembly-CSharp/HutongGames/PlayMaker/Actions/RunDialogueV5.cs""]"	exact_declared_type
HutongGames.PlayMaker.Actions.RunFSM	1078	"[""Assets/PlayMaker/Actions/StateMachine/RunFSM.cs""]"	exact_declared_type
HutongGames.PlayMaker.Actions.RunGarbageCollector	12	"[""Assets/Scripts/ThirdParty/HutongGames/PlayMaker/Actions/RunGarbageCollector.cs""]"	exact_declared_type
HutongGames.PlayMaker.Actions.SampleCurve	7	"[""Assets/PlayMaker/Actions/Math/SampleCurve.cs""]"	exact_declared_type
HutongGames.PlayMaker.Actions.SavedItemCanGetMore	18	"[""Assets/Scripts/Assembly-CSharp/HutongGames/PlayMaker/Actions/SavedItemCanGetMore.cs""]"	exact_declared_type
HutongGames.PlayMaker.Actions.SavedItemGet	34	"[""Assets/Scripts/Assembly-CSharp/HutongGames/PlayMaker/Actions/SavedItemGet.cs""]"	exact_declared_type
HutongGames.PlayMaker.Actions.SavedItemGetV2	98	"[""Assets/Scripts/Assembly-CSharp/HutongGames/PlayMaker/Actions/SavedItemGetV2.cs""]"	exact_declared_type
HutongGames.PlayMaker.Actions.ScaleTime	3	"[""Assets/PlayMaker/Actions/Time/ScaleTime.cs""]"	exact_declared_type
HutongGames.PlayMaker.Actions.ScaleTo	25	"[""Assets/Scripts/MixedIntegrations/PlayMakerActions/ScaleTo.cs""]"	exact_declared_type
HutongGames.PlayMaker.Actions.SceneTravelerTempEval	1	"[""Assets/Scripts/Assembly-CSharp/HutongGames/PlayMaker/Actions/SceneTravelerTempEval.cs""]"	exact_declared_type
HutongGames.PlayMaker.Actions.ScreenFader	501	"[""Assets/Scripts/Assembly-CSharp/HutongGames/PlayMaker/Actions/ScreenFader.cs""]"	exact_declared_type
HutongGames.PlayMaker.Actions.ScreenFaderAlpha	51	"[""Assets/Scripts/Assembly-CSharp/HutongGames/PlayMaker/Actions/ScreenFaderAlpha.cs""]"	exact_declared_type
HutongGames.PlayMaker.Actions.ScreenFaderCurveWait	8	"[""Assets/Scripts/Assembly-CSharp/HutongGames/PlayMaker/Actions/ScreenFaderCurveWait.cs""]"	exact_declared_type
HutongGames.PlayMaker.Actions.ScreenFlash	215	"[""Assets/Scripts/Assembly-CSharp/HutongGames/PlayMaker/Actions/ScreenFlash.cs""]"	exact_declared_type
HutongGames.PlayMaker.Actions.ScreenFlashLifeblood	1	"[""Assets/Scripts/Assembly-CSharp/HutongGames/PlayMaker/Actions/ScreenFlashLifeblood.cs""]"	exact_declared_type
HutongGames.PlayMaker.Actions.ScreenFlashTrobbio	12	"[""Assets/Scripts/Assembly-CSharp/HutongGames/PlayMaker/Actions/ScreenFlashTrobbio.cs""]"	exact_declared_type
HutongGames.PlayMaker.Actions.SelectRandomAudioClipFair	20	"[""Assets/Scripts/Assembly-CSharp/HutongGames/PlayMaker/Actions/SelectRandomAudioClipFair.cs""]"	exact_declared_type
HutongGames.PlayMaker.Actions.SelectRandomFloat	10	"[""Assets/PlayMaker/Actions/Math/SelectRandomFloat.cs""]"	exact_declared_type
HutongGames.PlayMaker.Actions.SelectRandomGameObject	33	"[""Assets/PlayMaker/Actions/GameObject/SelectRandomGameObject.cs""]"	exact_declared_type
HutongGames.PlayMaker.Actions.SelectRandomGameObjectV2	56	"[""Assets/Scripts/Assembly-CSharp/HutongGames/PlayMaker/Actions/SelectRandomGameObjectV2.cs""]"	exact_declared_type
HutongGames.PlayMaker.Actions.SelectRandomInt	4	"[""Assets/PlayMaker/Actions/Math/SelectRandomInt.cs""]"	exact_declared_type
HutongGames.PlayMaker.Actions.SelectRandomString	602	"[""Assets/PlayMaker/Actions/String/SelectRandomString.cs""]"	exact_declared_type
HutongGames.PlayMaker.Actions.SelectRandomVector3	35	"[""Assets/PlayMaker/Actions/Vector3/SelectRandomVector3.cs""]"	exact_declared_type
HutongGames.PlayMaker.Actions.SendCameraShakeWorldForce	20	"[""Assets/Scripts/Assembly-CSharp/HutongGames/PlayMaker/Actions/SendCameraShakeWorldForce.cs""]"	exact_declared_type
HutongGames.PlayMaker.Actions.SendEnemyMessage	113	"[""Assets/Scripts/MixedIntegrations/PlayMakerActions/SendEnemyMessage.cs""]"	exact_declared_type
HutongGames.PlayMaker.Actions.SendEvent	2216	"[""Assets/PlayMaker/Actions/StateMachine/SendEvent.cs""]"	exact_declared_type
HutongGames.PlayMaker.Actions.SendEventByName	31667	"[""Assets/PlayMaker/Actions/StateMachine/SendEventByName.cs""]"	exact_declared_type
HutongGames.PlayMaker.Actions.SendEventByNameOnExit	4	"[""Assets/Scripts/Assembly-CSharp/HutongGames/PlayMaker/Actions/SendEventByNameOnExit.cs""]"	exact_declared_type
HutongGames.PlayMaker.Actions.SendEventByNameUpwards	2343	"[""Assets/Scripts/Assembly-CSharp/HutongGames/PlayMaker/Actions/SendEventByNameUpwards.cs""]"	exact_declared_type
HutongGames.PlayMaker.Actions.SendEventByNameV2	330	"[""Assets/Scripts/ThirdParty/HutongGames/PlayMaker/Actions/SendEventByNameV2.cs""]"	exact_declared_type
HutongGames.PlayMaker.Actions.SendEventByNameV3	1184	"[""Assets/Scripts/Assembly-CSharp/HutongGames/PlayMaker/Actions/SendEventByNameV3.cs""]"	exact_declared_type
HutongGames.PlayMaker.Actions.SendEventByScale	1054	"[""Assets/Scripts/ThirdParty/HutongGames/PlayMaker/Actions/SendEventByScale.cs""]"	exact_declared_type
HutongGames.PlayMaker.Actions.SendEventEnableFsm	9	"[""Assets/Scripts/Assembly-CSharp/HutongGames/PlayMaker/Actions/SendEventEnableFsm.cs""]"	exact_declared_type
HutongGames.PlayMaker.Actions.SendEventRepeat	1	"[""Assets/Scripts/Assembly-CSharp/HutongGames/PlayMaker/Actions/SendEventRepeat.cs""]"	exact_declared_type
HutongGames.PlayMaker.Actions.SendEventToGameObjectOptimized	24	"[""Assets/Scripts/MixedIntegrations/PlayMakerActions/SendEventToGameObjectOptimized.cs""]"	exact_declared_type
HutongGames.PlayMaker.Actions.SendEventToRegister	6801	"[""Assets/Scripts/ProjectCode/FSM/01_Project_Actions/Hollow_Knight/SendEventToRegister.cs""]"	exact_declared_type
HutongGames.PlayMaker.Actions.SendEventToRegisterDelay	175	"[""Assets/Scripts/Assembly-CSharp/HutongGames/PlayMaker/Actions/SendEventToRegisterDelay.cs""]"	exact_declared_type
HutongGames.PlayMaker.Actions.SendEventToRegisterOnExit	4	"[""Assets/Scripts/Assembly-CSharp/HutongGames/PlayMaker/Actions/SendEventToRegisterOnExit.cs""]"	exact_declared_type
HutongGames.PlayMaker.Actions.SendEventToRegisterV2	283	"[""Assets/Scripts/Assembly-CSharp/HutongGames/PlayMaker/Actions/SendEventToRegisterV2.cs""]"	exact_declared_type
HutongGames.PlayMaker.Actions.SendMessage	9119	"[""Assets/PlayMaker/Actions/ScriptControl/SendMessage.cs""]"	exact_declared_type
HutongGames.PlayMaker.Actions.SendMessageDelay	304	"[""Assets/Scripts/Assembly-CSharp/HutongGames/PlayMaker/Actions/SendMessageDelay.cs""]"	exact_declared_type
HutongGames.PlayMaker.Actions.SendMessageOnExit	3	"[""Assets/Scripts/Assembly-CSharp/HutongGames/PlayMaker/Actions/SendMessageOnExit.cs""]"	exact_declared_type
HutongGames.PlayMaker.Actions.SendMessageV2	1218	"[""Assets/Scripts/ThirdParty/HutongGames/PlayMaker/Actions/SendMessageV2.cs""]"	exact_declared_type
HutongGames.PlayMaker.Actions.SendRandomEvent	2180	"[""Assets/PlayMaker/Actions/StateMachine/SendRandomEvent.cs""]"	exact_declared_type
HutongGames.PlayMaker.Actions.SendRandomEventFair	67	"[""Assets/Scripts/Assembly-CSharp/HutongGames/PlayMaker/Actions/SendRandomEventFair.cs""]"	exact_declared_type
HutongGames.PlayMaker.Actions.SendRandomEventV2	281	"[""Assets/Scripts/ThirdParty/HutongGames/PlayMaker/Actions/SendRandomEventV2.cs""]"	exact_declared_type
HutongGames.PlayMaker.Actions.SendRandomEventV3	225	"[""Assets/Scripts/ThirdParty/HutongGames/PlayMaker/Actions/SendRandomEventV3.cs""]"	exact_declared_type
HutongGames.PlayMaker.Actions.SendRandomEventV3ActiveBool	12	"[""Assets/Scripts/Assembly-CSharp/HutongGames/PlayMaker/Actions/SendRandomEventV3ActiveBool.cs""]"	exact_declared_type
HutongGames.PlayMaker.Actions.SendRandomEventV4	3329	"[""Assets/Scripts/Assembly-CSharp/HutongGames/PlayMaker/Actions/SendRandomEventV4.cs""]"	exact_declared_type
HutongGames.PlayMaker.Actions.SendToolEquipChanged	5	"[""Assets/Scripts/Assembly-CSharp/HutongGames/PlayMaker/Actions/SendToolEquipChanged.cs""]"	exact_declared_type
HutongGames.PlayMaker.Actions.SendTrigger2DEvent	58	"[""Assets/Scripts/ThirdParty/HutongGames/PlayMaker/Actions/SendTrigger2DEvent.cs""]"	exact_declared_type
HutongGames.PlayMaker.Actions.SendTrigger2DEventByName	2	"[""Assets/Scripts/ThirdParty/HutongGames/PlayMaker/Actions/SendTrigger2DEventByName.cs""]"	exact_declared_type
HutongGames.PlayMaker.Actions.SetAngularDrag2d	8	"[""Assets/Scripts/Assembly-CSharp/HutongGames/PlayMaker/Actions/SetAngularDrag2d.cs""]"	exact_declared_type
HutongGames.PlayMaker.Actions.SetAngularVelocity2d	691	"[""Assets/Scripts/ThirdParty/HutongGames/PlayMaker/Actions/SetAngularVelocity2d.cs""]"	exact_declared_type
HutongGames.PlayMaker.Actions.SetAnimator	105	"[""Assets/Scripts/ThirdParty/HutongGames/PlayMaker/Actions/SetAnimator.cs""]"	exact_declared_type
HutongGames.PlayMaker.Actions.SetAnimatorBool	16	"[""Assets/PlayMaker/Actions/Animator/SetAnimatorBool.cs""]"	exact_declared_type
HutongGames.PlayMaker.Actions.SetAnimatorCullingMode	10	"[""Assets/PlayMaker/Actions/Animator/SetAnimatorCullingMode.cs""]"	exact_declared_type
HutongGames.PlayMaker.Actions.SetAnimatorTrigger	191	"[""Assets/PlayMaker/Actions/Animator/SetAnimatorTrigger.cs""]"	exact_declared_type
HutongGames.PlayMaker.Actions.SetAudioClip	2371	"[""Assets/PlayMaker/Actions/Audio/SetAudioClip.cs""]"	exact_declared_type
HutongGames.PlayMaker.Actions.SetAudioClipVariable	180	"[""Assets/Scripts/Assembly-CSharp/HutongGames/PlayMaker/Actions/SetAudioClipVariable.cs""]"	exact_declared_type
HutongGames.PlayMaker.Actions.SetAudioLoop	89	"[""Assets/PlayMaker/Actions/Audio/SetAudioLoop.cs""]"	exact_declared_type
HutongGames.PlayMaker.Actions.SetAudioPitch	1435	"[""Assets/PlayMaker/Actions/Audio/SetAudioPitch.cs""]"	exact_declared_type
HutongGames.PlayMaker.Actions.SetAudioSource	995	"[""Assets/Scripts/ThirdParty/HutongGames/PlayMaker/Actions/SetAudioSource.cs""]"	exact_declared_type
HutongGames.PlayMaker.Actions.SetAudioVolume	365	"[""Assets/PlayMaker/Actions/Audio/SetAudioVolume.cs""]"	exact_declared_type
HutongGames.PlayMaker.Actions.SetBitmaskAtIndex	4	"[""Assets/Scripts/Assembly-CSharp/HutongGames/PlayMaker/Actions/SetBitmaskAtIndex.cs""]"	exact_declared_type
HutongGames.PlayMaker.Actions.SetBlackThreadCoreColor	147	"[""Assets/Scripts/Assembly-CSharp/HutongGames/PlayMaker/Actions/SetBlackThreadCoreColor.cs""]"	exact_declared_type
HutongGames.PlayMaker.Actions.SetBlockNeedolinText	2	"[""Assets/Scripts/Assembly-CSharp/HutongGames/PlayMaker/Actions/SetBlockNeedolinText.cs""]"	exact_declared_type
HutongGames.PlayMaker.Actions.SetBloomForced	2	"[""Assets/Scripts/Assembly-CSharp/HutongGames/PlayMaker/Actions/SetBloomForced.cs""]"	exact_declared_type
HutongGames.PlayMaker.Actions.SetBoolValue	24643	"[""Assets/PlayMaker/Actions/Math/SetBoolValue.cs""]"	exact_declared_type
HutongGames.PlayMaker.Actions.SetBoolValueAtTime	1790	"[""Assets/Scripts/Assembly-CSharp/HutongGames/PlayMaker/Actions/SetBoolValueAtTime.cs""]"	exact_declared_type
HutongGames.PlayMaker.Actions.SetBoolValueV2	5	"[""Assets/Scripts/Assembly-CSharp/HutongGames/PlayMaker/Actions/SetBoolValueV2.cs""]"	exact_declared_type
HutongGames.PlayMaker.Actions.SetBoxCollider2DSize	209	"[""Assets/Scripts/ThirdParty/HutongGames/PlayMaker/Actions/SetBoxCollider2DSize.cs""]"	exact_declared_type
HutongGames.PlayMaker.Actions.SetBoxCollider2DSizeVector	118	"[""Assets/Scripts/ThirdParty/HutongGames/PlayMaker/Actions/SetBoxCollider2DSizeVector.cs""]"	exact_declared_type
HutongGames.PlayMaker.Actions.SetBoxColliderConfig	90	"[""Assets/Scripts/Assembly-CSharp/HutongGames/PlayMaker/Actions/SetBoxColliderConfig.cs""]"	exact_declared_type
HutongGames.PlayMaker.Actions.SetBoxColliderTrigger	734	"[""Assets/Scripts/ThirdParty/HutongGames/PlayMaker/Actions/SetBoxColliderTrigger.cs""]"	exact_declared_type
HutongGames.PlayMaker.Actions.SetCamLock	14	"[""Assets/Scripts/Assembly-CSharp/HutongGames/PlayMaker/Actions/SetCamLock.cs""]"	exact_declared_type
HutongGames.PlayMaker.Actions.SetCameraIgnoringXOffset	23	"[""Assets/Scripts/Assembly-CSharp/HutongGames/PlayMaker/Actions/SetCameraIgnoringXOffset.cs""]"	exact_declared_type
HutongGames.PlayMaker.Actions.SetCinematicVideo	3	"[""Assets/Scripts/Assembly-CSharp/HutongGames/PlayMaker/Actions/SetCinematicVideo.cs""]"	exact_declared_type
HutongGames.PlayMaker.Actions.SetCircleCollider	919	"[""Assets/Scripts/ThirdParty/HutongGames/PlayMaker/Actions/SetCircleCollider.cs""]"	exact_declared_type
HutongGames.PlayMaker.Actions.SetCircleColliderTrigger	4	"[""Assets/Scripts/Assembly-CSharp/HutongGames/PlayMaker/Actions/SetCircleColliderTrigger.cs""]"	exact_declared_type
HutongGames.PlayMaker.Actions.SetCollectablePickupItem	24	"[""Assets/Scripts/Assembly-CSharp/HutongGames/PlayMaker/Actions/SetCollectablePickupItem.cs""]"	exact_declared_type
HutongGames.PlayMaker.Actions.SetCollectablePickupItemV2	1	"[""Assets/Scripts/Assembly-CSharp/HutongGames/PlayMaker/Actions/SetCollectablePickupItemV2.cs""]"	exact_declared_type
HutongGames.PlayMaker.Actions.SetCollider	14007	"[""Assets/Scripts/ThirdParty/HutongGames/PlayMaker/Actions/SetCollider.cs""]"	exact_declared_type
HutongGames.PlayMaker.Actions.SetCollider2dIsTrigger	231	"[""Assets/PlayMaker/Actions/Physics2D/SetCollider2dIsTrigger.cs""]"	exact_declared_type
HutongGames.PlayMaker.Actions.SetColliderV2	55	"[""Assets/Scripts/Assembly-CSharp/HutongGames/PlayMaker/Actions/SetColliderV2.cs""]"	exact_declared_type
HutongGames.PlayMaker.Actions.SetColorRGBA	2	"[""Assets/PlayMaker/Actions/Color/SetColorRGBA.cs""]"	exact_declared_type
HutongGames.PlayMaker.Actions.SetColorValue	378	"[""Assets/PlayMaker/Actions/Color/SetColorValue.cs""]"	exact_declared_type
HutongGames.PlayMaker.Actions.SetCurrentInventoryPane	14	"[""Assets/Scripts/Assembly-CSharp/HutongGames/PlayMaker/Actions/SetCurrentInventoryPane.cs""]"	exact_declared_type
HutongGames.PlayMaker.Actions.SetCurrentInventoryPaneCustom	2	"[""Assets/Scripts/Assembly-CSharp/HutongGames/PlayMaker/Actions/SetCurrentInventoryPaneCustom.cs""]"	exact_declared_type
HutongGames.PlayMaker.Actions.SetCurrentRaceTrack	3	"[""Assets/Scripts/Assembly-CSharp/HutongGames/PlayMaker/Actions/SetCurrentRaceTrack.cs""]"	exact_declared_type
HutongGames.PlayMaker.Actions.SetCustomToolOverride	4	"[""Assets/Scripts/Assembly-CSharp/HutongGames/PlayMaker/Actions/SetCustomToolOverride.cs""]"	exact_declared_type
HutongGames.PlayMaker.Actions.SetDamageHero	1786	"[""Assets/Scripts/Assembly-CSharp/HutongGames/PlayMaker/Actions/SetDamageHero.cs""]"	exact_declared_type
HutongGames.PlayMaker.Actions.SetDamageHeroAmount	1357	"[""Assets/Scripts/ProjectCode/FSM/01_Project_Actions/Hollow_Knight/SetDamageHeroAmount.cs""]"	exact_declared_type
HutongGames.PlayMaker.Actions.SetDamageHeroAndRecord	1	"[""Assets/Scripts/Assembly-CSharp/HutongGames/PlayMaker/Actions/SetDamageHeroAndRecord.cs""]"	exact_declared_type
HutongGames.PlayMaker.Actions.SetDamageHeroOnExit	49	"[""Assets/Scripts/Assembly-CSharp/HutongGames/PlayMaker/Actions/SetDamageHeroOnExit.cs""]"	exact_declared_type
HutongGames.PlayMaker.Actions.SetDarknessLevel	30	"[""Assets/Scripts/Assembly-CSharp/HutongGames/PlayMaker/Actions/SetDarknessLevel.cs""]"	exact_declared_type
HutongGames.PlayMaker.Actions.SetDeathRespawnMarker	70	"[""Assets/Scripts/Assembly-CSharp/HutongGames/PlayMaker/Actions/SetDeathRespawnMarker.cs""]"	exact_declared_type
HutongGames.PlayMaker.Actions.SetDesiredProjectileVelocity	21	"[""Assets/Scripts/Assembly-CSharp/HutongGames/PlayMaker/Actions/SetDesiredProjectileVelocity.cs""]"	exact_declared_type
HutongGames.PlayMaker.Actions.SetEndingCompleted	4	"[""Assets/Scripts/Assembly-CSharp/HutongGames/PlayMaker/Actions/SetEndingCompleted.cs""]"	exact_declared_type
HutongGames.PlayMaker.Actions.SetEnemyDeathEffectsProfile	24	"[""Assets/Scripts/Assembly-CSharp/HutongGames/PlayMaker/Actions/SetEnemyDeathEffectsProfile.cs""]"	exact_declared_type
HutongGames.PlayMaker.Actions.SetEnemyHitEffectsProfile	24	"[""Assets/Scripts/Assembly-CSharp/HutongGames/PlayMaker/Actions/SetEnemyHitEffectsProfile.cs""]"	exact_declared_type
HutongGames.PlayMaker.Actions.SetEnumValue	187	"[""Assets/PlayMaker/Actions/Enum/SetEnumValue.cs""]"	exact_declared_type
HutongGames.PlayMaker.Actions.SetEnviroRegionProperties	1	"[""Assets/Scripts/Assembly-CSharp/HutongGames/PlayMaker/Actions/SetEnviroRegionProperties.cs""]"	exact_declared_type
HutongGames.PlayMaker.Actions.SetFloatSign	122	"[""Assets/Scripts/Assembly-CSharp/HutongGames/PlayMaker/Actions/SetFloatSign.cs""]"	exact_declared_type
HutongGames.PlayMaker.Actions.SetFloatToHighest	13	"[""Assets/Scripts/ThirdParty/HutongGames/PlayMaker/Actions/SetFloatToHighest.cs""]"	exact_declared_type
HutongGames.PlayMaker.Actions.SetFloatToLowest	6	"[""Assets/Scripts/Assembly-CSharp/HutongGames/PlayMaker/Actions/SetFloatToLowest.cs""]"	exact_declared_type
HutongGames.PlayMaker.Actions.SetFloatToSmallest	4	"[""Assets/Scripts/ThirdParty/HutongGames/PlayMaker/Actions/SetFloatToSmallest.cs""]"	exact_declared_type
HutongGames.PlayMaker.Actions.SetFloatValue	9689	"[""Assets/PlayMaker/Actions/Math/SetFloatValue.cs""]"	exact_declared_type
HutongGames.PlayMaker.Actions.SetFloatValueV2	230	"[""Assets/Scripts/ThirdParty/HutongGames/PlayMaker/Actions/SetFloatValueV2.cs""]"	exact_declared_type
HutongGames.PlayMaker.Actions.SetFrostVignette	5	"[""Assets/Scripts/Assembly-CSharp/HutongGames/PlayMaker/Actions/SetFrostVignette.cs""]"	exact_declared_type
HutongGames.PlayMaker.Actions.SetFsmBool	3033	"[""Assets/PlayMaker/Actions/StateMachine/SetFsmBool.cs""]"	exact_declared_type
HutongGames.PlayMaker.Actions.SetFsmEnum	8	"[""Assets/PlayMaker/Actions/StateMachine/SetFsmEnum.cs""]"	exact_declared_type
HutongGames.PlayMaker.Actions.SetFsmFloat	635	"[""Assets/PlayMaker/Actions/StateMachine/SetFsmFloat.cs""]"	exact_declared_type
HutongGames.PlayMaker.Actions.SetFsmGameObject	2269	"[""Assets/PlayMaker/Actions/StateMachine/SetFsmGameObject.cs""]"	exact_declared_type
HutongGames.PlayMaker.Actions.SetFsmInt	145	"[""Assets/PlayMaker/Actions/StateMachine/SetFsmInt.cs""]"	exact_declared_type
HutongGames.PlayMaker.Actions.SetFsmObject	14	"[""Assets/PlayMaker/Actions/StateMachine/SetFsmObject.cs""]"	exact_declared_type
HutongGames.PlayMaker.Actions.SetFsmString	424	"[""Assets/PlayMaker/Actions/StateMachine/SetFsmString.cs""]"	exact_declared_type
HutongGames.PlayMaker.Actions.SetFsmVector2	190	"[""Assets/PlayMaker/Actions/StateMachine/SetFsmVector2.cs""]"	exact_declared_type
HutongGames.PlayMaker.Actions.SetFsmVector3	44	"[""Assets/PlayMaker/Actions/StateMachine/SetFsmVector3.cs""]"	exact_declared_type
HutongGames.PlayMaker.Actions.SetGameObject	2716	"[""Assets/PlayMaker/Actions/GameObject/SetGameObject.cs""]"	exact_declared_type
HutongGames.PlayMaker.Actions.SetGameObjectIfNull	1	"[""Assets/Scripts/Assembly-CSharp/HutongGames/PlayMaker/Actions/SetGameObjectIfNull.cs""]"	exact_declared_type
HutongGames.PlayMaker.Actions.SetGameObjectSelf	501	"[""Assets/Scripts/ThirdParty/HutongGames/PlayMaker/Actions/SetGameObjectSelf.cs""]"	exact_declared_type
HutongGames.PlayMaker.Actions.SetGeoDrop	30	"[""Assets/Scripts/ProjectCode/FSM/01_Project_Actions/Hollow_Knight/SetGeoDrop.cs""]"	exact_declared_type
HutongGames.PlayMaker.Actions.SetGravity2dScale	4942	"[""Assets/PlayMaker/Actions/Physics2D/SetGravity2dScale.cs""]"	exact_declared_type
HutongGames.PlayMaker.Actions.SetGravity2dScaleV2	10	"[""Assets/Scripts/Assembly-CSharp/HutongGames/PlayMaker/Actions/SetGravity2dScaleV2.cs""]"	exact_declared_type
HutongGames.PlayMaker.Actions.SetHP	274	"[""Assets/Scripts/ProjectCode/FSM/01_Project_Actions/Hollow_Knight/SetHP.cs""]"	exact_declared_type
HutongGames.PlayMaker.Actions.SetHazardRespawn	18	"[""Assets/Scripts/Assembly-CSharp/HutongGames/PlayMaker/Actions/SetHazardRespawn.cs""]"	exact_declared_type
HutongGames.PlayMaker.Actions.SetHeroAffectedByGravity	51	"[""Assets/Scripts/Assembly-CSharp/HutongGames/PlayMaker/Actions/SetHeroAffectedByGravity.cs""]"	exact_declared_type
HutongGames.PlayMaker.Actions.SetHeroCState	135	"[""Assets/Scripts/Assembly-CSharp/HutongGames/PlayMaker/Actions/SetHeroCState.cs""]"	exact_declared_type
HutongGames.PlayMaker.Actions.SetHeroCStateDelay	2	"[""Assets/Scripts/Assembly-CSharp/HutongGames/PlayMaker/Actions/SetHeroCStateDelay.cs""]"	exact_declared_type
HutongGames.PlayMaker.Actions.SetHeroInvincibility	1	"[""Assets/Scripts/Assembly-CSharp/HutongGames/PlayMaker/Actions/SetHeroInvincibility.cs""]"	exact_declared_type
HutongGames.PlayMaker.Actions.SetHeroMaggoted	121	"[""Assets/Scripts/Assembly-CSharp/HutongGames/PlayMaker/Actions/SetHeroMaggoted.cs""]"	exact_declared_type
HutongGames.PlayMaker.Actions.SetHeroNailImbuement	1	"[""Assets/Scripts/Assembly-CSharp/HutongGames/PlayMaker/Actions/SetHeroNailImbuement.cs""]"	exact_declared_type
HutongGames.PlayMaker.Actions.SetHeroParent	2	"[""Assets/Scripts/Assembly-CSharp/HutongGames/PlayMaker/Actions/SetHeroParent.cs""]"	exact_declared_type
HutongGames.PlayMaker.Actions.SetHeroStunned	1	"[""Assets/Scripts/Assembly-CSharp/HutongGames/PlayMaker/Actions/SetHeroStunned.cs""]"	exact_declared_type
HutongGames.PlayMaker.Actions.SetHeroTalkWatchTarget	24	"[""Assets/Scripts/Assembly-CSharp/HutongGames/PlayMaker/Actions/SetHeroTalkWatchTarget.cs""]"	exact_declared_type
HutongGames.PlayMaker.Actions.SetHitEffectOrigin	41	"[""Assets/Scripts/Assembly-CSharp/HutongGames/PlayMaker/Actions/SetHitEffectOrigin.cs""]"	exact_declared_type
HutongGames.PlayMaker.Actions.SetInputHandlerSkipMode	7	"[""Assets/Scripts/Assembly-CSharp/HutongGames/PlayMaker/Actions/SetInputHandlerSkipMode.cs""]"	exact_declared_type
HutongGames.PlayMaker.Actions.SetIntValue	2527	"[""Assets/PlayMaker/Actions/Math/SetIntValue.cs""]"	exact_declared_type
HutongGames.PlayMaker.Actions.SetIntValueBool	25	"[""Assets/Scripts/Assembly-CSharp/HutongGames/PlayMaker/Actions/SetIntValueBool.cs""]"	exact_declared_type
HutongGames.PlayMaker.Actions.SetInteractableDetector	2	"[""Assets/Scripts/Assembly-CSharp/HutongGames/PlayMaker/Actions/SetInteractableDetector.cs""]"	exact_declared_type
HutongGames.PlayMaker.Actions.SetInteractableLabel	49	"[""Assets/Scripts/Assembly-CSharp/HutongGames/PlayMaker/Actions/SetInteractableLabel.cs""]"	exact_declared_type
HutongGames.PlayMaker.Actions.SetInvincible	1357	"[""Assets/Scripts/ProjectCode/FSM/01_Project_Actions/Hollow_Knight/SetInvincible.cs""]"	exact_declared_type
HutongGames.PlayMaker.Actions.SetInvincibleDelay	23	"[""Assets/Scripts/Assembly-CSharp/HutongGames/PlayMaker/Actions/SetInvincibleDelay.cs""]"	exact_declared_type
HutongGames.PlayMaker.Actions.SetIsDead	308	"[""Assets/Scripts/ProjectCode/FSM/01_Project_Actions/Hollow_Knight/SetIsDead.cs""]"	exact_declared_type
HutongGames.PlayMaker.Actions.SetIsKinematic2d	10034	"[""Assets/PlayMaker/Actions/Physics2D/SetIsKinematic2d.cs""]"	exact_declared_type
HutongGames.PlayMaker.Actions.SetLayer	3308	"[""Assets/PlayMaker/Actions/GameObject/SetLayer.cs""]"	exact_declared_type
HutongGames.PlayMaker.Actions.SetMainCameraFovOffset	94	"[""Assets/Scripts/Assembly-CSharp/HutongGames/PlayMaker/Actions/SetMainCameraFovOffset.cs""]"	exact_declared_type
HutongGames.PlayMaker.Actions.SetMaterial	9	"[""Assets/PlayMaker/Actions/Material/SetMaterial.cs""]"	exact_declared_type
HutongGames.PlayMaker.Actions.SetMaterialColor	1592	"[""Assets/PlayMaker/Actions/Material/SetMaterialColor.cs""]"	exact_declared_type
HutongGames.PlayMaker.Actions.SetMeshRenderer	10801	"[""Assets/Scripts/ThirdParty/HutongGames/PlayMaker/Actions/SetMeshRenderer.cs""]"	exact_declared_type
HutongGames.PlayMaker.Actions.SetMeshRendererChildren	17	"[""Assets/Scripts/ThirdParty/HutongGames/PlayMaker/Actions/SetMeshRendererChildren.cs""]"	exact_declared_type
HutongGames.PlayMaker.Actions.SetMeshRendererEveryFrame	3	"[""Assets/Scripts/Assembly-CSharp/HutongGames/PlayMaker/Actions/SetMeshRendererEveryFrame.cs""]"	exact_declared_type
HutongGames.PlayMaker.Actions.SetNPCSpeakingAudioTable	32	"[""Assets/Scripts/Assembly-CSharp/HutongGames/PlayMaker/Actions/SetNPCSpeakingAudioTable.cs""]"	exact_declared_type
HutongGames.PlayMaker.Actions.SetName	12	"[""Assets/PlayMaker/Actions/GameObject/SetName.cs""]"	exact_declared_type
HutongGames.PlayMaker.Actions.SetNeedolinTextCollection	42	"[""Assets/Scripts/Assembly-CSharp/HutongGames/PlayMaker/Actions/SetNeedolinTextCollection.cs""]"	exact_declared_type
HutongGames.PlayMaker.Actions.SetNeedolinTextOwner	5	"[""Assets/Scripts/Assembly-CSharp/HutongGames/PlayMaker/Actions/SetNeedolinTextOwner.cs""]"	exact_declared_type
HutongGames.PlayMaker.Actions.SetNextInventoryCollectableItemSelectable	1	"[""Assets/Scripts/Assembly-CSharp/HutongGames/PlayMaker/Actions/SetNextInventoryCollectableItemSelectable.cs""]"	exact_declared_type
HutongGames.PlayMaker.Actions.SetNextInventoryPane	4	"[""Assets/Scripts/Assembly-CSharp/HutongGames/PlayMaker/Actions/SetNextInventoryPane.cs""]"	exact_declared_type
HutongGames.PlayMaker.Actions.SetNpcControlTalkAnim	1	"[""Assets/Scripts/Assembly-CSharp/HutongGames/PlayMaker/Actions/SetNpcControlTalkAnim.cs""]"	exact_declared_type
HutongGames.PlayMaker.Actions.SetObjectValue	744	"[""Assets/PlayMaker/Actions/UnityObject/SetObjectValue.cs""]"	exact_declared_type
HutongGames.PlayMaker.Actions.SetParent	8643	"[""Assets/PlayMaker/Actions/GameObject/SetParent.cs""]"	exact_declared_type
HutongGames.PlayMaker.Actions.SetParticleColour	6	"[""Assets/Scripts/Assembly-CSharp/HutongGames/PlayMaker/Actions/SetParticleColour.cs""]"	exact_declared_type
HutongGames.PlayMaker.Actions.SetParticleEmission	1270	"[""Assets/Scripts/ThirdParty/HutongGames/PlayMaker/Actions/SetParticleEmission.cs""]"	exact_declared_type
HutongGames.PlayMaker.Actions.SetParticleEmissionChildren	236	"[""Assets/Scripts/Assembly-CSharp/HutongGames/PlayMaker/Actions/SetParticleEmissionChildren.cs""]"	exact_declared_type
HutongGames.PlayMaker.Actions.SetParticleEmissionRate	466	"[""Assets/Scripts/ThirdParty/HutongGames/PlayMaker/Actions/SetParticleEmissionRate.cs""]"	exact_declared_type
HutongGames.PlayMaker.Actions.SetParticleEmissionSpeed	40	"[""Assets/Scripts/ThirdParty/HutongGames/PlayMaker/Actions/SetParticleEmissionSpeed.cs""]"	exact_declared_type
HutongGames.PlayMaker.Actions.SetParticleEmissionTemp	95	"[""Assets/Scripts/Assembly-CSharp/HutongGames/PlayMaker/Actions/SetParticleEmissionTemp.cs""]"	exact_declared_type
HutongGames.PlayMaker.Actions.SetParticleEmitterUVFlip	2	"[""Assets/Scripts/Assembly-CSharp/HutongGames/PlayMaker/Actions/SetParticleEmitterUVFlip.cs""]"	exact_declared_type
HutongGames.PlayMaker.Actions.SetPersistentBool	4	"[""Assets/Scripts/Assembly-CSharp/HutongGames/PlayMaker/Actions/SetPersistentBool.cs""]"	exact_declared_type
HutongGames.PlayMaker.Actions.SetPersistentBoolSaveData	24	"[""Assets/Scripts/Assembly-CSharp/HutongGames/PlayMaker/Actions/SetPersistentBoolSaveData.cs""]"	exact_declared_type
HutongGames.PlayMaker.Actions.SetPersistentInt	21	"[""Assets/Scripts/Assembly-CSharp/HutongGames/PlayMaker/Actions/SetPersistentInt.cs""]"	exact_declared_type
HutongGames.PlayMaker.Actions.SetPlayerDataBool	3643	"[""Assets/Scripts/Assembly-CSharp/HutongGames/PlayMaker/Actions/SetPlayerDataBool.cs""]"	exact_declared_type
HutongGames.PlayMaker.Actions.SetPlayerDataFloat	43	"[""Assets/Scripts/MixedIntegrations/PlayMakerActions/SetPlayerDataFloat.cs""]"	exact_declared_type
HutongGames.PlayMaker.Actions.SetPlayerDataInt	244	"[""Assets/Scripts/MixedIntegrations/PlayMakerActions/SetPlayerDataInt.cs""]"	exact_declared_type
HutongGames.PlayMaker.Actions.SetPlayerDataString	465	"[""Assets/Scripts/MixedIntegrations/PlayMakerActions/SetPlayerDataString.cs""]"	exact_declared_type
HutongGames.PlayMaker.Actions.SetPlayerDataVariable	862	"[""Assets/Scripts/Assembly-CSharp/HutongGames/PlayMaker/Actions/SetPlayerDataVariable.cs""]"	exact_declared_type
HutongGames.PlayMaker.Actions.SetPoisonTintOverride	1	"[""Assets/Scripts/Assembly-CSharp/HutongGames/PlayMaker/Actions/SetPoisonTintOverride.cs""]"	exact_declared_type
HutongGames.PlayMaker.Actions.SetPoisonTintReadFromTool	3	"[""Assets/Scripts/Assembly-CSharp/HutongGames/PlayMaker/Actions/SetPoisonTintReadFromTool.cs""]"	exact_declared_type
HutongGames.PlayMaker.Actions.SetPolygonCollider	2289	"[""Assets/Scripts/ThirdParty/HutongGames/PlayMaker/Actions/SetPolygonCollider.cs""]"	exact_declared_type
HutongGames.PlayMaker.Actions.SetPolygonColliderTrigger	11	"[""Assets/Scripts/Assembly-CSharp/HutongGames/PlayMaker/Actions/SetPolygonColliderTrigger.cs""]"	exact_declared_type
HutongGames.PlayMaker.Actions.SetPosition	14625	"[""Assets/PlayMaker/Actions/Transform/SetPosition.cs""]"	exact_declared_type
HutongGames.PlayMaker.Actions.SetPosition2D	2229	"[""Assets/Scripts/Assembly-CSharp/HutongGames/PlayMaker/Actions/SetPosition2D.cs""]"	exact_declared_type
HutongGames.PlayMaker.Actions.SetPosition2DV2	12	"[""Assets/Scripts/Assembly-CSharp/HutongGames/PlayMaker/Actions/SetPosition2DV2.cs""]"	exact_declared_type
HutongGames.PlayMaker.Actions.SetPosition2d	2487	"[""Assets/PlayMaker/Actions/Transform/SetPosition2d.cs""]"	exact_declared_type
HutongGames.PlayMaker.Actions.SetPositionTemp	36	"[""Assets/Scripts/Assembly-CSharp/HutongGames/PlayMaker/Actions/SetPositionTemp.cs""]"	exact_declared_type
HutongGames.PlayMaker.Actions.SetPositionToObject	1691	"[""Assets/Scripts/ThirdParty/HutongGames/PlayMaker/Actions/SetPositionToObject.cs""]"	exact_declared_type
HutongGames.PlayMaker.Actions.SetPositionToObject2D	1392	"[""Assets/Scripts/Assembly-CSharp/HutongGames/PlayMaker/Actions/SetPositionToObject2D.cs""]"	exact_declared_type
HutongGames.PlayMaker.Actions.SetPositionToObject2DLateUpdate	5	"[""Assets/Scripts/Assembly-CSharp/HutongGames/PlayMaker/Actions/SetPositionToObject2DLateUpdate.cs""]"	exact_declared_type
HutongGames.PlayMaker.Actions.SetPositionToObject2DV2	6	"[""Assets/Scripts/Assembly-CSharp/HutongGames/PlayMaker/Actions/SetPositionToObject2DV2.cs""]"	exact_declared_type
HutongGames.PlayMaker.Actions.SetPositionToObjectDelay	2	"[""Assets/Scripts/Assembly-CSharp/HutongGames/PlayMaker/Actions/SetPositionToObjectDelay.cs""]"	exact_declared_type
HutongGames.PlayMaker.Actions.SetProperty	697	"[""Assets/PlayMaker/Actions/UnityObject/SetProperty.cs""]"	exact_declared_type
HutongGames.PlayMaker.Actions.SetPropertyV2	42	"[""Assets/Scripts/Assembly-CSharp/HutongGames/PlayMaker/Actions/SetPropertyV2.cs""]"	exact_declared_type
HutongGames.PlayMaker.Actions.SetRandomAudioClipFromTable	850	"[""Assets/Scripts/Assembly-CSharp/HutongGames/PlayMaker/Actions/SetRandomAudioClipFromTable.cs""]"	exact_declared_type
HutongGames.PlayMaker.Actions.SetRandomRotation	179	"[""Assets/PlayMaker/Actions/Transform/SetRandomRotation.cs""]"	exact_declared_type
HutongGames.PlayMaker.Actions.SetRecoilBlocked	1509	"[""Assets/Scripts/Assembly-CSharp/HutongGames/PlayMaker/Actions/SetRecoilBlocked.cs""]"	exact_declared_type
HutongGames.PlayMaker.Actions.SetRecoilFreeze	297	"[""Assets/Scripts/ProjectCode/FSM/01_Project_Actions/Hollow_Knight/SetRecoilFreeze.cs""]"	exact_declared_type
HutongGames.PlayMaker.Actions.SetRecoilSpeed	1341	"[""Assets/Scripts/ProjectCode/FSM/01_Project_Actions/Hollow_Knight/SetRecoilSpeed.cs""]"	exact_declared_type
HutongGames.PlayMaker.Actions.SetRemaskerExited	1	"[""Assets/Scripts/Assembly-CSharp/HutongGames/PlayMaker/Actions/SetRemaskerExited.cs""]"	exact_declared_type
HutongGames.PlayMaker.Actions.SetRendererSortingLayer	4	"[""Assets/Scripts/Assembly-CSharp/HutongGames/PlayMaker/Actions/SetRendererSortingLayer.cs""]"	exact_declared_type
HutongGames.PlayMaker.Actions.SetRigidBody2dInterpolation	12	"[""Assets/Scripts/Assembly-CSharp/HutongGames/PlayMaker/Actions/SetRigidBody2dInterpolation.cs""]"	exact_declared_type
HutongGames.PlayMaker.Actions.SetRotation	8885	"[""Assets/PlayMaker/Actions/Transform/SetRotation.cs""]"	exact_declared_type
HutongGames.PlayMaker.Actions.SetRotation2DLerp	6	"[""Assets/Scripts/Assembly-CSharp/HutongGames/PlayMaker/Actions/SetRotation2DLerp.cs""]"	exact_declared_type
HutongGames.PlayMaker.Actions.SetRotationDelay	4	"[""Assets/Scripts/Assembly-CSharp/HutongGames/PlayMaker/Actions/SetRotationDelay.cs""]"	exact_declared_type
HutongGames.PlayMaker.Actions.SetRotationTimer	341	"[""Assets/Scripts/Assembly-CSharp/HutongGames/PlayMaker/Actions/SetRotationTimer.cs""]"	exact_declared_type
HutongGames.PlayMaker.Actions.SetScale	3632	"[""Assets/PlayMaker/Actions/Transform/SetScale.cs""]"	exact_declared_type
HutongGames.PlayMaker.Actions.SetSceneManagerActorSnapshot	12	"[""Assets/Scripts/Assembly-CSharp/HutongGames/PlayMaker/Actions/SetSceneManagerActorSnapshot.cs""]"	exact_declared_type
HutongGames.PlayMaker.Actions.SetShardDrop	61	"[""Assets/Scripts/Assembly-CSharp/HutongGames/PlayMaker/Actions/SetShardDrop.cs""]"	exact_declared_type
HutongGames.PlayMaker.Actions.SetShopItemPurchasedV2	1	"[""Assets/Scripts/Assembly-CSharp/HutongGames/PlayMaker/Actions/SetShopItemPurchasedV2.cs""]"	exact_declared_type
HutongGames.PlayMaker.Actions.SetSkipNextActorFadeIn	1	"[""Assets/Scripts/Assembly-CSharp/HutongGames/PlayMaker/Actions/SetSkipNextActorFadeIn.cs""]"	exact_declared_type
HutongGames.PlayMaker.Actions.SetSpecialDeath	450	"[""Assets/Scripts/ProjectCode/FSM/01_Project_Actions/Hollow_Knight/SetSpecialDeath.cs""]"	exact_declared_type
HutongGames.PlayMaker.Actions.SetSpriteColor	14	"[""Assets/PlayMaker/Actions/SpriteRenderer/SetSpriteColor.cs""]"	exact_declared_type
HutongGames.PlayMaker.Actions.SetSpriteRenderer	2305	"[""Assets/Scripts/ThirdParty/HutongGames/PlayMaker/Actions/SetSpriteRenderer.cs""]"	exact_declared_type
HutongGames.PlayMaker.Actions.SetSpriteRendererOrder	66	"[""Assets/Scripts/ThirdParty/HutongGames/PlayMaker/Actions/SetSpriteRendererOrder.cs""]"	exact_declared_type
HutongGames.PlayMaker.Actions.SetSpriteRendererSprite	115	"[""Assets/Scripts/ThirdParty/HutongGames/PlayMaker/Actions/SetSpriteRendererSprite.cs""]"	exact_declared_type
HutongGames.PlayMaker.Actions.SetSpriteValue	14	"[""Assets/Scripts/Assembly-CSharp/HutongGames/PlayMaker/Actions/SetSpriteValue.cs""]"	exact_declared_type
HutongGames.PlayMaker.Actions.SetStateTransitionAnimator	500	"[""Assets/Scripts/Assembly-CSharp/HutongGames/PlayMaker/Actions/SetStateTransitionAnimator.cs""]"	exact_declared_type
HutongGames.PlayMaker.Actions.SetStringValue	15658	"[""Assets/PlayMaker/Actions/String/SetStringValue.cs""]"	exact_declared_type
HutongGames.PlayMaker.Actions.SetStringValueBool	82	"[""Assets/Scripts/Assembly-CSharp/HutongGames/PlayMaker/Actions/SetStringValueBool.cs""]"	exact_declared_type
HutongGames.PlayMaker.Actions.SetTag	197	"[""Assets/PlayMaker/Actions/GameObject/SetTag.cs""]"	exact_declared_type
HutongGames.PlayMaker.Actions.SetTalkTableOverride	2	"[""Assets/Scripts/Assembly-CSharp/HutongGames/PlayMaker/Actions/SetTalkTableOverride.cs""]"	exact_declared_type
HutongGames.PlayMaker.Actions.SetTextMeshProAlignment	11	"[""Assets/Scripts/ThirdParty/HutongGames/PlayMaker/Actions/SetTextMeshProAlignment.cs""]"	exact_declared_type
HutongGames.PlayMaker.Actions.SetTextMeshProColor	986	"[""Assets/Scripts/ThirdParty/HutongGames/PlayMaker/Actions/SetTextMeshProColor.cs""]"	exact_declared_type
HutongGames.PlayMaker.Actions.SetTextMeshProText	798	"[""Assets/Scripts/ThirdParty/HutongGames/PlayMaker/Actions/SetTextMeshProText.cs""]"	exact_declared_type
HutongGames.PlayMaker.Actions.SetToolLocked	3	"[""Assets/Scripts/Assembly-CSharp/HutongGames/PlayMaker/Actions/SetToolLocked.cs""]"	exact_declared_type
HutongGames.PlayMaker.Actions.SetToolUnlocked	15	"[""Assets/Scripts/Assembly-CSharp/HutongGames/PlayMaker/Actions/SetToolUnlocked.cs""]"	exact_declared_type
HutongGames.PlayMaker.Actions.SetTransformParent	179	"[""Assets/Scripts/ThirdParty/HutongGames/PlayMaker/Actions/SetTransformParent.cs""]"	exact_declared_type
HutongGames.PlayMaker.Actions.SetTransitionBlocked	7	"[""Assets/Scripts/Assembly-CSharp/HutongGames/PlayMaker/Actions/SetTransitionBlocked.cs""]"	exact_declared_type
HutongGames.PlayMaker.Actions.SetVector2Value	256	"[""Assets/PlayMaker/Actions/Vector2/SetVector2Value.cs""]"	exact_declared_type
HutongGames.PlayMaker.Actions.SetVector2XY	985	"[""Assets/PlayMaker/Actions/Vector2/SetVector2XY.cs""]"	exact_declared_type
HutongGames.PlayMaker.Actions.SetVector3Value	170	"[""Assets/PlayMaker/Actions/Vector3/SetVector3Value.cs""]"	exact_declared_type
HutongGames.PlayMaker.Actions.SetVector3XYZ	1298	"[""Assets/PlayMaker/Actions/Vector3/SetVector3XYZ.cs""]"	exact_declared_type
HutongGames.PlayMaker.Actions.SetVelocity2d	24124	"[""Assets/PlayMaker/Actions/Physics2D/SetVelocity2d.cs""]"	exact_declared_type
HutongGames.PlayMaker.Actions.SetVelocity2dBool	740	"[""Assets/Scripts/Assembly-CSharp/HutongGames/PlayMaker/Actions/SetVelocity2dBool.cs""]"	exact_declared_type
HutongGames.PlayMaker.Actions.SetVelocity2dConditional	1	"[""Assets/Scripts/Assembly-CSharp/HutongGames/PlayMaker/Actions/SetVelocity2dConditional.cs""]"	exact_declared_type
HutongGames.PlayMaker.Actions.SetVelocity2dIfFalse	49	"[""Assets/Scripts/ThirdParty/HutongGames/PlayMaker/Actions/SetVelocity2dIfFalse.cs""]"	exact_declared_type
HutongGames.PlayMaker.Actions.SetVelocityAsAngle	2790	"[""Assets/Scripts/ThirdParty/HutongGames/PlayMaker/Actions/SetVelocityAsAngle.cs""]"	exact_declared_type
HutongGames.PlayMaker.Actions.SetVelocityByScale	7691	"[""Assets/Scripts/Assembly-CSharp/HutongGames/PlayMaker/Actions/SetVelocityByScale.cs""]"	exact_declared_type
HutongGames.PlayMaker.Actions.SetVibrationManagerStrength	9	"[""Assets/Scripts/Assembly-CSharp/HutongGames/PlayMaker/Actions/SetVibrationManagerStrength.cs""]"	exact_declared_type
HutongGames.PlayMaker.Actions.ShakePositionV2	34	"[""Assets/Scripts/MixedIntegrations/PlayMakerActions/ShakePositionV2.cs""]"	exact_declared_type
HutongGames.PlayMaker.Actions.ShopHasStock	61	"[""Assets/Scripts/Assembly-CSharp/HutongGames/PlayMaker/Actions/ShopHasStock.cs""]"	exact_declared_type
HutongGames.PlayMaker.Actions.ShopHasStockNotInfinite	1	"[""Assets/Scripts/Assembly-CSharp/HutongGames/PlayMaker/Actions/ShopHasStockNotInfinite.cs""]"	exact_declared_type
HutongGames.PlayMaker.Actions.ShopWasItemPurchased	2	"[""Assets/Scripts/Assembly-CSharp/HutongGames/PlayMaker/Actions/ShopWasItemPurchased.cs""]"	exact_declared_type
HutongGames.PlayMaker.Actions.ShoveFromBouncer	10	"[""Assets/Scripts/Assembly-CSharp/HutongGames/PlayMaker/Actions/ShoveFromBouncer.cs""]"	exact_declared_type
HutongGames.PlayMaker.Actions.ShoveFromPlayer	3	"[""Assets/Scripts/Assembly-CSharp/HutongGames/PlayMaker/Actions/ShoveFromPlayer.cs""]"	exact_declared_type
HutongGames.PlayMaker.Actions.ShoveFromWall	494	"[""Assets/Scripts/Assembly-CSharp/HutongGames/PlayMaker/Actions/ShoveFromWall.cs""]"	exact_declared_type
HutongGames.PlayMaker.Actions.ShowCollectableUIMsg	1	"[""Assets/Scripts/Assembly-CSharp/HutongGames/PlayMaker/Actions/ShowCollectableUIMsg.cs""]"	exact_declared_type
HutongGames.PlayMaker.Actions.ShowControlReminderSingle	101	"[""Assets/Scripts/Assembly-CSharp/HutongGames/PlayMaker/Actions/ShowControlReminderSingle.cs""]"	exact_declared_type
HutongGames.PlayMaker.Actions.ShowControlReminderSingleGroup	2	"[""Assets/Scripts/Assembly-CSharp/HutongGames/PlayMaker/Actions/ShowControlReminderSingleGroup.cs""]"	exact_declared_type
HutongGames.PlayMaker.Actions.ShowCustomNeedolinMsg	11	"[""Assets/Scripts/Assembly-CSharp/HutongGames/PlayMaker/Actions/ShowCustomNeedolinMsg.cs""]"	exact_declared_type
HutongGames.PlayMaker.Actions.ShowCustomNeedolinMsgFromTemplate	38	"[""Assets/Scripts/Assembly-CSharp/HutongGames/PlayMaker/Actions/ShowCustomNeedolinMsgFromTemplate.cs""]"	exact_declared_type
HutongGames.PlayMaker.Actions.ShowNeedolinTextForOwnerInState	50	"[""Assets/Scripts/Assembly-CSharp/HutongGames/PlayMaker/Actions/ShowNeedolinTextForOwnerInState.cs""]"	exact_declared_type
HutongGames.PlayMaker.Actions.ShowNpcDialogueTitle	55	"[""Assets/Scripts/Assembly-CSharp/HutongGames/PlayMaker/Actions/ShowNpcDialogueTitle.cs""]"	exact_declared_type
HutongGames.PlayMaker.Actions.ShowRelicBoard	2	"[""Assets/Scripts/Assembly-CSharp/HutongGames/PlayMaker/Actions/ShowRelicBoard.cs""]"	exact_declared_type
HutongGames.PlayMaker.Actions.ShowToolCrestUIMsg	18	"[""Assets/Scripts/Assembly-CSharp/HutongGames/PlayMaker/Actions/ShowToolCrestUIMsg.cs""]"	exact_declared_type
HutongGames.PlayMaker.Actions.SilkBossIdleBuzz	40	"[""Assets/Scripts/Assembly-CSharp/HutongGames/PlayMaker/Actions/SilkBossIdleBuzz.cs""]"	exact_declared_type
HutongGames.PlayMaker.Actions.SilkCloudNextOrb	15	"[""Assets/Scripts/Assembly-CSharp/HutongGames/PlayMaker/Actions/SilkCloudNextOrb.cs""]"	exact_declared_type
HutongGames.PlayMaker.Actions.SilkRationMachineGetRation	2	"[""Assets/Scripts/Assembly-CSharp/HutongGames/PlayMaker/Actions/SilkRationMachineGetRation.cs""]"	exact_declared_type
HutongGames.PlayMaker.Actions.SimpleTiltByVelocityX	8	"[""Assets/Scripts/Assembly-CSharp/HutongGames/PlayMaker/Actions/SimpleTiltByVelocityX.cs""]"	exact_declared_type
HutongGames.PlayMaker.Actions.SimpleTiltOtherByVelocityX	8	"[""Assets/Scripts/Assembly-CSharp/HutongGames/PlayMaker/Actions/SimpleTiltOtherByVelocityX.cs""]"	exact_declared_type
HutongGames.PlayMaker.Actions.Sleep2d	2	"[""Assets/PlayMaker/Actions/Physics2D/Sleep2d.cs""]"	exact_declared_type
HutongGames.PlayMaker.Actions.SpawnObjectFromGlobalPool	8708	"[""Assets/Scripts/ThirdParty/HutongGames/PlayMaker/Actions/SpawnObjectFromGlobalPool.cs""]"	exact_declared_type
HutongGames.PlayMaker.Actions.SpawnObjectFromGlobalPoolDelay	90	"[""Assets/Scripts/Assembly-CSharp/HutongGames/PlayMaker/Actions/SpawnObjectFromGlobalPoolDelay.cs""]"	exact_declared_type
HutongGames.PlayMaker.Actions.SpawnObjectFromGlobalPoolOverTime	47	"[""Assets/Scripts/ThirdParty/HutongGames/PlayMaker/Actions/SpawnObjectFromGlobalPoolOverTime.cs""]"	exact_declared_type
HutongGames.PlayMaker.Actions.SpawnObjectFromGlobalPoolOverTimeV2	52	"[""Assets/Scripts/ThirdParty/HutongGames/PlayMaker/Actions/SpawnObjectFromGlobalPoolOverTimeV2.cs""]"	exact_declared_type
HutongGames.PlayMaker.Actions.SpawnObjectFromGlobalPoolV2	15	"[""Assets/Scripts/Assembly-CSharp/HutongGames/PlayMaker/Actions/SpawnObjectFromGlobalPoolV2.cs""]"	exact_declared_type
HutongGames.PlayMaker.Actions.SpawnPowerUpGetMsg	11	"[""Assets/Scripts/Assembly-CSharp/HutongGames/PlayMaker/Actions/SpawnPowerUpGetMsg.cs""]"	exact_declared_type
HutongGames.PlayMaker.Actions.SpawnProjectile	1	"[""Assets/Scripts/Assembly-CSharp/HutongGames/PlayMaker/Actions/SpawnProjectile.cs""]"	exact_declared_type
HutongGames.PlayMaker.Actions.SpawnProjectileV2	7	"[""Assets/Scripts/Assembly-CSharp/HutongGames/PlayMaker/Actions/SpawnProjectileV2.cs""]"	exact_declared_type
HutongGames.PlayMaker.Actions.SpawnRandomObjects	30	"[""Assets/Scripts/ThirdParty/HutongGames/PlayMaker/Actions/SpawnRandomObjects.cs""]"	exact_declared_type
HutongGames.PlayMaker.Actions.SpawnRandomObjectsRadial	1	"[""Assets/Scripts/Assembly-CSharp/HutongGames/PlayMaker/Actions/SpawnRandomObjectsRadial.cs""]"	exact_declared_type
HutongGames.PlayMaker.Actions.SpawnRandomObjectsRadialRandom	1	"[""Assets/Scripts/Assembly-CSharp/HutongGames/PlayMaker/Actions/SpawnRandomObjectsRadialRandom.cs""]"	exact_declared_type
HutongGames.PlayMaker.Actions.SpawnRandomObjectsRadialV2	48	"[""Assets/Scripts/Assembly-CSharp/HutongGames/PlayMaker/Actions/SpawnRandomObjectsRadialV2.cs""]"	exact_declared_type
HutongGames.PlayMaker.Actions.SpawnRunEffects	4	"[""Assets/Scripts/Assembly-CSharp/HutongGames/PlayMaker/Actions/SpawnRunEffects.cs""]"	exact_declared_type
HutongGames.PlayMaker.Actions.SpawnSkillGetMsg	12	"[""Assets/Scripts/Assembly-CSharp/HutongGames/PlayMaker/Actions/SpawnSkillGetMsg.cs""]"	exact_declared_type
HutongGames.PlayMaker.Actions.SpriteFlashSetBlocked	3	"[""Assets/Scripts/Assembly-CSharp/HutongGames/PlayMaker/Actions/SpriteFlashSetBlocked.cs""]"	exact_declared_type
HutongGames.PlayMaker.Actions.StartCinematic	7	"[""Assets/Scripts/Assembly-CSharp/HutongGames/PlayMaker/Actions/StartCinematic.cs""]"	exact_declared_type
HutongGames.PlayMaker.Actions.StartClimber	19	"[""Assets/Scripts/Assembly-CSharp/HutongGames/PlayMaker/Actions/StartClimber.cs""]"	exact_declared_type
HutongGames.PlayMaker.Actions.StartCoroutine	1	"[""Assets/PlayMaker/Actions/ScriptControl/StartCoroutine.cs""]"	exact_declared_type
HutongGames.PlayMaker.Actions.StartFadeOutAudioSource	22	"[""Assets/Scripts/Assembly-CSharp/HutongGames/PlayMaker/Actions/StartFadeOutAudioSource.cs""]"	exact_declared_type
HutongGames.PlayMaker.Actions.StartFreeCameraMode	10	"[""Assets/Scripts/Assembly-CSharp/HutongGames/PlayMaker/Actions/StartFreeCameraMode.cs""]"	exact_declared_type
HutongGames.PlayMaker.Actions.StartFreeCameraModeV2	2	"[""Assets/Scripts/Assembly-CSharp/HutongGames/PlayMaker/Actions/StartFreeCameraModeV2.cs""]"	exact_declared_type
HutongGames.PlayMaker.Actions.StartGameplayTimer	1	"[""Assets/Scripts/Assembly-CSharp/HutongGames/PlayMaker/Actions/StartGameplayTimer.cs""]"	exact_declared_type
HutongGames.PlayMaker.Actions.StartHeroTalkAnimation	6	"[""Assets/Scripts/Assembly-CSharp/HutongGames/PlayMaker/Actions/StartHeroTalkAnimation.cs""]"	exact_declared_type
HutongGames.PlayMaker.Actions.StartNeedolinAudioLoop	4	"[""Assets/Scripts/Assembly-CSharp/HutongGames/PlayMaker/Actions/StartNeedolinAudioLoop.cs""]"	exact_declared_type
HutongGames.PlayMaker.Actions.StartPreloadingScene	46	"[""Assets/Scripts/Assembly-CSharp/HutongGames/PlayMaker/Actions/StartPreloadingScene.cs""]"	exact_declared_type
HutongGames.PlayMaker.Actions.StartRoarEmitter	284	"[""Assets/Scripts/Assembly-CSharp/HutongGames/PlayMaker/Actions/StartRoarEmitter.cs""]"	exact_declared_type
HutongGames.PlayMaker.Actions.StartRoarEmitterV2	14	"[""Assets/Scripts/Assembly-CSharp/HutongGames/PlayMaker/Actions/StartRoarEmitterV2.cs""]"	exact_declared_type
HutongGames.PlayMaker.Actions.StartRosaryCannonCharge	1	"[""Assets/Scripts/Assembly-CSharp/HutongGames/PlayMaker/Actions/StartRosaryCannonCharge.cs""]"	exact_declared_type
HutongGames.PlayMaker.Actions.StartWalkerV2	90	"[""Assets/Scripts/Assembly-CSharp/HutongGames/PlayMaker/Actions/StartWalkerV2.cs""]"	exact_declared_type
HutongGames.PlayMaker.Actions.StopClimber	57	"[""Assets/Scripts/Assembly-CSharp/HutongGames/PlayMaker/Actions/StopClimber.cs""]"	exact_declared_type
HutongGames.PlayMaker.Actions.StopParticleEmitter	3732	"[""Assets/Scripts/ThirdParty/HutongGames/PlayMaker/Actions/StopParticleEmitter.cs""]"	exact_declared_type
HutongGames.PlayMaker.Actions.StopParticleEmitterOnExit	6	"[""Assets/Scripts/Assembly-CSharp/HutongGames/PlayMaker/Actions/StopParticleEmitterOnExit.cs""]"	exact_declared_type
HutongGames.PlayMaker.Actions.StopParticleEmittersInChildren	716	"[""Assets/Scripts/ThirdParty/HutongGames/PlayMaker/Actions/StopParticleEmittersInChildren.cs""]"	exact_declared_type
HutongGames.PlayMaker.Actions.StopParticleEmittersInChildrenV2	74	"[""Assets/Scripts/Assembly-CSharp/HutongGames/PlayMaker/Actions/StopParticleEmittersInChildrenV2.cs""]"	exact_declared_type
HutongGames.PlayMaker.Actions.StopPlayParticleEffectsInChildren	1	"[""Assets/Scripts/Assembly-CSharp/HutongGames/PlayMaker/Actions/StopPlayParticleEffectsInChildren.cs""]"	exact_declared_type
HutongGames.PlayMaker.Actions.StopRoarEmitter	29	"[""Assets/Scripts/Assembly-CSharp/HutongGames/PlayMaker/Actions/StopRoarEmitter.cs""]"	exact_declared_type
HutongGames.PlayMaker.Actions.StopRosaryCannonCharge	2	"[""Assets/Scripts/Assembly-CSharp/HutongGames/PlayMaker/Actions/StopRosaryCannonCharge.cs""]"	exact_declared_type
HutongGames.PlayMaker.Actions.StopRunEffects	4	"[""Assets/Scripts/Assembly-CSharp/HutongGames/PlayMaker/Actions/StopRunEffects.cs""]"	exact_declared_type
HutongGames.PlayMaker.Actions.StopVibrationV2	14	"[""Assets/Scripts/Assembly-CSharp/HutongGames/PlayMaker/Actions/StopVibrationV2.cs""]"	exact_declared_type
HutongGames.PlayMaker.Actions.StopWalkerV2	347	"[""Assets/Scripts/Assembly-CSharp/HutongGames/PlayMaker/Actions/StopWalkerV2.cs""]"	exact_declared_type
HutongGames.PlayMaker.Actions.StoreTrackTriggerListAsArray	2	"[""Assets/Scripts/Assembly-CSharp/HutongGames/PlayMaker/Actions/StoreTrackTriggerListAsArray.cs""]"	exact_declared_type
HutongGames.PlayMaker.Actions.StringCompare	6668	"[""Assets/PlayMaker/Actions/Logic/StringCompare.cs""]"	exact_declared_type
HutongGames.PlayMaker.Actions.StringContains	13	"[""Assets/PlayMaker/Actions/Logic/StringContains.cs""]"	exact_declared_type
HutongGames.PlayMaker.Actions.StringSwitch	266	"[""Assets/PlayMaker/Actions/Logic/StringSwitch.cs""]"	exact_declared_type
HutongGames.PlayMaker.Actions.SubtractHP	24	"[""Assets/Scripts/ProjectCode/FSM/01_Project_Actions/Hollow_Knight/SubtractHP.cs""]"	exact_declared_type
HutongGames.PlayMaker.Actions.SuperJumpRaycast	2	"[""Assets/Scripts/Assembly-CSharp/HutongGames/PlayMaker/Actions/SuperJumpRaycast.cs""]"	exact_declared_type
HutongGames.PlayMaker.Actions.TakeCurrency	19	"[""Assets/Scripts/Assembly-CSharp/HutongGames/PlayMaker/Actions/TakeCurrency.cs""]"	exact_declared_type
HutongGames.PlayMaker.Actions.TakeDamage	17	"[""Assets/Scripts/MixedIntegrations/PlayMakerActions/TakeDamage.cs""]"	exact_declared_type
HutongGames.PlayMaker.Actions.TakeSilk	44	"[""Assets/Scripts/Assembly-CSharp/HutongGames/PlayMaker/Actions/TakeSilk.cs""]"	exact_declared_type
HutongGames.PlayMaker.Actions.TakeSilkV2	10	"[""Assets/Scripts/Assembly-CSharp/HutongGames/PlayMaker/Actions/TakeSilkV2.cs""]"	exact_declared_type
HutongGames.PlayMaker.Actions.TiltBySpeed	426	"[""Assets/Scripts/Assembly-CSharp/HutongGames/PlayMaker/Actions/TiltBySpeed.cs""]"	exact_declared_type
HutongGames.PlayMaker.Actions.TiltBySpeedY	168	"[""Assets/Scripts/Assembly-CSharp/HutongGames/PlayMaker/Actions/TiltBySpeedY.cs""]"	exact_declared_type
HutongGames.PlayMaker.Actions.Tk2DAnimationByDirection	13	"[""Assets/Scripts/Assembly-CSharp/HutongGames/PlayMaker/Actions/Tk2DAnimationByDirection.cs""]"	exact_declared_type
HutongGames.PlayMaker.Actions.Tk2dIsPlaying	2	"[""Assets/Scripts/ThirdParty/HutongGames/PlayMaker/Actions/Tk2dIsPlaying.cs""]"	exact_declared_type
HutongGames.PlayMaker.Actions.Tk2dPlayAnimation	28747	"[""Assets/Scripts/ThirdParty/HutongGames/PlayMaker/Actions/Tk2dPlayAnimation.cs""]"	exact_declared_type
HutongGames.PlayMaker.Actions.Tk2dPlayAnimationChildren	13	"[""Assets/Scripts/Assembly-CSharp/HutongGames/PlayMaker/Actions/Tk2dPlayAnimationChildren.cs""]"	exact_declared_type
HutongGames.PlayMaker.Actions.Tk2dPlayAnimationDelay	23	"[""Assets/Scripts/Assembly-CSharp/HutongGames/PlayMaker/Actions/Tk2dPlayAnimationDelay.cs""]"	exact_declared_type
HutongGames.PlayMaker.Actions.Tk2dPlayAnimationWait	501	"[""Assets/Scripts/Assembly-CSharp/HutongGames/PlayMaker/Actions/Tk2dPlayAnimationWait.cs""]"	exact_declared_type
HutongGames.PlayMaker.Actions.Tk2dPlayAnimationWaitV2	36	"[""Assets/Scripts/Assembly-CSharp/HutongGames/PlayMaker/Actions/Tk2dPlayAnimationWaitV2.cs""]"	exact_declared_type
HutongGames.PlayMaker.Actions.Tk2dPlayAnimationWithEvents	31295	"[""Assets/Scripts/ThirdParty/HutongGames/PlayMaker/Actions/Tk2dPlayAnimationWithEvents.cs""]"	exact_declared_type
HutongGames.PlayMaker.Actions.Tk2dPlayAnimationWithEventsV2	40	"[""Assets/Scripts/Assembly-CSharp/HutongGames/PlayMaker/Actions/Tk2dPlayAnimationWithEventsV2.cs""]"	exact_declared_type
HutongGames.PlayMaker.Actions.Tk2dPlayAnimationWithEventsV3	33	"[""Assets/Scripts/Assembly-CSharp/HutongGames/PlayMaker/Actions/Tk2dPlayAnimationWithEventsV3.cs""]"	exact_declared_type
HutongGames.PlayMaker.Actions.Tk2dPlayFrame	3082	"[""Assets/Scripts/ThirdParty/HutongGames/PlayMaker/Actions/Tk2dPlayFrame.cs""]"	exact_declared_type
HutongGames.PlayMaker.Actions.Tk2dPlayRandomAnimationWithEvents	1	"[""Assets/Scripts/Assembly-CSharp/HutongGames/PlayMaker/Actions/Tk2dPlayRandomAnimationWithEvents.cs""]"	exact_declared_type
HutongGames.PlayMaker.Actions.Tk2dSpriteGetColor	74	"[""Assets/Scripts/ThirdParty/HutongGames/PlayMaker/Actions/Tk2dSpriteGetColor.cs""]"	exact_declared_type
HutongGames.PlayMaker.Actions.Tk2dSpriteGetId	130	"[""Assets/Scripts/ThirdParty/HutongGames/PlayMaker/Actions/Tk2dSpriteGetId.cs""]"	exact_declared_type
HutongGames.PlayMaker.Actions.Tk2dSpriteSetColor	3243	"[""Assets/Scripts/ThirdParty/HutongGames/PlayMaker/Actions/Tk2dSpriteSetColor.cs""]"	exact_declared_type
HutongGames.PlayMaker.Actions.Tk2dSpriteSetScale	96	"[""Assets/Scripts/ThirdParty/HutongGames/PlayMaker/Actions/Tk2dSpriteSetScale.cs""]"	exact_declared_type
HutongGames.PlayMaker.Actions.Tk2dSpriteTweenColor	1731	"[""Assets/Scripts/ThirdParty/HutongGames/PlayMaker/Actions/Tk2dSpriteTweenColor.cs""]"	exact_declared_type
HutongGames.PlayMaker.Actions.Tk2dStopAnimation	147	"[""Assets/Scripts/ThirdParty/HutongGames/PlayMaker/Actions/Tk2dStopAnimation.cs""]"	exact_declared_type
HutongGames.PlayMaker.Actions.Tk2dWatchAnimationEvents	7457	"[""Assets/Scripts/ThirdParty/HutongGames/PlayMaker/Actions/Tk2dWatchAnimationEvents.cs""]"	exact_declared_type
HutongGames.PlayMaker.Actions.Tk2dWatchAnimationEventsV2	26	"[""Assets/Scripts/Assembly-CSharp/HutongGames/PlayMaker/Actions/Tk2dWatchAnimationEventsV2.cs""]"	exact_declared_type
HutongGames.PlayMaker.Actions.Tk2dWatchAnimationEventsV3	19	"[""Assets/Scripts/Assembly-CSharp/HutongGames/PlayMaker/Actions/Tk2dWatchAnimationEventsV3.cs""]"	exact_declared_type
HutongGames.PlayMaker.Actions.ToolItemStatesLiquidRefillRefills	1	"[""Assets/Scripts/Assembly-CSharp/HutongGames/PlayMaker/Actions/ToolItemStatesLiquidRefillRefills.cs""]"	exact_declared_type
HutongGames.PlayMaker.Actions.ToolItemStatesLiquidReportBottleBroken	2	"[""Assets/Scripts/Assembly-CSharp/HutongGames/PlayMaker/Actions/ToolItemStatesLiquidReportBottleBroken.cs""]"	exact_declared_type
HutongGames.PlayMaker.Actions.ToolsActiveStateControl	26	"[""Assets/Scripts/Assembly-CSharp/HutongGames/PlayMaker/Actions/ToolsActiveStateControl.cs""]"	exact_declared_type
HutongGames.PlayMaker.Actions.ToolsActiveStateControlV2	12	"[""Assets/Scripts/Assembly-CSharp/HutongGames/PlayMaker/Actions/ToolsActiveStateControlV2.cs""]"	exact_declared_type
HutongGames.PlayMaker.Actions.ToolsCutsceneControl	66	"[""Assets/Scripts/Assembly-CSharp/HutongGames/PlayMaker/Actions/ToolsCutsceneControl.cs""]"	exact_declared_type
HutongGames.PlayMaker.Actions.TransformPoint	2	"[""Assets/PlayMaker/Actions/Transform/TransformPoint.cs""]"	exact_declared_type
HutongGames.PlayMaker.Actions.TransformVector2	20	"[""Assets/Scripts/Assembly-CSharp/HutongGames/PlayMaker/Actions/TransformVector2.cs""]"	exact_declared_type
HutongGames.PlayMaker.Actions.TransformVector3	1	"[""Assets/Scripts/Assembly-CSharp/HutongGames/PlayMaker/Actions/TransformVector3.cs""]"	exact_declared_type
HutongGames.PlayMaker.Actions.TransitionToAudioSnapshot	1328	"[""Assets/Scripts/ThirdParty/HutongGames/PlayMaker/Actions/TransitionToAudioSnapshot.cs""]"	exact_declared_type
HutongGames.PlayMaker.Actions.Translate	5441	"[""Assets/PlayMaker/Actions/Transform/Translate.cs""]"	exact_declared_type
HutongGames.PlayMaker.Actions.TranslatePosition2d	1	"[""Assets/PlayMaker/Actions/Physics2D/TranslatePosition2d.cs""]"	exact_declared_type
HutongGames.PlayMaker.Actions.TranslateRandom	400	"[""Assets/Scripts/Assembly-CSharp/HutongGames/PlayMaker/Actions/TranslateRandom.cs""]"	exact_declared_type
HutongGames.PlayMaker.Actions.TranslateVelocity2dConditional	11	"[""Assets/Scripts/Assembly-CSharp/HutongGames/PlayMaker/Actions/TranslateVelocity2dConditional.cs""]"	exact_declared_type
HutongGames.PlayMaker.Actions.Trigger2dEvent	2703	"[""Assets/PlayMaker/Actions/Physics2D/Trigger2dEvent.cs""]"	exact_declared_type
HutongGames.PlayMaker.Actions.Trigger2dEventCheckName	1	"[""Assets/Scripts/Assembly-CSharp/HutongGames/PlayMaker/Actions/Trigger2dEventCheckName.cs""]"	exact_declared_type
HutongGames.PlayMaker.Actions.Trigger2dEventLayer	4617	"[""Assets/Scripts/ThirdParty/HutongGames/PlayMaker/Actions/Trigger2dEventLayer.cs""]"	exact_declared_type
HutongGames.PlayMaker.Actions.Trigger2dEventLayerIfBool	2	"[""Assets/Scripts/Assembly-CSharp/HutongGames/PlayMaker/Actions/Trigger2dEventLayerIfBool.cs""]"	exact_declared_type
HutongGames.PlayMaker.Actions.Trigger2dEventLayerNoTriggers	1	"[""Assets/Scripts/Assembly-CSharp/HutongGames/PlayMaker/Actions/Trigger2dEventLayerNoTriggers.cs""]"	exact_declared_type
HutongGames.PlayMaker.Actions.Trigger2dEventV2	168	"[""Assets/Scripts/Assembly-CSharp/HutongGames/PlayMaker/Actions/Trigger2dEventV2.cs""]"	exact_declared_type
HutongGames.PlayMaker.Actions.Trigger2dEventWait	96	"[""Assets/Scripts/Assembly-CSharp/HutongGames/PlayMaker/Actions/Trigger2dEventWait.cs""]"	exact_declared_type
HutongGames.PlayMaker.Actions.TriggerEnterEventSubscribe	41	"[""Assets/Scripts/ProjectCode/FSM/01_Project_Actions/Hollow_Knight/TriggerEnterEventSubscribe.cs""]"	exact_declared_type
HutongGames.PlayMaker.Actions.TriggerWorldRumble	3	"[""Assets/Scripts/Assembly-CSharp/HutongGames/PlayMaker/Actions/TriggerWorldRumble.cs""]"	exact_declared_type
HutongGames.PlayMaker.Actions.TryOpenQuickMap	2	"[""Assets/Scripts/Assembly-CSharp/HutongGames/PlayMaker/Actions/TryOpenQuickMap.cs""]"	exact_declared_type
HutongGames.PlayMaker.Actions.TryPositionColliderOnGround	17	"[""Assets/Scripts/Assembly-CSharp/HutongGames/PlayMaker/Actions/TryPositionColliderOnGround.cs""]"	exact_declared_type
HutongGames.PlayMaker.Actions.TryReplenishTools	504	"[""Assets/Scripts/Assembly-CSharp/HutongGames/PlayMaker/Actions/TryReplenishTools.cs""]"	exact_declared_type
HutongGames.PlayMaker.Actions.UIMsgPopupSetMinY	7	"[""Assets/Scripts/Assembly-CSharp/HutongGames/PlayMaker/Actions/UIMsgPopupSetMinY.cs""]"	exact_declared_type
HutongGames.PlayMaker.Actions.UmbrellaMotionX	18	"[""Assets/Scripts/Assembly-CSharp/HutongGames/PlayMaker/Actions/UmbrellaMotionX.cs""]"	exact_declared_type
HutongGames.PlayMaker.Actions.UmbrellaMotionXV2	7	"[""Assets/Scripts/Assembly-CSharp/HutongGames/PlayMaker/Actions/UmbrellaMotionXV2.cs""]"	exact_declared_type
HutongGames.PlayMaker.Actions.UnlockCrest	9	"[""Assets/Scripts/Assembly-CSharp/HutongGames/PlayMaker/Actions/UnlockCrest.cs""]"	exact_declared_type
HutongGames.PlayMaker.Actions.UpdateGameMapIfQueued	1	"[""Assets/Scripts/Assembly-CSharp/HutongGames/PlayMaker/Actions/UpdateGameMapIfQueued.cs""]"	exact_declared_type
HutongGames.PlayMaker.Actions.UpdateHeartPieceAchievement	1	"[""Assets/Scripts/Assembly-CSharp/HutongGames/PlayMaker/Actions/UpdateHeartPieceAchievement.cs""]"	exact_declared_type
HutongGames.PlayMaker.Actions.UpdateSilkSpoolAchievement	1	"[""Assets/Scripts/Assembly-CSharp/HutongGames/PlayMaker/Actions/UpdateSilkSpoolAchievement.cs""]"	exact_declared_type
HutongGames.PlayMaker.Actions.Vector2Add	89	"[""Assets/PlayMaker/Actions/Vector2/Vector2Add.cs""]"	exact_declared_type
HutongGames.PlayMaker.Actions.Vector2AddXY	127	"[""Assets/PlayMaker/Actions/Vector2/Vector2AddXY.cs""]"	exact_declared_type
HutongGames.PlayMaker.Actions.Vector2Multiply	397	"[""Assets/PlayMaker/Actions/Vector2/Vector2Multiply.cs""]"	exact_declared_type
HutongGames.PlayMaker.Actions.Vector2Operator	67	"[""Assets/PlayMaker/Actions/Vector2/Vector2Operator.cs""]"	exact_declared_type
HutongGames.PlayMaker.Actions.Vector2Subtract	1	"[""Assets/PlayMaker/Actions/Vector2/Vector2Substract.cs""]"	exact_declared_type
HutongGames.PlayMaker.Actions.Vector3Add	241	"[""Assets/PlayMaker/Actions/Vector3/Vector3Add.cs""]"	exact_declared_type
HutongGames.PlayMaker.Actions.Vector3AddXYZ	415	"[""Assets/PlayMaker/Actions/Vector3/Vector3AddXYZ.cs""]"	exact_declared_type
HutongGames.PlayMaker.Actions.Vector3Multiply	10	"[""Assets/PlayMaker/Actions/Vector3/Vector3Multiply.cs""]"	exact_declared_type
HutongGames.PlayMaker.Actions.Vector3Operator	2	"[""Assets/PlayMaker/Actions/Vector3/Vector3Operator.cs""]"	exact_declared_type
HutongGames.PlayMaker.Actions.Wait	40602	"[""Assets/PlayMaker/Actions/Time/Wait.cs""]"	exact_declared_type
HutongGames.PlayMaker.Actions.WaitBool	562	"[""Assets/Scripts/Assembly-CSharp/HutongGames/PlayMaker/Actions/WaitBool.cs""]"	exact_declared_type
HutongGames.PlayMaker.Actions.WaitForMazeControllerDoorLink	2	"[""Assets/Scripts/Assembly-CSharp/HutongGames/PlayMaker/Actions/WaitForMazeControllerDoorLink.cs""]"	exact_declared_type
HutongGames.PlayMaker.Actions.WaitForSceneAudioSnapshotsApplied	11	"[""Assets/Scripts/Assembly-CSharp/HutongGames/PlayMaker/Actions/WaitForSceneAudioSnapshotsApplied.cs""]"	exact_declared_type
HutongGames.PlayMaker.Actions.WaitIfPoolCreation	6	"[""Assets/Scripts/Assembly-CSharp/HutongGames/PlayMaker/Actions/WaitIfPoolCreation.cs""]"	exact_declared_type
HutongGames.PlayMaker.Actions.WaitParticleSystem	1	"[""Assets/Scripts/Assembly-CSharp/HutongGames/PlayMaker/Actions/WaitParticleSystem.cs""]"	exact_declared_type
HutongGames.PlayMaker.Actions.WaitParticleSystemsInChildren	1	"[""Assets/Scripts/Assembly-CSharp/HutongGames/PlayMaker/Actions/WaitParticleSystemsInChildren.cs""]"	exact_declared_type
HutongGames.PlayMaker.Actions.WaitRandom	10367	"[""Assets/Scripts/ThirdParty/HutongGames/PlayMaker/Actions/WaitRandom.cs""]"	exact_declared_type
HutongGames.PlayMaker.Actions.WaitTimeAndTk2dFrame	28	"[""Assets/Scripts/Assembly-CSharp/HutongGames/PlayMaker/Actions/WaitTimeAndTk2dFrame.cs""]"	exact_declared_type
HutongGames.PlayMaker.Actions.WaitTrapdoorState	2	"[""Assets/Scripts/Assembly-CSharp/HutongGames/PlayMaker/Actions/WaitTrapdoorState.cs""]"	exact_declared_type
HutongGames.PlayMaker.Actions.WakeUp2d	5	"[""Assets/PlayMaker/Actions/Physics2D/WakeUp2d.cs""]"	exact_declared_type
HutongGames.PlayMaker.Actions.WalkLeftRight	468	"[""Assets/Scripts/ThirdParty/HutongGames/PlayMaker/Actions/WalkLeftRight.cs""]"	exact_declared_type
HutongGames.PlayMaker.Actions.iTweenFadeTo	50	"[""Assets/Scripts/ThirdParty/HutongGames/PlayMaker/Actions/iTweenFadeTo.cs""]"	exact_declared_type
HutongGames.PlayMaker.Actions.iTweenMoveBy	453	"[""Assets/Scripts/ThirdParty/HutongGames/PlayMaker/Actions/iTweenMoveBy.cs""]"	exact_declared_type
HutongGames.PlayMaker.Actions.iTweenMoveTo	572	"[""Assets/Scripts/ThirdParty/HutongGames/PlayMaker/Actions/iTweenMoveTo.cs""]"	exact_declared_type
HutongGames.PlayMaker.Actions.iTweenPunchPosition	256	"[""Assets/Scripts/ThirdParty/HutongGames/PlayMaker/Actions/iTweenPunchPosition.cs""]"	exact_declared_type
HutongGames.PlayMaker.Actions.iTweenRotateTo	207	"[""Assets/Scripts/ThirdParty/HutongGames/PlayMaker/Actions/iTweenRotateTo.cs""]"	exact_declared_type
HutongGames.PlayMaker.Actions.iTweenScaleBy	254	"[""Assets/Scripts/ThirdParty/HutongGames/PlayMaker/Actions/iTweenScaleBy.cs""]"	exact_declared_type
HutongGames.PlayMaker.Actions.iTweenScaleTo	78	"[""Assets/Scripts/ThirdParty/HutongGames/PlayMaker/Actions/iTweenScaleTo.cs""]"	exact_declared_type
HutongGames.PlayMaker.Actions.iTweenShakePosition	5	"[""Assets/Scripts/ThirdParty/HutongGames/PlayMaker/Actions/iTweenShakePosition.cs""]"	exact_declared_type
HutongGames.PlayMaker.Actions.tk2dPlayAnimAfterPreviousComplete	67	"[""Assets/Scripts/Assembly-CSharp/HutongGames/PlayMaker/Actions/tk2dPlayAnimAfterPreviousComplete.cs""]"	exact_declared_type
HutongGames.PlayMaker.Actions.tk2dPlayAnimAfterPreviousCompleteV2	2	"[""Assets/Scripts/Assembly-CSharp/HutongGames/PlayMaker/Actions/tk2dPlayAnimAfterPreviousCompleteV2.cs""]"	exact_declared_type
HutongGames.PlayMaker.Actions.tk2dPlayAnimationConditional	3	"[""Assets/Scripts/Assembly-CSharp/HutongGames/PlayMaker/Actions/tk2dPlayAnimationConditional.cs""]"	exact_declared_type
HutongGames.PlayMaker.Actions.tk2dPlayAnimationOptionalReset	2	"[""Assets/Scripts/Assembly-CSharp/HutongGames/PlayMaker/Actions/tk2dPlayAnimationOptionalReset.cs""]"	exact_declared_type
HutongGames.PlayMaker.DamageEnemyRespond	8	"[""Assets/Scripts/Assembly-CSharp/HutongGames/PlayMaker/DamageEnemyRespond.cs""]"	exact_declared_type
HutongGames.PlayMaker.DoDamage	4	"[""Assets/Scripts/Assembly-CSharp/HutongGames/PlayMaker/DoDamage.cs""]"	exact_declared_type
HutongGames.PlayMaker.GetDamageEnemyAttackType	1	"[""Assets/Scripts/Assembly-CSharp/HutongGames/PlayMaker/GetDamageEnemyAttackType.cs""]"	exact_declared_type
HutongGames.PlayMaker.GetDamagerDirection	45	"[""Assets/Scripts/Assembly-CSharp/HutongGames/PlayMaker/GetDamagerDirection.cs""]"	exact_declared_type
HutongGames.PlayMaker.MarkUIForRebuild	1	"[""Assets/Scripts/Assembly-CSharp/HutongGames/PlayMaker/MarkUIForRebuild.cs""]"	exact_declared_type
HutongGames.PlayMaker.ResetDamageEnemiesLists	9	"[""Assets/Scripts/Assembly-CSharp/HutongGames/PlayMaker/ResetDamageEnemiesLists.cs""]"	exact_declared_type
HutongGames.PlayMaker.SetDamageEnemies	2	"[""Assets/Scripts/Assembly-CSharp/HutongGames/PlayMaker/SetDamageEnemies.cs""]"	exact_declared_type
HutongGames.PlayMaker.SetDamageEnemyAmount	385	"[""Assets/Scripts/Assembly-CSharp/HutongGames/PlayMaker/SetDamageEnemyAmount.cs""]"	exact_declared_type
HutongGames.PlayMaker.SetDamageEnemyDirection	15	"[""Assets/Scripts/Assembly-CSharp/HutongGames/PlayMaker/SetDamageEnemyDirection.cs""]"	exact_declared_type
HutongGames.PlayMaker.SetDamageEnemyDirectionV2	2	"[""Assets/Scripts/Assembly-CSharp/HutongGames/PlayMaker/SetDamageEnemyDirectionV2.cs""]"	exact_declared_type
HutongGames.PlayMaker.StartHeroVibrationRegion	114	"[""Assets/Scripts/Assembly-CSharp/HutongGames/PlayMaker/StartHeroVibrationRegion.cs""]"	exact_declared_type
HutongGames.PlayMaker.VibrationRegionPlayOneShot	101	"[""Assets/Scripts/Assembly-CSharp/HutongGames/PlayMaker/VibrationRegionPlayOneShot.cs""]"	exact_declared_type
InstaDeath	59	"[""Assets/Scripts/ProjectCode/FSM/01_Project_Actions/Hollow_Knight/InstaDeath.cs""]"	short_name_candidate
InventoryItemSelectedAction	66	"[""Assets/Scripts/Assembly-CSharp/InventoryItemSelectedAction.cs""]"	exact_declared_type
MoveInventoryItemSelection	44	"[""Assets/Scripts/Assembly-CSharp/MoveInventoryItemSelection.cs""]"	exact_declared_type
MoveInventorySelectionPage	22	"[""Assets/Scripts/Assembly-CSharp/MoveInventorySelectionPage.cs""]"	exact_declared_type
MoveLiftChain	16	"[""Assets/Scripts/ProjectCode/FSM/01_Project_Actions/Hollow_Knight/MoveLiftChain.cs""]"	exact_declared_type
PauseAudioListener	2	"[""Assets/Scripts/ProjectCode/Game/08_Audio_Visual_Cinematics/PauseAudioListener.cs""]"	exact_declared_type
PlayAudioEvent	27190	"[""Assets/Scripts/ProjectCode/FSM/01_Project_Actions/Hollow_Knight/PlayAudioEvent.cs""]"	exact_declared_type
PlayAudioEventDelayed	7	"[""Assets/Scripts/ProjectCode/Game/08_Audio_Visual_Cinematics/PlayAudioEventDelayed.cs""]"	exact_declared_type
PlayAudioEventRandom	5333	"[""Assets/Scripts/ProjectCode/Game/08_Audio_Visual_Cinematics/PlayAudioEventRandom.cs""]"	exact_declared_type
PlayAudioEventRandomBool	212	"[""Assets/Scripts/ProjectCode/Game/08_Audio_Visual_Cinematics/PlayAudioEventRandomBool.cs""]"	exact_declared_type
PlayAudioEventRandomV2	2	"[""Assets/Scripts/ProjectCode/Game/08_Audio_Visual_Cinematics/PlayAudioEventRandomV2.cs""]"	exact_declared_type
PlayAudioEventV2	7	"[""Assets/Scripts/ProjectCode/Game/08_Audio_Visual_Cinematics/PlayAudioEventV2.cs""]"	exact_declared_type
PlayHitEffectsV2	1	"[""Assets/Scripts/Assembly-CSharp/PlayHitEffectsV2.cs""]"	exact_declared_type
PreventInvincibleEffect	4	"[""Assets/Scripts/ProjectCode/FSM/01_Project_Actions/Hollow_Knight/PreventInvincibleEffect.cs""]"	short_name_candidate
QuestPlaymakerActions.BeginQuest	16	"[""Assets/Scripts/ProjectCode/FSM/QuestActions/BeginQuest.cs""]"	exact_declared_type
QuestPlaymakerActions.BeginQuestV2	28	"[""Assets/Scripts/ProjectCode/FSM/QuestActions/BeginQuestV2.cs""]"	exact_declared_type
QuestPlaymakerActions.CanBeginQuest	3	"[""Assets/Scripts/ProjectCode/FSM/QuestActions/CanBeginQuest.cs""]"	exact_declared_type
QuestPlaymakerActions.CanEndQuest	20	"[""Assets/Scripts/ProjectCode/FSM/QuestActions/CanEndQuest.cs""]"	exact_declared_type
QuestPlaymakerActions.CanEndQuestV2	9	"[""Assets/Scripts/ProjectCode/FSM/QuestActions/CanEndQuestV2.cs""]"	exact_declared_type
QuestPlaymakerActions.CheckQuestState	143	"[""Assets/Scripts/ProjectCode/FSM/QuestActions/CheckQuestState.cs""]"	exact_declared_type
QuestPlaymakerActions.CheckQuestStateV2	96	"[""Assets/Scripts/ProjectCode/FSM/QuestActions/CheckQuestStateV2.cs""]"	exact_declared_type
QuestPlaymakerActions.EndQuest	46	"[""Assets/Scripts/ProjectCode/FSM/QuestActions/EndQuest.cs""]"	exact_declared_type
QuestPlaymakerActions.EndQuestV2	21	"[""Assets/Scripts/ProjectCode/FSM/QuestActions/EndQuestV2.cs""]"	exact_declared_type
QuestPlaymakerActions.GetQuestInfo	10	"[""Assets/Scripts/ProjectCode/FSM/QuestActions/GetQuestInfo.cs""]"	exact_declared_type
QuestPlaymakerActions.GetQuestReward	12	"[""Assets/Scripts/ProjectCode/FSM/QuestActions/GetQuestReward.cs""]"	exact_declared_type
QuestPlaymakerActions.GetQuestRewardV2	19	"[""Assets/Scripts/ProjectCode/FSM/QuestActions/GetQuestRewardV2.cs""]"	exact_declared_type
QuestPlaymakerActions.GetQuestState	29	"[""Assets/Scripts/ProjectCode/FSM/QuestActions/GetQuestState.cs""]"	exact_declared_type
QuestPlaymakerActions.QuestConsumeTargetTake	1	"[""Assets/Scripts/ProjectCode/FSM/QuestActions/QuestConsumeTargetTake.cs""]"	exact_declared_type
QuestPlaymakerActions.ShowQuestUpdatedStandalone	18	"[""Assets/Scripts/ProjectCode/FSM/QuestActions/ShowQuestUpdatedStandalone.cs""]"	exact_declared_type
QuestPlaymakerActions.TryEndQuest	2	"[""Assets/Scripts/ProjectCode/FSM/QuestActions/TryEndQuest.cs""]"	exact_declared_type
QuestPlaymakerActions.TryEndQuestV2	13	"[""Assets/Scripts/ProjectCode/FSM/QuestActions/TryEndQuestV2.cs""]"	exact_declared_type
QuestYesNo	20	"[""Assets/Scripts/Assembly-CSharp/QuestYesNo.cs""]"	exact_declared_type
QuestYesNoV2	3	"[""Assets/Scripts/Assembly-CSharp/QuestYesNoV2.cs""]"	exact_declared_type
QueueAutoSave	16	"[""Assets/Scripts/ProjectCode/Game/06_Data_Save_Progression/QueueAutoSave.cs""]"	exact_declared_type
QueueSaveGame	12	"[""Assets/Scripts/ProjectCode/Game/06_Data_Save_Progression/QueueSaveGame.cs""]"	exact_declared_type
QueueSaveGameV2	8	"[""Assets/Scripts/ProjectCode/Game/06_Data_Save_Progression/QueueSaveGameV2.cs""]"	exact_declared_type
RecordJournalKill	237	"[""Assets/Scripts/Assembly-CSharp/RecordJournalKill.cs""]"	exact_declared_type
RecordJournalKillV2	68	"[""Assets/Scripts/Assembly-CSharp/RecordJournalKillV2.cs""]"	exact_declared_type
ReportGameEnding	4	"[""Assets/Scripts/Assembly-CSharp/ReportGameEnding.cs""]"	exact_declared_type
SaveGame	147	"[""Assets/Scripts/ProjectCode/Game/06_Data_Save_Progression/SaveGame.cs""]"	exact_declared_type
SaveGameV2	23	"[""Assets/Scripts/ProjectCode/Game/06_Data_Save_Progression/SaveGameV2.cs""]"	exact_declared_type
ScreenFlash	3	"[""Assets/Scripts/Assembly-CSharp/HutongGames/PlayMaker/Actions/ScreenFlash.cs""]"	short_name_candidate
SendEventToRegister	13	"[""Assets/Scripts/ProjectCode/FSM/01_Project_Actions/Hollow_Knight/SendEventToRegister.cs""]"	short_name_candidate
SendInventoryPaneInputEvent	22	"[""Assets/Scripts/Assembly-CSharp/SendInventoryPaneInputEvent.cs""]"	exact_declared_type
SetCorpsePrefab	27	"[""Assets/Scripts/Assembly-CSharp/SetCorpsePrefab.cs""]"	exact_declared_type
SetCorpseSpawnPoint	33	"[""Assets/Scripts/ProjectCode/FSM/01_Project_Actions/Hollow_Knight/SetCorpseSpawnPoint.cs""]"	exact_declared_type
SetCrawlerAnim	6	"[""Assets/Scripts/Assembly-CSharp/SetCrawlerAnim.cs""]"	exact_declared_type
SetCrawlerSpeed	54	"[""Assets/Scripts/Assembly-CSharp/SetCrawlerSpeed.cs""]"	exact_declared_type
SetDeathRespawn	12	"[""Assets/Scripts/Assembly-CSharp/SetDeathRespawn.cs""]"	exact_declared_type
SetDeathRespawnNonLethal	20	"[""Assets/Scripts/Assembly-CSharp/SetDeathRespawnNonLethal.cs""]"	exact_declared_type
SetDeathRespawnOtherScene	2	"[""Assets/Scripts/Assembly-CSharp/SetDeathRespawnOtherScene.cs""]"	exact_declared_type
SetDeathRespawnV2	6	"[""Assets/Scripts/Assembly-CSharp/SetDeathRespawnV2.cs""]"	exact_declared_type
SetGeoDrop	9	"[""Assets/Scripts/ProjectCode/FSM/01_Project_Actions/Hollow_Knight/SetGeoDrop.cs""]"	short_name_candidate
SetInventoryItemSelected	55	"[""Assets/Scripts/Assembly-CSharp/SetInventoryItemSelected.cs""]"	exact_declared_type
SetInvincible	10	"[""Assets/Scripts/ProjectCode/FSM/01_Project_Actions/Hollow_Knight/SetInvincible.cs""]"	short_name_candidate
SetMenuButtonIconAction	6	"[""Assets/Scripts/ProjectCode/FSM/01_Project_Actions/Hollow_Knight/SetMenuButtonIconAction.cs""]"	exact_declared_type
SetRigidbody2DConstraints	98	"[""Assets/Scripts/Assembly-CSharp/SetRigidbody2DConstraints.cs""]"	exact_declared_type
SetRigidbodySimulated2D	8	"[""Assets/Scripts/ProjectCode/FSM/01_Project_Actions/General/SetRigidbodySimulated2D.cs""]"	exact_declared_type
SetSceneAmbientLight	20	"[""Assets/Scripts/Assembly-CSharp/SetSceneAmbientLight.cs""]"	exact_declared_type
SetShardDrop	7	"[""Assets/Scripts/Assembly-CSharp/HutongGames/PlayMaker/Actions/SetShardDrop.cs""]"	short_name_candidate
SetSpecialDeath	3	"[""Assets/Scripts/ProjectCode/FSM/01_Project_Actions/Hollow_Knight/SetSpecialDeath.cs""]"	short_name_candidate
SetSpriteRendererColor	277	"[""Assets/Scripts/Assembly-CSharp/SetSpriteRendererColor.cs""]"	exact_declared_type
SetStaticVariable	358	"[""Assets/Scripts/ProjectCode/FSM/01_Project_Actions/General/SetStaticVariable.cs""]"	exact_declared_type
SetStaticVariableV2	38	"[""Assets/Scripts/Assembly-CSharp/SetStaticVariableV2.cs""]"	exact_declared_type
ShopClosedGameMapUpdate	1	"[""Assets/Scripts/Assembly-CSharp/ShopClosedGameMapUpdate.cs""]"	exact_declared_type
SpawnBlood	1	"[""Assets/Scripts/ProjectCode/FSM/01_Project_Actions/General/SpawnBlood.cs""]"	exact_declared_type
StartCrawler	385	"[""Assets/Scripts/Assembly-CSharp/StartCrawler.cs""]"	exact_declared_type
StartWalker	426	"[""Assets/Scripts/ProjectCode/FSM/01_Project_Actions/Hollow_Knight/StartWalker.cs""]"	exact_declared_type
StopCrawler	663	"[""Assets/Scripts/Assembly-CSharp/StopCrawler.cs""]"	exact_declared_type
StopLiftChain	24	"[""Assets/Scripts/ProjectCode/FSM/01_Project_Actions/Hollow_Knight/StopLiftChain.cs""]"	exact_declared_type
StopWalker	1459	"[""Assets/Scripts/ProjectCode/FSM/01_Project_Actions/Hollow_Knight/StopWalker.cs""]"	exact_declared_type
TakeCrawbellCurrency	2	"[""Assets/Scripts/Assembly-CSharp/TakeCrawbellCurrency.cs""]"	exact_declared_type
TimeLimitCheck	194	"[""Assets/Scripts/ProjectCode/FSM/01_Project_Actions/General/TimeLimitCheck.cs""]"	exact_declared_type
TimeLimitCheckV2	383	"[""Assets/Scripts/Assembly-CSharp/TimeLimitCheckV2.cs""]"	exact_declared_type
TimeLimitRandomBool	63	"[""Assets/Scripts/Assembly-CSharp/TimeLimitRandomBool.cs""]"	exact_declared_type
TimeLimitSet	130	"[""Assets/Scripts/ProjectCode/FSM/01_Project_Actions/General/TimeLimitSet.cs""]"	exact_declared_type
TimeLimitSetRandom	35	"[""Assets/Scripts/Assembly-CSharp/TimeLimitSetRandom.cs""]"	exact_declared_type
TimeLimitSetV2	545	"[""Assets/Scripts/Assembly-CSharp/TimeLimitSetV2.cs""]"	exact_declared_type
TryMoveInventorySelectionPage	44	"[""Assets/Scripts/Assembly-CSharp/TryMoveInventorySelectionPage.cs""]"	exact_declared_type
TrySetInventoryItemSelected	22	"[""Assets/Scripts/Assembly-CSharp/TrySetInventoryItemSelected.cs""]"	exact_declared_type
UnalertTimer	203	"[""Assets/Scripts/Assembly-CSharp/UnalertTimer.cs""]"	exact_declared_type
VibrationPlayerPlay	3	"[""Assets/Scripts/ProjectCode/FSM/01_Project_Actions/Hollow_Knight/VibrationPlayerPlay.cs""]"	exact_declared_type
VibrationPlayerPlayV2	3	"[""Assets/Scripts/ProjectCode/Game/09_Platform_Input_Achievements/VibrationPlayerPlayV2.cs""]"	exact_declared_type
WaitForBossLoad	27	"[""Assets/Scripts/ProjectCode/FSM/01_Project_Actions/Hollow_Knight/WaitForBossLoad.cs""]"	exact_declared_type
WaitForFinishedEnteringScene	83	"[""Assets/Scripts/ProjectCode/FSM/01_Project_Actions/Hollow_Knight/WaitForFinishedEnteringScene.cs""]"	exact_declared_type
WaitForHeroInPosition	1744	"[""Assets/Scripts/ProjectCode/FSM/01_Project_Actions/Hollow_Knight/WaitForHeroInPosition.cs""]"	exact_declared_type
tk2dGetClipDuration	9	"[""Assets/Scripts/Assembly-CSharp/tk2dGetClipDuration.cs""]"	exact_declared_type
