source	component_id	owner_id	fsm_name	template_guid	template_file_id	template_paths
Assets/Audio/Audio Player Actor Lava Close.prefab	114618682377417806	1709254077376921	FSM	c332780cbeb3a264fb2eff442248d6cd	11400000	"[""Assets/PlayMaker/Templates/follow_camera_bound.asset""]"
Assets/Audio/HornetVoices/Coral Brawler/Corpse Coral Bubble Brute New.prefab	114621510681728303	1709254077376921	Crust Away	835e2f75c3b81504c92b1fecfac42850	11400000	"[""Assets/PlayMaker/Templates/corpse_coral_crust_away.asset""]"
Assets/GameObject/Abyss Ball Attack.prefab	114302127217294661	1724804207875695	FSM	ffe3a1a9c1e2bb94da3315cccccc4782	11400000	"[""Assets/PlayMaker/Templates/hornet_multi_wounder.asset""]"
Assets/GameObject/Abyss Whip Attack.prefab	114621510681728303	1724804207875695	hornet_multi_wounder	ffe3a1a9c1e2bb94da3315cccccc4782	11400000	"[""Assets/PlayMaker/Templates/hornet_multi_wounder.asset""]"
Assets/GameObject/Corpse Pilgrim 02 Female.prefab	114336590748365959	1709254077376921	coal_burn	eb011adb60a38f34d81049f66b6ae9b2	11400000	"[""Assets/PlayMaker/Templates/coal_burn.asset""]"
Assets/GameObject/Tool_brolly_spike_dj.prefab	114256069497284392	1709254077376921	brolly_spike_cooldown_check	ee53015d031590641bebe6ddce104c19	11400000	"[""Assets/PlayMaker/Templates/brolly_spike_cooldown_check.asset""]"
Assets/Prefabs/Camera/_GameCameras.prefab	114228822741072410	1005748758000737	Inventory Proxy	a1325dc212777ad41a004c4d0442f194	11400000	"[""Assets/PlayMaker/Templates/inventory_proxy.asset""]"
Assets/Prefabs/Camera/_GameCameras.prefab	114803376752622424	1182963961976222	Geo Sprite	30d1b5c991913584ea172d40633ceb41	11400000	"[""Assets/PlayMaker/Templates/geo_sprite_hud.asset""]"
Assets/Prefabs/Camera/_GameCameras.prefab	114872931244881570	1288309231489556	Inventory Proxy	a1325dc212777ad41a004c4d0442f194	11400000	"[""Assets/PlayMaker/Templates/inventory_proxy.asset""]"
Assets/Prefabs/Camera/_GameCameras.prefab	114711057939793929	1290433801961070	Geo Sprite	30d1b5c991913584ea172d40633ceb41	11400000	"[""Assets/PlayMaker/Templates/geo_sprite_hud.asset""]"
Assets/Prefabs/Camera/_GameCameras.prefab	114954809524641597	1336590748365959	FSM	507f1d82575f6db4180930011bef4353	11400000	"[""Assets/PlayMaker/Templates/health_barbed_wire.asset""]"
Assets/Prefabs/Camera/_GameCameras.prefab	114045912148214479	1463579974499585	Geo Sprite	30d1b5c991913584ea172d40633ceb41	11400000	"[""Assets/PlayMaker/Templates/geo_sprite_hud.asset""]"
Assets/Prefabs/Camera/_GameCameras.prefab	114856833066381742	1472185465350827	FSM	507f1d82575f6db4180930011bef4353	11400000	"[""Assets/PlayMaker/Templates/health_barbed_wire.asset""]"
Assets/Prefabs/Camera/_GameCameras.prefab	114004655730414492	1477356736728462	Inventory Proxy	a1325dc212777ad41a004c4d0442f194	11400000	"[""Assets/PlayMaker/Templates/inventory_proxy.asset""]"
Assets/Prefabs/Camera/_GameCameras.prefab	114430823065804768	1497698957906009	Geo Sprite	30d1b5c991913584ea172d40633ceb41	11400000	"[""Assets/PlayMaker/Templates/geo_sprite_hud.asset""]"
Assets/Prefabs/Camera/_GameCameras.prefab	114447800088958826	1587765826080250	health_display	2038f60e57c13b24cb78d3bc875f3b64	11400000	"[""Assets/PlayMaker/Templates/health_display.asset""]"
Assets/Prefabs/Camera/_GameCameras.prefab	114033438737443980	1660558914163427	Geo Sprite	30d1b5c991913584ea172d40633ceb41	11400000	"[""Assets/PlayMaker/Templates/geo_sprite_hud.asset""]"
Assets/Prefabs/Camera/_GameCameras.prefab	114733005199253516	1691570808825369	UI List GetInput	adc8ab88c5570644ab06d5bbf565910e	11400000	"[""Assets/PlayMaker/Templates/ui_list_getinput.asset""]"
Assets/Prefabs/Camera/_GameCameras.prefab	114634967995990779	1691570808825369	Inventory Proxy	a1325dc212777ad41a004c4d0442f194	11400000	"[""Assets/PlayMaker/Templates/inventory_proxy.asset""]"
Assets/Prefabs/Camera/_GameCameras.prefab	114368752629299307	1705390221481576	Animation	3dea9d4a04d0a4e459d665633d4c8fd3	11400000	"[""Assets/PlayMaker/Templates/fractured_mask_health_display.asset""]"
Assets/Prefabs/Camera/_GameCameras.prefab	114428284175992597	1733206282342372	health_display	2038f60e57c13b24cb78d3bc875f3b64	11400000	"[""Assets/PlayMaker/Templates/health_display.asset""]"
Assets/Prefabs/Camera/_GameCameras.prefab	114581190045590861	1776869072603399	Inventory Proxy	a1325dc212777ad41a004c4d0442f194	11400000	"[""Assets/PlayMaker/Templates/inventory_proxy.asset""]"
Assets/Prefabs/Camera/_GameCameras.prefab	114348903170611802	1870947366518887	Geo Sprite	30d1b5c991913584ea172d40633ceb41	11400000	"[""Assets/PlayMaker/Templates/geo_sprite_hud.asset""]"
Assets/Prefabs/Camera/_GameCameras.prefab	114273363751341826	1909426046791747	Inventory Proxy	a1325dc212777ad41a004c4d0442f194	11400000	"[""Assets/PlayMaker/Templates/inventory_proxy.asset""]"
Assets/Prefabs/Camera/_GameCameras.prefab	114576645424468337	1985908891298522	UI List GetInput	adc8ab88c5570644ab06d5bbf565910e	11400000	"[""Assets/PlayMaker/Templates/ui_list_getinput.asset""]"
Assets/Prefabs/Camera/_GameCameras.prefab	114900329360762789	1985908891298522	Inventory Proxy	a1325dc212777ad41a004c4d0442f194	11400000	"[""Assets/PlayMaker/Templates/inventory_proxy.asset""]"
Assets/Prefabs/Conch Projectile Heavy.prefab	114711914853252429	1730242686860875	FSM	ffe3a1a9c1e2bb94da3315cccccc4782	11400000	"[""Assets/PlayMaker/Templates/hornet_multi_wounder.asset""]"
Assets/Prefabs/Effects/Acid Splash.prefab	114099118695303065	1709254077376921	FSM	2a3836a243fdb7846887c672bc1ca3c3	11400000	"[""Assets/PlayMaker/Templates/destroy_after_anim.asset""]"
Assets/Prefabs/Enemies/Corpses/Corpse Lilypad Plat.prefab	114372920208702427	1709254077376921	corpse_chunk_flinger	429ae6481c98af540bee734835f196bb	11400000	"[""Assets/PlayMaker/Templates/corpse_chunk_flinger.asset""]"
Assets/Prefabs/Heroes/Bone Beast Children Teleport.prefab	114977153420339851	1709254077376921	bellbeast_child_teleport_arrive	6188d90dc1a05024e8f1962a3b750706	11400000	"[""Assets/PlayMaker/Templates/bellbeast_child_teleport_arrive.asset""]"
Assets/Prefabs/Heroes/Bone Beast Children Teleport.prefab	114302127217294661	1724804207875695	bellbeast_child_teleport_arrive	6188d90dc1a05024e8f1962a3b750706	11400000	"[""Assets/PlayMaker/Templates/bellbeast_child_teleport_arrive.asset""]"
Assets/Prefabs/Heroes/Hero_Hornet.prefab	114640522854344479	1709254077376921	Bind	14d20caac5e21114a97103b71f373c49	11400000	"[""Assets/PlayMaker/Templates/hornet_bind.asset""]"
Assets/Prefabs/Heroes/Hero_Hornet.prefab	114442553484811663	1709254077376921	Roar and Wound States	5405b41d43946db449c5e332481c5607	11400000	"[""Assets/PlayMaker/Templates/roar_and_wound_states.asset""]"
Assets/Prefabs/Heroes/Hero_Hornet.prefab	114195663224090321	1709254077376921	Sprint	f87d2734e3be6c54f98a02c0bcd2ac09	11400000	"[""Assets/PlayMaker/Templates/hornet_sprint.asset""]"
Assets/Prefabs/Heroes/Hero_Hornet.prefab	114030420127766190	1709254077376921	Mantle	a53876d15b38b8b42939480279d11ffe	11400000	"[""Assets/PlayMaker/Templates/hornet_mantle.asset""]"
Assets/Prefabs/Heroes/Hero_Hornet.prefab	114514865527688870	1709254077376921	Harpoon Dash	121da44fd7aa1b346b977de69e7c1292	11400000	"[""Assets/PlayMaker/Templates/hornet_harpoon_dash.asset""]"
Assets/Prefabs/Heroes/Hero_Hornet.prefab	114026881652295167	1709254077376921	Umbrella Float	8f439e8b5d7dfb248b71976788080f8a	11400000	"[""Assets/PlayMaker/Templates/hornet_umbrella_float.asset""]"
Assets/Prefabs/Heroes/Hero_Hornet.prefab	114940161511173612	1709254077376921	Tool Attacks	91cf650c50b429241a6e653f835cc8bd	11400000	"[""Assets/PlayMaker/Templates/tool_attacks.asset""]"
Assets/Prefabs/Heroes/Hero_Hornet.prefab	114808008904197051	1709254077376921	Silk Specials	d5650485985fbd441884b48c49aa7434	11400000	"[""Assets/PlayMaker/Templates/hornet_specials.asset""]"
Assets/Prefabs/Heroes/Hero_Hornet.prefab	114926484194617170	1709254077376921	Nail Arts	62cbae85b3758b144a5896e28fde0495	11400000	"[""Assets/PlayMaker/Templates/hornet_nail_arts.asset""]"
Assets/Prefabs/Heroes/Hero_Hornet.prefab	114837889324699812	1709254077376921	Superjump	65116925657165546ba7996cb54d7247	11400000	"[""Assets/PlayMaker/Templates/hornet_superjump.asset""]"
Assets/Prefabs/Heroes/Hero_Hornet.prefab	114673304322830374	1709254077376921	Sprint Silk Usage	8b79444dec659e94db9d668cf88f9f1d	11400000	"[""Assets/PlayMaker/Templates/hornet_sprint_silk_usage.asset""]"
Assets/Prefabs/Heroes/Hero_Hornet.prefab	114283010227348851	1709254077376921	Crest Attacks	9e4e4e1a9ba9fa54f87cb22364eeeed4	11400000	"[""Assets/PlayMaker/Templates/crest_attacks.asset""]"
Assets/Prefabs/Heroes/Hero_Hornet.prefab	114931007380020989	1709254077376921	Wall Scramble	8fb8c5b8e679772499f236380a1b4b9c	11400000	"[""Assets/PlayMaker/Templates/hornet_wall_scramble.asset""]"
Assets/Prefabs/Heroes/Hero_Hornet.prefab	114043588713450242	1730242686860875	color_fader	6d6797e906b8e734cbee4d3a9df9acbc	11400000	"[""Assets/PlayMaker/Templates/color_fader.asset""]"
Assets/Prefabs/Heroes/Hero_Hornet.prefab	114685803188454089	1829625606037309	Dealt Damage Response	f5a08b9c783252945aa4cfd85d51e33a	11400000	"[""Assets/PlayMaker/Templates/crest_downslash_reaction.asset""]"
Assets/Prefabs/Heroes/Hero_Hornet.prefab	114480275217568070	1499726237547504	Dealt Damage Response	f5a08b9c783252945aa4cfd85d51e33a	11400000	"[""Assets/PlayMaker/Templates/crest_downslash_reaction.asset""]"
Assets/Prefabs/Heroes/Hero_Hornet.prefab	114655519695436227	1121005239445321	Dealt Damage Response	f5a08b9c783252945aa4cfd85d51e33a	11400000	"[""Assets/PlayMaker/Templates/crest_downslash_reaction.asset""]"
Assets/Prefabs/Heroes/Hero_Hornet.prefab	114426100690460965	1433013960508438	Dealt Damage Response	f5a08b9c783252945aa4cfd85d51e33a	11400000	"[""Assets/PlayMaker/Templates/crest_downslash_reaction.asset""]"
Assets/Prefabs/Heroes/Hero_Hornet.prefab	114508203063796642	1038333544927157	Dealt Damage Response	f5a08b9c783252945aa4cfd85d51e33a	11400000	"[""Assets/PlayMaker/Templates/crest_downslash_reaction.asset""]"
Assets/Prefabs/Heroes/Hero_Hornet.prefab	114659964125031840	1901155395665742	Dealt Damage Response	0a0c7c7bf98254342aa085baa35f022f	11400000	"[""Assets/PlayMaker/Templates/crest_downslash_reaction_witch.asset""]"
Assets/Prefabs/Heroes/Hero_Hornet.prefab	114619897860471289	1197515695889172	Dealt Damage Response	f5a08b9c783252945aa4cfd85d51e33a	11400000	"[""Assets/PlayMaker/Templates/crest_downslash_reaction.asset""]"
Assets/Prefabs/Heroes/Hero_Hornet.prefab	114229355257720451	1500050402096248	Only Award Silk First Hit	560b6a1e2a7e79c45839f58c9369ac86	11400000	"[""Assets/MonoBehaviour/witch_charge_slash.asset""]"
Assets/Prefabs/Heroes/Hero_Hornet.prefab	114259660515897995	1382656168358062	Only Award Silk First Hit	560b6a1e2a7e79c45839f58c9369ac86	11400000	"[""Assets/MonoBehaviour/witch_charge_slash.asset""]"
Assets/Prefabs/Heroes/Hero_Hornet.prefab	114791130002855414	1360591974699550	FSM	6d6797e906b8e734cbee4d3a9df9acbc	11400000	"[""Assets/PlayMaker/Templates/color_fader.asset""]"
Assets/Prefabs/Heroes/Hero_Hornet.prefab	114923059595931933	1232415838589296	FSM	6d6797e906b8e734cbee4d3a9df9acbc	11400000	"[""Assets/PlayMaker/Templates/color_fader.asset""]"
Assets/Prefabs/Heroes/Hero_Hornet.prefab	114379233553254537	1807338725288812	Control	ea176b22d21ffec448fca098cb6fad4c	11400000	"[""Assets/PlayMaker/Templates/bell_bind_tool.asset""]"
Assets/Prefabs/Heroes/Tools/Tool Bomb.prefab	114985305603660343	1709254077376921	Control	03feb09d2a8753b41a68f236b97460c2	11400000	"[""Assets/MonoBehaviour/bomb_tool_control.asset""]"
Assets/Prefabs/Heroes/Tools/Tool Bomb.prefab	114672306508523268	1243736805655561	Detect	d1450ec900b3d2640a46c2da86f4335b	11400000	"[""Assets/MonoBehaviour/tool_bomb_interact.asset""]"
Assets/Prefabs/Heroes/Tools/Tool Dust Bomb New.prefab	114977153420339851	1709254077376921	Control	03feb09d2a8753b41a68f236b97460c2	11400000	"[""Assets/MonoBehaviour/bomb_tool_control.asset""]"
Assets/Prefabs/Heroes/Tools/Tool Dust Bomb New.prefab	114344419225485095	1709867586078768	Detect	d1450ec900b3d2640a46c2da86f4335b	11400000	"[""Assets/MonoBehaviour/tool_bomb_interact.asset""]"
Assets/Prefabs/Heroes/Tools/Tool_brolly_spike.prefab	114336590748365959	1709254077376921	brolly_spike_cooldown_check	ee53015d031590641bebe6ddce104c19	11400000	"[""Assets/PlayMaker/Templates/brolly_spike_cooldown_check.asset""]"
Assets/Prefabs/Heroes/Tools/Weaver Bomb Blast Zap.prefab	114336590748365959	1709254077376921	Control	765a37f59f3119543a2f91c1788f1705	11400000	"[""Assets/PlayMaker/Templates/weaver_bomb_blast.asset""]"
Assets/Prefabs/Heroes/Tools/Weaver Bomb Blast.prefab	114977153420339851	1709254077376921	Control	765a37f59f3119543a2f91c1788f1705	11400000	"[""Assets/PlayMaker/Templates/weaver_bomb_blast.asset""]"
Assets/Prefabs/Heroes/Tools/lightning_bola_explode_parent.prefab	114694121525821480	1587765826080250	hornet_multi_wounder	ffe3a1a9c1e2bb94da3315cccccc4782	11400000	"[""Assets/PlayMaker/Templates/hornet_multi_wounder.asset""]"
Assets/Prefabs/Hornet Bosses/Clover Dancer Sickle.prefab	114025901758691103	1709254077376921	hornet_multi_wounder	ffe3a1a9c1e2bb94da3315cccccc4782	11400000	"[""Assets/PlayMaker/Templates/hornet_multi_wounder.asset""]"
Assets/Prefabs/Hornet Bosses/Cloverstag White Sickle.prefab	114705390221481576	1709254077376921	hornet_multi_wounder	ffe3a1a9c1e2bb94da3315cccccc4782	11400000	"[""Assets/PlayMaker/Templates/hornet_multi_wounder.asset""]"
Assets/Prefabs/Hornet Bosses/Lost Lace/Lost_Lace_Wake_Tendrils.prefab	114634108722742392	1724804207875695	FSM	ffe3a1a9c1e2bb94da3315cccccc4782	11400000	"[""Assets/PlayMaker/Templates/hornet_multi_wounder.asset""]"
Assets/Prefabs/Hornet Bosses/Tormented Trobbio Tornado.prefab	114589667821646929	1709254077376921	Tornado Event Sender	5e99e452d0f5bee41aaac7f986cafa64	11400000	"[""Assets/PlayMaker/Templates/tornado_event_sender.asset""]"
Assets/Prefabs/Hornet Bosses/Tormented Trobbio Tornado.prefab	114372920208702427	1709254077376921	hornet_multi_wounder	ffe3a1a9c1e2bb94da3315cccccc4782	11400000	"[""Assets/PlayMaker/Templates/hornet_multi_wounder.asset""]"
Assets/Prefabs/Hornet Bosses/Trobbio Tornado.prefab	114025901758691103	1709254077376921	hornet_multi_wounder	ffe3a1a9c1e2bb94da3315cccccc4782	11400000	"[""Assets/PlayMaker/Templates/hornet_multi_wounder.asset""]"
Assets/Prefabs/Hornet Bosses/Trobbio Tornado.prefab	114918264173551851	1703437598541787	Tornado Event Sender	5e99e452d0f5bee41aaac7f986cafa64	11400000	"[""Assets/PlayMaker/Templates/tornado_event_sender.asset""]"
Assets/Prefabs/Hornet Bosses/Trobbio.prefab	114722951815217645	1709254077376921	Stun Control	2e4b6e573032075449b2ab0adc00c0b8	11400000	"[""Assets/PlayMaker/Templates/stun_control.asset""]"
Assets/Prefabs/Hornet Bosses/Trobbio.prefab	114354824845356902	1372920208702427	FSM	ffe3a1a9c1e2bb94da3315cccccc4782	11400000	"[""Assets/PlayMaker/Templates/hornet_multi_wounder.asset""]"
Assets/Prefabs/Hornet Bosses/Trobbio.prefab	114578716238308850	1472185465350827	Tornado Event Sender	5e99e452d0f5bee41aaac7f986cafa64	11400000	"[""Assets/PlayMaker/Templates/tornado_event_sender.asset""]"
Assets/Prefabs/Hornet Bosses/Vampire Gnat Sickle.prefab	114217368724061974	1730242686860875	FSM	ffe3a1a9c1e2bb94da3315cccccc4782	11400000	"[""Assets/PlayMaker/Templates/hornet_multi_wounder.asset""]"
Assets/Prefabs/Hornet Bosses/Vampire Gnat.prefab	114215879266689626	1709254077376921	Stun Control	2e4b6e573032075449b2ab0adc00c0b8	11400000	"[""Assets/PlayMaker/Templates/stun_control.asset""]"
Assets/Prefabs/Hornet Bosses/Vampire Gnat.prefab	114150646884989824	1372920208702427	Multihitter	ffe3a1a9c1e2bb94da3315cccccc4782	11400000	"[""Assets/PlayMaker/Templates/hornet_multi_wounder.asset""]"
Assets/Prefabs/Hornet Bosses/lace_bomb_slash.prefab	114694121525821480	1587765826080250	hornet_multi_wounder	ffe3a1a9c1e2bb94da3315cccccc4782	11400000	"[""Assets/PlayMaker/Templates/hornet_multi_wounder.asset""]"
Assets/Prefabs/Hornet Bosses/lace_circle_slash.prefab	114977153420339851	1730242686860875	FSM	ffe3a1a9c1e2bb94da3315cccccc4782	11400000	"[""Assets/PlayMaker/Templates/hornet_multi_wounder.asset""]"
Assets/Prefabs/Hornet Bosses/lace_wild_slash_blade.prefab	114372920208702427	1730242686860875	hornet_multi_wounder	ffe3a1a9c1e2bb94da3315cccccc4782	11400000	"[""Assets/PlayMaker/Templates/hornet_multi_wounder.asset""]"
Assets/Prefabs/Hornet Enemies/Carmelita Sickle.prefab	114256069497284392	1709254077376921	FSM	ffe3a1a9c1e2bb94da3315cccccc4782	11400000	"[""Assets/PlayMaker/Templates/hornet_multi_wounder.asset""]"
Assets/Prefabs/Hornet Enemies/Chef Maggot Blob High.prefab	114025901758691103	1709254077376921	Control	46ae077e1e58b5c449a3b40fa5fe2919	11400000	"[""Assets/PlayMaker/Templates/chef_maggot_blob.asset""]"
Assets/Prefabs/Hornet Enemies/Chef Maggot Blob.prefab	114025901758691103	1709254077376921	Control	46ae077e1e58b5c449a3b40fa5fe2919	11400000	"[""Assets/PlayMaker/Templates/chef_maggot_blob.asset""]"
Assets/Prefabs/Hornet Enemies/Coral Hunter Sickle.prefab	114025901758691103	1709254077376921	hornet_multi_wounder	ffe3a1a9c1e2bb94da3315cccccc4782	11400000	"[""Assets/PlayMaker/Templates/hornet_multi_wounder.asset""]"
Assets/Prefabs/Hornet Enemies/Corpses/Corpse Bone Circler Vicious.prefab	114336590748365959	1709254077376921	coal_burn	eb011adb60a38f34d81049f66b6ae9b2	11400000	"[""Assets/PlayMaker/Templates/coal_burn.asset""]"
Assets/Prefabs/Hornet Enemies/Corpses/Corpse Bone Circler.prefab	114336590748365959	1709254077376921	coal_burn	eb011adb60a38f34d81049f66b6ae9b2	11400000	"[""Assets/PlayMaker/Templates/coal_burn.asset""]"
Assets/Prefabs/Hornet Enemies/Corpses/Corpse Bone Crawler.prefab	114099118695303065	1709254077376921	corpse_chunk_flinger	429ae6481c98af540bee734835f196bb	11400000	"[""Assets/PlayMaker/Templates/corpse_chunk_flinger.asset""]"
Assets/Prefabs/Hornet Enemies/Corpses/Corpse Bone Flyer Transient.prefab	114099118695303065	1709254077376921	corpse_chunk_flinger	429ae6481c98af540bee734835f196bb	11400000	"[""Assets/PlayMaker/Templates/corpse_chunk_flinger.asset""]"
Assets/Prefabs/Hornet Enemies/Corpses/Corpse Bone Flyer.prefab	114002669891404536	1709254077376921	corpse_chunk_flinger	429ae6481c98af540bee734835f196bb	11400000	"[""Assets/PlayMaker/Templates/corpse_chunk_flinger.asset""]"
Assets/Prefabs/Hornet Enemies/Corpses/Corpse Bone Goomba Bounce Fly.prefab	114470112387431263	1709254077376921	coal_burn	eb011adb60a38f34d81049f66b6ae9b2	11400000	"[""Assets/PlayMaker/Templates/coal_burn.asset""]"
Assets/Prefabs/Hornet Enemies/Corpses/Corpse Bone Goomba Large.prefab	114900271049623953	1709254077376921	coal_burn	eb011adb60a38f34d81049f66b6ae9b2	11400000	"[""Assets/PlayMaker/Templates/coal_burn.asset""]"
Assets/Prefabs/Hornet Enemies/Corpses/Corpse Bone Goomba.prefab	114161607090078389	1709254077376921	coal_burn	eb011adb60a38f34d81049f66b6ae9b2	11400000	"[""Assets/PlayMaker/Templates/coal_burn.asset""]"
Assets/Prefabs/Hornet Enemies/Corpses/Corpse Bone Hopper.prefab	114161607090078389	1709254077376921	corpse_chunk_flinger	429ae6481c98af540bee734835f196bb	11400000	"[""Assets/PlayMaker/Templates/corpse_chunk_flinger.asset""]"
Assets/Prefabs/Hornet Enemies/Corpses/Corpse Bone Hopper.prefab	114946936116752871	1724804207875695	coal_burn	eb011adb60a38f34d81049f66b6ae9b2	11400000	"[""Assets/PlayMaker/Templates/coal_burn.asset""]"
Assets/Prefabs/Hornet Enemies/Corpses/Corpse Bone Hopper.prefab	114436073260064126	1709867586078768	coal_burn	eb011adb60a38f34d81049f66b6ae9b2	11400000	"[""Assets/PlayMaker/Templates/coal_burn.asset""]"
Assets/Prefabs/Hornet Enemies/Corpses/Corpse Bone Hunter Child.prefab	114002669891404536	1709254077376921	coal_burn	eb011adb60a38f34d81049f66b6ae9b2	11400000	"[""Assets/PlayMaker/Templates/coal_burn.asset""]"
Assets/Prefabs/Hornet Enemies/Corpses/Corpse Bone Hunter Tiny.prefab	114243736805655561	1709254077376921	corpse_chunk_flinger	429ae6481c98af540bee734835f196bb	11400000	"[""Assets/PlayMaker/Templates/corpse_chunk_flinger.asset""]"
Assets/Prefabs/Hornet Enemies/Corpses/Corpse Bone Hunter.prefab	114002669891404536	1709254077376921	coal_burn	eb011adb60a38f34d81049f66b6ae9b2	11400000	"[""Assets/PlayMaker/Templates/coal_burn.asset""]"
Assets/Prefabs/Hornet Enemies/Corpses/Corpse Bone Spitter.prefab	114099118695303065	1709254077376921	corpse_chunk_flinger	429ae6481c98af540bee734835f196bb	11400000	"[""Assets/PlayMaker/Templates/corpse_chunk_flinger.asset""]"
Assets/Prefabs/Hornet Enemies/Corpses/Corpse Coral Brawler.prefab	114470112387431263	1709254077376921	Crust Away	835e2f75c3b81504c92b1fecfac42850	11400000	"[""Assets/PlayMaker/Templates/corpse_coral_crust_away.asset""]"
Assets/Prefabs/Hornet Enemies/Corpses/Corpse Coral Bubble Brute.prefab	114002669891404536	1709254077376921	Crust Away	835e2f75c3b81504c92b1fecfac42850	11400000	"[""Assets/PlayMaker/Templates/corpse_coral_crust_away.asset""]"
Assets/Prefabs/Hornet Enemies/Corpses/Corpse Coral Flyer.prefab	114705390221481576	1709254077376921	Crust Away	835e2f75c3b81504c92b1fecfac42850	11400000	"[""Assets/PlayMaker/Templates/corpse_coral_crust_away.asset""]"
Assets/Prefabs/Hornet Enemies/Corpses/Corpse Coral Hunter.prefab	114977153420339851	1709254077376921	Crust Away	835e2f75c3b81504c92b1fecfac42850	11400000	"[""Assets/PlayMaker/Templates/corpse_coral_crust_away.asset""]"
Assets/Prefabs/Hornet Enemies/Corpses/Corpse Coral Warrior.prefab	114256069497284392	1709254077376921	Crust Away	835e2f75c3b81504c92b1fecfac42850	11400000	"[""Assets/PlayMaker/Templates/corpse_coral_crust_away.asset""]"
Assets/Prefabs/Hornet Enemies/Corpses/Corpse Dock Bomber.prefab	114672306508523268	1618682377417806	coal_burn	eb011adb60a38f34d81049f66b6ae9b2	11400000	"[""Assets/PlayMaker/Templates/coal_burn.asset""]"
Assets/Prefabs/Hornet Enemies/Corpses/Corpse Dock Charger.prefab	114161607090078389	1709254077376921	coal_burn	eb011adb60a38f34d81049f66b6ae9b2	11400000	"[""Assets/PlayMaker/Templates/coal_burn.asset""]"
Assets/Prefabs/Hornet Enemies/Corpses/Corpse Dock Flyer.prefab	114336590748365959	1709254077376921	coal_burn	eb011adb60a38f34d81049f66b6ae9b2	11400000	"[""Assets/PlayMaker/Templates/coal_burn.asset""]"
Assets/Prefabs/Hornet Enemies/Corpses/Corpse Dock Worker.prefab	114256069497284392	1709254077376921	coal_burn	eb011adb60a38f34d81049f66b6ae9b2	11400000	"[""Assets/PlayMaker/Templates/coal_burn.asset""]"
Assets/Prefabs/Hornet Enemies/Corpses/Corpse Pilgrim 02.prefab	114336590748365959	1709254077376921	coal_burn	eb011adb60a38f34d81049f66b6ae9b2	11400000	"[""Assets/PlayMaker/Templates/coal_burn.asset""]"
Assets/Prefabs/Hornet Enemies/Corpses/Corpse Pilgrim 03 Understore.prefab	114336590748365959	1709254077376921	coal_burn	eb011adb60a38f34d81049f66b6ae9b2	11400000	"[""Assets/PlayMaker/Templates/coal_burn.asset""]"
Assets/Prefabs/Hornet Enemies/Corpses/Corpse Pilgrim Staff Understore.prefab	114161607090078389	1709254077376921	coal_burn	eb011adb60a38f34d81049f66b6ae9b2	11400000	"[""Assets/PlayMaker/Templates/coal_burn.asset""]"
Assets/Prefabs/Hornet Enemies/Corpses/Corpse Song Automaton Shield.prefab	114044625135789424	1709254077376921	corpse_chunk_flinger	429ae6481c98af540bee734835f196bb	11400000	"[""Assets/PlayMaker/Templates/corpse_chunk_flinger.asset""]"
Assets/Prefabs/Hornet Enemies/Corpses/Corpse Stick Insect.prefab	114061268324235159	1709254077376921	Rotater	c0dcdc85277cfb84fa63f8239ddd7d27	11400000	"[""Assets/PlayMaker/Templates/corpse_particle_rotater.asset""]"
Assets/Prefabs/Hornet Enemies/Corpses/Corpse Swimmer Large.prefab	114632457200066912	1709254077376921	corpse_chunk_flinger	429ae6481c98af540bee734835f196bb	11400000	"[""Assets/PlayMaker/Templates/corpse_chunk_flinger.asset""]"
Assets/Prefabs/Hornet Enemies/Corpses/Corpse Swimmer Large.prefab	114841364053301648	1884547391421755	corpse_chunk_flinger	429ae6481c98af540bee734835f196bb	11400000	"[""Assets/PlayMaker/Templates/corpse_chunk_flinger.asset""]"
Assets/Prefabs/Hornet Enemies/Corpses/Corpse Understore Heavy.prefab	114161607090078389	1709254077376921	coal_burn	eb011adb60a38f34d81049f66b6ae9b2	11400000	"[""Assets/PlayMaker/Templates/coal_burn.asset""]"
Assets/Prefabs/Hornet Enemies/Corpses/Corpse Understore Poker.prefab	114161607090078389	1709254077376921	coal_burn	eb011adb60a38f34d81049f66b6ae9b2	11400000	"[""Assets/PlayMaker/Templates/coal_burn.asset""]"
Assets/Prefabs/Hornet Enemies/Corpses/Corpse Understore Thrower.prefab	114161607090078389	1709254077376921	coal_burn	eb011adb60a38f34d81049f66b6ae9b2	11400000	"[""Assets/PlayMaker/Templates/coal_burn.asset""]"
Assets/Prefabs/Hornet Enemies/Corpses/Corpse Weaver Servitor Large.prefab	114918264173551851	1709254077376921	corpse_chunk_flinger	429ae6481c98af540bee734835f196bb	11400000	"[""Assets/PlayMaker/Templates/corpse_chunk_flinger.asset""]"
Assets/Prefabs/Hornet Enemies/Corpses/Corpse Weaver Servitor Large.prefab	114672306508523268	1724804207875695	Control	dba5d81215f5bce4b92a0fe346508b97	11400000	"[""Assets/PlayMaker/Templates/corpse_servitor_chunk.asset""]"
Assets/Prefabs/Hornet Enemies/Corpses/Corpse Weaver Servitor Large.prefab	114397768327470545	1061268324235159	Control	dba5d81215f5bce4b92a0fe346508b97	11400000	"[""Assets/PlayMaker/Templates/corpse_servitor_chunk.asset""]"
Assets/Prefabs/Hornet Enemies/Corpses/Corpse Weaver Servitor Large.prefab	114829625606037309	1985305603660343	Control	dba5d81215f5bce4b92a0fe346508b97	11400000	"[""Assets/PlayMaker/Templates/corpse_servitor_chunk.asset""]"
Assets/Prefabs/Hornet Enemies/Flower Queen Boss.prefab	114722951815217645	1709254077376921	Stun Control	2e4b6e573032075449b2ab0adc00c0b8	11400000	"[""Assets/PlayMaker/Templates/stun_control.asset""]"
Assets/Prefabs/Hornet Enemies/Flower Queen Boss.prefab	114275549183895104	1002669891404536	FSM	ffe3a1a9c1e2bb94da3315cccccc4782	11400000	"[""Assets/PlayMaker/Templates/hornet_multi_wounder.asset""]"
Assets/Prefabs/Hornet Enemies/Flower Queen Boss.prefab	114232094423628703	1470112387431263	FSM	ffe3a1a9c1e2bb94da3315cccccc4782	11400000	"[""Assets/PlayMaker/Templates/hornet_multi_wounder.asset""]"
Assets/Prefabs/Hornet Enemies/Flower Queen Boss.prefab	114011164340880974	1313026266067498	FSM	ffe3a1a9c1e2bb94da3315cccccc4782	11400000	"[""Assets/PlayMaker/Templates/hornet_multi_wounder.asset""]"
Assets/Prefabs/Hornet Enemies/Flower Queen Boss.prefab	114358105479016104	1621510681728303	FSM	ffe3a1a9c1e2bb94da3315cccccc4782	11400000	"[""Assets/PlayMaker/Templates/hornet_multi_wounder.asset""]"
Assets/Prefabs/Hornet Enemies/Flower Queen Boss.prefab	114168105826085154	1632457200066912	FSM	ffe3a1a9c1e2bb94da3315cccccc4782	11400000	"[""Assets/PlayMaker/Templates/hornet_multi_wounder.asset""]"
Assets/Prefabs/Hornet Enemies/Flower Queen Boss.prefab	114896002537488308	1634108722742392	FSM	ffe3a1a9c1e2bb94da3315cccccc4782	11400000	"[""Assets/PlayMaker/Templates/hornet_multi_wounder.asset""]"
Assets/Prefabs/Hornet Enemies/Flower Queen Boss.prefab	114092105871539913	1302127217294661	FSM	ffe3a1a9c1e2bb94da3315cccccc4782	11400000	"[""Assets/PlayMaker/Templates/hornet_multi_wounder.asset""]"
Assets/Prefabs/Hornet Enemies/Flower Queen Boss.prefab	114817325062191328	1969106005120503	FSM	ffe3a1a9c1e2bb94da3315cccccc4782	11400000	"[""Assets/PlayMaker/Templates/hornet_multi_wounder.asset""]"
Assets/Prefabs/Hornet Enemies/Flower Queen Boss.prefab	114429401810989285	1472185465350827	hornet_multi_wounder	ffe3a1a9c1e2bb94da3315cccccc4782	11400000	"[""Assets/PlayMaker/Templates/hornet_multi_wounder.asset""]"
Assets/Prefabs/Hornet Enemies/Pilgrim StaffWielder.prefab	114642988549198181	1709254077376921	pilgrim_behaviour	5d4d1c36f09a17949a8eb0175e50b0b4	11400000	"[""Assets/PlayMaker/Templates/pilgrim_behaviour.asset""]"
Assets/Prefabs/Hornet Enemies/Pinstress Boss.prefab	114743393880019028	1709254077376921	Stun Control	2e4b6e573032075449b2ab0adc00c0b8	11400000	"[""Assets/PlayMaker/Templates/stun_control.asset""]"
Assets/Prefabs/Hornet Enemies/Pollen Shot FQ.prefab	114336590748365959	1709254077376921	hornet_multi_wounder	ffe3a1a9c1e2bb94da3315cccccc4782	11400000	"[""Assets/PlayMaker/Templates/hornet_multi_wounder.asset""]"
Assets/Prefabs/Hornet Enemies/Pollen Shot FQ.prefab	114875609422105747	1884547391421755	hornet_multi_wounder	ffe3a1a9c1e2bb94da3315cccccc4782	11400000	"[""Assets/PlayMaker/Templates/hornet_multi_wounder.asset""]"
Assets/Prefabs/Hornet Enemies/Song Automaton 01.prefab	114302127217294661	1709254077376921	Walk	1a114ee7b6e552f458fd7bc7adc62b7b	11400000	"[""Assets/PlayMaker/Templates/automaton_walk.asset""]"
Assets/Prefabs/Hornet Enemies/Song Automaton 01.prefab	114833703512093738	1587765826080250	FSM	ffe3a1a9c1e2bb94da3315cccccc4782	11400000	"[""Assets/PlayMaker/Templates/hornet_multi_wounder.asset""]"
Assets/Prefabs/Hornet Enemies/Song Automaton SlashMine.prefab	114313026266067498	1730242686860875	FSM	ffe3a1a9c1e2bb94da3315cccccc4782	11400000	"[""Assets/PlayMaker/Templates/hornet_multi_wounder.asset""]"
Assets/Prefabs/Hornet Enemies/Song Automaton SlashMine.prefab	114634108722742392	1724804207875695	FSM	ffe3a1a9c1e2bb94da3315cccccc4782	11400000	"[""Assets/PlayMaker/Templates/hornet_multi_wounder.asset""]"
Assets/Prefabs/Hornet Enemies/Song Creeper.prefab	114808113985169905	1709254077376921	Control	fe777cb94ae735a4fb0456cad6d27bbe	11400000	"[""Assets/PlayMaker/Templates/song_creeper.asset""]"
Assets/Prefabs/Hornet Enemies/Song Pilgrim 03.prefab	114279359913592680	1709867586078768	hornet_multi_wounder	ffe3a1a9c1e2bb94da3315cccccc4782	11400000	"[""Assets/PlayMaker/Templates/hornet_multi_wounder.asset""]"
Assets/Prefabs/Hornet Enemies/Song Pilgrim 03.prefab	114693062532245359	1044625135789424	hornet_multi_wounder	ffe3a1a9c1e2bb94da3315cccccc4782	11400000	"[""Assets/PlayMaker/Templates/hornet_multi_wounder.asset""]"
Assets/Prefabs/Hornet Enemies/Song Pilgrim 03.prefab	114799762105739359	1372920208702427	hornet_multi_wounder	ffe3a1a9c1e2bb94da3315cccccc4782	11400000	"[""Assets/PlayMaker/Templates/hornet_multi_wounder.asset""]"
Assets/Prefabs/Hornet Enemies/Song Pilgrim 03.prefab	114571878917323452	1025901758691103	hornet_multi_wounder	ffe3a1a9c1e2bb94da3315cccccc4782	11400000	"[""Assets/PlayMaker/Templates/hornet_multi_wounder.asset""]"
Assets/Prefabs/Hornet Enemies/Song Pilgrim 03.prefab	114208575754630950	1985305603660343	hornet_multi_wounder	ffe3a1a9c1e2bb94da3315cccccc4782	11400000	"[""Assets/PlayMaker/Templates/hornet_multi_wounder.asset""]"
Assets/Prefabs/Hornet Enemies/Song Pilgrim 03.prefab	114699617135816954	1705390221481576	hornet_multi_wounder	ffe3a1a9c1e2bb94da3315cccccc4782	11400000	"[""Assets/PlayMaker/Templates/hornet_multi_wounder.asset""]"
Assets/Prefabs/Hornet Enemies/Song Reed.prefab	114009931292380359	1977153420339851	hornet_multi_wounder	ffe3a1a9c1e2bb94da3315cccccc4782	11400000	"[""Assets/PlayMaker/Templates/hornet_multi_wounder.asset""]"
Assets/Prefabs/Hornet Enemies/Song Threaded Husk.prefab	114967328832014496	1618682377417806	Multihitter	ffe3a1a9c1e2bb94da3315cccccc4782	11400000	"[""Assets/PlayMaker/Templates/hornet_multi_wounder.asset""]"
Assets/Prefabs/Hornet Enemies/Understore Thrower.prefab	114689364072382846	1589667821646929	FSM	ffe3a1a9c1e2bb94da3315cccccc4782	11400000	"[""Assets/PlayMaker/Templates/hornet_multi_wounder.asset""]"
Assets/Prefabs/Hornet Enemies/clover_dancer_blade_sphere.prefab	114969106005120503	1703437598541787	hornet_multi_wounder	ffe3a1a9c1e2bb94da3315cccccc4782	11400000	"[""Assets/PlayMaker/Templates/hornet_multi_wounder.asset""]"
Assets/Prefabs/Hornet Enemies/cog_dancer_blade_sphere.prefab	114161607090078389	1703437598541787	hornet_multi_wounder	ffe3a1a9c1e2bb94da3315cccccc4782	11400000	"[""Assets/PlayMaker/Templates/hornet_multi_wounder.asset""]"
Assets/Prefabs/Hornet NPCs/Caravan/Flea Hunter Projectile.prefab	114705390221481576	1709254077376921	Bonk Hero	0be52a1bed6c73644ac1b9868853ffb2	11400000	"[""Assets/PlayMaker/Templates/fleagame_bonk_hero.asset""]"
Assets/Prefabs/Hornet NPCs/Garmond Fighter.prefab	114967328832014496	1709254077376921	Control	04b9a40fa5ae75c47a5cdd4b0998c7ac	11400000	"[""Assets/PlayMaker/Templates/garmond_control.asset""]"
Assets/Prefabs/Items/Heart Piece Instant.prefab	114025901758691103	1724804207875695	destroy_after_anim	2a3836a243fdb7846887c672bc1ca3c3	11400000	"[""Assets/PlayMaker/Templates/destroy_after_anim.asset""]"
Assets/Prefabs/Items/Silk Spool Instant.prefab	114372920208702427	1724804207875695	destroy_after_anim	2a3836a243fdb7846887c672bc1ca3c3	11400000	"[""Assets/PlayMaker/Templates/destroy_after_anim.asset""]"
Assets/Prefabs/Props/Harpoon Ring Citadel.prefab	114025901758691103	1709254077376921	Control	8b56ec0cfd65cc947973c77e650d446d	11400000	"[""Assets/PlayMaker/Templates/harpoon_ring.asset""]"
Assets/Prefabs/Scenery/Hornet_Core/Bone/Bone Spikes Large.prefab	114589667821646929	1724804207875695	enemy_message	40a9c40cac6976f43979028f936c4871	11400000	"[""Assets/PlayMaker/Templates/enemy_message.asset""]"
Assets/Prefabs/Scenery/Hornet_Core/Hornet_Interactive/lava_crumble_plat.prefab	114002669891404536	1709254077376921	Control	dffdfbd16b462044db08b6e5d24c8f6d	11400000	"[""Assets/PlayMaker/Templates/crumble_plat_liquid.asset""]"
Assets/Prefabs/UI/Blue Health.prefab	114705390221481576	1709254077376921	blue_health_display	03ec5e8860749b44994439a55120a8ab	11400000	"[""Assets/PlayMaker/Templates/blue_health_display_v2.asset""]"
Assets/Prefabs/UI/Fast Travel Map.prefab	114275549183895104	1709254077376921	ui_list_getinput	adc8ab88c5570644ab06d5bbf565910e	11400000	"[""Assets/PlayMaker/Templates/ui_list_getinput.asset""]"
Assets/Prefabs/UI/Fast Travel Map.prefab	114528911807818478	1709254077376921	Inventory Proxy	a1325dc212777ad41a004c4d0442f194	11400000	"[""Assets/PlayMaker/Templates/inventory_proxy.asset""]"
Assets/Prefabs/UI/Heart Piece/Heart Container UI.prefab	114356319167443197	1470112387431263	destroy_after_anim	2a3836a243fdb7846887c672bc1ca3c3	11400000	"[""Assets/PlayMaker/Templates/destroy_after_anim.asset""]"
Assets/Prefabs/UI/Journal/Journal Update Msg.prefab	114634108722742392	1618682377417806	FSM	6d6797e906b8e734cbee4d3a9df9acbc	11400000	"[""Assets/PlayMaker/Templates/color_fader.asset""]"
Assets/Prefabs/UI/Journal/Journal Update Msg.prefab	114642988549198181	1703437598541787	FSM	6d6797e906b8e734cbee4d3a9df9acbc	11400000	"[""Assets/PlayMaker/Templates/color_fader.asset""]"
Assets/Prefabs/UI/Journal/Journal Update Msg.prefab	114002669891404536	1724804207875695	FSM	6d6797e906b8e734cbee4d3a9df9acbc	11400000	"[""Assets/PlayMaker/Templates/color_fader.asset""]"
Assets/Prefabs/UI/Journal/Journal Update Msg.prefab	114025901758691103	1730242686860875	FSM	6d6797e906b8e734cbee4d3a9df9acbc	11400000	"[""Assets/PlayMaker/Templates/color_fader.asset""]"
Assets/Prefabs/UI/Journal/Materium Update Msg.prefab	114634108722742392	1618682377417806	FSM	6d6797e906b8e734cbee4d3a9df9acbc	11400000	"[""Assets/PlayMaker/Templates/color_fader.asset""]"
Assets/Prefabs/UI/Journal/Materium Update Msg.prefab	114642988549198181	1703437598541787	FSM	6d6797e906b8e734cbee4d3a9df9acbc	11400000	"[""Assets/PlayMaker/Templates/color_fader.asset""]"
Assets/Prefabs/UI/Journal/Materium Update Msg.prefab	114002669891404536	1724804207875695	FSM	6d6797e906b8e734cbee4d3a9df9acbc	11400000	"[""Assets/PlayMaker/Templates/color_fader.asset""]"
Assets/Prefabs/UI/Journal/Materium Update Msg.prefab	114025901758691103	1730242686860875	FSM	6d6797e906b8e734cbee4d3a9df9acbc	11400000	"[""Assets/PlayMaker/Templates/color_fader.asset""]"
Assets/Prefabs/UI/Messages/Task List Get Msg.prefab	114705390221481576	1730242686860875	color_fader	6d6797e906b8e734cbee4d3a9df9acbc	11400000	"[""Assets/PlayMaker/Templates/color_fader.asset""]"
Assets/Prefabs/UI/Messages/Task List Get Msg.prefab	114161607090078389	1724804207875695	color_fader	6d6797e906b8e734cbee4d3a9df9acbc	11400000	"[""Assets/PlayMaker/Templates/color_fader.asset""]"
Assets/Prefabs/UI/Messages/Task List Get Msg.prefab	114621510681728303	1618682377417806	color_fader	6d6797e906b8e734cbee4d3a9df9acbc	11400000	"[""Assets/PlayMaker/Templates/color_fader.asset""]"
Assets/Prefabs/UI/Messages/Task List Get Msg.prefab	114302127217294661	1703437598541787	color_fader	6d6797e906b8e734cbee4d3a9df9acbc	11400000	"[""Assets/PlayMaker/Templates/color_fader.asset""]"
Assets/Prefabs/UI/Messages/Task List Get Msg.prefab	114587397909062814	1884547391421755	color_fader	6d6797e906b8e734cbee4d3a9df9acbc	11400000	"[""Assets/PlayMaker/Templates/color_fader.asset""]"
Assets/Prefabs/UI/Messages/Task List Get Msg.prefab	114672306508523268	1099118695303065	color_fader	6d6797e906b8e734cbee4d3a9df9acbc	11400000	"[""Assets/PlayMaker/Templates/color_fader.asset""]"
Assets/Prefabs/UI/Messages/Task List Get Msg.prefab	114291844617409189	1243736805655561	color_fader	6d6797e906b8e734cbee4d3a9df9acbc	11400000	"[""Assets/PlayMaker/Templates/color_fader.asset""]"
Assets/Prefabs/UI/Messages/Task List Get Msg.prefab	114693329660128220	1061268324235159	color_fader	6d6797e906b8e734cbee4d3a9df9acbc	11400000	"[""Assets/PlayMaker/Templates/color_fader.asset""]"
Assets/Prefabs/UI/Messages/UI Msg Crest Evolve.prefab	114215879266689626	1730242686860875	color_fader	6d6797e906b8e734cbee4d3a9df9acbc	11400000	"[""Assets/PlayMaker/Templates/color_fader.asset""]"
Assets/Prefabs/UI/Messages/UI Msg Crest Evolve.prefab	114329075794784248	1719342369648492	color_fader	6d6797e906b8e734cbee4d3a9df9acbc	11400000	"[""Assets/PlayMaker/Templates/color_fader.asset""]"
Assets/Prefabs/UI/Messages/UI Msg Crest Evolve.prefab	114000342987746139	1726790013014859	color_fader	6d6797e906b8e734cbee4d3a9df9acbc	11400000	"[""Assets/PlayMaker/Templates/color_fader.asset""]"
Assets/Prefabs/UI/Messages/UI Msg Crest Evolve.prefab	114729442808604298	1436073260064126	color_fader	6d6797e906b8e734cbee4d3a9df9acbc	11400000	"[""Assets/PlayMaker/Templates/color_fader.asset""]"
Assets/Prefabs/UI/Messages/UI Msg Crest Evolve.prefab	114105912343260855	1801075752484240	color_fader	6d6797e906b8e734cbee4d3a9df9acbc	11400000	"[""Assets/PlayMaker/Templates/color_fader.asset""]"
Assets/Prefabs/UI/Messages/UI Msg Crest Evolve.prefab	114350408777337066	1000955326284023	color_fader	6d6797e906b8e734cbee4d3a9df9acbc	11400000	"[""Assets/PlayMaker/Templates/color_fader.asset""]"
Assets/Prefabs/UI/Messages/UI Msg Get Item White.prefab	114705390221481576	1730242686860875	color_fader	6d6797e906b8e734cbee4d3a9df9acbc	11400000	"[""Assets/PlayMaker/Templates/color_fader.asset""]"
Assets/Prefabs/UI/Messages/UI Msg Get Item White.prefab	114161607090078389	1724804207875695	color_fader	6d6797e906b8e734cbee4d3a9df9acbc	11400000	"[""Assets/PlayMaker/Templates/color_fader.asset""]"
Assets/Prefabs/UI/Messages/UI Msg Get Item White.prefab	114621510681728303	1618682377417806	color_fader	6d6797e906b8e734cbee4d3a9df9acbc	11400000	"[""Assets/PlayMaker/Templates/color_fader.asset""]"
Assets/Prefabs/UI/Messages/UI Msg Get Item White.prefab	114302127217294661	1703437598541787	color_fader	6d6797e906b8e734cbee4d3a9df9acbc	11400000	"[""Assets/PlayMaker/Templates/color_fader.asset""]"
Assets/Prefabs/UI/Messages/UI Msg Get Item White.prefab	114587397909062814	1884547391421755	color_fader	6d6797e906b8e734cbee4d3a9df9acbc	11400000	"[""Assets/PlayMaker/Templates/color_fader.asset""]"
Assets/Prefabs/UI/Messages/UI Msg Get Item White.prefab	114089843903986396	1099118695303065	color_fader	6d6797e906b8e734cbee4d3a9df9acbc	11400000	"[""Assets/PlayMaker/Templates/color_fader.asset""]"
Assets/Prefabs/UI/Messages/UI Msg Get Item White.prefab	114841364053301648	1243736805655561	color_fader	6d6797e906b8e734cbee4d3a9df9acbc	11400000	"[""Assets/PlayMaker/Templates/color_fader.asset""]"
Assets/Prefabs/UI/Messages/UI Msg Get Item White.prefab	114719342369648492	1061268324235159	color_fader	6d6797e906b8e734cbee4d3a9df9acbc	11400000	"[""Assets/PlayMaker/Templates/color_fader.asset""]"
Assets/Prefabs/UI/Messages/UI Msg Get Item White.prefab	114581786255902400	1587765826080250	color_fader	6d6797e906b8e734cbee4d3a9df9acbc	11400000	"[""Assets/PlayMaker/Templates/color_fader.asset""]"
Assets/Prefabs/UI/Messages/UI Msg Get Item White.prefab	114689364072382846	1709867586078768	color_fader	6d6797e906b8e734cbee4d3a9df9acbc	11400000	"[""Assets/PlayMaker/Templates/color_fader.asset""]"
Assets/Prefabs/UI/Messages/UI Msg Get Item White.prefab	114384403120170545	1044625135789424	color_fader	6d6797e906b8e734cbee4d3a9df9acbc	11400000	"[""Assets/PlayMaker/Templates/color_fader.asset""]"
Assets/Prefabs/UI/Messages/UI Msg Get Item.prefab	114561126880652180	1002669891404536	color_fader	6d6797e906b8e734cbee4d3a9df9acbc	11400000	"[""Assets/PlayMaker/Templates/color_fader.asset""]"
Assets/Prefabs/UI/Messages/UI Msg Get Item.prefab	114574190619683098	1044625135789424	color_fader	6d6797e906b8e734cbee4d3a9df9acbc	11400000	"[""Assets/PlayMaker/Templates/color_fader.asset""]"
Assets/Prefabs/UI/Messages/UI Msg Get Item.prefab	114045458335737618	1061268324235159	color_fader	6d6797e906b8e734cbee4d3a9df9acbc	11400000	"[""Assets/PlayMaker/Templates/color_fader.asset""]"
Assets/Prefabs/UI/Messages/UI Msg Get Item.prefab	114726790013014859	1099118695303065	color_fader	6d6797e906b8e734cbee4d3a9df9acbc	11400000	"[""Assets/PlayMaker/Templates/color_fader.asset""]"
Assets/Prefabs/UI/Messages/UI Msg Get Item.prefab	114328299215684997	1161607090078389	color_fader	6d6797e906b8e734cbee4d3a9df9acbc	11400000	"[""Assets/PlayMaker/Templates/color_fader.asset""]"
Assets/Prefabs/UI/Messages/UI Msg Get Item.prefab	114969505138979683	1256069497284392	color_fader	6d6797e906b8e734cbee4d3a9df9acbc	11400000	"[""Assets/PlayMaker/Templates/color_fader.asset""]"
Assets/Prefabs/UI/Messages/UI Msg Get Item.prefab	114167524263268962	1336590748365959	color_fader	6d6797e906b8e734cbee4d3a9df9acbc	11400000	"[""Assets/PlayMaker/Templates/color_fader.asset""]"
Assets/Prefabs/UI/Messages/UI Msg Get Item.prefab	114356319167443197	1372920208702427	color_fader	6d6797e906b8e734cbee4d3a9df9acbc	11400000	"[""Assets/PlayMaker/Templates/color_fader.asset""]"
Assets/Prefabs/UI/Messages/UI Msg Get Item.prefab	114026196548002408	1587765826080250	color_fader	6d6797e906b8e734cbee4d3a9df9acbc	11400000	"[""Assets/PlayMaker/Templates/color_fader.asset""]"
Assets/Prefabs/UI/Messages/UI Msg Get Item.prefab	114089843903986396	1618682377417806	color_fader	6d6797e906b8e734cbee4d3a9df9acbc	11400000	"[""Assets/PlayMaker/Templates/color_fader.asset""]"
Assets/Prefabs/UI/Messages/UI Msg Get Item.prefab	114433013960508438	1621510681728303	color_fader	6d6797e906b8e734cbee4d3a9df9acbc	11400000	"[""Assets/PlayMaker/Templates/color_fader.asset""]"
Assets/Prefabs/UI/Messages/UI Msg Get Item.prefab	114017892387517381	1632457200066912	color_fader	6d6797e906b8e734cbee4d3a9df9acbc	11400000	"[""Assets/PlayMaker/Templates/color_fader.asset""]"
Assets/Prefabs/UI/Messages/UI Msg Get Item.prefab	114177930474251431	1634108722742392	color_fader	6d6797e906b8e734cbee4d3a9df9acbc	11400000	"[""Assets/PlayMaker/Templates/color_fader.asset""]"
Assets/Prefabs/UI/Messages/UI Msg Get Item.prefab	114060945828524476	1703437598541787	color_fader	6d6797e906b8e734cbee4d3a9df9acbc	11400000	"[""Assets/PlayMaker/Templates/color_fader.asset""]"
Assets/Prefabs/UI/Messages/UI Msg Get Item.prefab	114704330047573733	1705390221481576	color_fader	6d6797e906b8e734cbee4d3a9df9acbc	11400000	"[""Assets/PlayMaker/Templates/color_fader.asset""]"
Assets/Prefabs/UI/Messages/UI Msg Get Item.prefab	114693062532245359	1709867586078768	color_fader	6d6797e906b8e734cbee4d3a9df9acbc	11400000	"[""Assets/PlayMaker/Templates/color_fader.asset""]"
Assets/Prefabs/UI/Messages/UI Msg Get Item.prefab	114320256170494724	1724804207875695	color_fader	6d6797e906b8e734cbee4d3a9df9acbc	11400000	"[""Assets/PlayMaker/Templates/color_fader.asset""]"
Assets/Prefabs/UI/Messages/UI Msg Get Item.prefab	114587397909062814	1730242686860875	color_fader	6d6797e906b8e734cbee4d3a9df9acbc	11400000	"[""Assets/PlayMaker/Templates/color_fader.asset""]"
Assets/Prefabs/UI/Messages/UI Msg Get Item.prefab	114967328832014496	1884547391421755	color_fader	6d6797e906b8e734cbee4d3a9df9acbc	11400000	"[""Assets/PlayMaker/Templates/color_fader.asset""]"
Assets/Prefabs/UI/Messages/UI Msg Get Item.prefab	114855482821919830	1977153420339851	color_fader	6d6797e906b8e734cbee4d3a9df9acbc	11400000	"[""Assets/PlayMaker/Templates/color_fader.asset""]"
Assets/Prefabs/UI/Messages/UI Msg Get Item.prefab	114703931505913403	1985305603660343	color_fader	6d6797e906b8e734cbee4d3a9df9acbc	11400000	"[""Assets/PlayMaker/Templates/color_fader.asset""]"
Assets/Prefabs/UI/Messages/UI Msg Get Map.prefab	114693062532245359	1044625135789424	color_fader	6d6797e906b8e734cbee4d3a9df9acbc	11400000	"[""Assets/PlayMaker/Templates/color_fader.asset""]"
Assets/Prefabs/UI/Messages/UI Msg Get Map.prefab	114693329660128220	1061268324235159	color_fader	6d6797e906b8e734cbee4d3a9df9acbc	11400000	"[""Assets/PlayMaker/Templates/color_fader.asset""]"
Assets/Prefabs/UI/Messages/UI Msg Get Map.prefab	114060945828524476	1099118695303065	color_fader	6d6797e906b8e734cbee4d3a9df9acbc	11400000	"[""Assets/PlayMaker/Templates/color_fader.asset""]"
Assets/Prefabs/UI/Messages/UI Msg Get Map.prefab	114344419225485095	1243736805655561	color_fader	6d6797e906b8e734cbee4d3a9df9acbc	11400000	"[""Assets/PlayMaker/Templates/color_fader.asset""]"
Assets/Prefabs/UI/Messages/UI Msg Get Map.prefab	114722951815217645	1587765826080250	color_fader	6d6797e906b8e734cbee4d3a9df9acbc	11400000	"[""Assets/PlayMaker/Templates/color_fader.asset""]"
Assets/Prefabs/UI/Messages/UI Msg Get Map.prefab	114302127217294661	1618682377417806	color_fader	6d6797e906b8e734cbee4d3a9df9acbc	11400000	"[""Assets/PlayMaker/Templates/color_fader.asset""]"
Assets/Prefabs/UI/Messages/UI Msg Get Map.prefab	114946936116752871	1703437598541787	color_fader	6d6797e906b8e734cbee4d3a9df9acbc	11400000	"[""Assets/PlayMaker/Templates/color_fader.asset""]"
Assets/Prefabs/UI/Messages/UI Msg Get Map.prefab	114094320201520353	1709867586078768	color_fader	6d6797e906b8e734cbee4d3a9df9acbc	11400000	"[""Assets/PlayMaker/Templates/color_fader.asset""]"
Assets/Prefabs/UI/Messages/UI Msg Get Map.prefab	114313026266067498	1724804207875695	color_fader	6d6797e906b8e734cbee4d3a9df9acbc	11400000	"[""Assets/PlayMaker/Templates/color_fader.asset""]"
Assets/Prefabs/UI/Messages/UI Msg Get Map.prefab	114256069497284392	1730242686860875	color_fader	6d6797e906b8e734cbee4d3a9df9acbc	11400000	"[""Assets/PlayMaker/Templates/color_fader.asset""]"
Assets/Prefabs/UI/Messages/UI Msg Get Map.prefab	114694121525821480	1884547391421755	color_fader	6d6797e906b8e734cbee4d3a9df9acbc	11400000	"[""Assets/PlayMaker/Templates/color_fader.asset""]"
Assets/Prefabs/UI/Quests/Quest Board.prefab	114215879266689626	1709254077376921	Inventory Proxy	a1325dc212777ad41a004c4d0442f194	11400000	"[""Assets/PlayMaker/Templates/inventory_proxy.asset""]"
Assets/Prefabs/UI/Shop/Shop Menu.prefab	114969505138979683	1243736805655561	FSM	6d6797e906b8e734cbee4d3a9df9acbc	11400000	"[""Assets/PlayMaker/Templates/color_fader.asset""]"
Assets/Prefabs/UI/Shop/Shop Menu.prefab	114132862189046193	1587765826080250	ui_list_getinput	adc8ab88c5570644ab06d5bbf565910e	11400000	"[""Assets/PlayMaker/Templates/ui_list_getinput.asset""]"
Assets/Prefabs/UI/Shop/Shop Menu.prefab	114066778049879928	1709867586078768	Shift_pos	6e0918481aa4ae74689b46056f245cea	11400000	"[""Assets/MonoBehaviour/shopitem_shiftpos.asset""]"
Assets/Prefabs/UI/Shop/Shop Menu.prefab	114463579974499585	1808113985169905	ui_list	32889d2f366e58f4fa4d265f223b5bcc	11400000	"[""Assets/MonoBehaviour/ui_list.asset""]"
Assets/Prefabs/UI/Shop/Shop Menu.prefab	114387228018655110	1808113985169905	ui_list_button_listen	45810c21b5e0f4a428a42cf7652acf52	11400000	"[""Assets/MonoBehaviour/ui_list_button_listen.asset""]"
Assets/Prefabs/UI/Shop/Shop Menu.prefab	114559203567323380	1060945828524476	ui_list_item	bb1f12d795b22c84692525fee31053e4	11400000	"[""Assets/MonoBehaviour/ui_list_item.asset""]"
Assets/Prefabs/UI/Shop/Shop Menu.prefab	114851449666512103	1472185465350827	menu_pointer	b065863160b673c4aa7d16fdd1b8f2f8	11400000	"[""Assets/MonoBehaviour/menu_pointer.asset""]"
Assets/Prefabs/UI/Shop/Shop Menu.prefab	114964822413698908	1518489005915545	menu_pointer	b065863160b673c4aa7d16fdd1b8f2f8	11400000	"[""Assets/MonoBehaviour/menu_pointer.asset""]"
Assets/Prefabs/UI/Shop/Shop Menu.prefab	114322008579206753	1344419225485095	ui_list_item	bb1f12d795b22c84692525fee31053e4	11400000	"[""Assets/MonoBehaviour/ui_list_item.asset""]"
Assets/Prefabs/UI/Shop/Shop Menu.prefab	114583788928901705	1107629493147155	menu_pointer	b065863160b673c4aa7d16fdd1b8f2f8	11400000	"[""Assets/MonoBehaviour/menu_pointer.asset""]"
Assets/Prefabs/UI/Shop/Shop Menu.prefab	114751888446361502	1833703512093738	menu_pointer	b065863160b673c4aa7d16fdd1b8f2f8	11400000	"[""Assets/MonoBehaviour/menu_pointer.asset""]"
Assets/Prefabs/UI/Shop/Shop Menu.prefab	114844361126439134	1801075752484240	ui_list_item	bb1f12d795b22c84692525fee31053e4	11400000	"[""Assets/MonoBehaviour/ui_list_item.asset""]"
Assets/Prefabs/UI/Shop/Simple Shop Menu.prefab	114693329660128220	1709254077376921	Inventory Proxy	a1325dc212777ad41a004c4d0442f194	11400000	"[""Assets/PlayMaker/Templates/inventory_proxy.asset""]"
Assets/Prefabs/UI/Tube Travel Map.prefab	114651560128206891	1709254077376921	ui_list_getinput	adc8ab88c5570644ab06d5bbf565910e	11400000	"[""Assets/PlayMaker/Templates/ui_list_getinput.asset""]"
Assets/Prefabs/UI/Tube Travel Map.prefab	114964469411310401	1709254077376921	Inventory Proxy	a1325dc212777ad41a004c4d0442f194	11400000	"[""Assets/PlayMaker/Templates/inventory_proxy.asset""]"
Assets/Scenes/Hornet/Abandoned_town.unity	5870	657	FSM	c332780cbeb3a264fb2eff442248d6cd	11400000	"[""Assets/PlayMaker/Templates/follow_camera_bound.asset""]"
Assets/Scenes/Hornet/Abyss_02b.unity	8700	423	Control	738c2a327406bb44cacb11fa41b004d0	11400000	"[""Assets/PlayMaker/Templates/enemy_recoil_blocker.asset""]"
Assets/Scenes/Hornet/Abyss_02b.unity	8708	595	Control	738c2a327406bb44cacb11fa41b004d0	11400000	"[""Assets/PlayMaker/Templates/enemy_recoil_blocker.asset""]"
Assets/Scenes/Hornet/Abyss_02b.unity	8710	909	Control	738c2a327406bb44cacb11fa41b004d0	11400000	"[""Assets/PlayMaker/Templates/enemy_recoil_blocker.asset""]"
Assets/Scenes/Hornet/Abyss_02b.unity	8734	1423	Control	738c2a327406bb44cacb11fa41b004d0	11400000	"[""Assets/PlayMaker/Templates/enemy_recoil_blocker.asset""]"
Assets/Scenes/Hornet/Abyss_05.unity	10380	1644	abyss_water_cursed_control	b7f22fe6a54a4d241b5c54b18eb21b1f	11400000	"[""Assets/PlayMaker/Templates/abyss_water_cursed_control.asset""]"
Assets/Scenes/Hornet/Abyss_07.unity	3557	182	abyss_water_cursed_control	b7f22fe6a54a4d241b5c54b18eb21b1f	11400000	"[""Assets/PlayMaker/Templates/abyss_water_cursed_control.asset""]"
Assets/Scenes/Hornet/Abyss_08.unity	8664	380	abyss_water_cursed_control	b7f22fe6a54a4d241b5c54b18eb21b1f	11400000	"[""Assets/PlayMaker/Templates/abyss_water_cursed_control.asset""]"
Assets/Scenes/Hornet/Abyss_09.unity	43430	830	Bench Control	30022a57d0796134fbc5d49b1decd4f9	11400000	"[""Assets/PlayMaker/Templates/bench_control.asset""]"
Assets/Scenes/Hornet/Abyss_09.unity	43710	5603	FSM	c332780cbeb3a264fb2eff442248d6cd	11400000	"[""Assets/PlayMaker/Templates/follow_camera_bound.asset""]"
Assets/Scenes/Hornet/Abyss_09.unity	43784	6893	FSM	c332780cbeb3a264fb2eff442248d6cd	11400000	"[""Assets/PlayMaker/Templates/follow_camera_bound.asset""]"
Assets/Scenes/Hornet/Abyss_09.unity	44115	11616	Control	dffdfbd16b462044db08b6e5d24c8f6d	11400000	"[""Assets/PlayMaker/Templates/crumble_plat_liquid.asset""]"
Assets/Scenes/Hornet/Abyss_09.unity	44117	11615	Control	dffdfbd16b462044db08b6e5d24c8f6d	11400000	"[""Assets/PlayMaker/Templates/crumble_plat_liquid.asset""]"
Assets/Scenes/Hornet/Abyss_09.unity	44119	11614	Control	dffdfbd16b462044db08b6e5d24c8f6d	11400000	"[""Assets/PlayMaker/Templates/crumble_plat_liquid.asset""]"
Assets/Scenes/Hornet/Abyss_09.unity	44235	8739	Control	0a90bbd7d59385641a93fc8723ca8247	11400000	"[""Assets/PlayMaker/Templates/updraft_region.asset""]"
Assets/Scenes/Hornet/Abyss_09.unity	44236	8738	Control	0a90bbd7d59385641a93fc8723ca8247	11400000	"[""Assets/PlayMaker/Templates/updraft_region.asset""]"
Assets/Scenes/Hornet/Abyss_09.unity	44237	8737	Control	0a90bbd7d59385641a93fc8723ca8247	11400000	"[""Assets/PlayMaker/Templates/updraft_region.asset""]"
Assets/Scenes/Hornet/Abyss_09.unity	44549	12157	Damage Hero	3ff80959024b2774c802f818564e033e	11400000	"[""Assets/PlayMaker/Templates/coal_region.asset""]"
Assets/Scenes/Hornet/Abyss_09.unity	44550	12156	Damage Hero	3ff80959024b2774c802f818564e033e	11400000	"[""Assets/PlayMaker/Templates/coal_region.asset""]"
Assets/Scenes/Hornet/Abyss_09.unity	44551	12160	Damage Hero	3ff80959024b2774c802f818564e033e	11400000	"[""Assets/PlayMaker/Templates/coal_region.asset""]"
Assets/Scenes/Hornet/Abyss_09.unity	44552	12159	Damage Hero	3ff80959024b2774c802f818564e033e	11400000	"[""Assets/PlayMaker/Templates/coal_region.asset""]"
Assets/Scenes/Hornet/Abyss_09.unity	44553	12158	Damage Hero	3ff80959024b2774c802f818564e033e	11400000	"[""Assets/PlayMaker/Templates/coal_region.asset""]"
Assets/Scenes/Hornet/Abyss_09.unity	44554	12154	Damage Hero	3ff80959024b2774c802f818564e033e	11400000	"[""Assets/PlayMaker/Templates/coal_region.asset""]"
Assets/Scenes/Hornet/Abyss_09.unity	44555	12153	Damage Hero	3ff80959024b2774c802f818564e033e	11400000	"[""Assets/PlayMaker/Templates/coal_region.asset""]"
Assets/Scenes/Hornet/Abyss_09.unity	44556	12155	Damage Hero	3ff80959024b2774c802f818564e033e	11400000	"[""Assets/PlayMaker/Templates/coal_region.asset""]"
Assets/Scenes/Hornet/Abyss_09.unity	44557	12149	Damage Hero	3ff80959024b2774c802f818564e033e	11400000	"[""Assets/PlayMaker/Templates/coal_region.asset""]"
Assets/Scenes/Hornet/Abyss_09.unity	44558	12150	Damage Hero	3ff80959024b2774c802f818564e033e	11400000	"[""Assets/PlayMaker/Templates/coal_region.asset""]"
Assets/Scenes/Hornet/Abyss_09.unity	44559	12152	Damage Hero	3ff80959024b2774c802f818564e033e	11400000	"[""Assets/PlayMaker/Templates/coal_region.asset""]"
Assets/Scenes/Hornet/Abyss_09.unity	44560	12151	Damage Hero	3ff80959024b2774c802f818564e033e	11400000	"[""Assets/PlayMaker/Templates/coal_region.asset""]"
Assets/Scenes/Hornet/Abyss_09.unity	44561	12148	Damage Hero	3ff80959024b2774c802f818564e033e	11400000	"[""Assets/PlayMaker/Templates/coal_region.asset""]"
Assets/Scenes/Hornet/Abyss_09.unity	44562	12144	Damage Hero	3ff80959024b2774c802f818564e033e	11400000	"[""Assets/PlayMaker/Templates/coal_region.asset""]"
Assets/Scenes/Hornet/Abyss_09.unity	44563	12145	Damage Hero	3ff80959024b2774c802f818564e033e	11400000	"[""Assets/PlayMaker/Templates/coal_region.asset""]"
Assets/Scenes/Hornet/Abyss_09.unity	44564	12146	Damage Hero	3ff80959024b2774c802f818564e033e	11400000	"[""Assets/PlayMaker/Templates/coal_region.asset""]"
Assets/Scenes/Hornet/Abyss_09.unity	44565	12147	Damage Hero	3ff80959024b2774c802f818564e033e	11400000	"[""Assets/PlayMaker/Templates/coal_region.asset""]"
Assets/Scenes/Hornet/Abyss_09.unity	44566	12139	Damage Hero	3ff80959024b2774c802f818564e033e	11400000	"[""Assets/PlayMaker/Templates/coal_region.asset""]"
Assets/Scenes/Hornet/Abyss_09.unity	44567	12140	Damage Hero	3ff80959024b2774c802f818564e033e	11400000	"[""Assets/PlayMaker/Templates/coal_region.asset""]"
Assets/Scenes/Hornet/Abyss_09.unity	44568	12138	Damage Hero	3ff80959024b2774c802f818564e033e	11400000	"[""Assets/PlayMaker/Templates/coal_region.asset""]"
Assets/Scenes/Hornet/Abyss_09.unity	44569	12142	Damage Hero	3ff80959024b2774c802f818564e033e	11400000	"[""Assets/PlayMaker/Templates/coal_region.asset""]"
Assets/Scenes/Hornet/Abyss_09.unity	44570	12143	Damage Hero	3ff80959024b2774c802f818564e033e	11400000	"[""Assets/PlayMaker/Templates/coal_region.asset""]"
Assets/Scenes/Hornet/Abyss_09.unity	44571	12141	Damage Hero	3ff80959024b2774c802f818564e033e	11400000	"[""Assets/PlayMaker/Templates/coal_region.asset""]"
Assets/Scenes/Hornet/Abyss_09.unity	44572	12135	Damage Hero	3ff80959024b2774c802f818564e033e	11400000	"[""Assets/PlayMaker/Templates/coal_region.asset""]"
Assets/Scenes/Hornet/Abyss_09.unity	44573	12137	Damage Hero	3ff80959024b2774c802f818564e033e	11400000	"[""Assets/PlayMaker/Templates/coal_region.asset""]"
Assets/Scenes/Hornet/Abyss_09.unity	44574	12136	Damage Hero	3ff80959024b2774c802f818564e033e	11400000	"[""Assets/PlayMaker/Templates/coal_region.asset""]"
Assets/Scenes/Hornet/Abyss_09.unity	44863	7170	Control	db45ee5f0ebe350428ecbbe747e29ec7	11400000	"[""Assets/PlayMaker/Templates/bone_crumble_plat.asset""]"
Assets/Scenes/Hornet/Abyss_09.unity	44864	7172	Control	db45ee5f0ebe350428ecbbe747e29ec7	11400000	"[""Assets/PlayMaker/Templates/bone_crumble_plat.asset""]"
Assets/Scenes/Hornet/Abyss_09.unity	44865	7169	Control	db45ee5f0ebe350428ecbbe747e29ec7	11400000	"[""Assets/PlayMaker/Templates/bone_crumble_plat.asset""]"
Assets/Scenes/Hornet/Abyss_09.unity	44866	7184	Control	db45ee5f0ebe350428ecbbe747e29ec7	11400000	"[""Assets/PlayMaker/Templates/bone_crumble_plat.asset""]"
Assets/Scenes/Hornet/Abyss_09.unity	44867	7135	Control	db45ee5f0ebe350428ecbbe747e29ec7	11400000	"[""Assets/PlayMaker/Templates/bone_crumble_plat.asset""]"
Assets/Scenes/Hornet/Abyss_09.unity	44868	7153	Control	db45ee5f0ebe350428ecbbe747e29ec7	11400000	"[""Assets/PlayMaker/Templates/bone_crumble_plat.asset""]"
Assets/Scenes/Hornet/Abyss_09.unity	44869	7150	Control	db45ee5f0ebe350428ecbbe747e29ec7	11400000	"[""Assets/PlayMaker/Templates/bone_crumble_plat.asset""]"
Assets/Scenes/Hornet/Abyss_09.unity	44870	7156	Control	db45ee5f0ebe350428ecbbe747e29ec7	11400000	"[""Assets/PlayMaker/Templates/bone_crumble_plat.asset""]"
Assets/Scenes/Hornet/Abyss_09.unity	44871	7157	Control	db45ee5f0ebe350428ecbbe747e29ec7	11400000	"[""Assets/PlayMaker/Templates/bone_crumble_plat.asset""]"
Assets/Scenes/Hornet/Abyss_12.unity	1767	213	Bench Control	30022a57d0796134fbc5d49b1decd4f9	11400000	"[""Assets/PlayMaker/Templates/bench_control.asset""]"
Assets/Scenes/Hornet/Abyss_13.unity	6982	1143	Control	738c2a327406bb44cacb11fa41b004d0	11400000	"[""Assets/PlayMaker/Templates/enemy_recoil_blocker.asset""]"
Assets/Scenes/Hornet/Abyss_13.unity	6996	1292	Control	738c2a327406bb44cacb11fa41b004d0	11400000	"[""Assets/PlayMaker/Templates/enemy_recoil_blocker.asset""]"
Assets/Scenes/Hornet/Abyss_Cocoon.unity	13738	955	Multihitter	5fd4ec391a7d13a47b82e6e3d6ace0b1	11400000	"[""Assets/PlayMaker/Templates/lace_multi_hitter.asset""]"
Assets/Scenes/Hornet/Abyss_Cocoon.unity	13822	919	Stun Control	2e4b6e573032075449b2ab0adc00c0b8	11400000	"[""Assets/PlayMaker/Templates/stun_control.asset""]"
Assets/Scenes/Hornet/Abyss_Cocoon.unity	13848	1111	FSM	ffe3a1a9c1e2bb94da3315cccccc4782	11400000	"[""Assets/PlayMaker/Templates/hornet_multi_wounder.asset""]"
Assets/Scenes/Hornet/Abyss_Cocoon.unity	13861	826	hornet_multi_wounder	ffe3a1a9c1e2bb94da3315cccccc4782	11400000	"[""Assets/PlayMaker/Templates/hornet_multi_wounder.asset""]"
Assets/Scenes/Hornet/Abyss_Cocoon.unity	13947	990	hornet_multi_wounder	ffe3a1a9c1e2bb94da3315cccccc4782	11400000	"[""Assets/PlayMaker/Templates/hornet_multi_wounder.asset""]"
Assets/Scenes/Hornet/Abyss_Cocoon.unity	13998	1276	FSM	ffe3a1a9c1e2bb94da3315cccccc4782	11400000	"[""Assets/PlayMaker/Templates/hornet_multi_wounder.asset""]"
Assets/Scenes/Hornet/Abyss_Cocoon.unity	14477	1818	FSM	ffe3a1a9c1e2bb94da3315cccccc4782	11400000	"[""Assets/PlayMaker/Templates/hornet_multi_wounder.asset""]"
Assets/Scenes/Hornet/Abyss_Cocoon.unity	14828	1355	hornet_multi_wounder	ffe3a1a9c1e2bb94da3315cccccc4782	11400000	"[""Assets/PlayMaker/Templates/hornet_multi_wounder.asset""]"
Assets/Scenes/Hornet/Abyss_Cocoon.unity	14916	919	Circle Slash Catch	b2e2c0c027728d04cbe715384d52c5bc	11400000	"[""Assets/PlayMaker/Templates/song_knight_catch_hero.asset""]"
Assets/Scenes/Hornet/Abyss_Cocoon.unity	14972	3352	Catch Hornet	2af1333c11463f34b852ec46d9d9aebd	11400000	"[""Assets/PlayMaker/Templates/abyss_wave_catch_hero.asset""]"
Assets/Scenes/Hornet/Abyss_Cocoon.unity	14973	3353	Catch Hornet	2af1333c11463f34b852ec46d9d9aebd	11400000	"[""Assets/PlayMaker/Templates/abyss_wave_catch_hero.asset""]"
Assets/Scenes/Hornet/Abyss_Cocoon.unity	14974	3354	Catch Hornet	2af1333c11463f34b852ec46d9d9aebd	11400000	"[""Assets/PlayMaker/Templates/abyss_wave_catch_hero.asset""]"
Assets/Scenes/Hornet/Abyss_Cocoon.unity	14975	3355	Catch Hornet	2af1333c11463f34b852ec46d9d9aebd	11400000	"[""Assets/PlayMaker/Templates/abyss_wave_catch_hero.asset""]"
Assets/Scenes/Hornet/Abyss_Cocoon.unity	15110	829	hornet_multi_wounder	ffe3a1a9c1e2bb94da3315cccccc4782	11400000	"[""Assets/PlayMaker/Templates/hornet_multi_wounder.asset""]"
Assets/Scenes/Hornet/Abyss_Cocoon.unity	15264	2639	FSM	ffe3a1a9c1e2bb94da3315cccccc4782	11400000	"[""Assets/PlayMaker/Templates/hornet_multi_wounder.asset""]"
Assets/Scenes/Hornet/Abyss_Cocoon.unity	15285	900	hornet_multi_wounder	ffe3a1a9c1e2bb94da3315cccccc4782	11400000	"[""Assets/PlayMaker/Templates/hornet_multi_wounder.asset""]"
Assets/Scenes/Hornet/Abyss_Cocoon.unity	15514	3164	FSM	ffe3a1a9c1e2bb94da3315cccccc4782	11400000	"[""Assets/PlayMaker/Templates/hornet_multi_wounder.asset""]"
Assets/Scenes/Hornet/Abyss_Cocoon.unity	15526	3501	FSM	ffe3a1a9c1e2bb94da3315cccccc4782	11400000	"[""Assets/PlayMaker/Templates/hornet_multi_wounder.asset""]"
Assets/Scenes/Hornet/Abyss_Cocoon.unity	15572	2460	hornet_multi_wounder	ffe3a1a9c1e2bb94da3315cccccc4782	11400000	"[""Assets/PlayMaker/Templates/hornet_multi_wounder.asset""]"
Assets/Scenes/Hornet/Abyss_Cocoon.unity	15689	899	hornet_multi_wounder	ffe3a1a9c1e2bb94da3315cccccc4782	11400000	"[""Assets/PlayMaker/Templates/hornet_multi_wounder.asset""]"
Assets/Scenes/Hornet/Abyss_Cocoon.unity	15724	2530	Multihitter	5fd4ec391a7d13a47b82e6e3d6ace0b1	11400000	"[""Assets/PlayMaker/Templates/lace_multi_hitter.asset""]"
Assets/Scenes/Hornet/Abyss_Cocoon.unity	16198	3387	hornet_multi_wounder	ffe3a1a9c1e2bb94da3315cccccc4782	11400000	"[""Assets/PlayMaker/Templates/hornet_multi_wounder.asset""]"
Assets/Scenes/Hornet/Abyss_Cocoon.unity	16292	3355	FSM	ffe3a1a9c1e2bb94da3315cccccc4782	11400000	"[""Assets/PlayMaker/Templates/hornet_multi_wounder.asset""]"
Assets/Scenes/Hornet/Abyss_Cocoon.unity	16294	3354	FSM	ffe3a1a9c1e2bb94da3315cccccc4782	11400000	"[""Assets/PlayMaker/Templates/hornet_multi_wounder.asset""]"
Assets/Scenes/Hornet/Abyss_Cocoon.unity	16296	3353	FSM	ffe3a1a9c1e2bb94da3315cccccc4782	11400000	"[""Assets/PlayMaker/Templates/hornet_multi_wounder.asset""]"
Assets/Scenes/Hornet/Abyss_Cocoon.unity	16298	3352	FSM	ffe3a1a9c1e2bb94da3315cccccc4782	11400000	"[""Assets/PlayMaker/Templates/hornet_multi_wounder.asset""]"
Assets/Scenes/Hornet/Ant_03.unity	4707	40	enemy_message	40a9c40cac6976f43979028f936c4871	11400000	"[""Assets/PlayMaker/Templates/enemy_message.asset""]"
Assets/Scenes/Hornet/Ant_03.unity	4715	305	enemy_message	40a9c40cac6976f43979028f936c4871	11400000	"[""Assets/PlayMaker/Templates/enemy_message.asset""]"
Assets/Scenes/Hornet/Ant_03.unity	4716	394	enemy_message	40a9c40cac6976f43979028f936c4871	11400000	"[""Assets/PlayMaker/Templates/enemy_message.asset""]"
Assets/Scenes/Hornet/Ant_03.unity	4718	425	enemy_message	40a9c40cac6976f43979028f936c4871	11400000	"[""Assets/PlayMaker/Templates/enemy_message.asset""]"
Assets/Scenes/Hornet/Ant_03.unity	4725	534	enemy_message	40a9c40cac6976f43979028f936c4871	11400000	"[""Assets/PlayMaker/Templates/enemy_message.asset""]"
Assets/Scenes/Hornet/Ant_03.unity	4729	613	enemy_message	40a9c40cac6976f43979028f936c4871	11400000	"[""Assets/PlayMaker/Templates/enemy_message.asset""]"
Assets/Scenes/Hornet/Ant_04_left.unity	8318	2422	hornet_multi_wounder	ffe3a1a9c1e2bb94da3315cccccc4782	11400000	"[""Assets/PlayMaker/Templates/hornet_multi_wounder.asset""]"
Assets/Scenes/Hornet/Ant_04_mid.unity	7407	1259	Attack Enemies	caafb23d9ce46d04e95abb72c7771eb4	11400000	"[""Assets/PlayMaker/Templates/mapper_battle.asset""]"
Assets/Scenes/Hornet/Ant_05b.unity	4911	1380	hornet_multi_wounder	ffe3a1a9c1e2bb94da3315cccccc4782	11400000	"[""Assets/PlayMaker/Templates/hornet_multi_wounder.asset""]"
Assets/Scenes/Hornet/Ant_08.unity	9863	2098	coal_burn	eb011adb60a38f34d81049f66b6ae9b2	11400000	"[""Assets/PlayMaker/Templates/coal_burn.asset""]"
Assets/Scenes/Hornet/Ant_09.unity	6335	1115	FSM	1df5cb2633cdc8e4aa58730399aae3d4	11400000	"[""Assets/PlayMaker/Templates/ant_battle_music_notify.asset""]"
Assets/Scenes/Hornet/Ant_09.unity	6367	1085	Control	8b56ec0cfd65cc947973c77e650d446d	11400000	"[""Assets/PlayMaker/Templates/harpoon_ring.asset""]"
Assets/Scenes/Hornet/Ant_09.unity	6368	1087	Control	8b56ec0cfd65cc947973c77e650d446d	11400000	"[""Assets/PlayMaker/Templates/harpoon_ring.asset""]"
Assets/Scenes/Hornet/Ant_09.unity	6369	1086	Control	8b56ec0cfd65cc947973c77e650d446d	11400000	"[""Assets/PlayMaker/Templates/harpoon_ring.asset""]"
Assets/Scenes/Hornet/Ant_09.unity	6370	1088	Control	8b56ec0cfd65cc947973c77e650d446d	11400000	"[""Assets/PlayMaker/Templates/harpoon_ring.asset""]"
Assets/Scenes/Hornet/Ant_14.unity	5640	1362	Control	0a90bbd7d59385641a93fc8723ca8247	11400000	"[""Assets/PlayMaker/Templates/updraft_region.asset""]"
Assets/Scenes/Hornet/Ant_17.unity	1280	20	Bench Control	30022a57d0796134fbc5d49b1decd4f9	11400000	"[""Assets/PlayMaker/Templates/bench_control.asset""]"
Assets/Scenes/Hornet/Ant_19.unity	15131	2990	Control	0a90bbd7d59385641a93fc8723ca8247	11400000	"[""Assets/PlayMaker/Templates/updraft_region.asset""]"
Assets/Scenes/Hornet/Ant_19.unity	15132	2991	Control	0a90bbd7d59385641a93fc8723ca8247	11400000	"[""Assets/PlayMaker/Templates/updraft_region.asset""]"
Assets/Scenes/Hornet/Ant_19.unity	15160	3827	Stun Control	2e4b6e573032075449b2ab0adc00c0b8	11400000	"[""Assets/PlayMaker/Templates/stun_control.asset""]"
Assets/Scenes/Hornet/Ant_19.unity	15203	3619	hornet_multi_wounder	ffe3a1a9c1e2bb94da3315cccccc4782	11400000	"[""Assets/PlayMaker/Templates/hornet_multi_wounder.asset""]"
Assets/Scenes/Hornet/Ant_19.unity	15204	3618	hornet_multi_wounder	ffe3a1a9c1e2bb94da3315cccccc4782	11400000	"[""Assets/PlayMaker/Templates/hornet_multi_wounder.asset""]"
Assets/Scenes/Hornet/Ant_19.unity	15205	3615	hornet_multi_wounder	ffe3a1a9c1e2bb94da3315cccccc4782	11400000	"[""Assets/PlayMaker/Templates/hornet_multi_wounder.asset""]"
Assets/Scenes/Hornet/Ant_19.unity	15206	3617	hornet_multi_wounder	ffe3a1a9c1e2bb94da3315cccccc4782	11400000	"[""Assets/PlayMaker/Templates/hornet_multi_wounder.asset""]"
Assets/Scenes/Hornet/Ant_19.unity	15207	3616	hornet_multi_wounder	ffe3a1a9c1e2bb94da3315cccccc4782	11400000	"[""Assets/PlayMaker/Templates/hornet_multi_wounder.asset""]"
Assets/Scenes/Hornet/Ant_19.unity	15718	4506	Control	8b56ec0cfd65cc947973c77e650d446d	11400000	"[""Assets/PlayMaker/Templates/harpoon_ring.asset""]"
Assets/Scenes/Hornet/Ant_19.unity	15719	4505	Control	8b56ec0cfd65cc947973c77e650d446d	11400000	"[""Assets/PlayMaker/Templates/harpoon_ring.asset""]"
Assets/Scenes/Hornet/Ant_20.unity	8879	690	chapel_door_control	40d6e7d0a35222742b24f40ef6be61aa	11400000	"[""Assets/PlayMaker/Templates/chapel_door_control.asset""]"
Assets/Scenes/Hornet/Ant_20.unity	9117	1793	Control	0a90bbd7d59385641a93fc8723ca8247	11400000	"[""Assets/PlayMaker/Templates/updraft_region.asset""]"
Assets/Scenes/Hornet/Ant_21.unity	4455	851	Chest Control	cef29d3923f21dd45b5301e2c8d4b2db	11400000	"[""Assets/PlayMaker/Templates/chest_control.asset""]"
Assets/Scenes/Hornet/Ant_Queen.unity	1648	126	To Memory	805180b1be25c6143912b68f98163de0	11400000	"[""Assets/PlayMaker/Templates/thread_memory_scene_transition.asset""]"
Assets/Scenes/Hornet/Aqueduct_01.unity	11317	355	FSM	c332780cbeb3a264fb2eff442248d6cd	11400000	"[""Assets/PlayMaker/Templates/follow_camera_bound.asset""]"
Assets/Scenes/Hornet/Aqueduct_01.unity	11344	2655	FSM	c332780cbeb3a264fb2eff442248d6cd	11400000	"[""Assets/PlayMaker/Templates/follow_camera_bound.asset""]"
Assets/Scenes/Hornet/Aqueduct_01.unity	11370	1463	breakable_wall_v2	49ae76d885d76f0409f5e87241c2e88a	11400000	"[""Assets/PlayMaker/Templates/breakable_wall_v2.asset""]"
Assets/Scenes/Hornet/Aqueduct_01.unity	11371	1478	FSM	472f57d305c90f24d8d9572c90f30910	11400000	"[""Assets/PlayMaker/Templates/follow_camera.asset""]"
Assets/Scenes/Hornet/Aqueduct_01.unity	12586	3231	FSM	ffe3a1a9c1e2bb94da3315cccccc4782	11400000	"[""Assets/PlayMaker/Templates/hornet_multi_wounder.asset""]"
Assets/Scenes/Hornet/Aqueduct_01.unity	12587	3232	FSM	ffe3a1a9c1e2bb94da3315cccccc4782	11400000	"[""Assets/PlayMaker/Templates/hornet_multi_wounder.asset""]"
Assets/Scenes/Hornet/Aqueduct_01.unity	12588	3234	FSM	ffe3a1a9c1e2bb94da3315cccccc4782	11400000	"[""Assets/PlayMaker/Templates/hornet_multi_wounder.asset""]"
Assets/Scenes/Hornet/Aqueduct_01.unity	12589	3233	FSM	ffe3a1a9c1e2bb94da3315cccccc4782	11400000	"[""Assets/PlayMaker/Templates/hornet_multi_wounder.asset""]"
Assets/Scenes/Hornet/Aqueduct_01.unity	12590	3235	FSM	ffe3a1a9c1e2bb94da3315cccccc4782	11400000	"[""Assets/PlayMaker/Templates/hornet_multi_wounder.asset""]"
Assets/Scenes/Hornet/Aqueduct_02.unity	5829	536	FSM	472f57d305c90f24d8d9572c90f30910	11400000	"[""Assets/PlayMaker/Templates/follow_camera.asset""]"
Assets/Scenes/Hornet/Aqueduct_02.unity	5846	835	breakable_wall_v2	49ae76d885d76f0409f5e87241c2e88a	11400000	"[""Assets/PlayMaker/Templates/breakable_wall_v2.asset""]"
Assets/Scenes/Hornet/Aqueduct_02.unity	5974	1556	tilt_plat	a40d78acbe179ad4a90e9b9d77d082be	11400000	"[""Assets/PlayMaker/Templates/tilt_plat.asset""]"
Assets/Scenes/Hornet/Aqueduct_02.unity	5975	1557	tilt_plat	a40d78acbe179ad4a90e9b9d77d082be	11400000	"[""Assets/PlayMaker/Templates/tilt_plat.asset""]"
Assets/Scenes/Hornet/Aqueduct_02.unity	6380	1649	FSM	ffe3a1a9c1e2bb94da3315cccccc4782	11400000	"[""Assets/PlayMaker/Templates/hornet_multi_wounder.asset""]"
Assets/Scenes/Hornet/Aqueduct_02.unity	6381	1650	FSM	ffe3a1a9c1e2bb94da3315cccccc4782	11400000	"[""Assets/PlayMaker/Templates/hornet_multi_wounder.asset""]"
Assets/Scenes/Hornet/Aqueduct_03.unity	11126	74	FSM	472f57d305c90f24d8d9572c90f30910	11400000	"[""Assets/PlayMaker/Templates/follow_camera.asset""]"
Assets/Scenes/Hornet/Aqueduct_03.unity	11149	2594	FSM	c332780cbeb3a264fb2eff442248d6cd	11400000	"[""Assets/PlayMaker/Templates/follow_camera_bound.asset""]"
Assets/Scenes/Hornet/Aqueduct_03.unity	11152	390	FSM	c332780cbeb3a264fb2eff442248d6cd	11400000	"[""Assets/PlayMaker/Templates/follow_camera_bound.asset""]"
Assets/Scenes/Hornet/Aqueduct_03.unity	11197	1045	breakable_wall_v2	49ae76d885d76f0409f5e87241c2e88a	11400000	"[""Assets/PlayMaker/Templates/breakable_wall_v2.asset""]"
Assets/Scenes/Hornet/Aqueduct_03.unity	12568	3180	FSM	ffe3a1a9c1e2bb94da3315cccccc4782	11400000	"[""Assets/PlayMaker/Templates/hornet_multi_wounder.asset""]"
Assets/Scenes/Hornet/Aqueduct_03.unity	12569	3183	FSM	ffe3a1a9c1e2bb94da3315cccccc4782	11400000	"[""Assets/PlayMaker/Templates/hornet_multi_wounder.asset""]"
Assets/Scenes/Hornet/Aqueduct_03.unity	12570	3182	FSM	ffe3a1a9c1e2bb94da3315cccccc4782	11400000	"[""Assets/PlayMaker/Templates/hornet_multi_wounder.asset""]"
Assets/Scenes/Hornet/Aqueduct_03.unity	12571	3181	FSM	ffe3a1a9c1e2bb94da3315cccccc4782	11400000	"[""Assets/PlayMaker/Templates/hornet_multi_wounder.asset""]"
Assets/Scenes/Hornet/Aqueduct_04.unity	8661	1316	breakable_wall_v2	49ae76d885d76f0409f5e87241c2e88a	11400000	"[""Assets/PlayMaker/Templates/breakable_wall_v2.asset""]"
Assets/Scenes/Hornet/Aqueduct_04.unity	8691	2233	FSM	c332780cbeb3a264fb2eff442248d6cd	11400000	"[""Assets/PlayMaker/Templates/follow_camera_bound.asset""]"
Assets/Scenes/Hornet/Aqueduct_04.unity	9170	1896	Control	dffdfbd16b462044db08b6e5d24c8f6d	11400000	"[""Assets/PlayMaker/Templates/crumble_plat_liquid.asset""]"
Assets/Scenes/Hornet/Aqueduct_04.unity	9172	1895	Control	dffdfbd16b462044db08b6e5d24c8f6d	11400000	"[""Assets/PlayMaker/Templates/crumble_plat_liquid.asset""]"
Assets/Scenes/Hornet/Aqueduct_04.unity	9174	1894	Control	dffdfbd16b462044db08b6e5d24c8f6d	11400000	"[""Assets/PlayMaker/Templates/crumble_plat_liquid.asset""]"
Assets/Scenes/Hornet/Aqueduct_04.unity	9176	1897	Control	dffdfbd16b462044db08b6e5d24c8f6d	11400000	"[""Assets/PlayMaker/Templates/crumble_plat_liquid.asset""]"
Assets/Scenes/Hornet/Aqueduct_04.unity	9178	1898	Control	dffdfbd16b462044db08b6e5d24c8f6d	11400000	"[""Assets/PlayMaker/Templates/crumble_plat_liquid.asset""]"
Assets/Scenes/Hornet/Aqueduct_04.unity	9180	1899	Control	dffdfbd16b462044db08b6e5d24c8f6d	11400000	"[""Assets/PlayMaker/Templates/crumble_plat_liquid.asset""]"
Assets/Scenes/Hornet/Aqueduct_04.unity	9295	1783	tilt_plat	a40d78acbe179ad4a90e9b9d77d082be	11400000	"[""Assets/PlayMaker/Templates/tilt_plat.asset""]"
Assets/Scenes/Hornet/Aqueduct_04.unity	9296	1782	tilt_plat	a40d78acbe179ad4a90e9b9d77d082be	11400000	"[""Assets/PlayMaker/Templates/tilt_plat.asset""]"
Assets/Scenes/Hornet/Aqueduct_04.unity	9330	2512	Control	8af2ea298b8ed3d41a5eb7d1769ea37e	11400000	"[""Assets/PlayMaker/Templates/crumble_plat_hero_shover.asset""]"
Assets/Scenes/Hornet/Aqueduct_04.unity	9332	2511	Control	8af2ea298b8ed3d41a5eb7d1769ea37e	11400000	"[""Assets/PlayMaker/Templates/crumble_plat_hero_shover.asset""]"
Assets/Scenes/Hornet/Aqueduct_04.unity	9334	2510	Control	8af2ea298b8ed3d41a5eb7d1769ea37e	11400000	"[""Assets/PlayMaker/Templates/crumble_plat_hero_shover.asset""]"
Assets/Scenes/Hornet/Aqueduct_04.unity	9336	2515	Control	8af2ea298b8ed3d41a5eb7d1769ea37e	11400000	"[""Assets/PlayMaker/Templates/crumble_plat_hero_shover.asset""]"
Assets/Scenes/Hornet/Aqueduct_04.unity	9338	2513	Control	8af2ea298b8ed3d41a5eb7d1769ea37e	11400000	"[""Assets/PlayMaker/Templates/crumble_plat_hero_shover.asset""]"
Assets/Scenes/Hornet/Aqueduct_04.unity	9340	2514	Control	8af2ea298b8ed3d41a5eb7d1769ea37e	11400000	"[""Assets/PlayMaker/Templates/crumble_plat_hero_shover.asset""]"
Assets/Scenes/Hornet/Aqueduct_04.unity	9346	2535	FSM	ffe3a1a9c1e2bb94da3315cccccc4782	11400000	"[""Assets/PlayMaker/Templates/hornet_multi_wounder.asset""]"
Assets/Scenes/Hornet/Aqueduct_04.unity	9347	2537	FSM	ffe3a1a9c1e2bb94da3315cccccc4782	11400000	"[""Assets/PlayMaker/Templates/hornet_multi_wounder.asset""]"
Assets/Scenes/Hornet/Aqueduct_04.unity	9348	2536	FSM	ffe3a1a9c1e2bb94da3315cccccc4782	11400000	"[""Assets/PlayMaker/Templates/hornet_multi_wounder.asset""]"
Assets/Scenes/Hornet/Aqueduct_05.unity	8162	828	FSM	c332780cbeb3a264fb2eff442248d6cd	11400000	"[""Assets/PlayMaker/Templates/follow_camera_bound.asset""]"
Assets/Scenes/Hornet/Aqueduct_05_caravan.unity	1603	9	Bench Control	30022a57d0796134fbc5d49b1decd4f9	11400000	"[""Assets/PlayMaker/Templates/bench_control.asset""]"
Assets/Scenes/Hornet/Aqueduct_05_caravan.unity	1613	274	NPC Title	7106fa1276c17ec4d859b5666d975338	11400000	"[""Assets/PlayMaker/Templates/npc_title_show.asset""]"
Assets/Scenes/Hornet/Aqueduct_05_caravan.unity	1614	273	NPC Title	7106fa1276c17ec4d859b5666d975338	11400000	"[""Assets/PlayMaker/Templates/npc_title_show.asset""]"
Assets/Scenes/Hornet/Aqueduct_05_festival.unity	8211	7	FSM	b7735e07ff6415341b92a71ca83f2feb	11400000	"[""Assets/PlayMaker/Templates/fleagame_dodge_pos.asset""]"
Assets/Scenes/Hornet/Aqueduct_05_festival.unity	8213	10	FSM	b7735e07ff6415341b92a71ca83f2feb	11400000	"[""Assets/PlayMaker/Templates/fleagame_dodge_pos.asset""]"
Assets/Scenes/Hornet/Aqueduct_05_festival.unity	8214	11	FSM	b7735e07ff6415341b92a71ca83f2feb	11400000	"[""Assets/PlayMaker/Templates/fleagame_dodge_pos.asset""]"
Assets/Scenes/Hornet/Aqueduct_05_festival.unity	8215	16	FSM	b7735e07ff6415341b92a71ca83f2feb	11400000	"[""Assets/PlayMaker/Templates/fleagame_dodge_pos.asset""]"
Assets/Scenes/Hornet/Aqueduct_05_festival.unity	8219	24	FSM	b7735e07ff6415341b92a71ca83f2feb	11400000	"[""Assets/PlayMaker/Templates/fleagame_dodge_pos.asset""]"
Assets/Scenes/Hornet/Aqueduct_05_festival.unity	8223	40	bobbing_platform	4dd8387ca636e1e4980f08ef58f1920b	11400000	"[""Assets/PlayMaker/Templates/bobbing_platform.asset""]"
Assets/Scenes/Hornet/Aqueduct_05_festival.unity	8227	47	FSM	b7735e07ff6415341b92a71ca83f2feb	11400000	"[""Assets/PlayMaker/Templates/fleagame_dodge_pos.asset""]"
Assets/Scenes/Hornet/Aqueduct_05_festival.unity	8239	69	FSM	b7735e07ff6415341b92a71ca83f2feb	11400000	"[""Assets/PlayMaker/Templates/fleagame_dodge_pos.asset""]"
Assets/Scenes/Hornet/Aqueduct_05_festival.unity	8240	77	FSM	b7735e07ff6415341b92a71ca83f2feb	11400000	"[""Assets/PlayMaker/Templates/fleagame_dodge_pos.asset""]"
Assets/Scenes/Hornet/Aqueduct_05_festival.unity	8249	108	FSM	b7735e07ff6415341b92a71ca83f2feb	11400000	"[""Assets/PlayMaker/Templates/fleagame_dodge_pos.asset""]"
Assets/Scenes/Hornet/Aqueduct_05_festival.unity	8250	119	FSM	b7735e07ff6415341b92a71ca83f2feb	11400000	"[""Assets/PlayMaker/Templates/fleagame_dodge_pos.asset""]"
Assets/Scenes/Hornet/Aqueduct_05_festival.unity	8251	120	FSM	b7735e07ff6415341b92a71ca83f2feb	11400000	"[""Assets/PlayMaker/Templates/fleagame_dodge_pos.asset""]"
Assets/Scenes/Hornet/Aqueduct_05_festival.unity	8265	1239	tilt_plat	a40d78acbe179ad4a90e9b9d77d082be	11400000	"[""Assets/PlayMaker/Templates/tilt_plat.asset""]"
Assets/Scenes/Hornet/Aqueduct_05_festival.unity	8270	188	FSM	b7735e07ff6415341b92a71ca83f2feb	11400000	"[""Assets/PlayMaker/Templates/fleagame_dodge_pos.asset""]"
Assets/Scenes/Hornet/Aqueduct_05_festival.unity	8272	1240	tilt_plat	a40d78acbe179ad4a90e9b9d77d082be	11400000	"[""Assets/PlayMaker/Templates/tilt_plat.asset""]"
Assets/Scenes/Hornet/Aqueduct_05_festival.unity	8278	200	flea_game_master_control	09b57cd56a00dc6479f53dfd95507b1e	11400000	"[""Assets/PlayMaker/Templates/flea_game_master_control.asset""]"
Assets/Scenes/Hornet/Aqueduct_05_festival.unity	8286	237	FSM	b7735e07ff6415341b92a71ca83f2feb	11400000	"[""Assets/PlayMaker/Templates/fleagame_dodge_pos.asset""]"
Assets/Scenes/Hornet/Aqueduct_05_festival.unity	8289	252	FSM	b7735e07ff6415341b92a71ca83f2feb	11400000	"[""Assets/PlayMaker/Templates/fleagame_dodge_pos.asset""]"
Assets/Scenes/Hornet/Aqueduct_05_festival.unity	8294	254	flea_game_master_control	09b57cd56a00dc6479f53dfd95507b1e	11400000	"[""Assets/PlayMaker/Templates/flea_game_master_control.asset""]"
Assets/Scenes/Hornet/Aqueduct_05_festival.unity	8296	261	FSM	b7735e07ff6415341b92a71ca83f2feb	11400000	"[""Assets/PlayMaker/Templates/fleagame_dodge_pos.asset""]"
Assets/Scenes/Hornet/Aqueduct_05_festival.unity	8298	275	FSM	b7735e07ff6415341b92a71ca83f2feb	11400000	"[""Assets/PlayMaker/Templates/fleagame_dodge_pos.asset""]"
Assets/Scenes/Hornet/Aqueduct_05_festival.unity	8306	325	FSM	b7735e07ff6415341b92a71ca83f2feb	11400000	"[""Assets/PlayMaker/Templates/fleagame_dodge_pos.asset""]"
Assets/Scenes/Hornet/Aqueduct_05_festival.unity	8309	334	flea_game_master_control	09b57cd56a00dc6479f53dfd95507b1e	11400000	"[""Assets/PlayMaker/Templates/flea_game_master_control.asset""]"
Assets/Scenes/Hornet/Aqueduct_05_festival.unity	8315	369	FSM	b7735e07ff6415341b92a71ca83f2feb	11400000	"[""Assets/PlayMaker/Templates/fleagame_dodge_pos.asset""]"
Assets/Scenes/Hornet/Aqueduct_05_festival.unity	8318	379	FSM	b7735e07ff6415341b92a71ca83f2feb	11400000	"[""Assets/PlayMaker/Templates/fleagame_dodge_pos.asset""]"
Assets/Scenes/Hornet/Aqueduct_05_festival.unity	8329	402	FSM	b7735e07ff6415341b92a71ca83f2feb	11400000	"[""Assets/PlayMaker/Templates/fleagame_dodge_pos.asset""]"
Assets/Scenes/Hornet/Aqueduct_05_festival.unity	8345	461	FSM	b7735e07ff6415341b92a71ca83f2feb	11400000	"[""Assets/PlayMaker/Templates/fleagame_dodge_pos.asset""]"
Assets/Scenes/Hornet/Aqueduct_05_festival.unity	8350	473	FSM	b7735e07ff6415341b92a71ca83f2feb	11400000	"[""Assets/PlayMaker/Templates/fleagame_dodge_pos.asset""]"
Assets/Scenes/Hornet/Aqueduct_05_festival.unity	8351	475	FSM	b7735e07ff6415341b92a71ca83f2feb	11400000	"[""Assets/PlayMaker/Templates/fleagame_dodge_pos.asset""]"
Assets/Scenes/Hornet/Aqueduct_05_festival.unity	8353	1242	tilt_plat	a40d78acbe179ad4a90e9b9d77d082be	11400000	"[""Assets/PlayMaker/Templates/tilt_plat.asset""]"
Assets/Scenes/Hornet/Aqueduct_05_festival.unity	8361	505	FSM	b7735e07ff6415341b92a71ca83f2feb	11400000	"[""Assets/PlayMaker/Templates/fleagame_dodge_pos.asset""]"
Assets/Scenes/Hornet/Aqueduct_05_festival.unity	8362	508	FSM	b7735e07ff6415341b92a71ca83f2feb	11400000	"[""Assets/PlayMaker/Templates/fleagame_dodge_pos.asset""]"
Assets/Scenes/Hornet/Aqueduct_05_festival.unity	8366	518	Bench Control	30022a57d0796134fbc5d49b1decd4f9	11400000	"[""Assets/PlayMaker/Templates/bench_control.asset""]"
Assets/Scenes/Hornet/Aqueduct_05_festival.unity	8380	557	FSM	b7735e07ff6415341b92a71ca83f2feb	11400000	"[""Assets/PlayMaker/Templates/fleagame_dodge_pos.asset""]"
Assets/Scenes/Hornet/Aqueduct_05_festival.unity	8386	577	FSM	b7735e07ff6415341b92a71ca83f2feb	11400000	"[""Assets/PlayMaker/Templates/fleagame_dodge_pos.asset""]"
Assets/Scenes/Hornet/Aqueduct_05_festival.unity	8389	598	bobbing_platform	4dd8387ca636e1e4980f08ef58f1920b	11400000	"[""Assets/PlayMaker/Templates/bobbing_platform.asset""]"
Assets/Scenes/Hornet/Aqueduct_05_festival.unity	8391	599	FSM	b7735e07ff6415341b92a71ca83f2feb	11400000	"[""Assets/PlayMaker/Templates/fleagame_dodge_pos.asset""]"
Assets/Scenes/Hornet/Aqueduct_05_festival.unity	8392	609	FSM	b7735e07ff6415341b92a71ca83f2feb	11400000	"[""Assets/PlayMaker/Templates/fleagame_dodge_pos.asset""]"
Assets/Scenes/Hornet/Aqueduct_05_festival.unity	8393	613	FSM	b7735e07ff6415341b92a71ca83f2feb	11400000	"[""Assets/PlayMaker/Templates/fleagame_dodge_pos.asset""]"
Assets/Scenes/Hornet/Aqueduct_05_festival.unity	8398	627	FSM	b7735e07ff6415341b92a71ca83f2feb	11400000	"[""Assets/PlayMaker/Templates/fleagame_dodge_pos.asset""]"
Assets/Scenes/Hornet/Aqueduct_05_festival.unity	8400	630	FSM	b7735e07ff6415341b92a71ca83f2feb	11400000	"[""Assets/PlayMaker/Templates/fleagame_dodge_pos.asset""]"
Assets/Scenes/Hornet/Aqueduct_05_festival.unity	8671	984	Bonk Hero	0be52a1bed6c73644ac1b9868853ffb2	11400000	"[""Assets/PlayMaker/Templates/fleagame_bonk_hero.asset""]"
Assets/Scenes/Hornet/Aqueduct_05_festival.unity	8672	981	Bonk Hero	0be52a1bed6c73644ac1b9868853ffb2	11400000	"[""Assets/PlayMaker/Templates/fleagame_bonk_hero.asset""]"
Assets/Scenes/Hornet/Aqueduct_05_festival.unity	8673	979	Bonk Hero	0be52a1bed6c73644ac1b9868853ffb2	11400000	"[""Assets/PlayMaker/Templates/fleagame_bonk_hero.asset""]"
Assets/Scenes/Hornet/Aqueduct_05_festival.unity	8674	978	Bonk Hero	0be52a1bed6c73644ac1b9868853ffb2	11400000	"[""Assets/PlayMaker/Templates/fleagame_bonk_hero.asset""]"
Assets/Scenes/Hornet/Aqueduct_05_festival.unity	8675	988	Bonk Hero	0be52a1bed6c73644ac1b9868853ffb2	11400000	"[""Assets/PlayMaker/Templates/fleagame_bonk_hero.asset""]"
Assets/Scenes/Hornet/Aqueduct_05_festival.unity	8676	989	Bonk Hero	0be52a1bed6c73644ac1b9868853ffb2	11400000	"[""Assets/PlayMaker/Templates/fleagame_bonk_hero.asset""]"
Assets/Scenes/Hornet/Aqueduct_05_festival.unity	8677	987	Bonk Hero	0be52a1bed6c73644ac1b9868853ffb2	11400000	"[""Assets/PlayMaker/Templates/fleagame_bonk_hero.asset""]"
Assets/Scenes/Hornet/Aqueduct_05_festival.unity	8678	985	Bonk Hero	0be52a1bed6c73644ac1b9868853ffb2	11400000	"[""Assets/PlayMaker/Templates/fleagame_bonk_hero.asset""]"
Assets/Scenes/Hornet/Aqueduct_05_festival.unity	8679	986	Bonk Hero	0be52a1bed6c73644ac1b9868853ffb2	11400000	"[""Assets/PlayMaker/Templates/fleagame_bonk_hero.asset""]"
Assets/Scenes/Hornet/Aqueduct_05_festival.unity	8680	991	Bonk Hero	0be52a1bed6c73644ac1b9868853ffb2	11400000	"[""Assets/PlayMaker/Templates/fleagame_bonk_hero.asset""]"
Assets/Scenes/Hornet/Aqueduct_05_festival.unity	8681	992	Bonk Hero	0be52a1bed6c73644ac1b9868853ffb2	11400000	"[""Assets/PlayMaker/Templates/fleagame_bonk_hero.asset""]"
Assets/Scenes/Hornet/Aqueduct_05_festival.unity	8682	995	Bonk Hero	0be52a1bed6c73644ac1b9868853ffb2	11400000	"[""Assets/PlayMaker/Templates/fleagame_bonk_hero.asset""]"
Assets/Scenes/Hornet/Aqueduct_05_festival.unity	8805	1142	tilt_plat	a40d78acbe179ad4a90e9b9d77d082be	11400000	"[""Assets/PlayMaker/Templates/tilt_plat.asset""]"
Assets/Scenes/Hornet/Aqueduct_05_festival.unity	8806	1143	tilt_plat	a40d78acbe179ad4a90e9b9d77d082be	11400000	"[""Assets/PlayMaker/Templates/tilt_plat.asset""]"
Assets/Scenes/Hornet/Aqueduct_05_festival.unity	8807	1144	tilt_plat	a40d78acbe179ad4a90e9b9d77d082be	11400000	"[""Assets/PlayMaker/Templates/tilt_plat.asset""]"
Assets/Scenes/Hornet/Aqueduct_05_festival.unity	8808	1145	tilt_plat	a40d78acbe179ad4a90e9b9d77d082be	11400000	"[""Assets/PlayMaker/Templates/tilt_plat.asset""]"
Assets/Scenes/Hornet/Aqueduct_05_festival.unity	9290	1590	NPC Title	7106fa1276c17ec4d859b5666d975338	11400000	"[""Assets/PlayMaker/Templates/npc_title_show.asset""]"
Assets/Scenes/Hornet/Aqueduct_05_festival.unity	10261	2199	enemy_message	40a9c40cac6976f43979028f936c4871	11400000	"[""Assets/PlayMaker/Templates/enemy_message.asset""]"
Assets/Scenes/Hornet/Aqueduct_05_festival.unity	10338	2268	Bonk Hero	0be52a1bed6c73644ac1b9868853ffb2	11400000	"[""Assets/PlayMaker/Templates/fleagame_bonk_hero.asset""]"
Assets/Scenes/Hornet/Aqueduct_05_pre.unity	235	14	Bench Control	30022a57d0796134fbc5d49b1decd4f9	11400000	"[""Assets/PlayMaker/Templates/bench_control.asset""]"
Assets/Scenes/Hornet/Aqueduct_06.unity	9178	645	FSM	472f57d305c90f24d8d9572c90f30910	11400000	"[""Assets/PlayMaker/Templates/follow_camera.asset""]"
Assets/Scenes/Hornet/Aqueduct_06.unity	9185	782	FSM	472f57d305c90f24d8d9572c90f30910	11400000	"[""Assets/PlayMaker/Templates/follow_camera.asset""]"
Assets/Scenes/Hornet/Aqueduct_06.unity	10040	2723	FSM	ffe3a1a9c1e2bb94da3315cccccc4782	11400000	"[""Assets/PlayMaker/Templates/hornet_multi_wounder.asset""]"
Assets/Scenes/Hornet/Aqueduct_06.unity	10041	2727	FSM	ffe3a1a9c1e2bb94da3315cccccc4782	11400000	"[""Assets/PlayMaker/Templates/hornet_multi_wounder.asset""]"
Assets/Scenes/Hornet/Aqueduct_06.unity	10042	2725	FSM	ffe3a1a9c1e2bb94da3315cccccc4782	11400000	"[""Assets/PlayMaker/Templates/hornet_multi_wounder.asset""]"
Assets/Scenes/Hornet/Aqueduct_06.unity	10043	2724	FSM	ffe3a1a9c1e2bb94da3315cccccc4782	11400000	"[""Assets/PlayMaker/Templates/hornet_multi_wounder.asset""]"
Assets/Scenes/Hornet/Aqueduct_06.unity	10044	2726	FSM	ffe3a1a9c1e2bb94da3315cccccc4782	11400000	"[""Assets/PlayMaker/Templates/hornet_multi_wounder.asset""]"
Assets/Scenes/Hornet/Aqueduct_07.unity	3358	135	FSM	472f57d305c90f24d8d9572c90f30910	11400000	"[""Assets/PlayMaker/Templates/follow_camera.asset""]"
Assets/Scenes/Hornet/Aqueduct_07.unity	3778	893	FSM	ffe3a1a9c1e2bb94da3315cccccc4782	11400000	"[""Assets/PlayMaker/Templates/hornet_multi_wounder.asset""]"
Assets/Scenes/Hornet/Aqueduct_07.unity	3779	894	FSM	ffe3a1a9c1e2bb94da3315cccccc4782	11400000	"[""Assets/PlayMaker/Templates/hornet_multi_wounder.asset""]"
Assets/Scenes/Hornet/Aqueduct_08.unity	1930	79	FSM	472f57d305c90f24d8d9572c90f30910	11400000	"[""Assets/PlayMaker/Templates/follow_camera.asset""]"
Assets/Scenes/Hornet/Aqueduct_08.unity	1942	173	Geo Rock	3ce2aab20b6447d47a1b288b65263053	11400000	"[""Assets/PlayMaker/Templates/geo_rock.asset""]"
Assets/Scenes/Hornet/Aqueduct_08.unity	1945	246	breakable_wall_v2	49ae76d885d76f0409f5e87241c2e88a	11400000	"[""Assets/PlayMaker/Templates/breakable_wall_v2.asset""]"
Assets/Scenes/Hornet/Aqueduct_08.unity	1952	305	Geo Rock	3ce2aab20b6447d47a1b288b65263053	11400000	"[""Assets/PlayMaker/Templates/geo_rock.asset""]"
Assets/Scenes/Hornet/Aqueduct_08.unity	1954	312	Geo Rock	3ce2aab20b6447d47a1b288b65263053	11400000	"[""Assets/PlayMaker/Templates/geo_rock.asset""]"
Assets/Scenes/Hornet/Aqueduct_08.unity	2154	570	FSM	ffe3a1a9c1e2bb94da3315cccccc4782	11400000	"[""Assets/PlayMaker/Templates/hornet_multi_wounder.asset""]"
Assets/Scenes/Hornet/Arborium_01.unity	8125	2292	Control	ebb7f868f778b6f4aae2a069121a4374	11400000	"[""Assets/PlayMaker/Templates/tracking_object.asset""]"
Assets/Scenes/Hornet/Arborium_02.unity	4575	912	enemy_message	40a9c40cac6976f43979028f936c4871	11400000	"[""Assets/PlayMaker/Templates/enemy_message.asset""]"
Assets/Scenes/Hornet/Arborium_02.unity	4700	1426	Control	ebb7f868f778b6f4aae2a069121a4374	11400000	"[""Assets/PlayMaker/Templates/tracking_object.asset""]"
Assets/Scenes/Hornet/Arborium_02.unity	4762	1202	hornet_multi_wounder	ffe3a1a9c1e2bb94da3315cccccc4782	11400000	"[""Assets/PlayMaker/Templates/hornet_multi_wounder.asset""]"
Assets/Scenes/Hornet/Arborium_02.unity	4763	1201	hornet_multi_wounder	ffe3a1a9c1e2bb94da3315cccccc4782	11400000	"[""Assets/PlayMaker/Templates/hornet_multi_wounder.asset""]"
Assets/Scenes/Hornet/Arborium_02.unity	4764	1200	hornet_multi_wounder	ffe3a1a9c1e2bb94da3315cccccc4782	11400000	"[""Assets/PlayMaker/Templates/hornet_multi_wounder.asset""]"
Assets/Scenes/Hornet/Arborium_03.unity	5106	1513	Control	ebb7f868f778b6f4aae2a069121a4374	11400000	"[""Assets/PlayMaker/Templates/tracking_object.asset""]"
Assets/Scenes/Hornet/Arborium_03.unity	5435	1146	hornet_multi_wounder	ffe3a1a9c1e2bb94da3315cccccc4782	11400000	"[""Assets/PlayMaker/Templates/hornet_multi_wounder.asset""]"
Assets/Scenes/Hornet/Arborium_03.unity	5437	1145	hornet_multi_wounder	ffe3a1a9c1e2bb94da3315cccccc4782	11400000	"[""Assets/PlayMaker/Templates/hornet_multi_wounder.asset""]"
Assets/Scenes/Hornet/Arborium_04.unity	5263	641	Bench Control	30022a57d0796134fbc5d49b1decd4f9	11400000	"[""Assets/PlayMaker/Templates/bench_control.asset""]"
Assets/Scenes/Hornet/Arborium_05.unity	4790	1217	Control	d13141ace76d6cc4e913c2aeb23075ea	11400000	"[""Assets/PlayMaker/Templates/coral_crust_wall.asset""]"
Assets/Scenes/Hornet/Arborium_06.unity	5415	19	enemy_message	40a9c40cac6976f43979028f936c4871	11400000	"[""Assets/PlayMaker/Templates/enemy_message.asset""]"
Assets/Scenes/Hornet/Arborium_06.unity	5425	150	enemy_message	40a9c40cac6976f43979028f936c4871	11400000	"[""Assets/PlayMaker/Templates/enemy_message.asset""]"
Assets/Scenes/Hornet/Arborium_06.unity	5442	317	enemy_message	40a9c40cac6976f43979028f936c4871	11400000	"[""Assets/PlayMaker/Templates/enemy_message.asset""]"
Assets/Scenes/Hornet/Arborium_06.unity	5451	442	enemy_message	40a9c40cac6976f43979028f936c4871	11400000	"[""Assets/PlayMaker/Templates/enemy_message.asset""]"
Assets/Scenes/Hornet/Arborium_06.unity	5475	692	enemy_message	40a9c40cac6976f43979028f936c4871	11400000	"[""Assets/PlayMaker/Templates/enemy_message.asset""]"
Assets/Scenes/Hornet/Arborium_06.unity	5501	949	enemy_message	40a9c40cac6976f43979028f936c4871	11400000	"[""Assets/PlayMaker/Templates/enemy_message.asset""]"
Assets/Scenes/Hornet/Arborium_06.unity	5508	1010	enemy_message	40a9c40cac6976f43979028f936c4871	11400000	"[""Assets/PlayMaker/Templates/enemy_message.asset""]"
Assets/Scenes/Hornet/Arborium_06.unity	5765	1492	Control	d13141ace76d6cc4e913c2aeb23075ea	11400000	"[""Assets/PlayMaker/Templates/coral_crust_wall.asset""]"
Assets/Scenes/Hornet/Arborium_06.unity	5766	1491	Control	d13141ace76d6cc4e913c2aeb23075ea	11400000	"[""Assets/PlayMaker/Templates/coral_crust_wall.asset""]"
Assets/Scenes/Hornet/Arborium_06.unity	5813	1515	flyer_go_up_response	6f0839127750b164ebb46ddbae600e15	11400000	"[""Assets/PlayMaker/Templates/flyer_go_up_response.asset""]"
Assets/Scenes/Hornet/Arborium_06.unity	5814	1516	flyer_go_up_response	6f0839127750b164ebb46ddbae600e15	11400000	"[""Assets/PlayMaker/Templates/flyer_go_up_response.asset""]"
Assets/Scenes/Hornet/Arborium_06.unity	5984	1366	Control	d13141ace76d6cc4e913c2aeb23075ea	11400000	"[""Assets/PlayMaker/Templates/coral_crust_wall.asset""]"
Assets/Scenes/Hornet/Arborium_06.unity	5985	1365	Control	d13141ace76d6cc4e913c2aeb23075ea	11400000	"[""Assets/PlayMaker/Templates/coral_crust_wall.asset""]"
Assets/Scenes/Hornet/Arborium_06.unity	5986	1364	Control	d13141ace76d6cc4e913c2aeb23075ea	11400000	"[""Assets/PlayMaker/Templates/coral_crust_wall.asset""]"
Assets/Scenes/Hornet/Arborium_06.unity	5987	1363	Control	d13141ace76d6cc4e913c2aeb23075ea	11400000	"[""Assets/PlayMaker/Templates/coral_crust_wall.asset""]"
Assets/Scenes/Hornet/Arborium_06.unity	5988	1362	Control	d13141ace76d6cc4e913c2aeb23075ea	11400000	"[""Assets/PlayMaker/Templates/coral_crust_wall.asset""]"
Assets/Scenes/Hornet/Arborium_07.unity	6408	51	breakable_wall_v2	49ae76d885d76f0409f5e87241c2e88a	11400000	"[""Assets/PlayMaker/Templates/breakable_wall_v2.asset""]"
Assets/Scenes/Hornet/Arborium_07.unity	6967	1915	hornet_multi_wounder	ffe3a1a9c1e2bb94da3315cccccc4782	11400000	"[""Assets/PlayMaker/Templates/hornet_multi_wounder.asset""]"
Assets/Scenes/Hornet/Arborium_07.unity	6968	1916	hornet_multi_wounder	ffe3a1a9c1e2bb94da3315cccccc4782	11400000	"[""Assets/PlayMaker/Templates/hornet_multi_wounder.asset""]"
Assets/Scenes/Hornet/Arborium_09.unity	10201	2381	Control	a59f3c58838809c4ea7a503a108295d3	11400000	"[""Assets/PlayMaker/Templates/tiny_dragonfly.asset""]"
Assets/Scenes/Hornet/Arborium_10.unity	1908	35	map_isroom	0fa874bd0a265424880fbf25a2b42b4c	11400000	"[""Assets/PlayMaker/Templates/map_isroom.asset""]"
Assets/Scenes/Hornet/Arborium_11.unity	7957	245	enemy_message	40a9c40cac6976f43979028f936c4871	11400000	"[""Assets/PlayMaker/Templates/enemy_message.asset""]"
Assets/Scenes/Hornet/Arborium_11.unity	8018	1600	breakable_wall_v2	49ae76d885d76f0409f5e87241c2e88a	11400000	"[""Assets/PlayMaker/Templates/breakable_wall_v2.asset""]"
Assets/Scenes/Hornet/Arborium_11.unity	8122	2094	Control	ebb7f868f778b6f4aae2a069121a4374	11400000	"[""Assets/PlayMaker/Templates/tracking_object.asset""]"
Assets/Scenes/Hornet/Arborium_Tube.unity	1371	284	Set Compass Point	50c4ce611f2eeac40a7c0f864becbd3e	11400000	"[""Assets/PlayMaker/Templates/map_set_room_compass.asset""]"
Assets/Scenes/Hornet/Aspid_01.unity	10272	1451	Geo Rock	3ce2aab20b6447d47a1b288b65263053	11400000	"[""Assets/PlayMaker/Templates/geo_rock.asset""]"
Assets/Scenes/Hornet/Aspid_01.unity	10510	3064	Control	ebb7f868f778b6f4aae2a069121a4374	11400000	"[""Assets/PlayMaker/Templates/tracking_object.asset""]"
Assets/Scenes/Hornet/Aspid_01.unity	10583	2566	Sway	611750e4cd2b0fc488c94b4d4a747bec	11400000	"[""Assets/PlayMaker/Templates/sway_plat_art.asset""]"
Assets/Scenes/Hornet/Aspid_01.unity	10584	2565	Sway	611750e4cd2b0fc488c94b4d4a747bec	11400000	"[""Assets/PlayMaker/Templates/sway_plat_art.asset""]"
Assets/Scenes/Hornet/Aspid_01.unity	10585	2564	Sway	611750e4cd2b0fc488c94b4d4a747bec	11400000	"[""Assets/PlayMaker/Templates/sway_plat_art.asset""]"
Assets/Scenes/Hornet/Aspid_01.unity	10586	2570	Sway	611750e4cd2b0fc488c94b4d4a747bec	11400000	"[""Assets/PlayMaker/Templates/sway_plat_art.asset""]"
Assets/Scenes/Hornet/Aspid_01.unity	10587	2568	Sway	611750e4cd2b0fc488c94b4d4a747bec	11400000	"[""Assets/PlayMaker/Templates/sway_plat_art.asset""]"
Assets/Scenes/Hornet/Aspid_01.unity	10588	2567	Sway	611750e4cd2b0fc488c94b4d4a747bec	11400000	"[""Assets/PlayMaker/Templates/sway_plat_art.asset""]"
Assets/Scenes/Hornet/Aspid_01.unity	10589	2569	Sway	611750e4cd2b0fc488c94b4d4a747bec	11400000	"[""Assets/PlayMaker/Templates/sway_plat_art.asset""]"
Assets/Scenes/Hornet/Aspid_01.unity	10711	2466	Detect Landing	c9d78aec9d8dd8a419833f8f977ce120	11400000	"[""Assets/PlayMaker/Templates/sway_plat_collider.asset""]"
Assets/Scenes/Hornet/Aspid_01.unity	10712	2465	Detect Landing	c9d78aec9d8dd8a419833f8f977ce120	11400000	"[""Assets/PlayMaker/Templates/sway_plat_collider.asset""]"
Assets/Scenes/Hornet/Aspid_01.unity	10713	2464	Detect Landing	c9d78aec9d8dd8a419833f8f977ce120	11400000	"[""Assets/PlayMaker/Templates/sway_plat_collider.asset""]"
Assets/Scenes/Hornet/Aspid_01.unity	10714	2469	Detect Landing	c9d78aec9d8dd8a419833f8f977ce120	11400000	"[""Assets/PlayMaker/Templates/sway_plat_collider.asset""]"
Assets/Scenes/Hornet/Aspid_01.unity	10715	2468	Detect Landing	c9d78aec9d8dd8a419833f8f977ce120	11400000	"[""Assets/PlayMaker/Templates/sway_plat_collider.asset""]"
Assets/Scenes/Hornet/Aspid_01.unity	10716	2470	Detect Landing	c9d78aec9d8dd8a419833f8f977ce120	11400000	"[""Assets/PlayMaker/Templates/sway_plat_collider.asset""]"
Assets/Scenes/Hornet/Aspid_01.unity	10717	2467	Detect Landing	c9d78aec9d8dd8a419833f8f977ce120	11400000	"[""Assets/PlayMaker/Templates/sway_plat_collider.asset""]"
Assets/Scenes/Hornet/Aspid_01.unity	10869	2817	Cower	1e7787dfa0817b346aedad76fa673708	11400000	"[""Assets/PlayMaker/Templates/courier_npc_common.asset""]"
Assets/Scenes/Hornet/Bellshrine.unity	1202	95	Bench Control	30022a57d0796134fbc5d49b1decd4f9	11400000	"[""Assets/PlayMaker/Templates/bench_control.asset""]"
Assets/Scenes/Hornet/Bellshrine_02.unity	1433	114	Bench Control	30022a57d0796134fbc5d49b1decd4f9	11400000	"[""Assets/PlayMaker/Templates/bench_control.asset""]"
Assets/Scenes/Hornet/Bellshrine_03.unity	1750	138	Bench Control	30022a57d0796134fbc5d49b1decd4f9	11400000	"[""Assets/PlayMaker/Templates/bench_control.asset""]"
Assets/Scenes/Hornet/Bellshrine_05.unity	1918	142	Bench Control	30022a57d0796134fbc5d49b1decd4f9	11400000	"[""Assets/PlayMaker/Templates/bench_control.asset""]"
Assets/Scenes/Hornet/Bellshrine_Coral.unity	1473	195	Bench Control	30022a57d0796134fbc5d49b1decd4f9	11400000	"[""Assets/PlayMaker/Templates/bench_control.asset""]"
Assets/Scenes/Hornet/Bellshrine_Coral.unity	1537	388	Control	d13141ace76d6cc4e913c2aeb23075ea	11400000	"[""Assets/PlayMaker/Templates/coral_crust_wall.asset""]"
Assets/Scenes/Hornet/Bellshrine_Coral.unity	1538	389	Control	d13141ace76d6cc4e913c2aeb23075ea	11400000	"[""Assets/PlayMaker/Templates/coral_crust_wall.asset""]"
Assets/Scenes/Hornet/Bellshrine_Coral.unity	1539	390	Control	d13141ace76d6cc4e913c2aeb23075ea	11400000	"[""Assets/PlayMaker/Templates/coral_crust_wall.asset""]"
Assets/Scenes/Hornet/Bellshrine_Enclave.unity	2090	219	Bench Control	30022a57d0796134fbc5d49b1decd4f9	11400000	"[""Assets/PlayMaker/Templates/bench_control.asset""]"
Assets/Scenes/Hornet/Belltown.unity	9244	577	Bench Control	30022a57d0796134fbc5d49b1decd4f9	11400000	"[""Assets/PlayMaker/Templates/bench_control.asset""]"
Assets/Scenes/Hornet/Belltown.unity	9260	619	Hit Animate	84529c361b6e8674e8d7a3f8d2c9a025	11400000	"[""Assets/PlayMaker/Templates/inert_sign_hit.asset""]"
Assets/Scenes/Hornet/Belltown.unity	9322	856	FSM	1686fa2f54abca14ea6969b774a733fb	11400000	"[""Assets/PlayMaker/Templates/depress_plat.asset""]"
Assets/Scenes/Hornet/Belltown.unity	9356	1040	Hit Animate	84529c361b6e8674e8d7a3f8d2c9a025	11400000	"[""Assets/PlayMaker/Templates/inert_sign_hit.asset""]"
Assets/Scenes/Hornet/Belltown.unity	9474	1621	FSM	1686fa2f54abca14ea6969b774a733fb	11400000	"[""Assets/PlayMaker/Templates/depress_plat.asset""]"
Assets/Scenes/Hornet/Belltown.unity	9625	2222	Animation	61c6ee15666486d4481fbd4dc15faa4c	11400000	"[""Assets/PlayMaker/Templates/bagpiper_animation.asset""]"
Assets/Scenes/Hornet/Belltown.unity	9627	1971	Animation	61c6ee15666486d4481fbd4dc15faa4c	11400000	"[""Assets/PlayMaker/Templates/bagpiper_animation.asset""]"
Assets/Scenes/Hornet/Belltown.unity	9664	1830	Animation	61c6ee15666486d4481fbd4dc15faa4c	11400000	"[""Assets/PlayMaker/Templates/bagpiper_animation.asset""]"
Assets/Scenes/Hornet/Belltown.unity	9737	2057	Attack Enemies	caafb23d9ce46d04e95abb72c7771eb4	11400000	"[""Assets/PlayMaker/Templates/mapper_battle.asset""]"
Assets/Scenes/Hornet/Belltown.unity	10032	1000	Anim Runner	b947e12a280305d44a73c709fee2e3f9	11400000	"[""Assets/PlayMaker/Templates/courier_quest_giver_anim_runner.asset""]"
Assets/Scenes/Hornet/Belltown.unity	10056	2371	sherma_anim	3278a3007d6fbb54e9f51fab8f4a4bbb	11400000	"[""Assets/PlayMaker/Templates/sherma_anim.asset""]"
Assets/Scenes/Hornet/Belltown.unity	10182	1128	Anim Runner	b947e12a280305d44a73c709fee2e3f9	11400000	"[""Assets/PlayMaker/Templates/courier_quest_giver_anim_runner.asset""]"
Assets/Scenes/Hornet/Belltown_04.unity	9937	1181	FSM	c332780cbeb3a264fb2eff442248d6cd	11400000	"[""Assets/PlayMaker/Templates/follow_camera_bound.asset""]"
Assets/Scenes/Hornet/Belltown_04.unity	10220	2359	Control	d13141ace76d6cc4e913c2aeb23075ea	11400000	"[""Assets/PlayMaker/Templates/coral_crust_wall.asset""]"
Assets/Scenes/Hornet/Belltown_04.unity	10221	2358	Control	d13141ace76d6cc4e913c2aeb23075ea	11400000	"[""Assets/PlayMaker/Templates/coral_crust_wall.asset""]"
Assets/Scenes/Hornet/Belltown_04.unity	10222	2363	Control	d13141ace76d6cc4e913c2aeb23075ea	11400000	"[""Assets/PlayMaker/Templates/coral_crust_wall.asset""]"
Assets/Scenes/Hornet/Belltown_04.unity	10223	2362	Control	d13141ace76d6cc4e913c2aeb23075ea	11400000	"[""Assets/PlayMaker/Templates/coral_crust_wall.asset""]"
Assets/Scenes/Hornet/Belltown_04.unity	10224	2361	Control	d13141ace76d6cc4e913c2aeb23075ea	11400000	"[""Assets/PlayMaker/Templates/coral_crust_wall.asset""]"
Assets/Scenes/Hornet/Belltown_04.unity	10225	2360	Control	d13141ace76d6cc4e913c2aeb23075ea	11400000	"[""Assets/PlayMaker/Templates/coral_crust_wall.asset""]"
Assets/Scenes/Hornet/Belltown_04.unity	10247	1999	FSM	c332780cbeb3a264fb2eff442248d6cd	11400000	"[""Assets/PlayMaker/Templates/follow_camera_bound.asset""]"
Assets/Scenes/Hornet/Belltown_06.unity	4782	893	FSM	1686fa2f54abca14ea6969b774a733fb	11400000	"[""Assets/PlayMaker/Templates/depress_plat.asset""]"
Assets/Scenes/Hornet/Belltown_07.unity	3594	579	FSM	1686fa2f54abca14ea6969b774a733fb	11400000	"[""Assets/PlayMaker/Templates/depress_plat.asset""]"
Assets/Scenes/Hornet/Belltown_08.unity	4697	1297	wisp_brazier_arm	7368024b3c165fd41a684b61aa9d08c7	11400000	"[""Assets/PlayMaker/Templates/wisp_brazier_arm.asset""]"
Assets/Scenes/Hornet/Belltown_08.unity	4883	1144	wisp_brazier_arm	7368024b3c165fd41a684b61aa9d08c7	11400000	"[""Assets/PlayMaker/Templates/wisp_brazier_arm.asset""]"
Assets/Scenes/Hornet/Belltown_08.unity	4892	1153	wisp_brazier_arm	7368024b3c165fd41a684b61aa9d08c7	11400000	"[""Assets/PlayMaker/Templates/wisp_brazier_arm.asset""]"
Assets/Scenes/Hornet/Belltown_08.unity	4901	623	wisp_brazier_arm	7368024b3c165fd41a684b61aa9d08c7	11400000	"[""Assets/PlayMaker/Templates/wisp_brazier_arm.asset""]"
Assets/Scenes/Hornet/Belltown_Room_Relic.unity	622	51	FSM	0fa874bd0a265424880fbf25a2b42b4c	11400000	"[""Assets/PlayMaker/Templates/map_isroom.asset""]"
Assets/Scenes/Hornet/Belltown_Room_Relic.unity	671	157	Inventory Proxy	a1325dc212777ad41a004c4d0442f194	11400000	"[""Assets/PlayMaker/Templates/inventory_proxy.asset""]"
Assets/Scenes/Hornet/Belltown_Room_Relic.unity	680	92	Animation	c60b262fa34810449be4e50248f3c6f0	11400000	"[""Assets/PlayMaker/Templates/librarian_tentancles_animation.asset""]"
Assets/Scenes/Hornet/Belltown_Room_Relic.unity	681	91	Animation	c60b262fa34810449be4e50248f3c6f0	11400000	"[""Assets/PlayMaker/Templates/librarian_tentancles_animation.asset""]"
Assets/Scenes/Hornet/Belltown_Room_Relic.unity	682	90	Animation	c60b262fa34810449be4e50248f3c6f0	11400000	"[""Assets/PlayMaker/Templates/librarian_tentancles_animation.asset""]"
Assets/Scenes/Hornet/Belltown_Room_Relic.unity	683	94	Animation	c60b262fa34810449be4e50248f3c6f0	11400000	"[""Assets/PlayMaker/Templates/librarian_tentancles_animation.asset""]"
Assets/Scenes/Hornet/Belltown_Room_Relic.unity	684	93	Animation	c60b262fa34810449be4e50248f3c6f0	11400000	"[""Assets/PlayMaker/Templates/librarian_tentancles_animation.asset""]"
Assets/Scenes/Hornet/Belltown_Room_Relic.unity	730	104	Animation	c60b262fa34810449be4e50248f3c6f0	11400000	"[""Assets/PlayMaker/Templates/librarian_tentancles_animation.asset""]"
Assets/Scenes/Hornet/Belltown_Room_Spare.unity	1622	14	color_fader	6d6797e906b8e734cbee4d3a9df9acbc	11400000	"[""Assets/PlayMaker/Templates/color_fader.asset""]"
Assets/Scenes/Hornet/Belltown_Room_Spare.unity	1623	16	color_fader	6d6797e906b8e734cbee4d3a9df9acbc	11400000	"[""Assets/PlayMaker/Templates/color_fader.asset""]"
Assets/Scenes/Hornet/Belltown_Room_Spare.unity	1624	26	color_fader	6d6797e906b8e734cbee4d3a9df9acbc	11400000	"[""Assets/PlayMaker/Templates/color_fader.asset""]"
Assets/Scenes/Hornet/Belltown_Room_Spare.unity	1625	28	color_fader	6d6797e906b8e734cbee4d3a9df9acbc	11400000	"[""Assets/PlayMaker/Templates/color_fader.asset""]"
Assets/Scenes/Hornet/Belltown_Room_Spare.unity	1629	36	color_fader	6d6797e906b8e734cbee4d3a9df9acbc	11400000	"[""Assets/PlayMaker/Templates/color_fader.asset""]"
Assets/Scenes/Hornet/Belltown_Room_Spare.unity	1631	50	color_fader	6d6797e906b8e734cbee4d3a9df9acbc	11400000	"[""Assets/PlayMaker/Templates/color_fader.asset""]"
Assets/Scenes/Hornet/Belltown_Room_Spare.unity	1632	51	FSM	2822d5f0a56d5274594c3ab82acbe0d6	11400000	"[""Assets/PlayMaker/Templates/lowpass_audio_by_area.asset""]"
Assets/Scenes/Hornet/Belltown_Room_Spare.unity	1637	52	color_fader	6d6797e906b8e734cbee4d3a9df9acbc	11400000	"[""Assets/PlayMaker/Templates/color_fader.asset""]"
Assets/Scenes/Hornet/Belltown_Room_Spare.unity	1639	54	color_fader	6d6797e906b8e734cbee4d3a9df9acbc	11400000	"[""Assets/PlayMaker/Templates/color_fader.asset""]"
Assets/Scenes/Hornet/Belltown_Room_Spare.unity	1641	61	color_fader	6d6797e906b8e734cbee4d3a9df9acbc	11400000	"[""Assets/PlayMaker/Templates/color_fader.asset""]"
Assets/Scenes/Hornet/Belltown_Room_Spare.unity	1642	62	color_fader	6d6797e906b8e734cbee4d3a9df9acbc	11400000	"[""Assets/PlayMaker/Templates/color_fader.asset""]"
Assets/Scenes/Hornet/Belltown_Room_Spare.unity	1644	65	color_fader	6d6797e906b8e734cbee4d3a9df9acbc	11400000	"[""Assets/PlayMaker/Templates/color_fader.asset""]"
Assets/Scenes/Hornet/Belltown_Room_Spare.unity	1646	66	color_fader	6d6797e906b8e734cbee4d3a9df9acbc	11400000	"[""Assets/PlayMaker/Templates/color_fader.asset""]"
Assets/Scenes/Hornet/Belltown_Room_Spare.unity	1648	68	color_fader	6d6797e906b8e734cbee4d3a9df9acbc	11400000	"[""Assets/PlayMaker/Templates/color_fader.asset""]"
Assets/Scenes/Hornet/Belltown_Room_Spare.unity	1649	70	color_fader	6d6797e906b8e734cbee4d3a9df9acbc	11400000	"[""Assets/PlayMaker/Templates/color_fader.asset""]"
Assets/Scenes/Hornet/Belltown_Room_Spare.unity	1651	72	color_fader	6d6797e906b8e734cbee4d3a9df9acbc	11400000	"[""Assets/PlayMaker/Templates/color_fader.asset""]"
Assets/Scenes/Hornet/Belltown_Room_Spare.unity	1653	80	color_fader	6d6797e906b8e734cbee4d3a9df9acbc	11400000	"[""Assets/PlayMaker/Templates/color_fader.asset""]"
Assets/Scenes/Hornet/Belltown_Room_Spare.unity	1659	93	color_fader	6d6797e906b8e734cbee4d3a9df9acbc	11400000	"[""Assets/PlayMaker/Templates/color_fader.asset""]"
Assets/Scenes/Hornet/Belltown_Room_Spare.unity	1665	106	color_fader	6d6797e906b8e734cbee4d3a9df9acbc	11400000	"[""Assets/PlayMaker/Templates/color_fader.asset""]"
Assets/Scenes/Hornet/Belltown_Room_Spare.unity	1668	110	color_fader	6d6797e906b8e734cbee4d3a9df9acbc	11400000	"[""Assets/PlayMaker/Templates/color_fader.asset""]"
Assets/Scenes/Hornet/Belltown_Room_Spare.unity	1669	115	color_fader	6d6797e906b8e734cbee4d3a9df9acbc	11400000	"[""Assets/PlayMaker/Templates/color_fader.asset""]"
Assets/Scenes/Hornet/Belltown_Room_Spare.unity	1672	121	color_fader	6d6797e906b8e734cbee4d3a9df9acbc	11400000	"[""Assets/PlayMaker/Templates/color_fader.asset""]"
Assets/Scenes/Hornet/Belltown_Room_Spare.unity	1673	122	color_fader	6d6797e906b8e734cbee4d3a9df9acbc	11400000	"[""Assets/PlayMaker/Templates/color_fader.asset""]"
Assets/Scenes/Hornet/Belltown_Room_Spare.unity	1674	123	color_fader	6d6797e906b8e734cbee4d3a9df9acbc	11400000	"[""Assets/PlayMaker/Templates/color_fader.asset""]"
Assets/Scenes/Hornet/Belltown_Room_Spare.unity	1676	129	color_fader	6d6797e906b8e734cbee4d3a9df9acbc	11400000	"[""Assets/PlayMaker/Templates/color_fader.asset""]"
Assets/Scenes/Hornet/Belltown_Room_Spare.unity	1677	134	color_fader	6d6797e906b8e734cbee4d3a9df9acbc	11400000	"[""Assets/PlayMaker/Templates/color_fader.asset""]"
Assets/Scenes/Hornet/Belltown_Room_Spare.unity	1680	136	color_fader	6d6797e906b8e734cbee4d3a9df9acbc	11400000	"[""Assets/PlayMaker/Templates/color_fader.asset""]"
Assets/Scenes/Hornet/Belltown_Room_Spare.unity	1687	156	color_fader	6d6797e906b8e734cbee4d3a9df9acbc	11400000	"[""Assets/PlayMaker/Templates/color_fader.asset""]"
Assets/Scenes/Hornet/Belltown_Room_Spare.unity	1692	159	color_fader	6d6797e906b8e734cbee4d3a9df9acbc	11400000	"[""Assets/PlayMaker/Templates/color_fader.asset""]"
Assets/Scenes/Hornet/Belltown_Room_Spare.unity	1694	161	color_fader	6d6797e906b8e734cbee4d3a9df9acbc	11400000	"[""Assets/PlayMaker/Templates/color_fader.asset""]"
Assets/Scenes/Hornet/Belltown_Room_Spare.unity	1695	163	color_fader	6d6797e906b8e734cbee4d3a9df9acbc	11400000	"[""Assets/PlayMaker/Templates/color_fader.asset""]"
Assets/Scenes/Hornet/Belltown_Room_Spare.unity	1696	165	color_fader	6d6797e906b8e734cbee4d3a9df9acbc	11400000	"[""Assets/PlayMaker/Templates/color_fader.asset""]"
Assets/Scenes/Hornet/Belltown_Room_Spare.unity	1697	166	color_fader	6d6797e906b8e734cbee4d3a9df9acbc	11400000	"[""Assets/PlayMaker/Templates/color_fader.asset""]"
Assets/Scenes/Hornet/Belltown_Room_Spare.unity	1699	168	color_fader	6d6797e906b8e734cbee4d3a9df9acbc	11400000	"[""Assets/PlayMaker/Templates/color_fader.asset""]"
Assets/Scenes/Hornet/Belltown_Room_Spare.unity	1704	172	color_fader	6d6797e906b8e734cbee4d3a9df9acbc	11400000	"[""Assets/PlayMaker/Templates/color_fader.asset""]"
Assets/Scenes/Hornet/Belltown_Room_Spare.unity	1706	173	color_fader	6d6797e906b8e734cbee4d3a9df9acbc	11400000	"[""Assets/PlayMaker/Templates/color_fader.asset""]"
Assets/Scenes/Hornet/Belltown_Room_Spare.unity	1707	176	color_fader	6d6797e906b8e734cbee4d3a9df9acbc	11400000	"[""Assets/PlayMaker/Templates/color_fader.asset""]"
Assets/Scenes/Hornet/Belltown_Room_Spare.unity	1708	179	color_fader	6d6797e906b8e734cbee4d3a9df9acbc	11400000	"[""Assets/PlayMaker/Templates/color_fader.asset""]"
Assets/Scenes/Hornet/Belltown_Room_Spare.unity	1712	191	color_fader	6d6797e906b8e734cbee4d3a9df9acbc	11400000	"[""Assets/PlayMaker/Templates/color_fader.asset""]"
Assets/Scenes/Hornet/Belltown_Room_Spare.unity	1715	405	tilt_plat	a40d78acbe179ad4a90e9b9d77d082be	11400000	"[""Assets/PlayMaker/Templates/tilt_plat.asset""]"
Assets/Scenes/Hornet/Belltown_Room_Spare.unity	1717	196	color_fader	6d6797e906b8e734cbee4d3a9df9acbc	11400000	"[""Assets/PlayMaker/Templates/color_fader.asset""]"
Assets/Scenes/Hornet/Belltown_Room_Spare.unity	1719	203	color_fader	6d6797e906b8e734cbee4d3a9df9acbc	11400000	"[""Assets/PlayMaker/Templates/color_fader.asset""]"
Assets/Scenes/Hornet/Belltown_Room_Spare.unity	1721	204	color_fader	6d6797e906b8e734cbee4d3a9df9acbc	11400000	"[""Assets/PlayMaker/Templates/color_fader.asset""]"
Assets/Scenes/Hornet/Belltown_Room_Spare.unity	1722	206	color_fader	6d6797e906b8e734cbee4d3a9df9acbc	11400000	"[""Assets/PlayMaker/Templates/color_fader.asset""]"
Assets/Scenes/Hornet/Belltown_Room_Spare.unity	1723	210	FSM	2822d5f0a56d5274594c3ab82acbe0d6	11400000	"[""Assets/PlayMaker/Templates/lowpass_audio_by_area.asset""]"
Assets/Scenes/Hornet/Belltown_Room_Spare.unity	1725	218	color_fader	6d6797e906b8e734cbee4d3a9df9acbc	11400000	"[""Assets/PlayMaker/Templates/color_fader.asset""]"
Assets/Scenes/Hornet/Belltown_Room_Spare.unity	1726	222	color_fader	6d6797e906b8e734cbee4d3a9df9acbc	11400000	"[""Assets/PlayMaker/Templates/color_fader.asset""]"
Assets/Scenes/Hornet/Belltown_Room_Spare.unity	1729	226	color_fader	6d6797e906b8e734cbee4d3a9df9acbc	11400000	"[""Assets/PlayMaker/Templates/color_fader.asset""]"
Assets/Scenes/Hornet/Belltown_Room_Spare.unity	1732	231	color_fader	6d6797e906b8e734cbee4d3a9df9acbc	11400000	"[""Assets/PlayMaker/Templates/color_fader.asset""]"
Assets/Scenes/Hornet/Belltown_Room_Spare.unity	1733	232	FSM	0fa874bd0a265424880fbf25a2b42b4c	11400000	"[""Assets/PlayMaker/Templates/map_isroom.asset""]"
Assets/Scenes/Hornet/Belltown_Room_Spare.unity	1735	233	color_fader	6d6797e906b8e734cbee4d3a9df9acbc	11400000	"[""Assets/PlayMaker/Templates/color_fader.asset""]"
Assets/Scenes/Hornet/Belltown_Room_Spare.unity	1737	236	color_fader	6d6797e906b8e734cbee4d3a9df9acbc	11400000	"[""Assets/PlayMaker/Templates/color_fader.asset""]"
Assets/Scenes/Hornet/Belltown_Room_Spare.unity	1740	246	color_fader	6d6797e906b8e734cbee4d3a9df9acbc	11400000	"[""Assets/PlayMaker/Templates/color_fader.asset""]"
Assets/Scenes/Hornet/Belltown_Room_Spare.unity	1741	250	color_fader	6d6797e906b8e734cbee4d3a9df9acbc	11400000	"[""Assets/PlayMaker/Templates/color_fader.asset""]"
Assets/Scenes/Hornet/Belltown_Room_Spare.unity	1750	254	color_fader	6d6797e906b8e734cbee4d3a9df9acbc	11400000	"[""Assets/PlayMaker/Templates/color_fader.asset""]"
Assets/Scenes/Hornet/Belltown_Room_Spare.unity	1752	257	color_fader	6d6797e906b8e734cbee4d3a9df9acbc	11400000	"[""Assets/PlayMaker/Templates/color_fader.asset""]"
Assets/Scenes/Hornet/Belltown_Room_Spare.unity	1754	258	color_fader	6d6797e906b8e734cbee4d3a9df9acbc	11400000	"[""Assets/PlayMaker/Templates/color_fader.asset""]"
Assets/Scenes/Hornet/Belltown_Room_Spare.unity	1756	260	color_fader	6d6797e906b8e734cbee4d3a9df9acbc	11400000	"[""Assets/PlayMaker/Templates/color_fader.asset""]"
Assets/Scenes/Hornet/Belltown_Room_Spare.unity	1759	268	color_fader	6d6797e906b8e734cbee4d3a9df9acbc	11400000	"[""Assets/PlayMaker/Templates/color_fader.asset""]"
Assets/Scenes/Hornet/Belltown_Room_Spare.unity	1761	272	color_fader	6d6797e906b8e734cbee4d3a9df9acbc	11400000	"[""Assets/PlayMaker/Templates/color_fader.asset""]"
Assets/Scenes/Hornet/Belltown_Room_Spare.unity	1763	275	color_fader	6d6797e906b8e734cbee4d3a9df9acbc	11400000	"[""Assets/PlayMaker/Templates/color_fader.asset""]"
Assets/Scenes/Hornet/Belltown_Room_Spare.unity	1765	276	color_fader	6d6797e906b8e734cbee4d3a9df9acbc	11400000	"[""Assets/PlayMaker/Templates/color_fader.asset""]"
Assets/Scenes/Hornet/Belltown_Room_Spare.unity	1771	283	color_fader	6d6797e906b8e734cbee4d3a9df9acbc	11400000	"[""Assets/PlayMaker/Templates/color_fader.asset""]"
Assets/Scenes/Hornet/Belltown_Room_Spare.unity	1773	284	color_fader	6d6797e906b8e734cbee4d3a9df9acbc	11400000	"[""Assets/PlayMaker/Templates/color_fader.asset""]"
Assets/Scenes/Hornet/Belltown_Room_Spare.unity	1774	285	color_fader	6d6797e906b8e734cbee4d3a9df9acbc	11400000	"[""Assets/PlayMaker/Templates/color_fader.asset""]"
Assets/Scenes/Hornet/Belltown_Room_Spare.unity	1776	286	color_fader	6d6797e906b8e734cbee4d3a9df9acbc	11400000	"[""Assets/PlayMaker/Templates/color_fader.asset""]"
Assets/Scenes/Hornet/Belltown_Room_Spare.unity	1778	290	color_fader	6d6797e906b8e734cbee4d3a9df9acbc	11400000	"[""Assets/PlayMaker/Templates/color_fader.asset""]"
Assets/Scenes/Hornet/Belltown_Room_Spare.unity	1781	295	color_fader	6d6797e906b8e734cbee4d3a9df9acbc	11400000	"[""Assets/PlayMaker/Templates/color_fader.asset""]"
Assets/Scenes/Hornet/Belltown_Room_Spare.unity	1783	297	color_fader	6d6797e906b8e734cbee4d3a9df9acbc	11400000	"[""Assets/PlayMaker/Templates/color_fader.asset""]"
Assets/Scenes/Hornet/Belltown_Room_Spare.unity	1784	299	color_fader	6d6797e906b8e734cbee4d3a9df9acbc	11400000	"[""Assets/PlayMaker/Templates/color_fader.asset""]"
Assets/Scenes/Hornet/Belltown_Room_Spare.unity	1793	408	tilt_plat	a40d78acbe179ad4a90e9b9d77d082be	11400000	"[""Assets/PlayMaker/Templates/tilt_plat.asset""]"
Assets/Scenes/Hornet/Belltown_Room_Spare.unity	1798	303	Bench Control	30022a57d0796134fbc5d49b1decd4f9	11400000	"[""Assets/PlayMaker/Templates/bench_control.asset""]"
Assets/Scenes/Hornet/Belltown_Room_Spare.unity	1803	320	color_fader	6d6797e906b8e734cbee4d3a9df9acbc	11400000	"[""Assets/PlayMaker/Templates/color_fader.asset""]"
Assets/Scenes/Hornet/Belltown_Room_Spare.unity	1806	324	color_fader	6d6797e906b8e734cbee4d3a9df9acbc	11400000	"[""Assets/PlayMaker/Templates/color_fader.asset""]"
Assets/Scenes/Hornet/Belltown_Room_Spare.unity	1808	325	color_fader	6d6797e906b8e734cbee4d3a9df9acbc	11400000	"[""Assets/PlayMaker/Templates/color_fader.asset""]"
Assets/Scenes/Hornet/Belltown_Room_Spare.unity	1809	328	color_fader	6d6797e906b8e734cbee4d3a9df9acbc	11400000	"[""Assets/PlayMaker/Templates/color_fader.asset""]"
Assets/Scenes/Hornet/Belltown_Room_Spare.unity	1811	331	color_fader	6d6797e906b8e734cbee4d3a9df9acbc	11400000	"[""Assets/PlayMaker/Templates/color_fader.asset""]"
Assets/Scenes/Hornet/Belltown_Room_Spare.unity	1816	344	color_fader	6d6797e906b8e734cbee4d3a9df9acbc	11400000	"[""Assets/PlayMaker/Templates/color_fader.asset""]"
Assets/Scenes/Hornet/Belltown_Room_Spare.unity	1819	348	Destroy on Level Load	a349164329b1bad4697a405b87c19587	11400000	"[""Assets/PlayMaker/Templates/destroy_on_level_load.asset""]"
Assets/Scenes/Hornet/Belltown_Room_Spare.unity	1820	346	Destroy on Level Load	a349164329b1bad4697a405b87c19587	11400000	"[""Assets/PlayMaker/Templates/destroy_on_level_load.asset""]"
Assets/Scenes/Hornet/Belltown_Room_Spare.unity	1840	380	Inventory Proxy	a1325dc212777ad41a004c4d0442f194	11400000	"[""Assets/PlayMaker/Templates/inventory_proxy.asset""]"
Assets/Scenes/Hornet/Belltown_Room_doctor.unity	519	11	FSM	1686fa2f54abca14ea6969b774a733fb	11400000	"[""Assets/PlayMaker/Templates/depress_plat.asset""]"
Assets/Scenes/Hornet/Belltown_Room_doctor.unity	530	58	FSM	1686fa2f54abca14ea6969b774a733fb	11400000	"[""Assets/PlayMaker/Templates/depress_plat.asset""]"
Assets/Scenes/Hornet/Belltown_Room_doctor.unity	532	60	FSM	1686fa2f54abca14ea6969b774a733fb	11400000	"[""Assets/PlayMaker/Templates/depress_plat.asset""]"
Assets/Scenes/Hornet/Belltown_Room_doctor.unity	537	80	FSM	0fa874bd0a265424880fbf25a2b42b4c	11400000	"[""Assets/PlayMaker/Templates/map_isroom.asset""]"
Assets/Scenes/Hornet/Belltown_Room_pinsmith.unity	272	53	FSM	0fa874bd0a265424880fbf25a2b42b4c	11400000	"[""Assets/PlayMaker/Templates/map_isroom.asset""]"
Assets/Scenes/Hornet/Belltown_Room_shellwood.unity	1144	108	FSM	0fa874bd0a265424880fbf25a2b42b4c	11400000	"[""Assets/PlayMaker/Templates/map_isroom.asset""]"
Assets/Scenes/Hornet/Belltown_Shrine.unity	5702	783	Bench Control	30022a57d0796134fbc5d49b1decd4f9	11400000	"[""Assets/PlayMaker/Templates/bench_control.asset""]"
Assets/Scenes/Hornet/Belltown_Shrine.unity	5975	1106	Stun Control	2e4b6e573032075449b2ab0adc00c0b8	11400000	"[""Assets/PlayMaker/Templates/stun_control.asset""]"
Assets/Scenes/Hornet/Belltown_Shrine.unity	6093	974	hornet_multi_wounder	ffe3a1a9c1e2bb94da3315cccccc4782	11400000	"[""Assets/PlayMaker/Templates/hornet_multi_wounder.asset""]"
Assets/Scenes/Hornet/Belltown_Shrine.unity	6328	1321	hornet_multi_wounder	ffe3a1a9c1e2bb94da3315cccccc4782	11400000	"[""Assets/PlayMaker/Templates/hornet_multi_wounder.asset""]"
Assets/Scenes/Hornet/Belltown_basement.unity	5125	587	bellbeast_children_control	f2fe5cfb94f086d429299e35587784d6	11400000	"[""Assets/PlayMaker/Templates/bellbeast_children_control.asset""]"
Assets/Scenes/Hornet/Belltown_basement.unity	5492	1224	Set Compass Point	50c4ce611f2eeac40a7c0f864becbd3e	11400000	"[""Assets/PlayMaker/Templates/map_set_room_compass.asset""]"
Assets/Scenes/Hornet/Belltown_basement_03.unity	14398	3255	tilt_plat	a40d78acbe179ad4a90e9b9d77d082be	11400000	"[""Assets/PlayMaker/Templates/tilt_plat.asset""]"
Assets/Scenes/Hornet/Belltown_basement_03.unity	14399	3254	tilt_plat	a40d78acbe179ad4a90e9b9d77d082be	11400000	"[""Assets/PlayMaker/Templates/tilt_plat.asset""]"
Assets/Scenes/Hornet/Belltown_basement_03.unity	14400	3256	tilt_plat	a40d78acbe179ad4a90e9b9d77d082be	11400000	"[""Assets/PlayMaker/Templates/tilt_plat.asset""]"
Assets/Scenes/Hornet/Belltown_basement_03.unity	14401	3257	tilt_plat	a40d78acbe179ad4a90e9b9d77d082be	11400000	"[""Assets/PlayMaker/Templates/tilt_plat.asset""]"
Assets/Scenes/Hornet/Belltown_basement_03.unity	14402	3259	tilt_plat	a40d78acbe179ad4a90e9b9d77d082be	11400000	"[""Assets/PlayMaker/Templates/tilt_plat.asset""]"
Assets/Scenes/Hornet/Belltown_basement_03.unity	14403	3258	tilt_plat	a40d78acbe179ad4a90e9b9d77d082be	11400000	"[""Assets/PlayMaker/Templates/tilt_plat.asset""]"
Assets/Scenes/Hornet/Belltown_basement_03.unity	14404	3261	tilt_plat	a40d78acbe179ad4a90e9b9d77d082be	11400000	"[""Assets/PlayMaker/Templates/tilt_plat.asset""]"
Assets/Scenes/Hornet/Belltown_basement_03.unity	14405	3260	tilt_plat	a40d78acbe179ad4a90e9b9d77d082be	11400000	"[""Assets/PlayMaker/Templates/tilt_plat.asset""]"
Assets/Scenes/Hornet/Belltown_basement_03.unity	14406	3263	tilt_plat	a40d78acbe179ad4a90e9b9d77d082be	11400000	"[""Assets/PlayMaker/Templates/tilt_plat.asset""]"
Assets/Scenes/Hornet/Belltown_basement_03.unity	14407	3262	tilt_plat	a40d78acbe179ad4a90e9b9d77d082be	11400000	"[""Assets/PlayMaker/Templates/tilt_plat.asset""]"
Assets/Scenes/Hornet/Belltown_basement_03.unity	14552	3213	FSM	c332780cbeb3a264fb2eff442248d6cd	11400000	"[""Assets/PlayMaker/Templates/follow_camera_bound.asset""]"
Assets/Scenes/Hornet/Bellway_01.unity	3221	245	FSM	0fa874bd0a265424880fbf25a2b42b4c	11400000	"[""Assets/PlayMaker/Templates/map_isroom.asset""]"
Assets/Scenes/Hornet/Bellway_01.unity	3235	663	breakable_wall_v2	49ae76d885d76f0409f5e87241c2e88a	11400000	"[""Assets/PlayMaker/Templates/breakable_wall_v2.asset""]"
Assets/Scenes/Hornet/Bellway_01.unity	3485	841	Set Compass Point	50c4ce611f2eeac40a7c0f864becbd3e	11400000	"[""Assets/PlayMaker/Templates/map_set_room_compass.asset""]"
Assets/Scenes/Hornet/Bellway_01_boss.unity	111	1	bellbeast_children_control	f2fe5cfb94f086d429299e35587784d6	11400000	"[""Assets/PlayMaker/Templates/bellbeast_children_control.asset""]"
Assets/Scenes/Hornet/Bellway_02.unity	3283	128	breakable_wall_v2	49ae76d885d76f0409f5e87241c2e88a	11400000	"[""Assets/PlayMaker/Templates/breakable_wall_v2.asset""]"
Assets/Scenes/Hornet/Bellway_02.unity	3569	823	Set Compass Point	50c4ce611f2eeac40a7c0f864becbd3e	11400000	"[""Assets/PlayMaker/Templates/map_set_room_compass.asset""]"
Assets/Scenes/Hornet/Bellway_02_boss.unity	111	1	bellbeast_children_control	f2fe5cfb94f086d429299e35587784d6	11400000	"[""Assets/PlayMaker/Templates/bellbeast_children_control.asset""]"
Assets/Scenes/Hornet/Bellway_03.unity	7269	447	FSM	2822d5f0a56d5274594c3ab82acbe0d6	11400000	"[""Assets/PlayMaker/Templates/lowpass_audio_by_area.asset""]"
Assets/Scenes/Hornet/Bellway_03.unity	7366	1399	interactive_bell	73dc0b20308b5ef42a328cd4a6827bdc	11400000	"[""Assets/PlayMaker/Templates/interactive_bell.asset""]"
Assets/Scenes/Hornet/Bellway_03.unity	7450	1508	Control	0a90bbd7d59385641a93fc8723ca8247	11400000	"[""Assets/PlayMaker/Templates/updraft_region.asset""]"
Assets/Scenes/Hornet/Bellway_03.unity	7451	1507	Control	0a90bbd7d59385641a93fc8723ca8247	11400000	"[""Assets/PlayMaker/Templates/updraft_region.asset""]"
Assets/Scenes/Hornet/Bellway_03.unity	7520	1797	hornet_multi_wounder	ffe3a1a9c1e2bb94da3315cccccc4782	11400000	"[""Assets/PlayMaker/Templates/hornet_multi_wounder.asset""]"
Assets/Scenes/Hornet/Bellway_03.unity	7521	1796	hornet_multi_wounder	ffe3a1a9c1e2bb94da3315cccccc4782	11400000	"[""Assets/PlayMaker/Templates/hornet_multi_wounder.asset""]"
Assets/Scenes/Hornet/Bellway_03.unity	7522	1795	hornet_multi_wounder	ffe3a1a9c1e2bb94da3315cccccc4782	11400000	"[""Assets/PlayMaker/Templates/hornet_multi_wounder.asset""]"
Assets/Scenes/Hornet/Bellway_03.unity	7648	1467	interactive_bell	73dc0b20308b5ef42a328cd4a6827bdc	11400000	"[""Assets/PlayMaker/Templates/interactive_bell.asset""]"
Assets/Scenes/Hornet/Bellway_03.unity	7654	1345	interactive_bell	73dc0b20308b5ef42a328cd4a6827bdc	11400000	"[""Assets/PlayMaker/Templates/interactive_bell.asset""]"
Assets/Scenes/Hornet/Bellway_03.unity	7807	1867	Set Compass Point	50c4ce611f2eeac40a7c0f864becbd3e	11400000	"[""Assets/PlayMaker/Templates/map_set_room_compass.asset""]"
Assets/Scenes/Hornet/Bellway_03.unity	8034	2262	Bench Control	30022a57d0796134fbc5d49b1decd4f9	11400000	"[""Assets/PlayMaker/Templates/bench_control.asset""]"
Assets/Scenes/Hornet/Bellway_03_boss.unity	111	1	bellbeast_children_control	f2fe5cfb94f086d429299e35587784d6	11400000	"[""Assets/PlayMaker/Templates/bellbeast_children_control.asset""]"
Assets/Scenes/Hornet/Bellway_04.unity	5508	1220	Set Compass Point	50c4ce611f2eeac40a7c0f864becbd3e	11400000	"[""Assets/PlayMaker/Templates/map_set_room_compass.asset""]"
Assets/Scenes/Hornet/Bellway_04_boss.unity	111	1	bellbeast_children_control	f2fe5cfb94f086d429299e35587784d6	11400000	"[""Assets/PlayMaker/Templates/bellbeast_children_control.asset""]"
Assets/Scenes/Hornet/Bellway_08.unity	3378	370	bellbeast_children_control	f2fe5cfb94f086d429299e35587784d6	11400000	"[""Assets/PlayMaker/Templates/bellbeast_children_control.asset""]"
Assets/Scenes/Hornet/Bellway_08.unity	3477	529	interactive_bell	73dc0b20308b5ef42a328cd4a6827bdc	11400000	"[""Assets/PlayMaker/Templates/interactive_bell.asset""]"
Assets/Scenes/Hornet/Bellway_08.unity	3680	562	interactive_bell	73dc0b20308b5ef42a328cd4a6827bdc	11400000	"[""Assets/PlayMaker/Templates/interactive_bell.asset""]"
Assets/Scenes/Hornet/Bellway_08.unity	3683	505	interactive_bell	73dc0b20308b5ef42a328cd4a6827bdc	11400000	"[""Assets/PlayMaker/Templates/interactive_bell.asset""]"
Assets/Scenes/Hornet/Bellway_08.unity	3777	775	Set Compass Point	50c4ce611f2eeac40a7c0f864becbd3e	11400000	"[""Assets/PlayMaker/Templates/map_set_room_compass.asset""]"
Assets/Scenes/Hornet/Bellway_08.unity	3904	833	sherma_anim	3278a3007d6fbb54e9f51fab8f4a4bbb	11400000	"[""Assets/PlayMaker/Templates/sherma_anim.asset""]"
Assets/Scenes/Hornet/Bellway_08.unity	3905	987	Bench Control	30022a57d0796134fbc5d49b1decd4f9	11400000	"[""Assets/PlayMaker/Templates/bench_control.asset""]"
Assets/Scenes/Hornet/Bellway_Aqueduct.unity	4411	10	FSM	472f57d305c90f24d8d9572c90f30910	11400000	"[""Assets/PlayMaker/Templates/follow_camera.asset""]"
Assets/Scenes/Hornet/Bellway_Aqueduct.unity	4412	15	bellbeast_children_control	f2fe5cfb94f086d429299e35587784d6	11400000	"[""Assets/PlayMaker/Templates/bellbeast_children_control.asset""]"
Assets/Scenes/Hornet/Bellway_Aqueduct.unity	4552	808	interactive_bell	73dc0b20308b5ef42a328cd4a6827bdc	11400000	"[""Assets/PlayMaker/Templates/interactive_bell.asset""]"
Assets/Scenes/Hornet/Bellway_Aqueduct.unity	4773	811	interactive_bell	73dc0b20308b5ef42a328cd4a6827bdc	11400000	"[""Assets/PlayMaker/Templates/interactive_bell.asset""]"
Assets/Scenes/Hornet/Bellway_Aqueduct.unity	4775	798	interactive_bell	73dc0b20308b5ef42a328cd4a6827bdc	11400000	"[""Assets/PlayMaker/Templates/interactive_bell.asset""]"
Assets/Scenes/Hornet/Bellway_Aqueduct.unity	4900	1141	Set Compass Point	50c4ce611f2eeac40a7c0f864becbd3e	11400000	"[""Assets/PlayMaker/Templates/map_set_room_compass.asset""]"
Assets/Scenes/Hornet/Bellway_Aqueduct.unity	4973	1377	Bench Control	30022a57d0796134fbc5d49b1decd4f9	11400000	"[""Assets/PlayMaker/Templates/bench_control.asset""]"
Assets/Scenes/Hornet/Bellway_Centipede_Arena.unity	5669	49	centipede_boss_seg	13a37c2bb4ebcc64cb146f961771a706	11400000	"[""Assets/PlayMaker/Templates/centipede_boss_seg.asset""]"
Assets/Scenes/Hornet/Bellway_Centipede_Arena.unity	5862	1519	centipede_boss_seg	13a37c2bb4ebcc64cb146f961771a706	11400000	"[""Assets/PlayMaker/Templates/centipede_boss_seg.asset""]"
Assets/Scenes/Hornet/Bellway_Centipede_Arena.unity	5863	1520	centipede_boss_seg	13a37c2bb4ebcc64cb146f961771a706	11400000	"[""Assets/PlayMaker/Templates/centipede_boss_seg.asset""]"
Assets/Scenes/Hornet/Bellway_Centipede_Arena.unity	5960	1152	centipede_boss_seg	13a37c2bb4ebcc64cb146f961771a706	11400000	"[""Assets/PlayMaker/Templates/centipede_boss_seg.asset""]"
Assets/Scenes/Hornet/Bellway_Centipede_Arena.unity	5961	1151	centipede_boss_seg	13a37c2bb4ebcc64cb146f961771a706	11400000	"[""Assets/PlayMaker/Templates/centipede_boss_seg.asset""]"
Assets/Scenes/Hornet/Bellway_Centipede_Arena.unity	5965	1441	centipede_boss_seg	13a37c2bb4ebcc64cb146f961771a706	11400000	"[""Assets/PlayMaker/Templates/centipede_boss_seg.asset""]"
Assets/Scenes/Hornet/Bellway_Centipede_Arena.unity	5966	1440	centipede_boss_seg	13a37c2bb4ebcc64cb146f961771a706	11400000	"[""Assets/PlayMaker/Templates/centipede_boss_seg.asset""]"
Assets/Scenes/Hornet/Bellway_Centipede_Arena.unity	5990	1591	Death Control	b0a977afc64dd614d833e1691788bf12	11400000	"[""Assets/PlayMaker/Templates/centipede_death_control.asset""]"
Assets/Scenes/Hornet/Bellway_Centipede_Arena.unity	6032	1589	centipede_boss_seg	13a37c2bb4ebcc64cb146f961771a706	11400000	"[""Assets/PlayMaker/Templates/centipede_boss_seg.asset""]"
Assets/Scenes/Hornet/Bellway_Centipede_Arena.unity	6033	1590	centipede_boss_seg	13a37c2bb4ebcc64cb146f961771a706	11400000	"[""Assets/PlayMaker/Templates/centipede_boss_seg.asset""]"
Assets/Scenes/Hornet/Bellway_Centipede_Arena.unity	6070	1247	centipede_boss_seg	13a37c2bb4ebcc64cb146f961771a706	11400000	"[""Assets/PlayMaker/Templates/centipede_boss_seg.asset""]"
Assets/Scenes/Hornet/Bellway_Centipede_Arena.unity	6071	1248	centipede_boss_seg	13a37c2bb4ebcc64cb146f961771a706	11400000	"[""Assets/PlayMaker/Templates/centipede_boss_seg.asset""]"
Assets/Scenes/Hornet/Bellway_Centipede_Arena.unity	6093	1609	Death Control	b0a977afc64dd614d833e1691788bf12	11400000	"[""Assets/PlayMaker/Templates/centipede_death_control.asset""]"
Assets/Scenes/Hornet/Bellway_Centipede_Arena.unity	6122	1573	centipede_boss_seg	13a37c2bb4ebcc64cb146f961771a706	11400000	"[""Assets/PlayMaker/Templates/centipede_boss_seg.asset""]"
Assets/Scenes/Hornet/Bellway_Centipede_Arena.unity	6123	1574	centipede_boss_seg	13a37c2bb4ebcc64cb146f961771a706	11400000	"[""Assets/PlayMaker/Templates/centipede_boss_seg.asset""]"
Assets/Scenes/Hornet/Bellway_Centipede_Arena.unity	6187	1250	centipede_boss_seg	13a37c2bb4ebcc64cb146f961771a706	11400000	"[""Assets/PlayMaker/Templates/centipede_boss_seg.asset""]"
Assets/Scenes/Hornet/Bellway_Centipede_Arena.unity	6188	1249	centipede_boss_seg	13a37c2bb4ebcc64cb146f961771a706	11400000	"[""Assets/PlayMaker/Templates/centipede_boss_seg.asset""]"
Assets/Scenes/Hornet/Bellway_Centipede_Arena.unity	6191	1399	centipede_boss_seg	13a37c2bb4ebcc64cb146f961771a706	11400000	"[""Assets/PlayMaker/Templates/centipede_boss_seg.asset""]"
Assets/Scenes/Hornet/Bellway_Centipede_Arena.unity	6192	1398	centipede_boss_seg	13a37c2bb4ebcc64cb146f961771a706	11400000	"[""Assets/PlayMaker/Templates/centipede_boss_seg.asset""]"
Assets/Scenes/Hornet/Bellway_Centipede_Arena.unity	6214	1695	centipede_boss_seg	13a37c2bb4ebcc64cb146f961771a706	11400000	"[""Assets/PlayMaker/Templates/centipede_boss_seg.asset""]"
Assets/Scenes/Hornet/Bellway_Centipede_Arena.unity	6215	1694	centipede_boss_seg	13a37c2bb4ebcc64cb146f961771a706	11400000	"[""Assets/PlayMaker/Templates/centipede_boss_seg.asset""]"
Assets/Scenes/Hornet/Bellway_Centipede_Arena.unity	6236	1325	FSM	ffe3a1a9c1e2bb94da3315cccccc4782	11400000	"[""Assets/PlayMaker/Templates/hornet_multi_wounder.asset""]"
Assets/Scenes/Hornet/Bellway_Centipede_Arena.unity	6238	1324	FSM	ffe3a1a9c1e2bb94da3315cccccc4782	11400000	"[""Assets/PlayMaker/Templates/hornet_multi_wounder.asset""]"
Assets/Scenes/Hornet/Bellway_Centipede_Arena.unity	6240	1631	FSM	ffe3a1a9c1e2bb94da3315cccccc4782	11400000	"[""Assets/PlayMaker/Templates/hornet_multi_wounder.asset""]"
Assets/Scenes/Hornet/Bellway_Centipede_Arena.unity	6242	1632	FSM	ffe3a1a9c1e2bb94da3315cccccc4782	11400000	"[""Assets/PlayMaker/Templates/hornet_multi_wounder.asset""]"
Assets/Scenes/Hornet/Bellway_Centipede_Arena.unity	6262	1635	FSM	ffe3a1a9c1e2bb94da3315cccccc4782	11400000	"[""Assets/PlayMaker/Templates/hornet_multi_wounder.asset""]"
Assets/Scenes/Hornet/Bellway_Centipede_Arena.unity	6264	1636	FSM	ffe3a1a9c1e2bb94da3315cccccc4782	11400000	"[""Assets/PlayMaker/Templates/hornet_multi_wounder.asset""]"
Assets/Scenes/Hornet/Bellway_Centipede_Arena.unity	6267	1707	FSM	ffe3a1a9c1e2bb94da3315cccccc4782	11400000	"[""Assets/PlayMaker/Templates/hornet_multi_wounder.asset""]"
Assets/Scenes/Hornet/Bellway_Centipede_Arena.unity	6272	1444	FSM	ffe3a1a9c1e2bb94da3315cccccc4782	11400000	"[""Assets/PlayMaker/Templates/hornet_multi_wounder.asset""]"
Assets/Scenes/Hornet/Bellway_Centipede_Arena.unity	6274	1445	FSM	ffe3a1a9c1e2bb94da3315cccccc4782	11400000	"[""Assets/PlayMaker/Templates/hornet_multi_wounder.asset""]"
Assets/Scenes/Hornet/Bellway_Centipede_Arena.unity	6292	1387	FSM	ffe3a1a9c1e2bb94da3315cccccc4782	11400000	"[""Assets/PlayMaker/Templates/hornet_multi_wounder.asset""]"
Assets/Scenes/Hornet/Bellway_Centipede_Arena.unity	6294	1388	FSM	ffe3a1a9c1e2bb94da3315cccccc4782	11400000	"[""Assets/PlayMaker/Templates/hornet_multi_wounder.asset""]"
Assets/Scenes/Hornet/Bellway_Centipede_Arena.unity	6296	1442	FSM	ffe3a1a9c1e2bb94da3315cccccc4782	11400000	"[""Assets/PlayMaker/Templates/hornet_multi_wounder.asset""]"
Assets/Scenes/Hornet/Bellway_Centipede_Arena.unity	6298	1443	FSM	ffe3a1a9c1e2bb94da3315cccccc4782	11400000	"[""Assets/PlayMaker/Templates/hornet_multi_wounder.asset""]"
Assets/Scenes/Hornet/Bellway_Centipede_Arena.unity	6305	1335	FSM	ffe3a1a9c1e2bb94da3315cccccc4782	11400000	"[""Assets/PlayMaker/Templates/hornet_multi_wounder.asset""]"
Assets/Scenes/Hornet/Bellway_Centipede_Arena.unity	6307	1336	FSM	ffe3a1a9c1e2bb94da3315cccccc4782	11400000	"[""Assets/PlayMaker/Templates/hornet_multi_wounder.asset""]"
Assets/Scenes/Hornet/Bellway_Centipede_Arena.unity	6318	1557	FSM	ffe3a1a9c1e2bb94da3315cccccc4782	11400000	"[""Assets/PlayMaker/Templates/hornet_multi_wounder.asset""]"
Assets/Scenes/Hornet/Bellway_Centipede_Arena.unity	6320	1558	FSM	ffe3a1a9c1e2bb94da3315cccccc4782	11400000	"[""Assets/PlayMaker/Templates/hornet_multi_wounder.asset""]"
Assets/Scenes/Hornet/Bellway_City.unity	7936	825	bellbeast_children_control	f2fe5cfb94f086d429299e35587784d6	11400000	"[""Assets/PlayMaker/Templates/bellbeast_children_control.asset""]"
Assets/Scenes/Hornet/Bellway_City.unity	7955	923	Bench Control	30022a57d0796134fbc5d49b1decd4f9	11400000	"[""Assets/PlayMaker/Templates/bench_control.asset""]"
Assets/Scenes/Hornet/Bellway_City.unity	8528	1687	Set Compass Point	50c4ce611f2eeac40a7c0f864becbd3e	11400000	"[""Assets/PlayMaker/Templates/map_set_room_compass.asset""]"
Assets/Scenes/Hornet/Bellway_City.unity	8821	1809	Set Compass Point	50c4ce611f2eeac40a7c0f864becbd3e	11400000	"[""Assets/PlayMaker/Templates/map_set_room_compass.asset""]"
Assets/Scenes/Hornet/Bellway_Peak.unity	2698	288	breakable_wall_v2	49ae76d885d76f0409f5e87241c2e88a	11400000	"[""Assets/PlayMaker/Templates/breakable_wall_v2.asset""]"
Assets/Scenes/Hornet/Bellway_Peak.unity	2734	568	interactive_bell	73dc0b20308b5ef42a328cd4a6827bdc	11400000	"[""Assets/PlayMaker/Templates/interactive_bell.asset""]"
Assets/Scenes/Hornet/Bellway_Peak.unity	2846	572	interactive_bell	73dc0b20308b5ef42a328cd4a6827bdc	11400000	"[""Assets/PlayMaker/Templates/interactive_bell.asset""]"
Assets/Scenes/Hornet/Bellway_Peak.unity	2847	562	interactive_bell	73dc0b20308b5ef42a328cd4a6827bdc	11400000	"[""Assets/PlayMaker/Templates/interactive_bell.asset""]"
Assets/Scenes/Hornet/Bellway_Peak.unity	2969	836	Bench Control	30022a57d0796134fbc5d49b1decd4f9	11400000	"[""Assets/PlayMaker/Templates/bench_control.asset""]"
Assets/Scenes/Hornet/Bellway_Peak_02.unity	5347	808	FSM	2822d5f0a56d5274594c3ab82acbe0d6	11400000	"[""Assets/PlayMaker/Templates/lowpass_audio_by_area.asset""]"
Assets/Scenes/Hornet/Bellway_Shadow.unity	3650	286	bellbeast_children_control	f2fe5cfb94f086d429299e35587784d6	11400000	"[""Assets/PlayMaker/Templates/bellbeast_children_control.asset""]"
Assets/Scenes/Hornet/Bellway_Shadow.unity	3757	664	interactive_bell	73dc0b20308b5ef42a328cd4a6827bdc	11400000	"[""Assets/PlayMaker/Templates/interactive_bell.asset""]"
Assets/Scenes/Hornet/Bellway_Shadow.unity	3959	668	interactive_bell	73dc0b20308b5ef42a328cd4a6827bdc	11400000	"[""Assets/PlayMaker/Templates/interactive_bell.asset""]"
Assets/Scenes/Hornet/Bellway_Shadow.unity	3961	650	interactive_bell	73dc0b20308b5ef42a328cd4a6827bdc	11400000	"[""Assets/PlayMaker/Templates/interactive_bell.asset""]"
Assets/Scenes/Hornet/Bellway_Shadow.unity	4063	917	Set Compass Point	50c4ce611f2eeac40a7c0f864becbd3e	11400000	"[""Assets/PlayMaker/Templates/map_set_room_compass.asset""]"
Assets/Scenes/Hornet/Bellway_Shadow.unity	4144	1115	Bench Control	30022a57d0796134fbc5d49b1decd4f9	11400000	"[""Assets/PlayMaker/Templates/bench_control.asset""]"
Assets/Scenes/Hornet/Bone_01.unity	11141	676	breakable_wall_v2	49ae76d885d76f0409f5e87241c2e88a	11400000	"[""Assets/PlayMaker/Templates/breakable_wall_v2.asset""]"
Assets/Scenes/Hornet/Bone_01.unity	11149	3507	FSM	2822d5f0a56d5274594c3ab82acbe0d6	11400000	"[""Assets/PlayMaker/Templates/lowpass_audio_by_area.asset""]"
Assets/Scenes/Hornet/Bone_01.unity	11260	2413	enemy_message	40a9c40cac6976f43979028f936c4871	11400000	"[""Assets/PlayMaker/Templates/enemy_message.asset""]"
Assets/Scenes/Hornet/Bone_01.unity	11489	3206	Control	ebb7f868f778b6f4aae2a069121a4374	11400000	"[""Assets/PlayMaker/Templates/tracking_object.asset""]"
Assets/Scenes/Hornet/Bone_01.unity	11613	3051	sherma_anim	3278a3007d6fbb54e9f51fab8f4a4bbb	11400000	"[""Assets/PlayMaker/Templates/sherma_anim.asset""]"
Assets/Scenes/Hornet/Bone_01.unity	11868	2936	Control	ebb7f868f778b6f4aae2a069121a4374	11400000	"[""Assets/PlayMaker/Templates/tracking_object.asset""]"
Assets/Scenes/Hornet/Bone_01b.unity	2804	90	unmasker	acbea5ca792e442418858572af615104	11400000	"[""Assets/PlayMaker/Templates/unmasker.asset""]"
Assets/Scenes/Hornet/Bone_01b.unity	2807	145	breakable_wall_v2	49ae76d885d76f0409f5e87241c2e88a	11400000	"[""Assets/PlayMaker/Templates/breakable_wall_v2.asset""]"
Assets/Scenes/Hornet/Bone_01b.unity	2813	184	unmasker	acbea5ca792e442418858572af615104	11400000	"[""Assets/PlayMaker/Templates/unmasker.asset""]"
Assets/Scenes/Hornet/Bone_01b.unity	2818	203	unmasker	acbea5ca792e442418858572af615104	11400000	"[""Assets/PlayMaker/Templates/unmasker.asset""]"
Assets/Scenes/Hornet/Bone_01c.unity	4818	444	Geo Rock	3ce2aab20b6447d47a1b288b65263053	11400000	"[""Assets/PlayMaker/Templates/geo_rock.asset""]"
Assets/Scenes/Hornet/Bone_01c.unity	4822	557	Geo Rock	3ce2aab20b6447d47a1b288b65263053	11400000	"[""Assets/PlayMaker/Templates/geo_rock.asset""]"
Assets/Scenes/Hornet/Bone_01c.unity	4888	900	interactive_bell	73dc0b20308b5ef42a328cd4a6827bdc	11400000	"[""Assets/PlayMaker/Templates/interactive_bell.asset""]"
Assets/Scenes/Hornet/Bone_01c.unity	4943	1335	Control	ebb7f868f778b6f4aae2a069121a4374	11400000	"[""Assets/PlayMaker/Templates/tracking_object.asset""]"
Assets/Scenes/Hornet/Bone_01c.unity	5043	915	interactive_bell	73dc0b20308b5ef42a328cd4a6827bdc	11400000	"[""Assets/PlayMaker/Templates/interactive_bell.asset""]"
Assets/Scenes/Hornet/Bone_01c.unity	5049	875	interactive_bell	73dc0b20308b5ef42a328cd4a6827bdc	11400000	"[""Assets/PlayMaker/Templates/interactive_bell.asset""]"
Assets/Scenes/Hornet/Bone_01c.unity	5138	1179	Control	ebb7f868f778b6f4aae2a069121a4374	11400000	"[""Assets/PlayMaker/Templates/tracking_object.asset""]"
Assets/Scenes/Hornet/Bone_01c.unity	5322	1452	Bench Control	30022a57d0796134fbc5d49b1decd4f9	11400000	"[""Assets/PlayMaker/Templates/bench_control.asset""]"
Assets/Scenes/Hornet/Bone_02.unity	6979	1505	enemy_message	40a9c40cac6976f43979028f936c4871	11400000	"[""Assets/PlayMaker/Templates/enemy_message.asset""]"
Assets/Scenes/Hornet/Bone_02.unity	6981	1525	enemy_message	40a9c40cac6976f43979028f936c4871	11400000	"[""Assets/PlayMaker/Templates/enemy_message.asset""]"
Assets/Scenes/Hornet/Bone_02.unity	6991	1433	enemy_message	40a9c40cac6976f43979028f936c4871	11400000	"[""Assets/PlayMaker/Templates/enemy_message.asset""]"
Assets/Scenes/Hornet/Bone_02.unity	6992	1432	enemy_message	40a9c40cac6976f43979028f936c4871	11400000	"[""Assets/PlayMaker/Templates/enemy_message.asset""]"
Assets/Scenes/Hornet/Bone_02.unity	7002	1454	enemy_message	40a9c40cac6976f43979028f936c4871	11400000	"[""Assets/PlayMaker/Templates/enemy_message.asset""]"
Assets/Scenes/Hornet/Bone_02.unity	7053	1446	FSM	c332780cbeb3a264fb2eff442248d6cd	11400000	"[""Assets/PlayMaker/Templates/follow_camera_bound.asset""]"
Assets/Scenes/Hornet/Bone_02.unity	7164	1952	Control	ebb7f868f778b6f4aae2a069121a4374	11400000	"[""Assets/PlayMaker/Templates/tracking_object.asset""]"
Assets/Scenes/Hornet/Bone_02.unity	7359	1856	Control	ebb7f868f778b6f4aae2a069121a4374	11400000	"[""Assets/PlayMaker/Templates/tracking_object.asset""]"
Assets/Scenes/Hornet/Bone_02.unity	7406	2133	hornet_multi_wounder	ffe3a1a9c1e2bb94da3315cccccc4782	11400000	"[""Assets/PlayMaker/Templates/hornet_multi_wounder.asset""]"
Assets/Scenes/Hornet/Bone_02_Readable.unity	6979	1505	enemy_message	40a9c40cac6976f43979028f936c4871	11400000	"[""Assets/PlayMaker/Templates/enemy_message.asset""]"
Assets/Scenes/Hornet/Bone_02_Readable.unity	6981	1525	enemy_message	40a9c40cac6976f43979028f936c4871	11400000	"[""Assets/PlayMaker/Templates/enemy_message.asset""]"
Assets/Scenes/Hornet/Bone_02_Readable.unity	6991	1433	enemy_message	40a9c40cac6976f43979028f936c4871	11400000	"[""Assets/PlayMaker/Templates/enemy_message.asset""]"
Assets/Scenes/Hornet/Bone_02_Readable.unity	6992	1432	enemy_message	40a9c40cac6976f43979028f936c4871	11400000	"[""Assets/PlayMaker/Templates/enemy_message.asset""]"
Assets/Scenes/Hornet/Bone_02_Readable.unity	7002	1454	enemy_message	40a9c40cac6976f43979028f936c4871	11400000	"[""Assets/PlayMaker/Templates/enemy_message.asset""]"
Assets/Scenes/Hornet/Bone_02_Readable.unity	7053	1446	FSM	c332780cbeb3a264fb2eff442248d6cd	11400000	"[""Assets/PlayMaker/Templates/follow_camera_bound.asset""]"
Assets/Scenes/Hornet/Bone_02_Readable.unity	7164	1952	Control	ebb7f868f778b6f4aae2a069121a4374	11400000	"[""Assets/PlayMaker/Templates/tracking_object.asset""]"
Assets/Scenes/Hornet/Bone_02_Readable.unity	7359	1856	Control	ebb7f868f778b6f4aae2a069121a4374	11400000	"[""Assets/PlayMaker/Templates/tracking_object.asset""]"
Assets/Scenes/Hornet/Bone_02_Readable.unity	7406	2133	hornet_multi_wounder	ffe3a1a9c1e2bb94da3315cccccc4782	11400000	"[""Assets/PlayMaker/Templates/hornet_multi_wounder.asset""]"
Assets/Scenes/Hornet/Bone_02_temp.unity	6979	1505	enemy_message	40a9c40cac6976f43979028f936c4871	11400000	"[""Assets/PlayMaker/Templates/enemy_message.asset""]"
Assets/Scenes/Hornet/Bone_02_temp.unity	6981	1525	enemy_message	40a9c40cac6976f43979028f936c4871	11400000	"[""Assets/PlayMaker/Templates/enemy_message.asset""]"
Assets/Scenes/Hornet/Bone_02_temp.unity	6991	1433	enemy_message	40a9c40cac6976f43979028f936c4871	11400000	"[""Assets/PlayMaker/Templates/enemy_message.asset""]"
Assets/Scenes/Hornet/Bone_02_temp.unity	6992	1432	enemy_message	40a9c40cac6976f43979028f936c4871	11400000	"[""Assets/PlayMaker/Templates/enemy_message.asset""]"
Assets/Scenes/Hornet/Bone_02_temp.unity	7002	1454	enemy_message	40a9c40cac6976f43979028f936c4871	11400000	"[""Assets/PlayMaker/Templates/enemy_message.asset""]"
Assets/Scenes/Hornet/Bone_02_temp.unity	7053	1446	FSM	c332780cbeb3a264fb2eff442248d6cd	11400000	"[""Assets/PlayMaker/Templates/follow_camera_bound.asset""]"
Assets/Scenes/Hornet/Bone_02_temp.unity	7164	1952	Control	ebb7f868f778b6f4aae2a069121a4374	11400000	"[""Assets/PlayMaker/Templates/tracking_object.asset""]"
Assets/Scenes/Hornet/Bone_02_temp.unity	7359	1856	Control	ebb7f868f778b6f4aae2a069121a4374	11400000	"[""Assets/PlayMaker/Templates/tracking_object.asset""]"
Assets/Scenes/Hornet/Bone_02_temp.unity	7406	2133	hornet_multi_wounder	ffe3a1a9c1e2bb94da3315cccccc4782	11400000	"[""Assets/PlayMaker/Templates/hornet_multi_wounder.asset""]"
Assets/Scenes/Hornet/Bone_03.unity	9730	1570	enemy_message	40a9c40cac6976f43979028f936c4871	11400000	"[""Assets/PlayMaker/Templates/enemy_message.asset""]"
Assets/Scenes/Hornet/Bone_03.unity	9740	1606	enemy_message	40a9c40cac6976f43979028f936c4871	11400000	"[""Assets/PlayMaker/Templates/enemy_message.asset""]"
Assets/Scenes/Hornet/Bone_03.unity	9749	1608	enemy_message	40a9c40cac6976f43979028f936c4871	11400000	"[""Assets/PlayMaker/Templates/enemy_message.asset""]"
Assets/Scenes/Hornet/Bone_03.unity	9751	1618	enemy_message	40a9c40cac6976f43979028f936c4871	11400000	"[""Assets/PlayMaker/Templates/enemy_message.asset""]"
Assets/Scenes/Hornet/Bone_03.unity	9753	1749	enemy_message	40a9c40cac6976f43979028f936c4871	11400000	"[""Assets/PlayMaker/Templates/enemy_message.asset""]"
Assets/Scenes/Hornet/Bone_03.unity	9768	1810	enemy_message	40a9c40cac6976f43979028f936c4871	11400000	"[""Assets/PlayMaker/Templates/enemy_message.asset""]"
Assets/Scenes/Hornet/Bone_03.unity	9773	1849	enemy_message	40a9c40cac6976f43979028f936c4871	11400000	"[""Assets/PlayMaker/Templates/enemy_message.asset""]"
Assets/Scenes/Hornet/Bone_03.unity	10019	2706	Control	ebb7f868f778b6f4aae2a069121a4374	11400000	"[""Assets/PlayMaker/Templates/tracking_object.asset""]"
Assets/Scenes/Hornet/Bone_03.unity	10020	2705	Control	ebb7f868f778b6f4aae2a069121a4374	11400000	"[""Assets/PlayMaker/Templates/tracking_object.asset""]"
Assets/Scenes/Hornet/Bone_03.unity	10021	2707	Control	ebb7f868f778b6f4aae2a069121a4374	11400000	"[""Assets/PlayMaker/Templates/tracking_object.asset""]"
Assets/Scenes/Hornet/Bone_03.unity	10031	2159	bone_crumble_plat	db45ee5f0ebe350428ecbbe747e29ec7	11400000	"[""Assets/PlayMaker/Templates/bone_crumble_plat.asset""]"
Assets/Scenes/Hornet/Bone_03.unity	10032	2157	bone_crumble_plat	db45ee5f0ebe350428ecbbe747e29ec7	11400000	"[""Assets/PlayMaker/Templates/bone_crumble_plat.asset""]"
Assets/Scenes/Hornet/Bone_03.unity	10033	2158	bone_crumble_plat	db45ee5f0ebe350428ecbbe747e29ec7	11400000	"[""Assets/PlayMaker/Templates/bone_crumble_plat.asset""]"
Assets/Scenes/Hornet/Bone_03.unity	10034	2160	bone_crumble_plat	db45ee5f0ebe350428ecbbe747e29ec7	11400000	"[""Assets/PlayMaker/Templates/bone_crumble_plat.asset""]"
Assets/Scenes/Hornet/Bone_03.unity	10185	1668	bone_crumble_plat	db45ee5f0ebe350428ecbbe747e29ec7	11400000	"[""Assets/PlayMaker/Templates/bone_crumble_plat.asset""]"
Assets/Scenes/Hornet/Bone_03.unity	10186	1672	bone_crumble_plat	db45ee5f0ebe350428ecbbe747e29ec7	11400000	"[""Assets/PlayMaker/Templates/bone_crumble_plat.asset""]"
Assets/Scenes/Hornet/Bone_03.unity	10187	1653	Control	db45ee5f0ebe350428ecbbe747e29ec7	11400000	"[""Assets/PlayMaker/Templates/bone_crumble_plat.asset""]"
Assets/Scenes/Hornet/Bone_03.unity	10188	1673	bone_crumble_plat	db45ee5f0ebe350428ecbbe747e29ec7	11400000	"[""Assets/PlayMaker/Templates/bone_crumble_plat.asset""]"
Assets/Scenes/Hornet/Bone_03.unity	10189	1593	Control	db45ee5f0ebe350428ecbbe747e29ec7	11400000	"[""Assets/PlayMaker/Templates/bone_crumble_plat.asset""]"
Assets/Scenes/Hornet/Bone_03.unity	10190	1619	Control	db45ee5f0ebe350428ecbbe747e29ec7	11400000	"[""Assets/PlayMaker/Templates/bone_crumble_plat.asset""]"
Assets/Scenes/Hornet/Bone_03.unity	10431	2373	Control	ebb7f868f778b6f4aae2a069121a4374	11400000	"[""Assets/PlayMaker/Templates/tracking_object.asset""]"
Assets/Scenes/Hornet/Bone_03.unity	10432	2372	Control	ebb7f868f778b6f4aae2a069121a4374	11400000	"[""Assets/PlayMaker/Templates/tracking_object.asset""]"
Assets/Scenes/Hornet/Bone_04.unity	10037	240	Bench Control	30022a57d0796134fbc5d49b1decd4f9	11400000	"[""Assets/PlayMaker/Templates/bench_control.asset""]"
Assets/Scenes/Hornet/Bone_04.unity	10094	1461	Geo Rock	3ce2aab20b6447d47a1b288b65263053	11400000	"[""Assets/PlayMaker/Templates/geo_rock.asset""]"
Assets/Scenes/Hornet/Bone_04.unity	10150	2158	damages_enemy	646f1cde78ebf2643bdc470c690c33f5	11400000	"[""Assets/PlayMaker/Templates/damages_enemy.asset""]"
Assets/Scenes/Hornet/Bone_04.unity	10165	2195	deactivate	503173c909955ae4fb67074936ed4437	11400000	"[""Assets/PlayMaker/Templates/deactivate_after_anim.asset""]"
Assets/Scenes/Hornet/Bone_04.unity	10210	2312	Detect Landing	c9d78aec9d8dd8a419833f8f977ce120	11400000	"[""Assets/PlayMaker/Templates/sway_plat_collider.asset""]"
Assets/Scenes/Hornet/Bone_04.unity	10228	2508	Sway	611750e4cd2b0fc488c94b4d4a747bec	11400000	"[""Assets/PlayMaker/Templates/sway_plat_art.asset""]"
Assets/Scenes/Hornet/Bone_04.unity	10497	2431	Attack Enemies	caafb23d9ce46d04e95abb72c7771eb4	11400000	"[""Assets/PlayMaker/Templates/mapper_battle.asset""]"
Assets/Scenes/Hornet/Bone_04.unity	10551	2394	pilgrim_behaviour	5d4d1c36f09a17949a8eb0175e50b0b4	11400000	"[""Assets/PlayMaker/Templates/pilgrim_behaviour.asset""]"
Assets/Scenes/Hornet/Bone_04.unity	10552	2395	pilgrim_behaviour	5d4d1c36f09a17949a8eb0175e50b0b4	11400000	"[""Assets/PlayMaker/Templates/pilgrim_behaviour.asset""]"
Assets/Scenes/Hornet/Bone_04.unity	10615	2392	pilgrim_behaviour	5d4d1c36f09a17949a8eb0175e50b0b4	11400000	"[""Assets/PlayMaker/Templates/pilgrim_behaviour.asset""]"
Assets/Scenes/Hornet/Bone_04.unity	10616	2393	pilgrim_behaviour	5d4d1c36f09a17949a8eb0175e50b0b4	11400000	"[""Assets/PlayMaker/Templates/pilgrim_behaviour.asset""]"
Assets/Scenes/Hornet/Bone_04.unity	10731	3027	hornet_multi_wounder	ffe3a1a9c1e2bb94da3315cccccc4782	11400000	"[""Assets/PlayMaker/Templates/hornet_multi_wounder.asset""]"
Assets/Scenes/Hornet/Bone_05.unity	6750	1617	Set Compass Point	50c4ce611f2eeac40a7c0f864becbd3e	11400000	"[""Assets/PlayMaker/Templates/map_set_room_compass.asset""]"
Assets/Scenes/Hornet/Bone_05_bellway.unity	118	2	bellbeast_children_control	f2fe5cfb94f086d429299e35587784d6	11400000	"[""Assets/PlayMaker/Templates/bellbeast_children_control.asset""]"
Assets/Scenes/Hornet/Bone_05_boss.unity	855	48	thick_silk_vine	ccfd3e5f8685c2b4dbc6b1abb65456b8	11400000	"[""Assets/PlayMaker/Templates/thick_silk_vine.asset""]"
Assets/Scenes/Hornet/Bone_05_boss.unity	859	15	thick_silk_vine	ccfd3e5f8685c2b4dbc6b1abb65456b8	11400000	"[""Assets/PlayMaker/Templates/thick_silk_vine.asset""]"
Assets/Scenes/Hornet/Bone_05_boss.unity	931	158	sherma_anim	3278a3007d6fbb54e9f51fab8f4a4bbb	11400000	"[""Assets/PlayMaker/Templates/sherma_anim.asset""]"
Assets/Scenes/Hornet/Bone_05_boss.unity	951	40	thick_silk_vine	ccfd3e5f8685c2b4dbc6b1abb65456b8	11400000	"[""Assets/PlayMaker/Templates/thick_silk_vine.asset""]"
Assets/Scenes/Hornet/Bone_05_boss.unity	956	160	thick_silk_vine	ccfd3e5f8685c2b4dbc6b1abb65456b8	11400000	"[""Assets/PlayMaker/Templates/thick_silk_vine.asset""]"
Assets/Scenes/Hornet/Bone_05_boss.unity	962	88	thick_silk_vine	ccfd3e5f8685c2b4dbc6b1abb65456b8	11400000	"[""Assets/PlayMaker/Templates/thick_silk_vine.asset""]"
Assets/Scenes/Hornet/Bone_05_boss.unity	979	95	thick_silk_vine	ccfd3e5f8685c2b4dbc6b1abb65456b8	11400000	"[""Assets/PlayMaker/Templates/thick_silk_vine.asset""]"
Assets/Scenes/Hornet/Bone_05_boss.unity	980	145	thick_silk_vine	ccfd3e5f8685c2b4dbc6b1abb65456b8	11400000	"[""Assets/PlayMaker/Templates/thick_silk_vine.asset""]"
Assets/Scenes/Hornet/Bone_05_boss.unity	981	187	thick_silk_vine	ccfd3e5f8685c2b4dbc6b1abb65456b8	11400000	"[""Assets/PlayMaker/Templates/thick_silk_vine.asset""]"
Assets/Scenes/Hornet/Bone_05_boss.unity	1005	115	thick_silk_vine	ccfd3e5f8685c2b4dbc6b1abb65456b8	11400000	"[""Assets/PlayMaker/Templates/thick_silk_vine.asset""]"
Assets/Scenes/Hornet/Bone_05_boss.unity	1032	202	thick_silk_vine	ccfd3e5f8685c2b4dbc6b1abb65456b8	11400000	"[""Assets/PlayMaker/Templates/thick_silk_vine.asset""]"
Assets/Scenes/Hornet/Bone_05_boss.unity	1039	193	thick_silk_vine	ccfd3e5f8685c2b4dbc6b1abb65456b8	11400000	"[""Assets/PlayMaker/Templates/thick_silk_vine.asset""]"
Assets/Scenes/Hornet/Bone_06.unity	7633	1242	enemy_message	40a9c40cac6976f43979028f936c4871	11400000	"[""Assets/PlayMaker/Templates/enemy_message.asset""]"
Assets/Scenes/Hornet/Bone_06.unity	7634	1241	enemy_message	40a9c40cac6976f43979028f936c4871	11400000	"[""Assets/PlayMaker/Templates/enemy_message.asset""]"
Assets/Scenes/Hornet/Bone_06.unity	7637	1249	enemy_message	40a9c40cac6976f43979028f936c4871	11400000	"[""Assets/PlayMaker/Templates/enemy_message.asset""]"
Assets/Scenes/Hornet/Bone_06.unity	7638	1247	enemy_message	40a9c40cac6976f43979028f936c4871	11400000	"[""Assets/PlayMaker/Templates/enemy_message.asset""]"
Assets/Scenes/Hornet/Bone_06.unity	7642	1251	enemy_message	40a9c40cac6976f43979028f936c4871	11400000	"[""Assets/PlayMaker/Templates/enemy_message.asset""]"
Assets/Scenes/Hornet/Bone_06.unity	7644	1267	enemy_message	40a9c40cac6976f43979028f936c4871	11400000	"[""Assets/PlayMaker/Templates/enemy_message.asset""]"
Assets/Scenes/Hornet/Bone_06.unity	7645	1266	enemy_message	40a9c40cac6976f43979028f936c4871	11400000	"[""Assets/PlayMaker/Templates/enemy_message.asset""]"
Assets/Scenes/Hornet/Bone_06.unity	7648	1260	enemy_message	40a9c40cac6976f43979028f936c4871	11400000	"[""Assets/PlayMaker/Templates/enemy_message.asset""]"
Assets/Scenes/Hornet/Bone_06.unity	7649	1275	enemy_message	40a9c40cac6976f43979028f936c4871	11400000	"[""Assets/PlayMaker/Templates/enemy_message.asset""]"
Assets/Scenes/Hornet/Bone_06.unity	7651	1273	enemy_message	40a9c40cac6976f43979028f936c4871	11400000	"[""Assets/PlayMaker/Templates/enemy_message.asset""]"
Assets/Scenes/Hornet/Bone_06.unity	7654	1269	enemy_message	40a9c40cac6976f43979028f936c4871	11400000	"[""Assets/PlayMaker/Templates/enemy_message.asset""]"
Assets/Scenes/Hornet/Bone_06.unity	7655	1279	enemy_message	40a9c40cac6976f43979028f936c4871	11400000	"[""Assets/PlayMaker/Templates/enemy_message.asset""]"
Assets/Scenes/Hornet/Bone_06.unity	7657	1286	enemy_message	40a9c40cac6976f43979028f936c4871	11400000	"[""Assets/PlayMaker/Templates/enemy_message.asset""]"
Assets/Scenes/Hornet/Bone_06.unity	7659	1283	enemy_message	40a9c40cac6976f43979028f936c4871	11400000	"[""Assets/PlayMaker/Templates/enemy_message.asset""]"
Assets/Scenes/Hornet/Bone_06.unity	7662	1169	enemy_message	40a9c40cac6976f43979028f936c4871	11400000	"[""Assets/PlayMaker/Templates/enemy_message.asset""]"
Assets/Scenes/Hornet/Bone_06.unity	7664	1168	enemy_message	40a9c40cac6976f43979028f936c4871	11400000	"[""Assets/PlayMaker/Templates/enemy_message.asset""]"
Assets/Scenes/Hornet/Bone_06.unity	7665	1165	enemy_message	40a9c40cac6976f43979028f936c4871	11400000	"[""Assets/PlayMaker/Templates/enemy_message.asset""]"
Assets/Scenes/Hornet/Bone_06.unity	7667	1161	enemy_message	40a9c40cac6976f43979028f936c4871	11400000	"[""Assets/PlayMaker/Templates/enemy_message.asset""]"
Assets/Scenes/Hornet/Bone_06.unity	7669	1179	enemy_message	40a9c40cac6976f43979028f936c4871	11400000	"[""Assets/PlayMaker/Templates/enemy_message.asset""]"
Assets/Scenes/Hornet/Bone_06.unity	7673	1172	enemy_message	40a9c40cac6976f43979028f936c4871	11400000	"[""Assets/PlayMaker/Templates/enemy_message.asset""]"
Assets/Scenes/Hornet/Bone_06.unity	7674	1171	enemy_message	40a9c40cac6976f43979028f936c4871	11400000	"[""Assets/PlayMaker/Templates/enemy_message.asset""]"
Assets/Scenes/Hornet/Bone_06.unity	7675	1203	enemy_message	40a9c40cac6976f43979028f936c4871	11400000	"[""Assets/PlayMaker/Templates/enemy_message.asset""]"
Assets/Scenes/Hornet/Bone_06.unity	7676	1202	enemy_message	40a9c40cac6976f43979028f936c4871	11400000	"[""Assets/PlayMaker/Templates/enemy_message.asset""]"
Assets/Scenes/Hornet/Bone_06.unity	7677	1199	enemy_message	40a9c40cac6976f43979028f936c4871	11400000	"[""Assets/PlayMaker/Templates/enemy_message.asset""]"
Assets/Scenes/Hornet/Bone_06.unity	7681	1208	enemy_message	40a9c40cac6976f43979028f936c4871	11400000	"[""Assets/PlayMaker/Templates/enemy_message.asset""]"
Assets/Scenes/Hornet/Bone_06.unity	7683	1215	enemy_message	40a9c40cac6976f43979028f936c4871	11400000	"[""Assets/PlayMaker/Templates/enemy_message.asset""]"
Assets/Scenes/Hornet/Bone_06.unity	7684	1213	enemy_message	40a9c40cac6976f43979028f936c4871	11400000	"[""Assets/PlayMaker/Templates/enemy_message.asset""]"
Assets/Scenes/Hornet/Bone_06.unity	7688	1220	enemy_message	40a9c40cac6976f43979028f936c4871	11400000	"[""Assets/PlayMaker/Templates/enemy_message.asset""]"
Assets/Scenes/Hornet/Bone_06.unity	7689	1217	enemy_message	40a9c40cac6976f43979028f936c4871	11400000	"[""Assets/PlayMaker/Templates/enemy_message.asset""]"
Assets/Scenes/Hornet/Bone_06.unity	8181	1236	bone_crumble_plat	db45ee5f0ebe350428ecbbe747e29ec7	11400000	"[""Assets/PlayMaker/Templates/bone_crumble_plat.asset""]"
Assets/Scenes/Hornet/Bone_06.unity	8182	1230	bone_crumble_plat	db45ee5f0ebe350428ecbbe747e29ec7	11400000	"[""Assets/PlayMaker/Templates/bone_crumble_plat.asset""]"
Assets/Scenes/Hornet/Bone_06.unity	8183	1244	bone_crumble_plat	db45ee5f0ebe350428ecbbe747e29ec7	11400000	"[""Assets/PlayMaker/Templates/bone_crumble_plat.asset""]"
Assets/Scenes/Hornet/Bone_06.unity	8184	1264	Control	db45ee5f0ebe350428ecbbe747e29ec7	11400000	"[""Assets/PlayMaker/Templates/bone_crumble_plat.asset""]"
Assets/Scenes/Hornet/Bone_06.unity	8185	1195	bone_crumble_plat	db45ee5f0ebe350428ecbbe747e29ec7	11400000	"[""Assets/PlayMaker/Templates/bone_crumble_plat.asset""]"
Assets/Scenes/Hornet/Bone_06.unity	8186	1200	Control	db45ee5f0ebe350428ecbbe747e29ec7	11400000	"[""Assets/PlayMaker/Templates/bone_crumble_plat.asset""]"
Assets/Scenes/Hornet/Bone_06.unity	8187	1211	bone_crumble_plat	db45ee5f0ebe350428ecbbe747e29ec7	11400000	"[""Assets/PlayMaker/Templates/bone_crumble_plat.asset""]"
Assets/Scenes/Hornet/Bone_06.unity	8395	1799	Control	ebb7f868f778b6f4aae2a069121a4374	11400000	"[""Assets/PlayMaker/Templates/tracking_object.asset""]"
Assets/Scenes/Hornet/Bone_07.unity	9244	1870	enemy_message	40a9c40cac6976f43979028f936c4871	11400000	"[""Assets/PlayMaker/Templates/enemy_message.asset""]"
Assets/Scenes/Hornet/Bone_07.unity	9247	1876	enemy_message	40a9c40cac6976f43979028f936c4871	11400000	"[""Assets/PlayMaker/Templates/enemy_message.asset""]"
Assets/Scenes/Hornet/Bone_07.unity	9795	2237	pilgrim_behaviour	5d4d1c36f09a17949a8eb0175e50b0b4	11400000	"[""Assets/PlayMaker/Templates/pilgrim_behaviour.asset""]"
Assets/Scenes/Hornet/Bone_07.unity	9943	2389	Control	ebb7f868f778b6f4aae2a069121a4374	11400000	"[""Assets/PlayMaker/Templates/tracking_object.asset""]"
Assets/Scenes/Hornet/Bone_07.unity	10058	2857	hornet_multi_wounder	ffe3a1a9c1e2bb94da3315cccccc4782	11400000	"[""Assets/PlayMaker/Templates/hornet_multi_wounder.asset""]"
Assets/Scenes/Hornet/Bone_08.unity	5318	1054	Geo Rock	3ce2aab20b6447d47a1b288b65263053	11400000	"[""Assets/PlayMaker/Templates/geo_rock.asset""]"
Assets/Scenes/Hornet/Bone_08.unity	5322	1076	Geo Rock	3ce2aab20b6447d47a1b288b65263053	11400000	"[""Assets/PlayMaker/Templates/geo_rock.asset""]"
Assets/Scenes/Hornet/Bone_08.unity	5332	987	FSM	c332780cbeb3a264fb2eff442248d6cd	11400000	"[""Assets/PlayMaker/Templates/follow_camera_bound.asset""]"
Assets/Scenes/Hornet/Bone_08.unity	5403	1349	bone_crumble_plat	db45ee5f0ebe350428ecbbe747e29ec7	11400000	"[""Assets/PlayMaker/Templates/bone_crumble_plat.asset""]"
Assets/Scenes/Hornet/Bone_08.unity	5404	1348	bone_crumble_plat	db45ee5f0ebe350428ecbbe747e29ec7	11400000	"[""Assets/PlayMaker/Templates/bone_crumble_plat.asset""]"
Assets/Scenes/Hornet/Bone_08.unity	5571	1424	Control	ebb7f868f778b6f4aae2a069121a4374	11400000	"[""Assets/PlayMaker/Templates/tracking_object.asset""]"
Assets/Scenes/Hornet/Bone_09.unity	7798	440	FSM	c332780cbeb3a264fb2eff442248d6cd	11400000	"[""Assets/PlayMaker/Templates/follow_camera_bound.asset""]"
Assets/Scenes/Hornet/Bone_09.unity	7820	1448	FSM	c332780cbeb3a264fb2eff442248d6cd	11400000	"[""Assets/PlayMaker/Templates/follow_camera_bound.asset""]"
Assets/Scenes/Hornet/Bone_09.unity	7946	2123	Control	ebb7f868f778b6f4aae2a069121a4374	11400000	"[""Assets/PlayMaker/Templates/tracking_object.asset""]"
Assets/Scenes/Hornet/Bone_09.unity	7993	1986	Detect Landing	c9d78aec9d8dd8a419833f8f977ce120	11400000	"[""Assets/PlayMaker/Templates/sway_plat_collider.asset""]"
Assets/Scenes/Hornet/Bone_09.unity	7994	1989	Detect Landing	c9d78aec9d8dd8a419833f8f977ce120	11400000	"[""Assets/PlayMaker/Templates/sway_plat_collider.asset""]"
Assets/Scenes/Hornet/Bone_09.unity	7995	1987	Detect Landing	c9d78aec9d8dd8a419833f8f977ce120	11400000	"[""Assets/PlayMaker/Templates/sway_plat_collider.asset""]"
Assets/Scenes/Hornet/Bone_09.unity	7996	1988	Detect Landing	c9d78aec9d8dd8a419833f8f977ce120	11400000	"[""Assets/PlayMaker/Templates/sway_plat_collider.asset""]"
Assets/Scenes/Hornet/Bone_09.unity	8146	1848	pilgrim_behaviour	5d4d1c36f09a17949a8eb0175e50b0b4	11400000	"[""Assets/PlayMaker/Templates/pilgrim_behaviour.asset""]"
Assets/Scenes/Hornet/Bone_09.unity	8153	1800	Sway	611750e4cd2b0fc488c94b4d4a747bec	11400000	"[""Assets/PlayMaker/Templates/sway_plat_art.asset""]"
Assets/Scenes/Hornet/Bone_09.unity	8154	1799	Sway	611750e4cd2b0fc488c94b4d4a747bec	11400000	"[""Assets/PlayMaker/Templates/sway_plat_art.asset""]"
Assets/Scenes/Hornet/Bone_09.unity	8155	1801	Sway	611750e4cd2b0fc488c94b4d4a747bec	11400000	"[""Assets/PlayMaker/Templates/sway_plat_art.asset""]"
Assets/Scenes/Hornet/Bone_09.unity	8156	1802	Sway	611750e4cd2b0fc488c94b4d4a747bec	11400000	"[""Assets/PlayMaker/Templates/sway_plat_art.asset""]"
Assets/Scenes/Hornet/Bone_09.unity	8231	1771	Control	04b9a40fa5ae75c47a5cdd4b0998c7ac	11400000	"[""Assets/PlayMaker/Templates/garmond_control.asset""]"
Assets/Scenes/Hornet/Bone_09.unity	8288	2381	hornet_multi_wounder	ffe3a1a9c1e2bb94da3315cccccc4782	11400000	"[""Assets/PlayMaker/Templates/hornet_multi_wounder.asset""]"
Assets/Scenes/Hornet/Bone_09.unity	8331	1884	Go Direction Velocity	6f0839127750b164ebb46ddbae600e15	11400000	"[""Assets/PlayMaker/Templates/flyer_go_up_response.asset""]"
Assets/Scenes/Hornet/Bone_10.unity	8544	281	Bench Control	30022a57d0796134fbc5d49b1decd4f9	11400000	"[""Assets/PlayMaker/Templates/bench_control.asset""]"
Assets/Scenes/Hornet/Bone_10.unity	8553	340	Bench Control	30022a57d0796134fbc5d49b1decd4f9	11400000	"[""Assets/PlayMaker/Templates/bench_control.asset""]"
Assets/Scenes/Hornet/Bone_10.unity	8567	609	Quest End Sequence	377dd80f9974fc34082aa21a06f60858	11400000	"[""Assets/PlayMaker/Templates/caravan_troupe_travel_handler.asset""]"
Assets/Scenes/Hornet/Bone_10.unity	8600	1367	breakable_wall_v2	49ae76d885d76f0409f5e87241c2e88a	11400000	"[""Assets/PlayMaker/Templates/breakable_wall_v2.asset""]"
Assets/Scenes/Hornet/Bone_10.unity	8660	2288	NPC Title	7106fa1276c17ec4d859b5666d975338	11400000	"[""Assets/PlayMaker/Templates/npc_title_show.asset""]"
Assets/Scenes/Hornet/Bone_10.unity	8757	2417	NPC Title	7106fa1276c17ec4d859b5666d975338	11400000	"[""Assets/PlayMaker/Templates/npc_title_show.asset""]"
Assets/Scenes/Hornet/Bone_11.unity	7585	1660	pilgrim_behaviour	5d4d1c36f09a17949a8eb0175e50b0b4	11400000	"[""Assets/PlayMaker/Templates/pilgrim_behaviour.asset""]"
Assets/Scenes/Hornet/Bone_11.unity	7586	1663	pilgrim_behaviour	5d4d1c36f09a17949a8eb0175e50b0b4	11400000	"[""Assets/PlayMaker/Templates/pilgrim_behaviour.asset""]"
Assets/Scenes/Hornet/Bone_11.unity	7653	1661	pilgrim_behaviour	5d4d1c36f09a17949a8eb0175e50b0b4	11400000	"[""Assets/PlayMaker/Templates/pilgrim_behaviour.asset""]"
Assets/Scenes/Hornet/Bone_11.unity	7654	1665	pilgrim_behaviour	5d4d1c36f09a17949a8eb0175e50b0b4	11400000	"[""Assets/PlayMaker/Templates/pilgrim_behaviour.asset""]"
Assets/Scenes/Hornet/Bone_11.unity	7655	1662	pilgrim_behaviour	5d4d1c36f09a17949a8eb0175e50b0b4	11400000	"[""Assets/PlayMaker/Templates/pilgrim_behaviour.asset""]"
Assets/Scenes/Hornet/Bone_11.unity	7656	1664	pilgrim_behaviour	5d4d1c36f09a17949a8eb0175e50b0b4	11400000	"[""Assets/PlayMaker/Templates/pilgrim_behaviour.asset""]"
Assets/Scenes/Hornet/Bone_11.unity	7657	1658	pilgrim_behaviour	5d4d1c36f09a17949a8eb0175e50b0b4	11400000	"[""Assets/PlayMaker/Templates/pilgrim_behaviour.asset""]"
Assets/Scenes/Hornet/Bone_11.unity	7733	1546	Control	04b9a40fa5ae75c47a5cdd4b0998c7ac	11400000	"[""Assets/PlayMaker/Templates/garmond_control.asset""]"
Assets/Scenes/Hornet/Bone_12.unity	5101	604	FSM	0fa874bd0a265424880fbf25a2b42b4c	11400000	"[""Assets/PlayMaker/Templates/map_isroom.asset""]"
Assets/Scenes/Hornet/Bone_12.unity	5120	343	Bench Control	30022a57d0796134fbc5d49b1decd4f9	11400000	"[""Assets/PlayMaker/Templates/bench_control.asset""]"
Assets/Scenes/Hornet/Bone_12.unity	5128	456	Bench Control	30022a57d0796134fbc5d49b1decd4f9	11400000	"[""Assets/PlayMaker/Templates/bench_control.asset""]"
Assets/Scenes/Hornet/Bone_12.unity	5160	882	Bench Control	30022a57d0796134fbc5d49b1decd4f9	11400000	"[""Assets/PlayMaker/Templates/bench_control.asset""]"
Assets/Scenes/Hornet/Bone_12.unity	5309	1541	pilgrim_behaviour	5d4d1c36f09a17949a8eb0175e50b0b4	11400000	"[""Assets/PlayMaker/Templates/pilgrim_behaviour.asset""]"
Assets/Scenes/Hornet/Bone_14.unity	6483	115	Geo Rock	3ce2aab20b6447d47a1b288b65263053	11400000	"[""Assets/PlayMaker/Templates/geo_rock.asset""]"
Assets/Scenes/Hornet/Bone_14.unity	6900	885	Control	db45ee5f0ebe350428ecbbe747e29ec7	11400000	"[""Assets/PlayMaker/Templates/bone_crumble_plat.asset""]"
Assets/Scenes/Hornet/Bone_14.unity	6901	917	bone_crumble_plat	db45ee5f0ebe350428ecbbe747e29ec7	11400000	"[""Assets/PlayMaker/Templates/bone_crumble_plat.asset""]"
Assets/Scenes/Hornet/Bone_14.unity	6902	862	Control	db45ee5f0ebe350428ecbbe747e29ec7	11400000	"[""Assets/PlayMaker/Templates/bone_crumble_plat.asset""]"
Assets/Scenes/Hornet/Bone_14.unity	6903	869	Control	db45ee5f0ebe350428ecbbe747e29ec7	11400000	"[""Assets/PlayMaker/Templates/bone_crumble_plat.asset""]"
Assets/Scenes/Hornet/Bone_14.unity	6904	870	bone_crumble_plat	db45ee5f0ebe350428ecbbe747e29ec7	11400000	"[""Assets/PlayMaker/Templates/bone_crumble_plat.asset""]"
Assets/Scenes/Hornet/Bone_14.unity	7008	1236	pilgrim_behaviour	5d4d1c36f09a17949a8eb0175e50b0b4	11400000	"[""Assets/PlayMaker/Templates/pilgrim_behaviour.asset""]"
Assets/Scenes/Hornet/Bone_14.unity	7050	1237	pilgrim_behaviour	5d4d1c36f09a17949a8eb0175e50b0b4	11400000	"[""Assets/PlayMaker/Templates/pilgrim_behaviour.asset""]"
Assets/Scenes/Hornet/Bone_15.unity	7155	1115	lowpass	2822d5f0a56d5274594c3ab82acbe0d6	11400000	"[""Assets/PlayMaker/Templates/lowpass_audio_by_area.asset""]"
Assets/Scenes/Hornet/Bone_16.unity	7367	25	Geo Rock	3ce2aab20b6447d47a1b288b65263053	11400000	"[""Assets/PlayMaker/Templates/geo_rock.asset""]"
Assets/Scenes/Hornet/Bone_16.unity	7369	75	Geo Rock	3ce2aab20b6447d47a1b288b65263053	11400000	"[""Assets/PlayMaker/Templates/geo_rock.asset""]"
Assets/Scenes/Hornet/Bone_16.unity	7381	295	breakable_wall_v2	49ae76d885d76f0409f5e87241c2e88a	11400000	"[""Assets/PlayMaker/Templates/breakable_wall_v2.asset""]"
Assets/Scenes/Hornet/Bone_16.unity	7400	700	Geo Rock	3ce2aab20b6447d47a1b288b65263053	11400000	"[""Assets/PlayMaker/Templates/geo_rock.asset""]"
Assets/Scenes/Hornet/Bone_16.unity	7411	953	breakable_wall_v2	49ae76d885d76f0409f5e87241c2e88a	11400000	"[""Assets/PlayMaker/Templates/breakable_wall_v2.asset""]"
Assets/Scenes/Hornet/Bone_16.unity	7413	934	breakable_wall_v2	49ae76d885d76f0409f5e87241c2e88a	11400000	"[""Assets/PlayMaker/Templates/breakable_wall_v2.asset""]"
Assets/Scenes/Hornet/Bone_16.unity	7464	630	FSM	c332780cbeb3a264fb2eff442248d6cd	11400000	"[""Assets/PlayMaker/Templates/follow_camera_bound.asset""]"
Assets/Scenes/Hornet/Bone_16.unity	7469	1566	FSM	c332780cbeb3a264fb2eff442248d6cd	11400000	"[""Assets/PlayMaker/Templates/follow_camera_bound.asset""]"
Assets/Scenes/Hornet/Bone_16.unity	7492	1742	Detect Landing	c9d78aec9d8dd8a419833f8f977ce120	11400000	"[""Assets/PlayMaker/Templates/sway_plat_collider.asset""]"
Assets/Scenes/Hornet/Bone_16.unity	7503	1953	Sway	611750e4cd2b0fc488c94b4d4a747bec	11400000	"[""Assets/PlayMaker/Templates/sway_plat_art.asset""]"
Assets/Scenes/Hornet/Bone_16.unity	7805	1906	tilt_plat	a40d78acbe179ad4a90e9b9d77d082be	11400000	"[""Assets/PlayMaker/Templates/tilt_plat.asset""]"
Assets/Scenes/Hornet/Bone_18.unity	3249	639	pilgrim_behaviour	5d4d1c36f09a17949a8eb0175e50b0b4	11400000	"[""Assets/PlayMaker/Templates/pilgrim_behaviour.asset""]"
Assets/Scenes/Hornet/Bone_18.unity	3250	642	pilgrim_behaviour	5d4d1c36f09a17949a8eb0175e50b0b4	11400000	"[""Assets/PlayMaker/Templates/pilgrim_behaviour.asset""]"
Assets/Scenes/Hornet/Bone_18.unity	3272	640	pilgrim_behaviour	5d4d1c36f09a17949a8eb0175e50b0b4	11400000	"[""Assets/PlayMaker/Templates/pilgrim_behaviour.asset""]"
Assets/Scenes/Hornet/Bone_18.unity	3273	636	pilgrim_behaviour	5d4d1c36f09a17949a8eb0175e50b0b4	11400000	"[""Assets/PlayMaker/Templates/pilgrim_behaviour.asset""]"
Assets/Scenes/Hornet/Bone_18.unity	3274	637	pilgrim_behaviour	5d4d1c36f09a17949a8eb0175e50b0b4	11400000	"[""Assets/PlayMaker/Templates/pilgrim_behaviour.asset""]"
Assets/Scenes/Hornet/Bone_18.unity	3275	638	pilgrim_behaviour	5d4d1c36f09a17949a8eb0175e50b0b4	11400000	"[""Assets/PlayMaker/Templates/pilgrim_behaviour.asset""]"
Assets/Scenes/Hornet/Bone_19.unity	3958	213	breakable_wall_v2	49ae76d885d76f0409f5e87241c2e88a	11400000	"[""Assets/PlayMaker/Templates/breakable_wall_v2.asset""]"
Assets/Scenes/Hornet/Bone_19.unity	3961	270	unmasker	acbea5ca792e442418858572af615104	11400000	"[""Assets/PlayMaker/Templates/unmasker.asset""]"
Assets/Scenes/Hornet/Bone_19.unity	3965	396	unmasker	acbea5ca792e442418858572af615104	11400000	"[""Assets/PlayMaker/Templates/unmasker.asset""]"
Assets/Scenes/Hornet/Bone_19.unity	3968	661	unmasker	acbea5ca792e442418858572af615104	11400000	"[""Assets/PlayMaker/Templates/unmasker.asset""]"
Assets/Scenes/Hornet/Bone_19.unity	3976	899	unmasker	acbea5ca792e442418858572af615104	11400000	"[""Assets/PlayMaker/Templates/unmasker.asset""]"
Assets/Scenes/Hornet/Bone_19.unity	4208	1167	Chest Control	cef29d3923f21dd45b5301e2c8d4b2db	11400000	"[""Assets/PlayMaker/Templates/chest_control.asset""]"
Assets/Scenes/Hornet/Bone_East_01.unity	4803	1018	depress_plat	1686fa2f54abca14ea6969b774a733fb	11400000	"[""Assets/PlayMaker/Templates/depress_plat.asset""]"
Assets/Scenes/Hornet/Bone_East_01.unity	4804	1019	depress_plat	1686fa2f54abca14ea6969b774a733fb	11400000	"[""Assets/PlayMaker/Templates/depress_plat.asset""]"
Assets/Scenes/Hornet/Bone_East_01.unity	4805	1022	depress_plat	1686fa2f54abca14ea6969b774a733fb	11400000	"[""Assets/PlayMaker/Templates/depress_plat.asset""]"
Assets/Scenes/Hornet/Bone_East_01.unity	4806	1020	depress_plat	1686fa2f54abca14ea6969b774a733fb	11400000	"[""Assets/PlayMaker/Templates/depress_plat.asset""]"
Assets/Scenes/Hornet/Bone_East_01.unity	4807	1021	depress_plat	1686fa2f54abca14ea6969b774a733fb	11400000	"[""Assets/PlayMaker/Templates/depress_plat.asset""]"
Assets/Scenes/Hornet/Bone_East_01.unity	4838	1033	Attack Enemies	caafb23d9ce46d04e95abb72c7771eb4	11400000	"[""Assets/PlayMaker/Templates/mapper_battle.asset""]"
Assets/Scenes/Hornet/Bone_East_01.unity	4961	1047	Go Direction Velocity	6f0839127750b164ebb46ddbae600e15	11400000	"[""Assets/PlayMaker/Templates/flyer_go_up_response.asset""]"
Assets/Scenes/Hornet/Bone_East_01.unity	4962	1046	Go Direction Velocity	6f0839127750b164ebb46ddbae600e15	11400000	"[""Assets/PlayMaker/Templates/flyer_go_up_response.asset""]"
Assets/Scenes/Hornet/Bone_East_02.unity	7244	1038	FSM	c332780cbeb3a264fb2eff442248d6cd	11400000	"[""Assets/PlayMaker/Templates/follow_camera_bound.asset""]"
Assets/Scenes/Hornet/Bone_East_02.unity	7382	2028	Control	ebb7f868f778b6f4aae2a069121a4374	11400000	"[""Assets/PlayMaker/Templates/tracking_object.asset""]"
Assets/Scenes/Hornet/Bone_East_02.unity	7737	1496	Control	04b9a40fa5ae75c47a5cdd4b0998c7ac	11400000	"[""Assets/PlayMaker/Templates/garmond_control.asset""]"
Assets/Scenes/Hornet/Bone_East_02b.unity	10825	1597	FSM	c332780cbeb3a264fb2eff442248d6cd	11400000	"[""Assets/PlayMaker/Templates/follow_camera_bound.asset""]"
Assets/Scenes/Hornet/Bone_East_02b.unity	10829	2026	FSM	c332780cbeb3a264fb2eff442248d6cd	11400000	"[""Assets/PlayMaker/Templates/follow_camera_bound.asset""]"
Assets/Scenes/Hornet/Bone_East_02b.unity	11031	3093	Control	ebb7f868f778b6f4aae2a069121a4374	11400000	"[""Assets/PlayMaker/Templates/tracking_object.asset""]"
Assets/Scenes/Hornet/Bone_East_02b.unity	11032	3094	Control	ebb7f868f778b6f4aae2a069121a4374	11400000	"[""Assets/PlayMaker/Templates/tracking_object.asset""]"
Assets/Scenes/Hornet/Bone_East_02b.unity	11033	3095	Control	ebb7f868f778b6f4aae2a069121a4374	11400000	"[""Assets/PlayMaker/Templates/tracking_object.asset""]"
Assets/Scenes/Hornet/Bone_East_02b.unity	11525	3406	hornet_multi_wounder	ffe3a1a9c1e2bb94da3315cccccc4782	11400000	"[""Assets/PlayMaker/Templates/hornet_multi_wounder.asset""]"
Assets/Scenes/Hornet/Bone_East_03.unity	11880	2344	bone_crumble_plat	db45ee5f0ebe350428ecbbe747e29ec7	11400000	"[""Assets/PlayMaker/Templates/bone_crumble_plat.asset""]"
Assets/Scenes/Hornet/Bone_East_03.unity	12039	3087	Damage Hero	3ff80959024b2774c802f818564e033e	11400000	"[""Assets/PlayMaker/Templates/coal_region.asset""]"
Assets/Scenes/Hornet/Bone_East_03.unity	12040	3083	Damage Hero	3ff80959024b2774c802f818564e033e	11400000	"[""Assets/PlayMaker/Templates/coal_region.asset""]"
Assets/Scenes/Hornet/Bone_East_03.unity	12041	3084	Damage Hero	3ff80959024b2774c802f818564e033e	11400000	"[""Assets/PlayMaker/Templates/coal_region.asset""]"
Assets/Scenes/Hornet/Bone_East_03.unity	12042	3085	Damage Hero	3ff80959024b2774c802f818564e033e	11400000	"[""Assets/PlayMaker/Templates/coal_region.asset""]"
Assets/Scenes/Hornet/Bone_East_03.unity	12043	3086	Damage Hero	3ff80959024b2774c802f818564e033e	11400000	"[""Assets/PlayMaker/Templates/coal_region.asset""]"
Assets/Scenes/Hornet/Bone_East_03.unity	12044	3082	Damage Hero	3ff80959024b2774c802f818564e033e	11400000	"[""Assets/PlayMaker/Templates/coal_region.asset""]"
Assets/Scenes/Hornet/Bone_East_03.unity	12045	3081	Damage Hero	3ff80959024b2774c802f818564e033e	11400000	"[""Assets/PlayMaker/Templates/coal_region.asset""]"
Assets/Scenes/Hornet/Bone_East_03.unity	12046	3080	Damage Hero	3ff80959024b2774c802f818564e033e	11400000	"[""Assets/PlayMaker/Templates/coal_region.asset""]"
Assets/Scenes/Hornet/Bone_East_03.unity	12059	2525	hornet_multi_wounder	ffe3a1a9c1e2bb94da3315cccccc4782	11400000	"[""Assets/PlayMaker/Templates/hornet_multi_wounder.asset""]"
Assets/Scenes/Hornet/Bone_East_03.unity	12131	2255	depress_plat	1686fa2f54abca14ea6969b774a733fb	11400000	"[""Assets/PlayMaker/Templates/depress_plat.asset""]"
Assets/Scenes/Hornet/Bone_East_03.unity	12132	2256	depress_plat	1686fa2f54abca14ea6969b774a733fb	11400000	"[""Assets/PlayMaker/Templates/depress_plat.asset""]"
Assets/Scenes/Hornet/Bone_East_03.unity	12133	2257	depress_plat	1686fa2f54abca14ea6969b774a733fb	11400000	"[""Assets/PlayMaker/Templates/depress_plat.asset""]"
Assets/Scenes/Hornet/Bone_East_03.unity	12148	2352	coal_burn	eb011adb60a38f34d81049f66b6ae9b2	11400000	"[""Assets/PlayMaker/Templates/coal_burn.asset""]"
Assets/Scenes/Hornet/Bone_East_03.unity	12484	3557	hornet_multi_wounder	ffe3a1a9c1e2bb94da3315cccccc4782	11400000	"[""Assets/PlayMaker/Templates/hornet_multi_wounder.asset""]"
Assets/Scenes/Hornet/Bone_East_04.unity	4489	314	enemy_message	40a9c40cac6976f43979028f936c4871	11400000	"[""Assets/PlayMaker/Templates/enemy_message.asset""]"
Assets/Scenes/Hornet/Bone_East_04.unity	4490	322	enemy_message	40a9c40cac6976f43979028f936c4871	11400000	"[""Assets/PlayMaker/Templates/enemy_message.asset""]"
Assets/Scenes/Hornet/Bone_East_04.unity	4491	336	enemy_message	40a9c40cac6976f43979028f936c4871	11400000	"[""Assets/PlayMaker/Templates/enemy_message.asset""]"
Assets/Scenes/Hornet/Bone_East_04.unity	4512	908	enemy_message	40a9c40cac6976f43979028f936c4871	11400000	"[""Assets/PlayMaker/Templates/enemy_message.asset""]"
Assets/Scenes/Hornet/Bone_East_04.unity	4615	1091	bone_crumble_plat	db45ee5f0ebe350428ecbbe747e29ec7	11400000	"[""Assets/PlayMaker/Templates/bone_crumble_plat.asset""]"
Assets/Scenes/Hornet/Bone_East_04.unity	4681	957	Control	db45ee5f0ebe350428ecbbe747e29ec7	11400000	"[""Assets/PlayMaker/Templates/bone_crumble_plat.asset""]"
Assets/Scenes/Hornet/Bone_East_04b.unity	3826	59	enemy_message	40a9c40cac6976f43979028f936c4871	11400000	"[""Assets/PlayMaker/Templates/enemy_message.asset""]"
Assets/Scenes/Hornet/Bone_East_04b.unity	3830	60	enemy_message	40a9c40cac6976f43979028f936c4871	11400000	"[""Assets/PlayMaker/Templates/enemy_message.asset""]"
Assets/Scenes/Hornet/Bone_East_04b.unity	3831	107	breakable_wall_v2	49ae76d885d76f0409f5e87241c2e88a	11400000	"[""Assets/PlayMaker/Templates/breakable_wall_v2.asset""]"
Assets/Scenes/Hornet/Bone_East_04b.unity	3867	811	enemy_message	40a9c40cac6976f43979028f936c4871	11400000	"[""Assets/PlayMaker/Templates/enemy_message.asset""]"
Assets/Scenes/Hornet/Bone_East_04b.unity	3870	817	enemy_message	40a9c40cac6976f43979028f936c4871	11400000	"[""Assets/PlayMaker/Templates/enemy_message.asset""]"
Assets/Scenes/Hornet/Bone_East_04b.unity	3872	830	enemy_message	40a9c40cac6976f43979028f936c4871	11400000	"[""Assets/PlayMaker/Templates/enemy_message.asset""]"
Assets/Scenes/Hornet/Bone_East_04b.unity	3879	726	enemy_message	40a9c40cac6976f43979028f936c4871	11400000	"[""Assets/PlayMaker/Templates/enemy_message.asset""]"
Assets/Scenes/Hornet/Bone_East_05.unity	9719	2386	Damage Hero	3ff80959024b2774c802f818564e033e	11400000	"[""Assets/PlayMaker/Templates/coal_region.asset""]"
Assets/Scenes/Hornet/Bone_East_05.unity	9720	2385	Damage Hero	3ff80959024b2774c802f818564e033e	11400000	"[""Assets/PlayMaker/Templates/coal_region.asset""]"
Assets/Scenes/Hornet/Bone_East_05.unity	9721	2384	Damage Hero	3ff80959024b2774c802f818564e033e	11400000	"[""Assets/PlayMaker/Templates/coal_region.asset""]"
Assets/Scenes/Hornet/Bone_East_05.unity	9793	1909	depress_plat	1686fa2f54abca14ea6969b774a733fb	11400000	"[""Assets/PlayMaker/Templates/depress_plat.asset""]"
Assets/Scenes/Hornet/Bone_East_05.unity	10045	1857	Control	04b9a40fa5ae75c47a5cdd4b0998c7ac	11400000	"[""Assets/PlayMaker/Templates/garmond_control.asset""]"
Assets/Scenes/Hornet/Bone_East_05.unity	10135	2738	hornet_multi_wounder	ffe3a1a9c1e2bb94da3315cccccc4782	11400000	"[""Assets/PlayMaker/Templates/hornet_multi_wounder.asset""]"
Assets/Scenes/Hornet/Bone_East_07.unity	11412	3263	Control	ebb7f868f778b6f4aae2a069121a4374	11400000	"[""Assets/PlayMaker/Templates/tracking_object.asset""]"
Assets/Scenes/Hornet/Bone_East_07.unity	11413	3264	Control	ebb7f868f778b6f4aae2a069121a4374	11400000	"[""Assets/PlayMaker/Templates/tracking_object.asset""]"
Assets/Scenes/Hornet/Bone_East_07.unity	11433	2415	Control	0a90bbd7d59385641a93fc8723ca8247	11400000	"[""Assets/PlayMaker/Templates/updraft_region.asset""]"
Assets/Scenes/Hornet/Bone_East_07.unity	11434	2418	Control	0a90bbd7d59385641a93fc8723ca8247	11400000	"[""Assets/PlayMaker/Templates/updraft_region.asset""]"
Assets/Scenes/Hornet/Bone_East_07.unity	11435	2416	Control	0a90bbd7d59385641a93fc8723ca8247	11400000	"[""Assets/PlayMaker/Templates/updraft_region.asset""]"
Assets/Scenes/Hornet/Bone_East_07.unity	11436	2417	Control	0a90bbd7d59385641a93fc8723ca8247	11400000	"[""Assets/PlayMaker/Templates/updraft_region.asset""]"
Assets/Scenes/Hornet/Bone_East_07.unity	11437	2411	Control	0a90bbd7d59385641a93fc8723ca8247	11400000	"[""Assets/PlayMaker/Templates/updraft_region.asset""]"
Assets/Scenes/Hornet/Bone_East_07.unity	11438	2410	Control	0a90bbd7d59385641a93fc8723ca8247	11400000	"[""Assets/PlayMaker/Templates/updraft_region.asset""]"
Assets/Scenes/Hornet/Bone_East_07.unity	11439	2414	Control	0a90bbd7d59385641a93fc8723ca8247	11400000	"[""Assets/PlayMaker/Templates/updraft_region.asset""]"
Assets/Scenes/Hornet/Bone_East_07.unity	11440	2413	Control	0a90bbd7d59385641a93fc8723ca8247	11400000	"[""Assets/PlayMaker/Templates/updraft_region.asset""]"
Assets/Scenes/Hornet/Bone_East_07.unity	11441	2412	Control	0a90bbd7d59385641a93fc8723ca8247	11400000	"[""Assets/PlayMaker/Templates/updraft_region.asset""]"
Assets/Scenes/Hornet/Bone_East_07.unity	11543	2782	hornet_multi_wounder	ffe3a1a9c1e2bb94da3315cccccc4782	11400000	"[""Assets/PlayMaker/Templates/hornet_multi_wounder.asset""]"
Assets/Scenes/Hornet/Bone_East_07.unity	11544	2781	hornet_multi_wounder	ffe3a1a9c1e2bb94da3315cccccc4782	11400000	"[""Assets/PlayMaker/Templates/hornet_multi_wounder.asset""]"
Assets/Scenes/Hornet/Bone_East_07.unity	11545	2778	hornet_multi_wounder	ffe3a1a9c1e2bb94da3315cccccc4782	11400000	"[""Assets/PlayMaker/Templates/hornet_multi_wounder.asset""]"
Assets/Scenes/Hornet/Bone_East_07.unity	11546	2780	hornet_multi_wounder	ffe3a1a9c1e2bb94da3315cccccc4782	11400000	"[""Assets/PlayMaker/Templates/hornet_multi_wounder.asset""]"
Assets/Scenes/Hornet/Bone_East_07.unity	11547	2779	hornet_multi_wounder	ffe3a1a9c1e2bb94da3315cccccc4782	11400000	"[""Assets/PlayMaker/Templates/hornet_multi_wounder.asset""]"
Assets/Scenes/Hornet/Bone_East_08.unity	8712	316	Geo Rock	3ce2aab20b6447d47a1b288b65263053	11400000	"[""Assets/PlayMaker/Templates/geo_rock.asset""]"
Assets/Scenes/Hornet/Bone_East_08.unity	8714	328	FSM	5d51f38d8244d4e40b0d2b5131f2b596	11400000	"[""Assets/PlayMaker/Templates/song_golem_rockdropper.asset""]"
Assets/Scenes/Hornet/Bone_East_08.unity	8761	721	FSM	5d51f38d8244d4e40b0d2b5131f2b596	11400000	"[""Assets/PlayMaker/Templates/song_golem_rockdropper.asset""]"
Assets/Scenes/Hornet/Bone_East_08.unity	8787	978	FSM	5d51f38d8244d4e40b0d2b5131f2b596	11400000	"[""Assets/PlayMaker/Templates/song_golem_rockdropper.asset""]"
Assets/Scenes/Hornet/Bone_East_08.unity	8812	1264	FSM	c332780cbeb3a264fb2eff442248d6cd	11400000	"[""Assets/PlayMaker/Templates/follow_camera_bound.asset""]"
Assets/Scenes/Hornet/Bone_East_08.unity	8965	2437	Control	ebb7f868f778b6f4aae2a069121a4374	11400000	"[""Assets/PlayMaker/Templates/tracking_object.asset""]"
Assets/Scenes/Hornet/Bone_East_08.unity	8981	1483	Control	0a90bbd7d59385641a93fc8723ca8247	11400000	"[""Assets/PlayMaker/Templates/updraft_region.asset""]"
Assets/Scenes/Hornet/Bone_East_08.unity	8982	1482	Control	0a90bbd7d59385641a93fc8723ca8247	11400000	"[""Assets/PlayMaker/Templates/updraft_region.asset""]"
Assets/Scenes/Hornet/Bone_East_08.unity	8983	1480	Control	0a90bbd7d59385641a93fc8723ca8247	11400000	"[""Assets/PlayMaker/Templates/updraft_region.asset""]"
Assets/Scenes/Hornet/Bone_East_08.unity	8984	1479	Control	0a90bbd7d59385641a93fc8723ca8247	11400000	"[""Assets/PlayMaker/Templates/updraft_region.asset""]"
Assets/Scenes/Hornet/Bone_East_08.unity	8985	1478	Control	0a90bbd7d59385641a93fc8723ca8247	11400000	"[""Assets/PlayMaker/Templates/updraft_region.asset""]"
Assets/Scenes/Hornet/Bone_East_08.unity	8986	1481	Control	0a90bbd7d59385641a93fc8723ca8247	11400000	"[""Assets/PlayMaker/Templates/updraft_region.asset""]"
Assets/Scenes/Hornet/Bone_East_08.unity	9354	2243	FSM	c332780cbeb3a264fb2eff442248d6cd	11400000	"[""Assets/PlayMaker/Templates/follow_camera_bound.asset""]"
Assets/Scenes/Hornet/Bone_East_08_boss_beastfly.unity	1242	194	Stun Control	2e4b6e573032075449b2ab0adc00c0b8	11400000	"[""Assets/PlayMaker/Templates/stun_control.asset""]"
Assets/Scenes/Hornet/Bone_East_09.unity	7139	692	Control	0a90bbd7d59385641a93fc8723ca8247	11400000	"[""Assets/PlayMaker/Templates/updraft_region.asset""]"
Assets/Scenes/Hornet/Bone_East_09.unity	7187	614	FSM	c332780cbeb3a264fb2eff442248d6cd	11400000	"[""Assets/PlayMaker/Templates/follow_camera_bound.asset""]"
Assets/Scenes/Hornet/Bone_East_09.unity	7190	1239	FSM	c332780cbeb3a264fb2eff442248d6cd	11400000	"[""Assets/PlayMaker/Templates/follow_camera_bound.asset""]"
Assets/Scenes/Hornet/Bone_East_09.unity	7229	1652	FSM	c332780cbeb3a264fb2eff442248d6cd	11400000	"[""Assets/PlayMaker/Templates/follow_camera_bound.asset""]"
Assets/Scenes/Hornet/Bone_East_09.unity	7313	1539	Control	0a90bbd7d59385641a93fc8723ca8247	11400000	"[""Assets/PlayMaker/Templates/updraft_region.asset""]"
Assets/Scenes/Hornet/Bone_East_09.unity	7314	1541	Control	0a90bbd7d59385641a93fc8723ca8247	11400000	"[""Assets/PlayMaker/Templates/updraft_region.asset""]"
Assets/Scenes/Hornet/Bone_East_09.unity	7315	1540	Control	0a90bbd7d59385641a93fc8723ca8247	11400000	"[""Assets/PlayMaker/Templates/updraft_region.asset""]"
Assets/Scenes/Hornet/Bone_East_09.unity	7316	1538	Control	0a90bbd7d59385641a93fc8723ca8247	11400000	"[""Assets/PlayMaker/Templates/updraft_region.asset""]"
Assets/Scenes/Hornet/Bone_East_09.unity	7317	1537	Control	0a90bbd7d59385641a93fc8723ca8247	11400000	"[""Assets/PlayMaker/Templates/updraft_region.asset""]"
Assets/Scenes/Hornet/Bone_East_09.unity	7318	1536	Control	0a90bbd7d59385641a93fc8723ca8247	11400000	"[""Assets/PlayMaker/Templates/updraft_region.asset""]"
Assets/Scenes/Hornet/Bone_East_09.unity	7319	1534	Control	0a90bbd7d59385641a93fc8723ca8247	11400000	"[""Assets/PlayMaker/Templates/updraft_region.asset""]"
Assets/Scenes/Hornet/Bone_East_09.unity	7320	1535	Control	0a90bbd7d59385641a93fc8723ca8247	11400000	"[""Assets/PlayMaker/Templates/updraft_region.asset""]"
Assets/Scenes/Hornet/Bone_East_09.unity	7367	1827	hornet_multi_wounder	ffe3a1a9c1e2bb94da3315cccccc4782	11400000	"[""Assets/PlayMaker/Templates/hornet_multi_wounder.asset""]"
Assets/Scenes/Hornet/Bone_East_09.unity	7580	2013	FSM	c332780cbeb3a264fb2eff442248d6cd	11400000	"[""Assets/PlayMaker/Templates/follow_camera_bound.asset""]"
Assets/Scenes/Hornet/Bone_East_09.unity	7765	2294	Control	8b56ec0cfd65cc947973c77e650d446d	11400000	"[""Assets/PlayMaker/Templates/harpoon_ring.asset""]"
Assets/Scenes/Hornet/Bone_East_09.unity	7767	2295	Control	8b56ec0cfd65cc947973c77e650d446d	11400000	"[""Assets/PlayMaker/Templates/harpoon_ring.asset""]"
Assets/Scenes/Hornet/Bone_East_09b.unity	7475	1792	Control	0a90bbd7d59385641a93fc8723ca8247	11400000	"[""Assets/PlayMaker/Templates/updraft_region.asset""]"
Assets/Scenes/Hornet/Bone_East_09b.unity	7476	1788	Control	0a90bbd7d59385641a93fc8723ca8247	11400000	"[""Assets/PlayMaker/Templates/updraft_region.asset""]"
Assets/Scenes/Hornet/Bone_East_09b.unity	7477	1790	Control	0a90bbd7d59385641a93fc8723ca8247	11400000	"[""Assets/PlayMaker/Templates/updraft_region.asset""]"
Assets/Scenes/Hornet/Bone_East_09b.unity	7478	1791	Control	0a90bbd7d59385641a93fc8723ca8247	11400000	"[""Assets/PlayMaker/Templates/updraft_region.asset""]"
Assets/Scenes/Hornet/Bone_East_09b.unity	7479	1789	Control	0a90bbd7d59385641a93fc8723ca8247	11400000	"[""Assets/PlayMaker/Templates/updraft_region.asset""]"
Assets/Scenes/Hornet/Bone_East_09b.unity	7480	1786	Control	0a90bbd7d59385641a93fc8723ca8247	11400000	"[""Assets/PlayMaker/Templates/updraft_region.asset""]"
Assets/Scenes/Hornet/Bone_East_09b.unity	7481	1787	Control	0a90bbd7d59385641a93fc8723ca8247	11400000	"[""Assets/PlayMaker/Templates/updraft_region.asset""]"
Assets/Scenes/Hornet/Bone_East_09b.unity	7482	1783	Control	0a90bbd7d59385641a93fc8723ca8247	11400000	"[""Assets/PlayMaker/Templates/updraft_region.asset""]"
Assets/Scenes/Hornet/Bone_East_09b.unity	7483	1782	Control	0a90bbd7d59385641a93fc8723ca8247	11400000	"[""Assets/PlayMaker/Templates/updraft_region.asset""]"
Assets/Scenes/Hornet/Bone_East_09b.unity	7484	1785	Control	0a90bbd7d59385641a93fc8723ca8247	11400000	"[""Assets/PlayMaker/Templates/updraft_region.asset""]"
Assets/Scenes/Hornet/Bone_East_09b.unity	7485	1784	Control	0a90bbd7d59385641a93fc8723ca8247	11400000	"[""Assets/PlayMaker/Templates/updraft_region.asset""]"
Assets/Scenes/Hornet/Bone_East_09b.unity	7527	2053	hornet_multi_wounder	ffe3a1a9c1e2bb94da3315cccccc4782	11400000	"[""Assets/PlayMaker/Templates/hornet_multi_wounder.asset""]"
Assets/Scenes/Hornet/Bone_East_09b.unity	7528	2054	hornet_multi_wounder	ffe3a1a9c1e2bb94da3315cccccc4782	11400000	"[""Assets/PlayMaker/Templates/hornet_multi_wounder.asset""]"
Assets/Scenes/Hornet/Bone_East_10.unity	7198	877	FSM	b3e4373a973c8094ea144481f50675b2	11400000	"[""Assets/PlayMaker/Templates/rosary_thief_group.asset""]"
Assets/Scenes/Hornet/Bone_East_10.unity	7319	1710	pilgrim_behaviour	5d4d1c36f09a17949a8eb0175e50b0b4	11400000	"[""Assets/PlayMaker/Templates/pilgrim_behaviour.asset""]"
Assets/Scenes/Hornet/Bone_East_10.unity	7365	2099	tilt_plat	a40d78acbe179ad4a90e9b9d77d082be	11400000	"[""Assets/PlayMaker/Templates/tilt_plat.asset""]"
Assets/Scenes/Hornet/Bone_East_10.unity	7424	1985	sherma_anim	3278a3007d6fbb54e9f51fab8f4a4bbb	11400000	"[""Assets/PlayMaker/Templates/sherma_anim.asset""]"
Assets/Scenes/Hornet/Bone_East_10.unity	7439	1699	depress_plat	1686fa2f54abca14ea6969b774a733fb	11400000	"[""Assets/PlayMaker/Templates/depress_plat.asset""]"
Assets/Scenes/Hornet/Bone_East_10_Room.unity	2194	95	Bench Control	30022a57d0796134fbc5d49b1decd4f9	11400000	"[""Assets/PlayMaker/Templates/bench_control.asset""]"
Assets/Scenes/Hornet/Bone_East_10_Room.unity	2216	228	FSM	0fa874bd0a265424880fbf25a2b42b4c	11400000	"[""Assets/PlayMaker/Templates/map_isroom.asset""]"
Assets/Scenes/Hornet/Bone_East_11.unity	8512	2250	Control	ebb7f868f778b6f4aae2a069121a4374	11400000	"[""Assets/PlayMaker/Templates/tracking_object.asset""]"
Assets/Scenes/Hornet/Bone_East_11.unity	8513	2249	Control	ebb7f868f778b6f4aae2a069121a4374	11400000	"[""Assets/PlayMaker/Templates/tracking_object.asset""]"
Assets/Scenes/Hornet/Bone_East_11.unity	8521	1734	Control	0a90bbd7d59385641a93fc8723ca8247	11400000	"[""Assets/PlayMaker/Templates/updraft_region.asset""]"
Assets/Scenes/Hornet/Bone_East_11.unity	8522	1733	Control	0a90bbd7d59385641a93fc8723ca8247	11400000	"[""Assets/PlayMaker/Templates/updraft_region.asset""]"
Assets/Scenes/Hornet/Bone_East_11.unity	8523	1735	Control	0a90bbd7d59385641a93fc8723ca8247	11400000	"[""Assets/PlayMaker/Templates/updraft_region.asset""]"
Assets/Scenes/Hornet/Bone_East_11.unity	8524	1730	Control	0a90bbd7d59385641a93fc8723ca8247	11400000	"[""Assets/PlayMaker/Templates/updraft_region.asset""]"
Assets/Scenes/Hornet/Bone_East_11.unity	8525	1731	Control	0a90bbd7d59385641a93fc8723ca8247	11400000	"[""Assets/PlayMaker/Templates/updraft_region.asset""]"
Assets/Scenes/Hornet/Bone_East_11.unity	8526	1732	Control	0a90bbd7d59385641a93fc8723ca8247	11400000	"[""Assets/PlayMaker/Templates/updraft_region.asset""]"
Assets/Scenes/Hornet/Bone_East_11.unity	8527	1727	Control	0a90bbd7d59385641a93fc8723ca8247	11400000	"[""Assets/PlayMaker/Templates/updraft_region.asset""]"
Assets/Scenes/Hornet/Bone_East_11.unity	8528	1729	Control	0a90bbd7d59385641a93fc8723ca8247	11400000	"[""Assets/PlayMaker/Templates/updraft_region.asset""]"
Assets/Scenes/Hornet/Bone_East_11.unity	8529	1728	Control	0a90bbd7d59385641a93fc8723ca8247	11400000	"[""Assets/PlayMaker/Templates/updraft_region.asset""]"
Assets/Scenes/Hornet/Bone_East_11.unity	8530	1726	Control	0a90bbd7d59385641a93fc8723ca8247	11400000	"[""Assets/PlayMaker/Templates/updraft_region.asset""]"
Assets/Scenes/Hornet/Bone_East_11.unity	8584	1974	hornet_multi_wounder	ffe3a1a9c1e2bb94da3315cccccc4782	11400000	"[""Assets/PlayMaker/Templates/hornet_multi_wounder.asset""]"
Assets/Scenes/Hornet/Bone_East_11.unity	8585	1973	hornet_multi_wounder	ffe3a1a9c1e2bb94da3315cccccc4782	11400000	"[""Assets/PlayMaker/Templates/hornet_multi_wounder.asset""]"
Assets/Scenes/Hornet/Bone_East_11.unity	8586	1976	hornet_multi_wounder	ffe3a1a9c1e2bb94da3315cccccc4782	11400000	"[""Assets/PlayMaker/Templates/hornet_multi_wounder.asset""]"
Assets/Scenes/Hornet/Bone_East_11.unity	8587	1975	hornet_multi_wounder	ffe3a1a9c1e2bb94da3315cccccc4782	11400000	"[""Assets/PlayMaker/Templates/hornet_multi_wounder.asset""]"
Assets/Scenes/Hornet/Bone_East_11.unity	8588	1972	hornet_multi_wounder	ffe3a1a9c1e2bb94da3315cccccc4782	11400000	"[""Assets/PlayMaker/Templates/hornet_multi_wounder.asset""]"
Assets/Scenes/Hornet/Bone_East_11.unity	8975	2333	Control	0a90bbd7d59385641a93fc8723ca8247	11400000	"[""Assets/PlayMaker/Templates/updraft_region.asset""]"
Assets/Scenes/Hornet/Bone_East_11.unity	9142	2545	Control	0a90bbd7d59385641a93fc8723ca8247	11400000	"[""Assets/PlayMaker/Templates/updraft_region.asset""]"
Assets/Scenes/Hornet/Bone_East_12.unity	6135	1194	FSM	c332780cbeb3a264fb2eff442248d6cd	11400000	"[""Assets/PlayMaker/Templates/follow_camera_bound.asset""]"
Assets/Scenes/Hornet/Bone_East_12.unity	6159	1683	Multihitter	5fd4ec391a7d13a47b82e6e3d6ace0b1	11400000	"[""Assets/PlayMaker/Templates/lace_multi_hitter.asset""]"
Assets/Scenes/Hornet/Bone_East_12.unity	6346	1712	Multihitter	bcf25b3a0729fc94f9eaba9f349c8dad	11400000	"[""Assets/PlayMaker/Templates/lace_cross_slash_damager.asset""]"
Assets/Scenes/Hornet/Bone_East_12.unity	6427	1623	Stun Control	2e4b6e573032075449b2ab0adc00c0b8	11400000	"[""Assets/PlayMaker/Templates/stun_control.asset""]"
Assets/Scenes/Hornet/Bone_East_13.unity	7987	2133	Damage Hero	3ff80959024b2774c802f818564e033e	11400000	"[""Assets/PlayMaker/Templates/coal_region.asset""]"
Assets/Scenes/Hornet/Bone_East_13.unity	7988	2134	Damage Hero	3ff80959024b2774c802f818564e033e	11400000	"[""Assets/PlayMaker/Templates/coal_region.asset""]"
Assets/Scenes/Hornet/Bone_East_13.unity	8206	1570	Go Direction Velocity	6f0839127750b164ebb46ddbae600e15	11400000	"[""Assets/PlayMaker/Templates/flyer_go_up_response.asset""]"
Assets/Scenes/Hornet/Bone_East_13.unity	8207	1571	Go Direction Velocity	6f0839127750b164ebb46ddbae600e15	11400000	"[""Assets/PlayMaker/Templates/flyer_go_up_response.asset""]"
Assets/Scenes/Hornet/Bone_East_13.unity	8208	1572	Go Direction Velocity	6f0839127750b164ebb46ddbae600e15	11400000	"[""Assets/PlayMaker/Templates/flyer_go_up_response.asset""]"
Assets/Scenes/Hornet/Bone_East_13.unity	8310	2363	Damage Hero	3ff80959024b2774c802f818564e033e	11400000	"[""Assets/PlayMaker/Templates/coal_region.asset""]"
Assets/Scenes/Hornet/Bone_East_13.unity	8311	2361	Damage Hero	3ff80959024b2774c802f818564e033e	11400000	"[""Assets/PlayMaker/Templates/coal_region.asset""]"
Assets/Scenes/Hornet/Bone_East_13.unity	8312	2362	Damage Hero	3ff80959024b2774c802f818564e033e	11400000	"[""Assets/PlayMaker/Templates/coal_region.asset""]"
Assets/Scenes/Hornet/Bone_East_13.unity	8313	2359	Damage Hero	3ff80959024b2774c802f818564e033e	11400000	"[""Assets/PlayMaker/Templates/coal_region.asset""]"
Assets/Scenes/Hornet/Bone_East_13.unity	8314	2360	Damage Hero	3ff80959024b2774c802f818564e033e	11400000	"[""Assets/PlayMaker/Templates/coal_region.asset""]"
Assets/Scenes/Hornet/Bone_East_13.unity	8315	2358	Damage Hero	3ff80959024b2774c802f818564e033e	11400000	"[""Assets/PlayMaker/Templates/coal_region.asset""]"
Assets/Scenes/Hornet/Bone_East_14.unity	10764	2442	pilgrim_behaviour	5d4d1c36f09a17949a8eb0175e50b0b4	11400000	"[""Assets/PlayMaker/Templates/pilgrim_behaviour.asset""]"
Assets/Scenes/Hornet/Bone_East_14.unity	10773	2424	FSM	c332780cbeb3a264fb2eff442248d6cd	11400000	"[""Assets/PlayMaker/Templates/follow_camera_bound.asset""]"
Assets/Scenes/Hornet/Bone_East_14.unity	10900	2250	Control	0a90bbd7d59385641a93fc8723ca8247	11400000	"[""Assets/PlayMaker/Templates/updraft_region.asset""]"
Assets/Scenes/Hornet/Bone_East_14.unity	10901	2249	Control	0a90bbd7d59385641a93fc8723ca8247	11400000	"[""Assets/PlayMaker/Templates/updraft_region.asset""]"
Assets/Scenes/Hornet/Bone_East_14.unity	10902	2247	Control	0a90bbd7d59385641a93fc8723ca8247	11400000	"[""Assets/PlayMaker/Templates/updraft_region.asset""]"
Assets/Scenes/Hornet/Bone_East_14.unity	10903	2248	Control	0a90bbd7d59385641a93fc8723ca8247	11400000	"[""Assets/PlayMaker/Templates/updraft_region.asset""]"
Assets/Scenes/Hornet/Bone_East_14.unity	11272	2440	pilgrim_behaviour	5d4d1c36f09a17949a8eb0175e50b0b4	11400000	"[""Assets/PlayMaker/Templates/pilgrim_behaviour.asset""]"
Assets/Scenes/Hornet/Bone_East_14.unity	11273	2441	pilgrim_behaviour	5d4d1c36f09a17949a8eb0175e50b0b4	11400000	"[""Assets/PlayMaker/Templates/pilgrim_behaviour.asset""]"
Assets/Scenes/Hornet/Bone_East_14.unity	11324	2444	pilgrim_behaviour	5d4d1c36f09a17949a8eb0175e50b0b4	11400000	"[""Assets/PlayMaker/Templates/pilgrim_behaviour.asset""]"
Assets/Scenes/Hornet/Bone_East_14.unity	11325	2443	pilgrim_behaviour	5d4d1c36f09a17949a8eb0175e50b0b4	11400000	"[""Assets/PlayMaker/Templates/pilgrim_behaviour.asset""]"
Assets/Scenes/Hornet/Bone_East_14.unity	11459	2294	Control	04b9a40fa5ae75c47a5cdd4b0998c7ac	11400000	"[""Assets/PlayMaker/Templates/garmond_control.asset""]"
Assets/Scenes/Hornet/Bone_East_14b.unity	11568	172	interactive_bell	73dc0b20308b5ef42a328cd4a6827bdc	11400000	"[""Assets/PlayMaker/Templates/interactive_bell.asset""]"
Assets/Scenes/Hornet/Bone_East_14b.unity	11648	2497	FSM	c332780cbeb3a264fb2eff442248d6cd	11400000	"[""Assets/PlayMaker/Templates/follow_camera_bound.asset""]"
Assets/Scenes/Hornet/Bone_East_14b.unity	11774	2751	pilgrim_behaviour	5d4d1c36f09a17949a8eb0175e50b0b4	11400000	"[""Assets/PlayMaker/Templates/pilgrim_behaviour.asset""]"
Assets/Scenes/Hornet/Bone_East_14b.unity	11775	2750	pilgrim_behaviour	5d4d1c36f09a17949a8eb0175e50b0b4	11400000	"[""Assets/PlayMaker/Templates/pilgrim_behaviour.asset""]"
Assets/Scenes/Hornet/Bone_East_14b.unity	12637	3678	Control	8b56ec0cfd65cc947973c77e650d446d	11400000	"[""Assets/PlayMaker/Templates/harpoon_ring.asset""]"
Assets/Scenes/Hornet/Bone_East_14b.unity	12639	3677	Control	8b56ec0cfd65cc947973c77e650d446d	11400000	"[""Assets/PlayMaker/Templates/harpoon_ring.asset""]"
Assets/Scenes/Hornet/Bone_East_15.unity	11051	529	Geo Rock	3ce2aab20b6447d47a1b288b65263053	11400000	"[""Assets/PlayMaker/Templates/geo_rock.asset""]"
Assets/Scenes/Hornet/Bone_East_15.unity	11077	1743	Geo Rock	3ce2aab20b6447d47a1b288b65263053	11400000	"[""Assets/PlayMaker/Templates/geo_rock.asset""]"
Assets/Scenes/Hornet/Bone_East_15.unity	11165	2568	interactive_bell	73dc0b20308b5ef42a328cd4a6827bdc	11400000	"[""Assets/PlayMaker/Templates/interactive_bell.asset""]"
Assets/Scenes/Hornet/Bone_East_15.unity	11285	2678	Control	0a90bbd7d59385641a93fc8723ca8247	11400000	"[""Assets/PlayMaker/Templates/updraft_region.asset""]"
Assets/Scenes/Hornet/Bone_East_15.unity	11286	2677	Control	0a90bbd7d59385641a93fc8723ca8247	11400000	"[""Assets/PlayMaker/Templates/updraft_region.asset""]"
Assets/Scenes/Hornet/Bone_East_15.unity	11349	2986	hornet_multi_wounder	ffe3a1a9c1e2bb94da3315cccccc4782	11400000	"[""Assets/PlayMaker/Templates/hornet_multi_wounder.asset""]"
Assets/Scenes/Hornet/Bone_East_15.unity	11511	2628	interactive_bell	73dc0b20308b5ef42a328cd4a6827bdc	11400000	"[""Assets/PlayMaker/Templates/interactive_bell.asset""]"
Assets/Scenes/Hornet/Bone_East_15.unity	11520	2538	interactive_bell	73dc0b20308b5ef42a328cd4a6827bdc	11400000	"[""Assets/PlayMaker/Templates/interactive_bell.asset""]"
Assets/Scenes/Hornet/Bone_East_15.unity	11928	3529	Bench Control	30022a57d0796134fbc5d49b1decd4f9	11400000	"[""Assets/PlayMaker/Templates/bench_control.asset""]"
Assets/Scenes/Hornet/Bone_East_16.unity	3416	353	breakable_wall_v2	49ae76d885d76f0409f5e87241c2e88a	11400000	"[""Assets/PlayMaker/Templates/breakable_wall_v2.asset""]"
Assets/Scenes/Hornet/Bone_East_16.unity	3483	1015	Control	ebb7f868f778b6f4aae2a069121a4374	11400000	"[""Assets/PlayMaker/Templates/tracking_object.asset""]"
Assets/Scenes/Hornet/Bone_East_16.unity	3484	1016	Control	ebb7f868f778b6f4aae2a069121a4374	11400000	"[""Assets/PlayMaker/Templates/tracking_object.asset""]"
Assets/Scenes/Hornet/Bone_East_17.unity	7972	1813	Chest Control	cef29d3923f21dd45b5301e2c8d4b2db	11400000	"[""Assets/PlayMaker/Templates/chest_control.asset""]"
Assets/Scenes/Hornet/Bone_East_17.unity	7973	2230	Control	ebb7f868f778b6f4aae2a069121a4374	11400000	"[""Assets/PlayMaker/Templates/tracking_object.asset""]"
Assets/Scenes/Hornet/Bone_East_17.unity	7974	2231	Control	ebb7f868f778b6f4aae2a069121a4374	11400000	"[""Assets/PlayMaker/Templates/tracking_object.asset""]"
Assets/Scenes/Hornet/Bone_East_17.unity	7975	2229	Control	ebb7f868f778b6f4aae2a069121a4374	11400000	"[""Assets/PlayMaker/Templates/tracking_object.asset""]"
Assets/Scenes/Hornet/Bone_East_17.unity	8335	2449	hornet_multi_wounder	ffe3a1a9c1e2bb94da3315cccccc4782	11400000	"[""Assets/PlayMaker/Templates/hornet_multi_wounder.asset""]"
Assets/Scenes/Hornet/Bone_East_17b.unity	6338	911	breakable_wall_v2	49ae76d885d76f0409f5e87241c2e88a	11400000	"[""Assets/PlayMaker/Templates/breakable_wall_v2.asset""]"
Assets/Scenes/Hornet/Bone_East_17b.unity	6436	2010	Control	ebb7f868f778b6f4aae2a069121a4374	11400000	"[""Assets/PlayMaker/Templates/tracking_object.asset""]"
Assets/Scenes/Hornet/Bone_East_17b.unity	6437	2012	Control	ebb7f868f778b6f4aae2a069121a4374	11400000	"[""Assets/PlayMaker/Templates/tracking_object.asset""]"
Assets/Scenes/Hornet/Bone_East_17b.unity	6438	2011	Control	ebb7f868f778b6f4aae2a069121a4374	11400000	"[""Assets/PlayMaker/Templates/tracking_object.asset""]"
Assets/Scenes/Hornet/Bone_East_18.unity	10707	2669	Chest Control	cef29d3923f21dd45b5301e2c8d4b2db	11400000	"[""Assets/PlayMaker/Templates/chest_control.asset""]"
Assets/Scenes/Hornet/Bone_East_18.unity	10709	3262	Control	ebb7f868f778b6f4aae2a069121a4374	11400000	"[""Assets/PlayMaker/Templates/tracking_object.asset""]"
Assets/Scenes/Hornet/Bone_East_18b.unity	15557	3363	Control	8b56ec0cfd65cc947973c77e650d446d	11400000	"[""Assets/PlayMaker/Templates/harpoon_ring.asset""]"
Assets/Scenes/Hornet/Bone_East_18b.unity	15558	3362	Control	8b56ec0cfd65cc947973c77e650d446d	11400000	"[""Assets/PlayMaker/Templates/harpoon_ring.asset""]"
Assets/Scenes/Hornet/Bone_East_18b.unity	15559	3364	Control	8b56ec0cfd65cc947973c77e650d446d	11400000	"[""Assets/PlayMaker/Templates/harpoon_ring.asset""]"
Assets/Scenes/Hornet/Bone_East_18b.unity	15560	3365	Control	8b56ec0cfd65cc947973c77e650d446d	11400000	"[""Assets/PlayMaker/Templates/harpoon_ring.asset""]"
Assets/Scenes/Hornet/Bone_East_18b.unity	15674	4661	Control	8b56ec0cfd65cc947973c77e650d446d	11400000	"[""Assets/PlayMaker/Templates/harpoon_ring.asset""]"
Assets/Scenes/Hornet/Bone_East_18b.unity	15675	4662	Control	8b56ec0cfd65cc947973c77e650d446d	11400000	"[""Assets/PlayMaker/Templates/harpoon_ring.asset""]"
Assets/Scenes/Hornet/Bone_East_18b.unity	15676	4663	Control	8b56ec0cfd65cc947973c77e650d446d	11400000	"[""Assets/PlayMaker/Templates/harpoon_ring.asset""]"
Assets/Scenes/Hornet/Bone_East_18b.unity	15677	4664	Control	8b56ec0cfd65cc947973c77e650d446d	11400000	"[""Assets/PlayMaker/Templates/harpoon_ring.asset""]"
Assets/Scenes/Hornet/Bone_East_18b.unity	15699	4666	Bench Control	30022a57d0796134fbc5d49b1decd4f9	11400000	"[""Assets/PlayMaker/Templates/bench_control.asset""]"
Assets/Scenes/Hornet/Bone_East_18b.unity	15782	4754	Control	ebb7f868f778b6f4aae2a069121a4374	11400000	"[""Assets/PlayMaker/Templates/tracking_object.asset""]"
Assets/Scenes/Hornet/Bone_East_18b.unity	15817	4512	Stun Control	2e4b6e573032075449b2ab0adc00c0b8	11400000	"[""Assets/PlayMaker/Templates/stun_control.asset""]"
Assets/Scenes/Hornet/Bone_East_18b.unity	16531	4512	hero_binding_check	8d9d9a2db876e3d44b23ba7abf03f43f	11400000	"[""Assets/PlayMaker/Templates/hero_binding_check.asset""]"
Assets/Scenes/Hornet/Bone_East_18b.unity	16538	4853	Control	ebb7f868f778b6f4aae2a069121a4374	11400000	"[""Assets/PlayMaker/Templates/tracking_object.asset""]"
Assets/Scenes/Hornet/Bone_East_20.unity	4529	616	destroy_after_anim	2a3836a243fdb7846887c672bc1ca3c3	11400000	"[""Assets/PlayMaker/Templates/destroy_after_anim.asset""]"
Assets/Scenes/Hornet/Bone_East_20.unity	4625	1095	Control	0a90bbd7d59385641a93fc8723ca8247	11400000	"[""Assets/PlayMaker/Templates/updraft_region.asset""]"
Assets/Scenes/Hornet/Bone_East_20.unity	4626	1094	Control	0a90bbd7d59385641a93fc8723ca8247	11400000	"[""Assets/PlayMaker/Templates/updraft_region.asset""]"
Assets/Scenes/Hornet/Bone_East_20.unity	4627	1093	Control	0a90bbd7d59385641a93fc8723ca8247	11400000	"[""Assets/PlayMaker/Templates/updraft_region.asset""]"
Assets/Scenes/Hornet/Bone_East_24.unity	18932	3475	Control	8b56ec0cfd65cc947973c77e650d446d	11400000	"[""Assets/PlayMaker/Templates/harpoon_ring.asset""]"
Assets/Scenes/Hornet/Bone_East_24.unity	18933	3476	Control	8b56ec0cfd65cc947973c77e650d446d	11400000	"[""Assets/PlayMaker/Templates/harpoon_ring.asset""]"
Assets/Scenes/Hornet/Bone_East_24.unity	18934	3474	Control	8b56ec0cfd65cc947973c77e650d446d	11400000	"[""Assets/PlayMaker/Templates/harpoon_ring.asset""]"
Assets/Scenes/Hornet/Bone_East_24.unity	18935	3478	Control	8b56ec0cfd65cc947973c77e650d446d	11400000	"[""Assets/PlayMaker/Templates/harpoon_ring.asset""]"
Assets/Scenes/Hornet/Bone_East_24.unity	18936	3477	Control	8b56ec0cfd65cc947973c77e650d446d	11400000	"[""Assets/PlayMaker/Templates/harpoon_ring.asset""]"
Assets/Scenes/Hornet/Bone_East_24.unity	18937	3480	Control	8b56ec0cfd65cc947973c77e650d446d	11400000	"[""Assets/PlayMaker/Templates/harpoon_ring.asset""]"
Assets/Scenes/Hornet/Bone_East_24.unity	18938	3479	Control	8b56ec0cfd65cc947973c77e650d446d	11400000	"[""Assets/PlayMaker/Templates/harpoon_ring.asset""]"
Assets/Scenes/Hornet/Bone_East_24.unity	19208	5261	Control	ebb7f868f778b6f4aae2a069121a4374	11400000	"[""Assets/PlayMaker/Templates/tracking_object.asset""]"
Assets/Scenes/Hornet/Bone_East_24.unity	19209	5260	Control	ebb7f868f778b6f4aae2a069121a4374	11400000	"[""Assets/PlayMaker/Templates/tracking_object.asset""]"
Assets/Scenes/Hornet/Bone_East_26.unity	8238	1647	Control	8b56ec0cfd65cc947973c77e650d446d	11400000	"[""Assets/PlayMaker/Templates/harpoon_ring.asset""]"
Assets/Scenes/Hornet/Bone_East_26.unity	8239	1648	Control	8b56ec0cfd65cc947973c77e650d446d	11400000	"[""Assets/PlayMaker/Templates/harpoon_ring.asset""]"
Assets/Scenes/Hornet/Bone_East_26.unity	8240	1650	Control	8b56ec0cfd65cc947973c77e650d446d	11400000	"[""Assets/PlayMaker/Templates/harpoon_ring.asset""]"
Assets/Scenes/Hornet/Bone_East_26.unity	8241	1649	Control	8b56ec0cfd65cc947973c77e650d446d	11400000	"[""Assets/PlayMaker/Templates/harpoon_ring.asset""]"
Assets/Scenes/Hornet/Bone_East_26.unity	8297	2297	Bench Control	30022a57d0796134fbc5d49b1decd4f9	11400000	"[""Assets/PlayMaker/Templates/bench_control.asset""]"
Assets/Scenes/Hornet/Bone_East_26.unity	8860	2503	hornet_multi_wounder	ffe3a1a9c1e2bb94da3315cccccc4782	11400000	"[""Assets/PlayMaker/Templates/hornet_multi_wounder.asset""]"
Assets/Scenes/Hornet/Bone_East_27.unity	4134	92	Bench Control	30022a57d0796134fbc5d49b1decd4f9	11400000	"[""Assets/PlayMaker/Templates/bench_control.asset""]"
Assets/Scenes/Hornet/Bone_East_LavaChallenge.unity	10431	29	destroy_after_anim	2a3836a243fdb7846887c672bc1ca3c3	11400000	"[""Assets/PlayMaker/Templates/destroy_after_anim.asset""]"
Assets/Scenes/Hornet/Bone_East_LavaChallenge.unity	10772	2710	Control	dffdfbd16b462044db08b6e5d24c8f6d	11400000	"[""Assets/PlayMaker/Templates/crumble_plat_liquid.asset""]"
Assets/Scenes/Hornet/Bone_East_LavaChallenge.unity	10774	2709	Control	dffdfbd16b462044db08b6e5d24c8f6d	11400000	"[""Assets/PlayMaker/Templates/crumble_plat_liquid.asset""]"
Assets/Scenes/Hornet/Bone_East_LavaChallenge.unity	10848	2274	bone_crumble_plat	db45ee5f0ebe350428ecbbe747e29ec7	11400000	"[""Assets/PlayMaker/Templates/bone_crumble_plat.asset""]"
Assets/Scenes/Hornet/Bone_East_LavaChallenge.unity	10849	2275	bone_crumble_plat	db45ee5f0ebe350428ecbbe747e29ec7	11400000	"[""Assets/PlayMaker/Templates/bone_crumble_plat.asset""]"
Assets/Scenes/Hornet/Bone_East_LavaChallenge.unity	10850	2277	bone_crumble_plat	db45ee5f0ebe350428ecbbe747e29ec7	11400000	"[""Assets/PlayMaker/Templates/bone_crumble_plat.asset""]"
Assets/Scenes/Hornet/Bone_East_LavaChallenge.unity	10851	2276	bone_crumble_plat	db45ee5f0ebe350428ecbbe747e29ec7	11400000	"[""Assets/PlayMaker/Templates/bone_crumble_plat.asset""]"
Assets/Scenes/Hornet/Bone_East_LavaChallenge.unity	10865	1921	Control	0a90bbd7d59385641a93fc8723ca8247	11400000	"[""Assets/PlayMaker/Templates/updraft_region.asset""]"
Assets/Scenes/Hornet/Bone_East_LavaChallenge.unity	10981	2484	hornet_multi_wounder	ffe3a1a9c1e2bb94da3315cccccc4782	11400000	"[""Assets/PlayMaker/Templates/hornet_multi_wounder.asset""]"
Assets/Scenes/Hornet/Bone_East_LavaChallenge.unity	10982	2483	hornet_multi_wounder	ffe3a1a9c1e2bb94da3315cccccc4782	11400000	"[""Assets/PlayMaker/Templates/hornet_multi_wounder.asset""]"
Assets/Scenes/Hornet/Bone_East_LavaChallenge.unity	11113	1769	bone_crumble_plat	db45ee5f0ebe350428ecbbe747e29ec7	11400000	"[""Assets/PlayMaker/Templates/bone_crumble_plat.asset""]"
Assets/Scenes/Hornet/Bone_East_LavaChallenge.unity	11114	1780	bone_crumble_plat	db45ee5f0ebe350428ecbbe747e29ec7	11400000	"[""Assets/PlayMaker/Templates/bone_crumble_plat.asset""]"
Assets/Scenes/Hornet/Bone_East_LavaChallenge.unity	11115	1810	Control	db45ee5f0ebe350428ecbbe747e29ec7	11400000	"[""Assets/PlayMaker/Templates/bone_crumble_plat.asset""]"
Assets/Scenes/Hornet/Bone_East_LavaChallenge.unity	11116	1707	Control	db45ee5f0ebe350428ecbbe747e29ec7	11400000	"[""Assets/PlayMaker/Templates/bone_crumble_plat.asset""]"
Assets/Scenes/Hornet/Bone_East_LavaChallenge.unity	11117	1712	Control	db45ee5f0ebe350428ecbbe747e29ec7	11400000	"[""Assets/PlayMaker/Templates/bone_crumble_plat.asset""]"
Assets/Scenes/Hornet/Bone_East_LavaChallenge.unity	11118	1738	Control	db45ee5f0ebe350428ecbbe747e29ec7	11400000	"[""Assets/PlayMaker/Templates/bone_crumble_plat.asset""]"
Assets/Scenes/Hornet/Bone_East_LavaChallenge.unity	11119	1743	Control	db45ee5f0ebe350428ecbbe747e29ec7	11400000	"[""Assets/PlayMaker/Templates/bone_crumble_plat.asset""]"
Assets/Scenes/Hornet/Bone_East_Umbrella.unity	554	63	Bench Control	30022a57d0796134fbc5d49b1decd4f9	11400000	"[""Assets/PlayMaker/Templates/bench_control.asset""]"
Assets/Scenes/Hornet/Bone_East_Umbrella.unity	559	97	FSM	0fa874bd0a265424880fbf25a2b42b4c	11400000	"[""Assets/PlayMaker/Templates/map_isroom.asset""]"
Assets/Scenes/Hornet/Bone_East_Weavehome.unity	6686	316	FSM	c332780cbeb3a264fb2eff442248d6cd	11400000	"[""Assets/PlayMaker/Templates/follow_camera_bound.asset""]"
Assets/Scenes/Hornet/Bone_East_Weavehome.unity	6694	423	Bench Control	30022a57d0796134fbc5d49b1decd4f9	11400000	"[""Assets/PlayMaker/Templates/bench_control.asset""]"
Assets/Scenes/Hornet/Bone_Steel_Servant.unity	3964	1047	FSM	ffe3a1a9c1e2bb94da3315cccccc4782	11400000	"[""Assets/PlayMaker/Templates/hornet_multi_wounder.asset""]"
Assets/Scenes/Hornet/Bone_Steel_Servant.unity	3993	1067	hornet_multi_wounder	ffe3a1a9c1e2bb94da3315cccccc4782	11400000	"[""Assets/PlayMaker/Templates/hornet_multi_wounder.asset""]"
Assets/Scenes/Hornet/Bonegrave.unity	11346	1022	chapel_door_control	40d6e7d0a35222742b24f40ef6be61aa	11400000	"[""Assets/PlayMaker/Templates/chapel_door_control.asset""]"
Assets/Scenes/Hornet/Bonegrave.unity	11367	1306	unmasker	0d1d835b3f967de4580b13ebef846efb	11400000	"[""Assets/PlayMaker/Templates/remasker_inverse.asset""]"
Assets/Scenes/Hornet/Bonegrave.unity	11412	2015	FSM	c332780cbeb3a264fb2eff442248d6cd	11400000	"[""Assets/PlayMaker/Templates/follow_camera_bound.asset""]"
Assets/Scenes/Hornet/Bonegrave.unity	11789	3335	pilgrim_behaviour	5d4d1c36f09a17949a8eb0175e50b0b4	11400000	"[""Assets/PlayMaker/Templates/pilgrim_behaviour.asset""]"
Assets/Scenes/Hornet/Bonegrave.unity	11981	2565	Control	a59f3c58838809c4ea7a503a108295d3	11400000	"[""Assets/PlayMaker/Templates/tiny_dragonfly.asset""]"
Assets/Scenes/Hornet/Bonegrave.unity	11982	2563	Control	a59f3c58838809c4ea7a503a108295d3	11400000	"[""Assets/PlayMaker/Templates/tiny_dragonfly.asset""]"
Assets/Scenes/Hornet/Bonegrave.unity	11983	2564	Control	a59f3c58838809c4ea7a503a108295d3	11400000	"[""Assets/PlayMaker/Templates/tiny_dragonfly.asset""]"
Assets/Scenes/Hornet/Bonegrave.unity	11984	2561	Control	a59f3c58838809c4ea7a503a108295d3	11400000	"[""Assets/PlayMaker/Templates/tiny_dragonfly.asset""]"
Assets/Scenes/Hornet/Bonegrave.unity	11985	2562	Control	a59f3c58838809c4ea7a503a108295d3	11400000	"[""Assets/PlayMaker/Templates/tiny_dragonfly.asset""]"
Assets/Scenes/Hornet/Bonegrave.unity	11986	2560	Control	a59f3c58838809c4ea7a503a108295d3	11400000	"[""Assets/PlayMaker/Templates/tiny_dragonfly.asset""]"
Assets/Scenes/Hornet/Bonegrave.unity	12016	2665	pilgrim_behaviour	5d4d1c36f09a17949a8eb0175e50b0b4	11400000	"[""Assets/PlayMaker/Templates/pilgrim_behaviour.asset""]"
Assets/Scenes/Hornet/Bonegrave.unity	12065	2667	pilgrim_behaviour	5d4d1c36f09a17949a8eb0175e50b0b4	11400000	"[""Assets/PlayMaker/Templates/pilgrim_behaviour.asset""]"
Assets/Scenes/Hornet/Bonetown.unity	19481	155	Bench Control	30022a57d0796134fbc5d49b1decd4f9	11400000	"[""Assets/PlayMaker/Templates/bench_control.asset""]"
Assets/Scenes/Hornet/Bonetown.unity	19624	2016	breakable_wall_v2	49ae76d885d76f0409f5e87241c2e88a	11400000	"[""Assets/PlayMaker/Templates/breakable_wall_v2.asset""]"
Assets/Scenes/Hornet/Bonetown.unity	19744	3352	FSM	b3e4373a973c8094ea144481f50675b2	11400000	"[""Assets/PlayMaker/Templates/rosary_thief_group.asset""]"
Assets/Scenes/Hornet/Bonetown.unity	19751	3471	Hit Animate	84529c361b6e8674e8d7a3f8d2c9a025	11400000	"[""Assets/PlayMaker/Templates/inert_sign_hit.asset""]"
Assets/Scenes/Hornet/Bonetown.unity	19924	4183	tilt_plat	a40d78acbe179ad4a90e9b9d77d082be	11400000	"[""Assets/PlayMaker/Templates/tilt_plat.asset""]"
Assets/Scenes/Hornet/Bonetown.unity	19925	4184	tilt_plat	a40d78acbe179ad4a90e9b9d77d082be	11400000	"[""Assets/PlayMaker/Templates/tilt_plat.asset""]"
Assets/Scenes/Hornet/Bonetown.unity	20445	4539	Attack Enemies	caafb23d9ce46d04e95abb72c7771eb4	11400000	"[""Assets/PlayMaker/Templates/mapper_battle.asset""]"
Assets/Scenes/Hornet/Chapel_Wanderer.unity	9532	1991	pilgrim_behaviour	5d4d1c36f09a17949a8eb0175e50b0b4	11400000	"[""Assets/PlayMaker/Templates/pilgrim_behaviour.asset""]"
Assets/Scenes/Hornet/Chapel_Wanderer.unity	9533	1987	pilgrim_behaviour	5d4d1c36f09a17949a8eb0175e50b0b4	11400000	"[""Assets/PlayMaker/Templates/pilgrim_behaviour.asset""]"
Assets/Scenes/Hornet/Chapel_Wanderer.unity	9719	2736	pilgrim_behaviour	5d4d1c36f09a17949a8eb0175e50b0b4	11400000	"[""Assets/PlayMaker/Templates/pilgrim_behaviour.asset""]"
Assets/Scenes/Hornet/Chapel_Wanderer.unity	9890	1988	pilgrim_behaviour	5d4d1c36f09a17949a8eb0175e50b0b4	11400000	"[""Assets/PlayMaker/Templates/pilgrim_behaviour.asset""]"
Assets/Scenes/Hornet/Chapel_Wanderer.unity	9939	1989	pilgrim_behaviour	5d4d1c36f09a17949a8eb0175e50b0b4	11400000	"[""Assets/PlayMaker/Templates/pilgrim_behaviour.asset""]"
Assets/Scenes/Hornet/Clover_01.unity	4910	187	To Memory	805180b1be25c6143912b68f98163de0	11400000	"[""Assets/PlayMaker/Templates/thread_memory_scene_transition.asset""]"
Assets/Scenes/Hornet/Clover_01.unity	4917	570	breakable_wall_v2	49ae76d885d76f0409f5e87241c2e88a	11400000	"[""Assets/PlayMaker/Templates/breakable_wall_v2.asset""]"
Assets/Scenes/Hornet/Clover_01b.unity	4480	633	FSM	c332780cbeb3a264fb2eff442248d6cd	11400000	"[""Assets/PlayMaker/Templates/follow_camera_bound.asset""]"
Assets/Scenes/Hornet/Clover_01b.unity	4522	916	Control	a59f3c58838809c4ea7a503a108295d3	11400000	"[""Assets/PlayMaker/Templates/tiny_dragonfly.asset""]"
Assets/Scenes/Hornet/Clover_01b.unity	4523	917	Control	a59f3c58838809c4ea7a503a108295d3	11400000	"[""Assets/PlayMaker/Templates/tiny_dragonfly.asset""]"
Assets/Scenes/Hornet/Clover_01b.unity	4773	929	Control	a59f3c58838809c4ea7a503a108295d3	11400000	"[""Assets/PlayMaker/Templates/tiny_dragonfly.asset""]"
Assets/Scenes/Hornet/Clover_02c.unity	16506	606	FSM	a59f3c58838809c4ea7a503a108295d3	11400000	"[""Assets/PlayMaker/Templates/tiny_dragonfly.asset""]"
Assets/Scenes/Hornet/Clover_02c.unity	16550	1155	FSM	a59f3c58838809c4ea7a503a108295d3	11400000	"[""Assets/PlayMaker/Templates/tiny_dragonfly.asset""]"
Assets/Scenes/Hornet/Clover_02c.unity	16566	1276	FSM	a59f3c58838809c4ea7a503a108295d3	11400000	"[""Assets/PlayMaker/Templates/tiny_dragonfly.asset""]"
Assets/Scenes/Hornet/Clover_02c.unity	16602	1959	FSM	a59f3c58838809c4ea7a503a108295d3	11400000	"[""Assets/PlayMaker/Templates/tiny_dragonfly.asset""]"
Assets/Scenes/Hornet/Clover_02c.unity	16617	2100	FSM	a59f3c58838809c4ea7a503a108295d3	11400000	"[""Assets/PlayMaker/Templates/tiny_dragonfly.asset""]"
Assets/Scenes/Hornet/Clover_02c.unity	16621	2189	FSM	a59f3c58838809c4ea7a503a108295d3	11400000	"[""Assets/PlayMaker/Templates/tiny_dragonfly.asset""]"
Assets/Scenes/Hornet/Clover_02c.unity	16626	2218	FSM	fd68563f78d296d4abf99cae66cc4c66	11400000	"[""Assets/PlayMaker/Templates/memory_orb_group.asset""]"
Assets/Scenes/Hornet/Clover_02c.unity	16631	2306	FSM	a59f3c58838809c4ea7a503a108295d3	11400000	"[""Assets/PlayMaker/Templates/tiny_dragonfly.asset""]"
Assets/Scenes/Hornet/Clover_02c.unity	16682	2609	Control	a59f3c58838809c4ea7a503a108295d3	11400000	"[""Assets/PlayMaker/Templates/tiny_dragonfly.asset""]"
Assets/Scenes/Hornet/Clover_02c.unity	16683	2610	Control	a59f3c58838809c4ea7a503a108295d3	11400000	"[""Assets/PlayMaker/Templates/tiny_dragonfly.asset""]"
Assets/Scenes/Hornet/Clover_02c.unity	16684	4361	hornet_multi_wounder	ffe3a1a9c1e2bb94da3315cccccc4782	11400000	"[""Assets/PlayMaker/Templates/hornet_multi_wounder.asset""]"
Assets/Scenes/Hornet/Clover_02c.unity	16685	4362	hornet_multi_wounder	ffe3a1a9c1e2bb94da3315cccccc4782	11400000	"[""Assets/PlayMaker/Templates/hornet_multi_wounder.asset""]"
Assets/Scenes/Hornet/Clover_02c.unity	16686	2719	FSM	a59f3c58838809c4ea7a503a108295d3	11400000	"[""Assets/PlayMaker/Templates/tiny_dragonfly.asset""]"
Assets/Scenes/Hornet/Clover_02c.unity	16747	3745	FSM	a59f3c58838809c4ea7a503a108295d3	11400000	"[""Assets/PlayMaker/Templates/tiny_dragonfly.asset""]"
Assets/Scenes/Hornet/Clover_02c.unity	17140	3859	hornet_multi_wounder	ffe3a1a9c1e2bb94da3315cccccc4782	11400000	"[""Assets/PlayMaker/Templates/hornet_multi_wounder.asset""]"
Assets/Scenes/Hornet/Clover_02c.unity	17142	3860	hornet_multi_wounder	ffe3a1a9c1e2bb94da3315cccccc4782	11400000	"[""Assets/PlayMaker/Templates/hornet_multi_wounder.asset""]"
Assets/Scenes/Hornet/Clover_02c.unity	17282	4079	FSM	a59f3c58838809c4ea7a503a108295d3	11400000	"[""Assets/PlayMaker/Templates/tiny_dragonfly.asset""]"
Assets/Scenes/Hornet/Clover_02c.unity	17333	4672	FSM	a59f3c58838809c4ea7a503a108295d3	11400000	"[""Assets/PlayMaker/Templates/tiny_dragonfly.asset""]"
Assets/Scenes/Hornet/Clover_02c.unity	17384	3723	FSM	a59f3c58838809c4ea7a503a108295d3	11400000	"[""Assets/PlayMaker/Templates/tiny_dragonfly.asset""]"
Assets/Scenes/Hornet/Clover_02c.unity	17495	3705	hornet_multi_wounder	ffe3a1a9c1e2bb94da3315cccccc4782	11400000	"[""Assets/PlayMaker/Templates/hornet_multi_wounder.asset""]"
Assets/Scenes/Hornet/Clover_02c.unity	17497	3706	hornet_multi_wounder	ffe3a1a9c1e2bb94da3315cccccc4782	11400000	"[""Assets/PlayMaker/Templates/hornet_multi_wounder.asset""]"
Assets/Scenes/Hornet/Clover_02c.unity	17589	3769	FSM	a59f3c58838809c4ea7a503a108295d3	11400000	"[""Assets/PlayMaker/Templates/tiny_dragonfly.asset""]"
Assets/Scenes/Hornet/Clover_02c.unity	17759	3725	FSM	a59f3c58838809c4ea7a503a108295d3	11400000	"[""Assets/PlayMaker/Templates/tiny_dragonfly.asset""]"
Assets/Scenes/Hornet/Clover_02c.unity	18097	2671	Control	a59f3c58838809c4ea7a503a108295d3	11400000	"[""Assets/PlayMaker/Templates/tiny_dragonfly.asset""]"
Assets/Scenes/Hornet/Clover_02c.unity	18098	2670	Control	a59f3c58838809c4ea7a503a108295d3	11400000	"[""Assets/PlayMaker/Templates/tiny_dragonfly.asset""]"
Assets/Scenes/Hornet/Clover_02c.unity	18237	4036	hornet_multi_wounder	ffe3a1a9c1e2bb94da3315cccccc4782	11400000	"[""Assets/PlayMaker/Templates/hornet_multi_wounder.asset""]"
Assets/Scenes/Hornet/Clover_02c.unity	18250	3584	hornet_multi_wounder	ffe3a1a9c1e2bb94da3315cccccc4782	11400000	"[""Assets/PlayMaker/Templates/hornet_multi_wounder.asset""]"
Assets/Scenes/Hornet/Clover_02c.unity	18252	3585	hornet_multi_wounder	ffe3a1a9c1e2bb94da3315cccccc4782	11400000	"[""Assets/PlayMaker/Templates/hornet_multi_wounder.asset""]"
Assets/Scenes/Hornet/Clover_02c.unity	18560	3946	grasshopper_block_control	0b34d24ab6b41d744a096b8c62e314b9	11400000	"[""Assets/PlayMaker/Templates/grasshopper_block_control.asset""]"
Assets/Scenes/Hornet/Clover_02c.unity	18563	3945	grasshopper_block_control	0b34d24ab6b41d744a096b8c62e314b9	11400000	"[""Assets/PlayMaker/Templates/grasshopper_block_control.asset""]"
Assets/Scenes/Hornet/Clover_02c.unity	18828	5138	FSM	fd68563f78d296d4abf99cae66cc4c66	11400000	"[""Assets/PlayMaker/Templates/memory_orb_group.asset""]"
Assets/Scenes/Hornet/Clover_02c.unity	18931	3225	hornet_multi_wounder	ffe3a1a9c1e2bb94da3315cccccc4782	11400000	"[""Assets/PlayMaker/Templates/hornet_multi_wounder.asset""]"
Assets/Scenes/Hornet/Clover_02c.unity	18933	3226	hornet_multi_wounder	ffe3a1a9c1e2bb94da3315cccccc4782	11400000	"[""Assets/PlayMaker/Templates/hornet_multi_wounder.asset""]"
Assets/Scenes/Hornet/Clover_02c.unity	18938	3948	grasshopper_block_control	0b34d24ab6b41d744a096b8c62e314b9	11400000	"[""Assets/PlayMaker/Templates/grasshopper_block_control.asset""]"
Assets/Scenes/Hornet/Clover_03.unity	9358	1120	Control	a59f3c58838809c4ea7a503a108295d3	11400000	"[""Assets/PlayMaker/Templates/tiny_dragonfly.asset""]"
Assets/Scenes/Hornet/Clover_03.unity	10805	2849	FSM	fd68563f78d296d4abf99cae66cc4c66	11400000	"[""Assets/PlayMaker/Templates/memory_orb_group.asset""]"
Assets/Scenes/Hornet/Clover_04b.unity	10969	72	FSM	a59f3c58838809c4ea7a503a108295d3	11400000	"[""Assets/PlayMaker/Templates/tiny_dragonfly.asset""]"
Assets/Scenes/Hornet/Clover_04b.unity	11038	730	FSM	a59f3c58838809c4ea7a503a108295d3	11400000	"[""Assets/PlayMaker/Templates/tiny_dragonfly.asset""]"
Assets/Scenes/Hornet/Clover_04b.unity	11054	816	FSM	a59f3c58838809c4ea7a503a108295d3	11400000	"[""Assets/PlayMaker/Templates/tiny_dragonfly.asset""]"
Assets/Scenes/Hornet/Clover_04b.unity	11070	989	FSM	a59f3c58838809c4ea7a503a108295d3	11400000	"[""Assets/PlayMaker/Templates/tiny_dragonfly.asset""]"
Assets/Scenes/Hornet/Clover_04b.unity	11126	1520	FSM	a59f3c58838809c4ea7a503a108295d3	11400000	"[""Assets/PlayMaker/Templates/tiny_dragonfly.asset""]"
Assets/Scenes/Hornet/Clover_04b.unity	11159	1724	FSM	a59f3c58838809c4ea7a503a108295d3	11400000	"[""Assets/PlayMaker/Templates/tiny_dragonfly.asset""]"
Assets/Scenes/Hornet/Clover_04b.unity	11204	3100	hornet_multi_wounder	ffe3a1a9c1e2bb94da3315cccccc4782	11400000	"[""Assets/PlayMaker/Templates/hornet_multi_wounder.asset""]"
Assets/Scenes/Hornet/Clover_04b.unity	11205	3098	hornet_multi_wounder	ffe3a1a9c1e2bb94da3315cccccc4782	11400000	"[""Assets/PlayMaker/Templates/hornet_multi_wounder.asset""]"
Assets/Scenes/Hornet/Clover_04b.unity	11206	3099	hornet_multi_wounder	ffe3a1a9c1e2bb94da3315cccccc4782	11400000	"[""Assets/PlayMaker/Templates/hornet_multi_wounder.asset""]"
Assets/Scenes/Hornet/Clover_04b.unity	11207	3097	hornet_multi_wounder	ffe3a1a9c1e2bb94da3315cccccc4782	11400000	"[""Assets/PlayMaker/Templates/hornet_multi_wounder.asset""]"
Assets/Scenes/Hornet/Clover_04b.unity	11208	3096	hornet_multi_wounder	ffe3a1a9c1e2bb94da3315cccccc4782	11400000	"[""Assets/PlayMaker/Templates/hornet_multi_wounder.asset""]"
Assets/Scenes/Hornet/Clover_04b.unity	11209	2049	FSM	a59f3c58838809c4ea7a503a108295d3	11400000	"[""Assets/PlayMaker/Templates/tiny_dragonfly.asset""]"
Assets/Scenes/Hornet/Clover_04b.unity	11439	2720	hornet_multi_wounder	ffe3a1a9c1e2bb94da3315cccccc4782	11400000	"[""Assets/PlayMaker/Templates/hornet_multi_wounder.asset""]"
Assets/Scenes/Hornet/Clover_04b.unity	11441	2721	hornet_multi_wounder	ffe3a1a9c1e2bb94da3315cccccc4782	11400000	"[""Assets/PlayMaker/Templates/hornet_multi_wounder.asset""]"
Assets/Scenes/Hornet/Clover_04b.unity	11443	2722	hornet_multi_wounder	ffe3a1a9c1e2bb94da3315cccccc4782	11400000	"[""Assets/PlayMaker/Templates/hornet_multi_wounder.asset""]"
Assets/Scenes/Hornet/Clover_04b.unity	11445	2724	hornet_multi_wounder	ffe3a1a9c1e2bb94da3315cccccc4782	11400000	"[""Assets/PlayMaker/Templates/hornet_multi_wounder.asset""]"
Assets/Scenes/Hornet/Clover_04b.unity	11447	2723	hornet_multi_wounder	ffe3a1a9c1e2bb94da3315cccccc4782	11400000	"[""Assets/PlayMaker/Templates/hornet_multi_wounder.asset""]"
Assets/Scenes/Hornet/Clover_04b.unity	11492	2916	FSM	a59f3c58838809c4ea7a503a108295d3	11400000	"[""Assets/PlayMaker/Templates/tiny_dragonfly.asset""]"
Assets/Scenes/Hornet/Clover_04b.unity	11528	3383	FSM	a59f3c58838809c4ea7a503a108295d3	11400000	"[""Assets/PlayMaker/Templates/tiny_dragonfly.asset""]"
Assets/Scenes/Hornet/Clover_04b.unity	11619	2642	hornet_multi_wounder	ffe3a1a9c1e2bb94da3315cccccc4782	11400000	"[""Assets/PlayMaker/Templates/hornet_multi_wounder.asset""]"
Assets/Scenes/Hornet/Clover_04b.unity	11621	2641	hornet_multi_wounder	ffe3a1a9c1e2bb94da3315cccccc4782	11400000	"[""Assets/PlayMaker/Templates/hornet_multi_wounder.asset""]"
Assets/Scenes/Hornet/Clover_04b.unity	11623	2639	hornet_multi_wounder	ffe3a1a9c1e2bb94da3315cccccc4782	11400000	"[""Assets/PlayMaker/Templates/hornet_multi_wounder.asset""]"
Assets/Scenes/Hornet/Clover_04b.unity	11625	2638	hornet_multi_wounder	ffe3a1a9c1e2bb94da3315cccccc4782	11400000	"[""Assets/PlayMaker/Templates/hornet_multi_wounder.asset""]"
Assets/Scenes/Hornet/Clover_04b.unity	11627	2640	hornet_multi_wounder	ffe3a1a9c1e2bb94da3315cccccc4782	11400000	"[""Assets/PlayMaker/Templates/hornet_multi_wounder.asset""]"
Assets/Scenes/Hornet/Clover_04b.unity	11746	2646	FSM	a59f3c58838809c4ea7a503a108295d3	11400000	"[""Assets/PlayMaker/Templates/tiny_dragonfly.asset""]"
Assets/Scenes/Hornet/Clover_04b.unity	11823	2880	hornet_multi_wounder	ffe3a1a9c1e2bb94da3315cccccc4782	11400000	"[""Assets/PlayMaker/Templates/hornet_multi_wounder.asset""]"
Assets/Scenes/Hornet/Clover_04b.unity	11824	2879	hornet_multi_wounder	ffe3a1a9c1e2bb94da3315cccccc4782	11400000	"[""Assets/PlayMaker/Templates/hornet_multi_wounder.asset""]"
Assets/Scenes/Hornet/Clover_04b.unity	11859	3104	FSM	a59f3c58838809c4ea7a503a108295d3	11400000	"[""Assets/PlayMaker/Templates/tiny_dragonfly.asset""]"
Assets/Scenes/Hornet/Clover_04b.unity	12002	2884	hornet_multi_wounder	ffe3a1a9c1e2bb94da3315cccccc4782	11400000	"[""Assets/PlayMaker/Templates/hornet_multi_wounder.asset""]"
Assets/Scenes/Hornet/Clover_04b.unity	12003	2885	hornet_multi_wounder	ffe3a1a9c1e2bb94da3315cccccc4782	11400000	"[""Assets/PlayMaker/Templates/hornet_multi_wounder.asset""]"
Assets/Scenes/Hornet/Clover_04b.unity	12004	2883	hornet_multi_wounder	ffe3a1a9c1e2bb94da3315cccccc4782	11400000	"[""Assets/PlayMaker/Templates/hornet_multi_wounder.asset""]"
Assets/Scenes/Hornet/Clover_04b.unity	12016	2540	hornet_multi_wounder	ffe3a1a9c1e2bb94da3315cccccc4782	11400000	"[""Assets/PlayMaker/Templates/hornet_multi_wounder.asset""]"
Assets/Scenes/Hornet/Clover_04b.unity	12018	2541	hornet_multi_wounder	ffe3a1a9c1e2bb94da3315cccccc4782	11400000	"[""Assets/PlayMaker/Templates/hornet_multi_wounder.asset""]"
Assets/Scenes/Hornet/Clover_04b.unity	12020	2539	hornet_multi_wounder	ffe3a1a9c1e2bb94da3315cccccc4782	11400000	"[""Assets/PlayMaker/Templates/hornet_multi_wounder.asset""]"
Assets/Scenes/Hornet/Clover_04b.unity	12022	2538	hornet_multi_wounder	ffe3a1a9c1e2bb94da3315cccccc4782	11400000	"[""Assets/PlayMaker/Templates/hornet_multi_wounder.asset""]"
Assets/Scenes/Hornet/Clover_04b.unity	12024	2537	hornet_multi_wounder	ffe3a1a9c1e2bb94da3315cccccc4782	11400000	"[""Assets/PlayMaker/Templates/hornet_multi_wounder.asset""]"
Assets/Scenes/Hornet/Clover_04b.unity	12148	2814	grasshopper_block_control	0b34d24ab6b41d744a096b8c62e314b9	11400000	"[""Assets/PlayMaker/Templates/grasshopper_block_control.asset""]"
Assets/Scenes/Hornet/Clover_04b.unity	12151	2813	grasshopper_block_control	0b34d24ab6b41d744a096b8c62e314b9	11400000	"[""Assets/PlayMaker/Templates/grasshopper_block_control.asset""]"
Assets/Scenes/Hornet/Clover_04b.unity	12154	2809	grasshopper_block_control	0b34d24ab6b41d744a096b8c62e314b9	11400000	"[""Assets/PlayMaker/Templates/grasshopper_block_control.asset""]"
Assets/Scenes/Hornet/Clover_04b.unity	12157	2808	grasshopper_block_control	0b34d24ab6b41d744a096b8c62e314b9	11400000	"[""Assets/PlayMaker/Templates/grasshopper_block_control.asset""]"
Assets/Scenes/Hornet/Clover_04b.unity	12160	2807	grasshopper_block_control	0b34d24ab6b41d744a096b8c62e314b9	11400000	"[""Assets/PlayMaker/Templates/grasshopper_block_control.asset""]"
Assets/Scenes/Hornet/Clover_04b.unity	12205	2815	grasshopper_block_control	0b34d24ab6b41d744a096b8c62e314b9	11400000	"[""Assets/PlayMaker/Templates/grasshopper_block_control.asset""]"
Assets/Scenes/Hornet/Clover_04b.unity	12207	2811	grasshopper_block_control	0b34d24ab6b41d744a096b8c62e314b9	11400000	"[""Assets/PlayMaker/Templates/grasshopper_block_control.asset""]"
Assets/Scenes/Hornet/Clover_04b.unity	12237	2337	hornet_multi_wounder	ffe3a1a9c1e2bb94da3315cccccc4782	11400000	"[""Assets/PlayMaker/Templates/hornet_multi_wounder.asset""]"
Assets/Scenes/Hornet/Clover_04b.unity	12239	2335	hornet_multi_wounder	ffe3a1a9c1e2bb94da3315cccccc4782	11400000	"[""Assets/PlayMaker/Templates/hornet_multi_wounder.asset""]"
Assets/Scenes/Hornet/Clover_04b.unity	12241	2336	hornet_multi_wounder	ffe3a1a9c1e2bb94da3315cccccc4782	11400000	"[""Assets/PlayMaker/Templates/hornet_multi_wounder.asset""]"
Assets/Scenes/Hornet/Clover_04b.unity	12243	2338	hornet_multi_wounder	ffe3a1a9c1e2bb94da3315cccccc4782	11400000	"[""Assets/PlayMaker/Templates/hornet_multi_wounder.asset""]"
Assets/Scenes/Hornet/Clover_04b.unity	12245	2339	hornet_multi_wounder	ffe3a1a9c1e2bb94da3315cccccc4782	11400000	"[""Assets/PlayMaker/Templates/hornet_multi_wounder.asset""]"
Assets/Scenes/Hornet/Clover_04b.unity	12252	2812	grasshopper_block_control	0b34d24ab6b41d744a096b8c62e314b9	11400000	"[""Assets/PlayMaker/Templates/grasshopper_block_control.asset""]"
Assets/Scenes/Hornet/Clover_04b.unity	12254	2818	grasshopper_block_control	0b34d24ab6b41d744a096b8c62e314b9	11400000	"[""Assets/PlayMaker/Templates/grasshopper_block_control.asset""]"
Assets/Scenes/Hornet/Clover_04b.unity	12256	2817	grasshopper_block_control	0b34d24ab6b41d744a096b8c62e314b9	11400000	"[""Assets/PlayMaker/Templates/grasshopper_block_control.asset""]"
Assets/Scenes/Hornet/Clover_05c.unity	8761	608	FSM	a59f3c58838809c4ea7a503a108295d3	11400000	"[""Assets/PlayMaker/Templates/tiny_dragonfly.asset""]"
Assets/Scenes/Hornet/Clover_05c.unity	8765	743	FSM	a59f3c58838809c4ea7a503a108295d3	11400000	"[""Assets/PlayMaker/Templates/tiny_dragonfly.asset""]"
Assets/Scenes/Hornet/Clover_05c.unity	8776	959	FSM	a59f3c58838809c4ea7a503a108295d3	11400000	"[""Assets/PlayMaker/Templates/tiny_dragonfly.asset""]"
Assets/Scenes/Hornet/Clover_05c.unity	8780	998	FSM	a59f3c58838809c4ea7a503a108295d3	11400000	"[""Assets/PlayMaker/Templates/tiny_dragonfly.asset""]"
Assets/Scenes/Hornet/Clover_05c.unity	8793	1185	FSM	a59f3c58838809c4ea7a503a108295d3	11400000	"[""Assets/PlayMaker/Templates/tiny_dragonfly.asset""]"
Assets/Scenes/Hornet/Clover_06.unity	12666	1789	Control	a59f3c58838809c4ea7a503a108295d3	11400000	"[""Assets/PlayMaker/Templates/tiny_dragonfly.asset""]"
Assets/Scenes/Hornet/Clover_06.unity	12667	1790	Control	a59f3c58838809c4ea7a503a108295d3	11400000	"[""Assets/PlayMaker/Templates/tiny_dragonfly.asset""]"
Assets/Scenes/Hornet/Clover_06.unity	13680	1847	Control	a59f3c58838809c4ea7a503a108295d3	11400000	"[""Assets/PlayMaker/Templates/tiny_dragonfly.asset""]"
Assets/Scenes/Hornet/Clover_06.unity	13681	1848	Control	a59f3c58838809c4ea7a503a108295d3	11400000	"[""Assets/PlayMaker/Templates/tiny_dragonfly.asset""]"
Assets/Scenes/Hornet/Clover_06.unity	14307	3867	FSM	fd68563f78d296d4abf99cae66cc4c66	11400000	"[""Assets/PlayMaker/Templates/memory_orb_group.asset""]"
Assets/Scenes/Hornet/Clover_10.unity	11640	95	Control	d642eb3177b769248a9a6e5a501aa5d2	11400000	"[""Assets/PlayMaker/Templates/cog_dancer_dive_pattern.asset""]"
Assets/Scenes/Hornet/Clover_10.unity	11647	166	Control	d642eb3177b769248a9a6e5a501aa5d2	11400000	"[""Assets/PlayMaker/Templates/cog_dancer_dive_pattern.asset""]"
Assets/Scenes/Hornet/Clover_10.unity	11649	229	Control	d642eb3177b769248a9a6e5a501aa5d2	11400000	"[""Assets/PlayMaker/Templates/cog_dancer_dive_pattern.asset""]"
Assets/Scenes/Hornet/Clover_10.unity	11668	525	Control	d642eb3177b769248a9a6e5a501aa5d2	11400000	"[""Assets/PlayMaker/Templates/cog_dancer_dive_pattern.asset""]"
Assets/Scenes/Hornet/Clover_10.unity	11670	564	Control	d642eb3177b769248a9a6e5a501aa5d2	11400000	"[""Assets/PlayMaker/Templates/cog_dancer_dive_pattern.asset""]"
Assets/Scenes/Hornet/Clover_10.unity	11698	922	Control	d642eb3177b769248a9a6e5a501aa5d2	11400000	"[""Assets/PlayMaker/Templates/cog_dancer_dive_pattern.asset""]"
Assets/Scenes/Hornet/Clover_10.unity	11721	1397	Control	d642eb3177b769248a9a6e5a501aa5d2	11400000	"[""Assets/PlayMaker/Templates/cog_dancer_dive_pattern.asset""]"
Assets/Scenes/Hornet/Clover_10.unity	11725	1556	Control	d642eb3177b769248a9a6e5a501aa5d2	11400000	"[""Assets/PlayMaker/Templates/cog_dancer_dive_pattern.asset""]"
Assets/Scenes/Hornet/Clover_10.unity	11728	1588	Control	d642eb3177b769248a9a6e5a501aa5d2	11400000	"[""Assets/PlayMaker/Templates/cog_dancer_dive_pattern.asset""]"
Assets/Scenes/Hornet/Clover_10.unity	11729	1589	Control	d642eb3177b769248a9a6e5a501aa5d2	11400000	"[""Assets/PlayMaker/Templates/cog_dancer_dive_pattern.asset""]"
Assets/Scenes/Hornet/Clover_10.unity	11794	3140	hornet_multi_wounder	ffe3a1a9c1e2bb94da3315cccccc4782	11400000	"[""Assets/PlayMaker/Templates/hornet_multi_wounder.asset""]"
Assets/Scenes/Hornet/Clover_10.unity	11795	3139	hornet_multi_wounder	ffe3a1a9c1e2bb94da3315cccccc4782	11400000	"[""Assets/PlayMaker/Templates/hornet_multi_wounder.asset""]"
Assets/Scenes/Hornet/Clover_10.unity	11796	3138	hornet_multi_wounder	ffe3a1a9c1e2bb94da3315cccccc4782	11400000	"[""Assets/PlayMaker/Templates/hornet_multi_wounder.asset""]"
Assets/Scenes/Hornet/Clover_10.unity	11797	3137	hornet_multi_wounder	ffe3a1a9c1e2bb94da3315cccccc4782	11400000	"[""Assets/PlayMaker/Templates/hornet_multi_wounder.asset""]"
Assets/Scenes/Hornet/Clover_10.unity	11798	3136	hornet_multi_wounder	ffe3a1a9c1e2bb94da3315cccccc4782	11400000	"[""Assets/PlayMaker/Templates/hornet_multi_wounder.asset""]"
Assets/Scenes/Hornet/Clover_10.unity	11799	3135	hornet_multi_wounder	ffe3a1a9c1e2bb94da3315cccccc4782	11400000	"[""Assets/PlayMaker/Templates/hornet_multi_wounder.asset""]"
Assets/Scenes/Hornet/Clover_10.unity	11800	3134	hornet_multi_wounder	ffe3a1a9c1e2bb94da3315cccccc4782	11400000	"[""Assets/PlayMaker/Templates/hornet_multi_wounder.asset""]"
Assets/Scenes/Hornet/Clover_10.unity	11801	3133	hornet_multi_wounder	ffe3a1a9c1e2bb94da3315cccccc4782	11400000	"[""Assets/PlayMaker/Templates/hornet_multi_wounder.asset""]"
Assets/Scenes/Hornet/Clover_10.unity	11802	3151	hornet_multi_wounder	ffe3a1a9c1e2bb94da3315cccccc4782	11400000	"[""Assets/PlayMaker/Templates/hornet_multi_wounder.asset""]"
Assets/Scenes/Hornet/Clover_10.unity	11803	3150	hornet_multi_wounder	ffe3a1a9c1e2bb94da3315cccccc4782	11400000	"[""Assets/PlayMaker/Templates/hornet_multi_wounder.asset""]"
Assets/Scenes/Hornet/Clover_10.unity	11804	3149	hornet_multi_wounder	ffe3a1a9c1e2bb94da3315cccccc4782	11400000	"[""Assets/PlayMaker/Templates/hornet_multi_wounder.asset""]"
Assets/Scenes/Hornet/Clover_10.unity	11805	3148	hornet_multi_wounder	ffe3a1a9c1e2bb94da3315cccccc4782	11400000	"[""Assets/PlayMaker/Templates/hornet_multi_wounder.asset""]"
Assets/Scenes/Hornet/Clover_10.unity	11806	3147	hornet_multi_wounder	ffe3a1a9c1e2bb94da3315cccccc4782	11400000	"[""Assets/PlayMaker/Templates/hornet_multi_wounder.asset""]"
Assets/Scenes/Hornet/Clover_10.unity	11807	3146	hornet_multi_wounder	ffe3a1a9c1e2bb94da3315cccccc4782	11400000	"[""Assets/PlayMaker/Templates/hornet_multi_wounder.asset""]"
Assets/Scenes/Hornet/Clover_10.unity	11808	3145	hornet_multi_wounder	ffe3a1a9c1e2bb94da3315cccccc4782	11400000	"[""Assets/PlayMaker/Templates/hornet_multi_wounder.asset""]"
Assets/Scenes/Hornet/Clover_10.unity	11809	3144	hornet_multi_wounder	ffe3a1a9c1e2bb94da3315cccccc4782	11400000	"[""Assets/PlayMaker/Templates/hornet_multi_wounder.asset""]"
Assets/Scenes/Hornet/Clover_10.unity	11810	3143	hornet_multi_wounder	ffe3a1a9c1e2bb94da3315cccccc4782	11400000	"[""Assets/PlayMaker/Templates/hornet_multi_wounder.asset""]"
Assets/Scenes/Hornet/Clover_10.unity	11811	3142	hornet_multi_wounder	ffe3a1a9c1e2bb94da3315cccccc4782	11400000	"[""Assets/PlayMaker/Templates/hornet_multi_wounder.asset""]"
Assets/Scenes/Hornet/Clover_10.unity	11812	3141	hornet_multi_wounder	ffe3a1a9c1e2bb94da3315cccccc4782	11400000	"[""Assets/PlayMaker/Templates/hornet_multi_wounder.asset""]"
Assets/Scenes/Hornet/Clover_10.unity	11813	3116	hornet_multi_wounder	ffe3a1a9c1e2bb94da3315cccccc4782	11400000	"[""Assets/PlayMaker/Templates/hornet_multi_wounder.asset""]"
Assets/Scenes/Hornet/Clover_10.unity	11814	3115	hornet_multi_wounder	ffe3a1a9c1e2bb94da3315cccccc4782	11400000	"[""Assets/PlayMaker/Templates/hornet_multi_wounder.asset""]"
Assets/Scenes/Hornet/Clover_10.unity	11815	3114	hornet_multi_wounder	ffe3a1a9c1e2bb94da3315cccccc4782	11400000	"[""Assets/PlayMaker/Templates/hornet_multi_wounder.asset""]"
Assets/Scenes/Hornet/Clover_10.unity	11816	3113	hornet_multi_wounder	ffe3a1a9c1e2bb94da3315cccccc4782	11400000	"[""Assets/PlayMaker/Templates/hornet_multi_wounder.asset""]"
Assets/Scenes/Hornet/Clover_10.unity	11817	3112	hornet_multi_wounder	ffe3a1a9c1e2bb94da3315cccccc4782	11400000	"[""Assets/PlayMaker/Templates/hornet_multi_wounder.asset""]"
Assets/Scenes/Hornet/Clover_10.unity	11818	3111	hornet_multi_wounder	ffe3a1a9c1e2bb94da3315cccccc4782	11400000	"[""Assets/PlayMaker/Templates/hornet_multi_wounder.asset""]"
Assets/Scenes/Hornet/Clover_10.unity	11819	3110	hornet_multi_wounder	ffe3a1a9c1e2bb94da3315cccccc4782	11400000	"[""Assets/PlayMaker/Templates/hornet_multi_wounder.asset""]"
Assets/Scenes/Hornet/Clover_10.unity	11820	3109	hornet_multi_wounder	ffe3a1a9c1e2bb94da3315cccccc4782	11400000	"[""Assets/PlayMaker/Templates/hornet_multi_wounder.asset""]"
Assets/Scenes/Hornet/Clover_10.unity	11821	3108	hornet_multi_wounder	ffe3a1a9c1e2bb94da3315cccccc4782	11400000	"[""Assets/PlayMaker/Templates/hornet_multi_wounder.asset""]"
Assets/Scenes/Hornet/Clover_10.unity	11822	3107	hornet_multi_wounder	ffe3a1a9c1e2bb94da3315cccccc4782	11400000	"[""Assets/PlayMaker/Templates/hornet_multi_wounder.asset""]"
Assets/Scenes/Hornet/Clover_10.unity	11823	3106	hornet_multi_wounder	ffe3a1a9c1e2bb94da3315cccccc4782	11400000	"[""Assets/PlayMaker/Templates/hornet_multi_wounder.asset""]"
Assets/Scenes/Hornet/Clover_10.unity	11824	3132	hornet_multi_wounder	ffe3a1a9c1e2bb94da3315cccccc4782	11400000	"[""Assets/PlayMaker/Templates/hornet_multi_wounder.asset""]"
Assets/Scenes/Hornet/Clover_10.unity	11825	3131	hornet_multi_wounder	ffe3a1a9c1e2bb94da3315cccccc4782	11400000	"[""Assets/PlayMaker/Templates/hornet_multi_wounder.asset""]"
Assets/Scenes/Hornet/Clover_10.unity	11826	3130	hornet_multi_wounder	ffe3a1a9c1e2bb94da3315cccccc4782	11400000	"[""Assets/PlayMaker/Templates/hornet_multi_wounder.asset""]"
Assets/Scenes/Hornet/Clover_10.unity	11827	3129	hornet_multi_wounder	ffe3a1a9c1e2bb94da3315cccccc4782	11400000	"[""Assets/PlayMaker/Templates/hornet_multi_wounder.asset""]"
Assets/Scenes/Hornet/Clover_10.unity	11828	3128	hornet_multi_wounder	ffe3a1a9c1e2bb94da3315cccccc4782	11400000	"[""Assets/PlayMaker/Templates/hornet_multi_wounder.asset""]"
Assets/Scenes/Hornet/Clover_10.unity	11829	3127	hornet_multi_wounder	ffe3a1a9c1e2bb94da3315cccccc4782	11400000	"[""Assets/PlayMaker/Templates/hornet_multi_wounder.asset""]"
Assets/Scenes/Hornet/Clover_10.unity	11830	3126	hornet_multi_wounder	ffe3a1a9c1e2bb94da3315cccccc4782	11400000	"[""Assets/PlayMaker/Templates/hornet_multi_wounder.asset""]"
Assets/Scenes/Hornet/Clover_10.unity	11831	3125	hornet_multi_wounder	ffe3a1a9c1e2bb94da3315cccccc4782	11400000	"[""Assets/PlayMaker/Templates/hornet_multi_wounder.asset""]"
Assets/Scenes/Hornet/Clover_10.unity	11832	3123	hornet_multi_wounder	ffe3a1a9c1e2bb94da3315cccccc4782	11400000	"[""Assets/PlayMaker/Templates/hornet_multi_wounder.asset""]"
Assets/Scenes/Hornet/Clover_10.unity	11833	3124	hornet_multi_wounder	ffe3a1a9c1e2bb94da3315cccccc4782	11400000	"[""Assets/PlayMaker/Templates/hornet_multi_wounder.asset""]"
Assets/Scenes/Hornet/Clover_10.unity	11834	3122	hornet_multi_wounder	ffe3a1a9c1e2bb94da3315cccccc4782	11400000	"[""Assets/PlayMaker/Templates/hornet_multi_wounder.asset""]"
Assets/Scenes/Hornet/Clover_10.unity	11835	3121	hornet_multi_wounder	ffe3a1a9c1e2bb94da3315cccccc4782	11400000	"[""Assets/PlayMaker/Templates/hornet_multi_wounder.asset""]"
Assets/Scenes/Hornet/Clover_10.unity	11836	3120	hornet_multi_wounder	ffe3a1a9c1e2bb94da3315cccccc4782	11400000	"[""Assets/PlayMaker/Templates/hornet_multi_wounder.asset""]"
Assets/Scenes/Hornet/Clover_10.unity	11837	3119	hornet_multi_wounder	ffe3a1a9c1e2bb94da3315cccccc4782	11400000	"[""Assets/PlayMaker/Templates/hornet_multi_wounder.asset""]"
Assets/Scenes/Hornet/Clover_10.unity	11838	3118	hornet_multi_wounder	ffe3a1a9c1e2bb94da3315cccccc4782	11400000	"[""Assets/PlayMaker/Templates/hornet_multi_wounder.asset""]"
Assets/Scenes/Hornet/Clover_10.unity	11839	3117	hornet_multi_wounder	ffe3a1a9c1e2bb94da3315cccccc4782	11400000	"[""Assets/PlayMaker/Templates/hornet_multi_wounder.asset""]"
Assets/Scenes/Hornet/Clover_10.unity	11840	3173	hornet_multi_wounder	ffe3a1a9c1e2bb94da3315cccccc4782	11400000	"[""Assets/PlayMaker/Templates/hornet_multi_wounder.asset""]"
Assets/Scenes/Hornet/Clover_10.unity	11841	3172	hornet_multi_wounder	ffe3a1a9c1e2bb94da3315cccccc4782	11400000	"[""Assets/PlayMaker/Templates/hornet_multi_wounder.asset""]"
Assets/Scenes/Hornet/Clover_10.unity	11842	3171	hornet_multi_wounder	ffe3a1a9c1e2bb94da3315cccccc4782	11400000	"[""Assets/PlayMaker/Templates/hornet_multi_wounder.asset""]"
Assets/Scenes/Hornet/Clover_10.unity	11843	3170	hornet_multi_wounder	ffe3a1a9c1e2bb94da3315cccccc4782	11400000	"[""Assets/PlayMaker/Templates/hornet_multi_wounder.asset""]"
Assets/Scenes/Hornet/Clover_10.unity	11844	3169	hornet_multi_wounder	ffe3a1a9c1e2bb94da3315cccccc4782	11400000	"[""Assets/PlayMaker/Templates/hornet_multi_wounder.asset""]"
Assets/Scenes/Hornet/Clover_10.unity	11845	3168	hornet_multi_wounder	ffe3a1a9c1e2bb94da3315cccccc4782	11400000	"[""Assets/PlayMaker/Templates/hornet_multi_wounder.asset""]"
Assets/Scenes/Hornet/Clover_10.unity	11846	3167	hornet_multi_wounder	ffe3a1a9c1e2bb94da3315cccccc4782	11400000	"[""Assets/PlayMaker/Templates/hornet_multi_wounder.asset""]"
Assets/Scenes/Hornet/Clover_10.unity	11847	3187	hornet_multi_wounder	ffe3a1a9c1e2bb94da3315cccccc4782	11400000	"[""Assets/PlayMaker/Templates/hornet_multi_wounder.asset""]"
Assets/Scenes/Hornet/Clover_10.unity	11848	3186	hornet_multi_wounder	ffe3a1a9c1e2bb94da3315cccccc4782	11400000	"[""Assets/PlayMaker/Templates/hornet_multi_wounder.asset""]"
Assets/Scenes/Hornet/Clover_10.unity	11849	3185	hornet_multi_wounder	ffe3a1a9c1e2bb94da3315cccccc4782	11400000	"[""Assets/PlayMaker/Templates/hornet_multi_wounder.asset""]"
Assets/Scenes/Hornet/Clover_10.unity	11850	3183	hornet_multi_wounder	ffe3a1a9c1e2bb94da3315cccccc4782	11400000	"[""Assets/PlayMaker/Templates/hornet_multi_wounder.asset""]"
Assets/Scenes/Hornet/Clover_10.unity	11851	3184	hornet_multi_wounder	ffe3a1a9c1e2bb94da3315cccccc4782	11400000	"[""Assets/PlayMaker/Templates/hornet_multi_wounder.asset""]"
Assets/Scenes/Hornet/Clover_10.unity	11852	3182	hornet_multi_wounder	ffe3a1a9c1e2bb94da3315cccccc4782	11400000	"[""Assets/PlayMaker/Templates/hornet_multi_wounder.asset""]"
Assets/Scenes/Hornet/Clover_10.unity	11853	3181	hornet_multi_wounder	ffe3a1a9c1e2bb94da3315cccccc4782	11400000	"[""Assets/PlayMaker/Templates/hornet_multi_wounder.asset""]"
Assets/Scenes/Hornet/Clover_10.unity	11854	3180	hornet_multi_wounder	ffe3a1a9c1e2bb94da3315cccccc4782	11400000	"[""Assets/PlayMaker/Templates/hornet_multi_wounder.asset""]"
Assets/Scenes/Hornet/Clover_10.unity	11855	3179	hornet_multi_wounder	ffe3a1a9c1e2bb94da3315cccccc4782	11400000	"[""Assets/PlayMaker/Templates/hornet_multi_wounder.asset""]"
Assets/Scenes/Hornet/Clover_10.unity	11856	3178	hornet_multi_wounder	ffe3a1a9c1e2bb94da3315cccccc4782	11400000	"[""Assets/PlayMaker/Templates/hornet_multi_wounder.asset""]"
Assets/Scenes/Hornet/Clover_10.unity	11857	3177	hornet_multi_wounder	ffe3a1a9c1e2bb94da3315cccccc4782	11400000	"[""Assets/PlayMaker/Templates/hornet_multi_wounder.asset""]"
Assets/Scenes/Hornet/Clover_10.unity	11858	3176	hornet_multi_wounder	ffe3a1a9c1e2bb94da3315cccccc4782	11400000	"[""Assets/PlayMaker/Templates/hornet_multi_wounder.asset""]"
Assets/Scenes/Hornet/Clover_10.unity	11859	3175	hornet_multi_wounder	ffe3a1a9c1e2bb94da3315cccccc4782	11400000	"[""Assets/PlayMaker/Templates/hornet_multi_wounder.asset""]"
Assets/Scenes/Hornet/Clover_10.unity	11860	3174	hornet_multi_wounder	ffe3a1a9c1e2bb94da3315cccccc4782	11400000	"[""Assets/PlayMaker/Templates/hornet_multi_wounder.asset""]"
Assets/Scenes/Hornet/Clover_10.unity	11861	3158	hornet_multi_wounder	ffe3a1a9c1e2bb94da3315cccccc4782	11400000	"[""Assets/PlayMaker/Templates/hornet_multi_wounder.asset""]"
Assets/Scenes/Hornet/Clover_10.unity	11862	3157	hornet_multi_wounder	ffe3a1a9c1e2bb94da3315cccccc4782	11400000	"[""Assets/PlayMaker/Templates/hornet_multi_wounder.asset""]"
Assets/Scenes/Hornet/Clover_10.unity	11863	3156	hornet_multi_wounder	ffe3a1a9c1e2bb94da3315cccccc4782	11400000	"[""Assets/PlayMaker/Templates/hornet_multi_wounder.asset""]"
Assets/Scenes/Hornet/Clover_10.unity	11864	3155	hornet_multi_wounder	ffe3a1a9c1e2bb94da3315cccccc4782	11400000	"[""Assets/PlayMaker/Templates/hornet_multi_wounder.asset""]"
Assets/Scenes/Hornet/Clover_10.unity	11865	3154	hornet_multi_wounder	ffe3a1a9c1e2bb94da3315cccccc4782	11400000	"[""Assets/PlayMaker/Templates/hornet_multi_wounder.asset""]"
Assets/Scenes/Hornet/Clover_10.unity	11866	3153	hornet_multi_wounder	ffe3a1a9c1e2bb94da3315cccccc4782	11400000	"[""Assets/PlayMaker/Templates/hornet_multi_wounder.asset""]"
Assets/Scenes/Hornet/Clover_10.unity	11867	3152	hornet_multi_wounder	ffe3a1a9c1e2bb94da3315cccccc4782	11400000	"[""Assets/PlayMaker/Templates/hornet_multi_wounder.asset""]"
Assets/Scenes/Hornet/Clover_10.unity	11868	3166	hornet_multi_wounder	ffe3a1a9c1e2bb94da3315cccccc4782	11400000	"[""Assets/PlayMaker/Templates/hornet_multi_wounder.asset""]"
Assets/Scenes/Hornet/Clover_10.unity	11869	3165	hornet_multi_wounder	ffe3a1a9c1e2bb94da3315cccccc4782	11400000	"[""Assets/PlayMaker/Templates/hornet_multi_wounder.asset""]"
Assets/Scenes/Hornet/Clover_10.unity	11870	3164	hornet_multi_wounder	ffe3a1a9c1e2bb94da3315cccccc4782	11400000	"[""Assets/PlayMaker/Templates/hornet_multi_wounder.asset""]"
Assets/Scenes/Hornet/Clover_10.unity	11871	3163	hornet_multi_wounder	ffe3a1a9c1e2bb94da3315cccccc4782	11400000	"[""Assets/PlayMaker/Templates/hornet_multi_wounder.asset""]"
Assets/Scenes/Hornet/Clover_10.unity	11872	3162	hornet_multi_wounder	ffe3a1a9c1e2bb94da3315cccccc4782	11400000	"[""Assets/PlayMaker/Templates/hornet_multi_wounder.asset""]"
Assets/Scenes/Hornet/Clover_10.unity	11873	3161	hornet_multi_wounder	ffe3a1a9c1e2bb94da3315cccccc4782	11400000	"[""Assets/PlayMaker/Templates/hornet_multi_wounder.asset""]"
Assets/Scenes/Hornet/Clover_10.unity	11874	3160	hornet_multi_wounder	ffe3a1a9c1e2bb94da3315cccccc4782	11400000	"[""Assets/PlayMaker/Templates/hornet_multi_wounder.asset""]"
Assets/Scenes/Hornet/Clover_10.unity	11875	3159	hornet_multi_wounder	ffe3a1a9c1e2bb94da3315cccccc4782	11400000	"[""Assets/PlayMaker/Templates/hornet_multi_wounder.asset""]"
Assets/Scenes/Hornet/Clover_10.unity	11959	2213	hornet_multi_wounder	ffe3a1a9c1e2bb94da3315cccccc4782	11400000	"[""Assets/PlayMaker/Templates/hornet_multi_wounder.asset""]"
Assets/Scenes/Hornet/Clover_10.unity	11960	2214	hornet_multi_wounder	ffe3a1a9c1e2bb94da3315cccccc4782	11400000	"[""Assets/PlayMaker/Templates/hornet_multi_wounder.asset""]"
Assets/Scenes/Hornet/Clover_10.unity	11961	2216	hornet_multi_wounder	ffe3a1a9c1e2bb94da3315cccccc4782	11400000	"[""Assets/PlayMaker/Templates/hornet_multi_wounder.asset""]"
Assets/Scenes/Hornet/Clover_10.unity	11962	2215	hornet_multi_wounder	ffe3a1a9c1e2bb94da3315cccccc4782	11400000	"[""Assets/PlayMaker/Templates/hornet_multi_wounder.asset""]"
Assets/Scenes/Hornet/Clover_10.unity	12299	1803	Control	a59f3c58838809c4ea7a503a108295d3	11400000	"[""Assets/PlayMaker/Templates/tiny_dragonfly.asset""]"
Assets/Scenes/Hornet/Clover_10.unity	12711	3511	hornet_multi_wounder	ffe3a1a9c1e2bb94da3315cccccc4782	11400000	"[""Assets/PlayMaker/Templates/hornet_multi_wounder.asset""]"
Assets/Scenes/Hornet/Clover_10.unity	12991	3512	hornet_multi_wounder	ffe3a1a9c1e2bb94da3315cccccc4782	11400000	"[""Assets/PlayMaker/Templates/hornet_multi_wounder.asset""]"
Assets/Scenes/Hornet/Clover_10_web.unity	2124	525	hornet_multi_wounder	ffe3a1a9c1e2bb94da3315cccccc4782	11400000	"[""Assets/PlayMaker/Templates/hornet_multi_wounder.asset""]"
Assets/Scenes/Hornet/Clover_10_web.unity	2186	509	grasshopper_block_control	0b34d24ab6b41d744a096b8c62e314b9	11400000	"[""Assets/PlayMaker/Templates/grasshopper_block_control.asset""]"
Assets/Scenes/Hornet/Clover_11.unity	3775	714	hornet_multi_wounder	ffe3a1a9c1e2bb94da3315cccccc4782	11400000	"[""Assets/PlayMaker/Templates/hornet_multi_wounder.asset""]"
Assets/Scenes/Hornet/Clover_11.unity	3776	715	hornet_multi_wounder	ffe3a1a9c1e2bb94da3315cccccc4782	11400000	"[""Assets/PlayMaker/Templates/hornet_multi_wounder.asset""]"
Assets/Scenes/Hornet/Clover_11.unity	3777	713	hornet_multi_wounder	ffe3a1a9c1e2bb94da3315cccccc4782	11400000	"[""Assets/PlayMaker/Templates/hornet_multi_wounder.asset""]"
Assets/Scenes/Hornet/Clover_11.unity	3976	634	grasshopper_block_control	0b34d24ab6b41d744a096b8c62e314b9	11400000	"[""Assets/PlayMaker/Templates/grasshopper_block_control.asset""]"
Assets/Scenes/Hornet/Clover_11.unity	3978	633	grasshopper_block_control	0b34d24ab6b41d744a096b8c62e314b9	11400000	"[""Assets/PlayMaker/Templates/grasshopper_block_control.asset""]"
Assets/Scenes/Hornet/Clover_11.unity	3980	632	grasshopper_block_control	0b34d24ab6b41d744a096b8c62e314b9	11400000	"[""Assets/PlayMaker/Templates/grasshopper_block_control.asset""]"
Assets/Scenes/Hornet/Clover_11.unity	4043	1037	FSM	fd68563f78d296d4abf99cae66cc4c66	11400000	"[""Assets/PlayMaker/Templates/memory_orb_group.asset""]"
Assets/Scenes/Hornet/Clover_16.unity	12206	127	FSM	a59f3c58838809c4ea7a503a108295d3	11400000	"[""Assets/PlayMaker/Templates/tiny_dragonfly.asset""]"
Assets/Scenes/Hornet/Clover_16.unity	12315	879	FSM	a59f3c58838809c4ea7a503a108295d3	11400000	"[""Assets/PlayMaker/Templates/tiny_dragonfly.asset""]"
Assets/Scenes/Hornet/Clover_16.unity	12332	989	breakable_wall_v2	49ae76d885d76f0409f5e87241c2e88a	11400000	"[""Assets/PlayMaker/Templates/breakable_wall_v2.asset""]"
Assets/Scenes/Hornet/Clover_16.unity	12339	1060	breakable_wall_v2	49ae76d885d76f0409f5e87241c2e88a	11400000	"[""Assets/PlayMaker/Templates/breakable_wall_v2.asset""]"
Assets/Scenes/Hornet/Clover_16.unity	12356	1152	FSM	a59f3c58838809c4ea7a503a108295d3	11400000	"[""Assets/PlayMaker/Templates/tiny_dragonfly.asset""]"
Assets/Scenes/Hornet/Clover_16.unity	12389	1364	FSM	a59f3c58838809c4ea7a503a108295d3	11400000	"[""Assets/PlayMaker/Templates/tiny_dragonfly.asset""]"
Assets/Scenes/Hornet/Clover_16.unity	14016	3839	FSM	fd68563f78d296d4abf99cae66cc4c66	11400000	"[""Assets/PlayMaker/Templates/memory_orb_group.asset""]"
Assets/Scenes/Hornet/Clover_16.unity	14017	3840	FSM	fd68563f78d296d4abf99cae66cc4c66	11400000	"[""Assets/PlayMaker/Templates/memory_orb_group.asset""]"
Assets/Scenes/Hornet/Clover_18.unity	14905	3841	FSM	fd68563f78d296d4abf99cae66cc4c66	11400000	"[""Assets/PlayMaker/Templates/memory_orb_group.asset""]"
Assets/Scenes/Hornet/Clover_18.unity	14906	3842	FSM	fd68563f78d296d4abf99cae66cc4c66	11400000	"[""Assets/PlayMaker/Templates/memory_orb_group.asset""]"
Assets/Scenes/Hornet/Clover_18.unity	14907	3843	FSM	fd68563f78d296d4abf99cae66cc4c66	11400000	"[""Assets/PlayMaker/Templates/memory_orb_group.asset""]"
Assets/Scenes/Hornet/Clover_18.unity	14908	3844	FSM	fd68563f78d296d4abf99cae66cc4c66	11400000	"[""Assets/PlayMaker/Templates/memory_orb_group.asset""]"
Assets/Scenes/Hornet/Clover_18.unity	15077	3214	FSM	fd68563f78d296d4abf99cae66cc4c66	11400000	"[""Assets/PlayMaker/Templates/memory_orb_group.asset""]"
Assets/Scenes/Hornet/Clover_19.unity	4330	662	Control	a59f3c58838809c4ea7a503a108295d3	11400000	"[""Assets/PlayMaker/Templates/tiny_dragonfly.asset""]"
Assets/Scenes/Hornet/Clover_19.unity	4623	675	Control	a59f3c58838809c4ea7a503a108295d3	11400000	"[""Assets/PlayMaker/Templates/tiny_dragonfly.asset""]"
Assets/Scenes/Hornet/Clover_19.unity	4787	1344	FSM	fd68563f78d296d4abf99cae66cc4c66	11400000	"[""Assets/PlayMaker/Templates/memory_orb_group.asset""]"
Assets/Scenes/Hornet/Clover_20.unity	4507	908	Bench Control	30022a57d0796134fbc5d49b1decd4f9	11400000	"[""Assets/PlayMaker/Templates/bench_control.asset""]"
Assets/Scenes/Hornet/Clover_20.unity	4757	1216	hornet_multi_wounder	ffe3a1a9c1e2bb94da3315cccccc4782	11400000	"[""Assets/PlayMaker/Templates/hornet_multi_wounder.asset""]"
Assets/Scenes/Hornet/Clover_20.unity	4770	1397	FSM	ffe3a1a9c1e2bb94da3315cccccc4782	11400000	"[""Assets/PlayMaker/Templates/hornet_multi_wounder.asset""]"
Assets/Scenes/Hornet/Clover_20.unity	4772	1396	FSM	ffe3a1a9c1e2bb94da3315cccccc4782	11400000	"[""Assets/PlayMaker/Templates/hornet_multi_wounder.asset""]"
Assets/Scenes/Hornet/Clover_21.unity	6613	882	Control	a59f3c58838809c4ea7a503a108295d3	11400000	"[""Assets/PlayMaker/Templates/tiny_dragonfly.asset""]"
Assets/Scenes/Hornet/Clover_21.unity	6614	1570	hornet_multi_wounder	ffe3a1a9c1e2bb94da3315cccccc4782	11400000	"[""Assets/PlayMaker/Templates/hornet_multi_wounder.asset""]"
Assets/Scenes/Hornet/Clover_21.unity	6615	1571	hornet_multi_wounder	ffe3a1a9c1e2bb94da3315cccccc4782	11400000	"[""Assets/PlayMaker/Templates/hornet_multi_wounder.asset""]"
Assets/Scenes/Hornet/Clover_21.unity	6783	1384	hornet_multi_wounder	ffe3a1a9c1e2bb94da3315cccccc4782	11400000	"[""Assets/PlayMaker/Templates/hornet_multi_wounder.asset""]"
Assets/Scenes/Hornet/Clover_21.unity	6785	1385	hornet_multi_wounder	ffe3a1a9c1e2bb94da3315cccccc4782	11400000	"[""Assets/PlayMaker/Templates/hornet_multi_wounder.asset""]"
Assets/Scenes/Hornet/Clover_21.unity	6884	1310	hornet_multi_wounder	ffe3a1a9c1e2bb94da3315cccccc4782	11400000	"[""Assets/PlayMaker/Templates/hornet_multi_wounder.asset""]"
Assets/Scenes/Hornet/Clover_21.unity	6886	1311	hornet_multi_wounder	ffe3a1a9c1e2bb94da3315cccccc4782	11400000	"[""Assets/PlayMaker/Templates/hornet_multi_wounder.asset""]"
Assets/Scenes/Hornet/Clover_21.unity	7059	900	Control	a59f3c58838809c4ea7a503a108295d3	11400000	"[""Assets/PlayMaker/Templates/tiny_dragonfly.asset""]"
Assets/Scenes/Hornet/Clover_21.unity	7117	1470	hornet_multi_wounder	ffe3a1a9c1e2bb94da3315cccccc4782	11400000	"[""Assets/PlayMaker/Templates/hornet_multi_wounder.asset""]"
Assets/Scenes/Hornet/Clover_21.unity	7125	1260	hornet_multi_wounder	ffe3a1a9c1e2bb94da3315cccccc4782	11400000	"[""Assets/PlayMaker/Templates/hornet_multi_wounder.asset""]"
Assets/Scenes/Hornet/Clover_21.unity	7127	1261	hornet_multi_wounder	ffe3a1a9c1e2bb94da3315cccccc4782	11400000	"[""Assets/PlayMaker/Templates/hornet_multi_wounder.asset""]"
Assets/Scenes/Hornet/Clover_21.unity	7223	1417	grasshopper_block_control	0b34d24ab6b41d744a096b8c62e314b9	11400000	"[""Assets/PlayMaker/Templates/grasshopper_block_control.asset""]"
Assets/Scenes/Hornet/Clover_21.unity	7226	1416	grasshopper_block_control	0b34d24ab6b41d744a096b8c62e314b9	11400000	"[""Assets/PlayMaker/Templates/grasshopper_block_control.asset""]"
Assets/Scenes/Hornet/Clover_21.unity	7398	2013	FSM	fd68563f78d296d4abf99cae66cc4c66	11400000	"[""Assets/PlayMaker/Templates/memory_orb_group.asset""]"
Assets/Scenes/Hornet/Clover_21.unity	7474	1135	hornet_multi_wounder	ffe3a1a9c1e2bb94da3315cccccc4782	11400000	"[""Assets/PlayMaker/Templates/hornet_multi_wounder.asset""]"
Assets/Scenes/Hornet/Clover_21.unity	7476	1136	hornet_multi_wounder	ffe3a1a9c1e2bb94da3315cccccc4782	11400000	"[""Assets/PlayMaker/Templates/hornet_multi_wounder.asset""]"
Assets/Scenes/Hornet/Clover_21.unity	7480	1415	grasshopper_block_control	0b34d24ab6b41d744a096b8c62e314b9	11400000	"[""Assets/PlayMaker/Templates/grasshopper_block_control.asset""]"
Assets/Scenes/Hornet/Cog_04.unity	16922	2499	Walk	1a114ee7b6e552f458fd7bc7adc62b7b	11400000	"[""Assets/PlayMaker/Templates/automaton_walk.asset""]"
Assets/Scenes/Hornet/Cog_04.unity	16923	2495	Walk	1a114ee7b6e552f458fd7bc7adc62b7b	11400000	"[""Assets/PlayMaker/Templates/automaton_walk.asset""]"
Assets/Scenes/Hornet/Cog_04.unity	17151	2497	Walk	1a114ee7b6e552f458fd7bc7adc62b7b	11400000	"[""Assets/PlayMaker/Templates/automaton_walk.asset""]"
Assets/Scenes/Hornet/Cog_04.unity	17152	2496	Walk	1a114ee7b6e552f458fd7bc7adc62b7b	11400000	"[""Assets/PlayMaker/Templates/automaton_walk.asset""]"
Assets/Scenes/Hornet/Cog_04.unity	17153	2500	Walk	1a114ee7b6e552f458fd7bc7adc62b7b	11400000	"[""Assets/PlayMaker/Templates/automaton_walk.asset""]"
Assets/Scenes/Hornet/Cog_04.unity	17154	2498	Walk	1a114ee7b6e552f458fd7bc7adc62b7b	11400000	"[""Assets/PlayMaker/Templates/automaton_walk.asset""]"
Assets/Scenes/Hornet/Cog_04.unity	17155	2501	Walk	1a114ee7b6e552f458fd7bc7adc62b7b	11400000	"[""Assets/PlayMaker/Templates/automaton_walk.asset""]"
Assets/Scenes/Hornet/Cog_04.unity	17229	1737	Walk	e34d4022ac3a66442b321d0f59c31f56	11400000	"[""Assets/PlayMaker/Templates/automaton_walk_vertical.asset""]"
Assets/Scenes/Hornet/Cog_04.unity	17230	1736	Walk	e34d4022ac3a66442b321d0f59c31f56	11400000	"[""Assets/PlayMaker/Templates/automaton_walk_vertical.asset""]"
Assets/Scenes/Hornet/Cog_04.unity	17248	720	follow_camera_bound	c332780cbeb3a264fb2eff442248d6cd	11400000	"[""Assets/PlayMaker/Templates/follow_camera_bound.asset""]"
Assets/Scenes/Hornet/Cog_04.unity	17249	580	follow_camera_bound	c332780cbeb3a264fb2eff442248d6cd	11400000	"[""Assets/PlayMaker/Templates/follow_camera_bound.asset""]"
Assets/Scenes/Hornet/Cog_04.unity	17250	1215	follow_camera_bound	c332780cbeb3a264fb2eff442248d6cd	11400000	"[""Assets/PlayMaker/Templates/follow_camera_bound.asset""]"
Assets/Scenes/Hornet/Cog_04.unity	17251	1045	follow_camera_bound	c332780cbeb3a264fb2eff442248d6cd	11400000	"[""Assets/PlayMaker/Templates/follow_camera_bound.asset""]"
Assets/Scenes/Hornet/Cog_04.unity	17307	5062	hornet_multi_wounder	ffe3a1a9c1e2bb94da3315cccccc4782	11400000	"[""Assets/PlayMaker/Templates/hornet_multi_wounder.asset""]"
Assets/Scenes/Hornet/Cog_04.unity	17357	2714	multi_wounder	ffe3a1a9c1e2bb94da3315cccccc4782	11400000	"[""Assets/PlayMaker/Templates/hornet_multi_wounder.asset""]"
Assets/Scenes/Hornet/Cog_04.unity	17359	2715	multi_wounder	ffe3a1a9c1e2bb94da3315cccccc4782	11400000	"[""Assets/PlayMaker/Templates/hornet_multi_wounder.asset""]"
Assets/Scenes/Hornet/Cog_04.unity	17491	3367	FSM	ffe3a1a9c1e2bb94da3315cccccc4782	11400000	"[""Assets/PlayMaker/Templates/hornet_multi_wounder.asset""]"
Assets/Scenes/Hornet/Cog_04.unity	17493	3368	FSM	ffe3a1a9c1e2bb94da3315cccccc4782	11400000	"[""Assets/PlayMaker/Templates/hornet_multi_wounder.asset""]"
Assets/Scenes/Hornet/Cog_04.unity	17495	3369	FSM	ffe3a1a9c1e2bb94da3315cccccc4782	11400000	"[""Assets/PlayMaker/Templates/hornet_multi_wounder.asset""]"
Assets/Scenes/Hornet/Cog_04.unity	17497	3371	FSM	ffe3a1a9c1e2bb94da3315cccccc4782	11400000	"[""Assets/PlayMaker/Templates/hornet_multi_wounder.asset""]"
Assets/Scenes/Hornet/Cog_04.unity	17499	3370	FSM	ffe3a1a9c1e2bb94da3315cccccc4782	11400000	"[""Assets/PlayMaker/Templates/hornet_multi_wounder.asset""]"
Assets/Scenes/Hornet/Cog_04.unity	17505	2695	multi_wounder	ffe3a1a9c1e2bb94da3315cccccc4782	11400000	"[""Assets/PlayMaker/Templates/hornet_multi_wounder.asset""]"
Assets/Scenes/Hornet/Cog_04.unity	17507	2696	multi_wounder	ffe3a1a9c1e2bb94da3315cccccc4782	11400000	"[""Assets/PlayMaker/Templates/hornet_multi_wounder.asset""]"
Assets/Scenes/Hornet/Cog_04.unity	17882	4445	FSM	d07bba3cfc153c4459b9737c9acd1aca	11400000	"[""Assets/PlayMaker/Templates/cog_lever_target_energy_audio.asset""]"
Assets/Scenes/Hornet/Cog_04.unity	17883	4444	FSM	d07bba3cfc153c4459b9737c9acd1aca	11400000	"[""Assets/PlayMaker/Templates/cog_lever_target_energy_audio.asset""]"
Assets/Scenes/Hornet/Cog_05.unity	5549	426	FSM	2822d5f0a56d5274594c3ab82acbe0d6	11400000	"[""Assets/PlayMaker/Templates/lowpass_audio_by_area.asset""]"
Assets/Scenes/Hornet/Cog_05.unity	5894	1374	hornet_multi_wounder	ffe3a1a9c1e2bb94da3315cccccc4782	11400000	"[""Assets/PlayMaker/Templates/hornet_multi_wounder.asset""]"
Assets/Scenes/Hornet/Cog_05.unity	5896	1375	hornet_multi_wounder	ffe3a1a9c1e2bb94da3315cccccc4782	11400000	"[""Assets/PlayMaker/Templates/hornet_multi_wounder.asset""]"
Assets/Scenes/Hornet/Cog_05.unity	5898	1372	hornet_multi_wounder	ffe3a1a9c1e2bb94da3315cccccc4782	11400000	"[""Assets/PlayMaker/Templates/hornet_multi_wounder.asset""]"
Assets/Scenes/Hornet/Cog_05.unity	5900	1373	hornet_multi_wounder	ffe3a1a9c1e2bb94da3315cccccc4782	11400000	"[""Assets/PlayMaker/Templates/hornet_multi_wounder.asset""]"
Assets/Scenes/Hornet/Cog_05.unity	6103	1040	Walk	1a114ee7b6e552f458fd7bc7adc62b7b	11400000	"[""Assets/PlayMaker/Templates/automaton_walk.asset""]"
Assets/Scenes/Hornet/Cog_05.unity	6104	1042	Walk	1a114ee7b6e552f458fd7bc7adc62b7b	11400000	"[""Assets/PlayMaker/Templates/automaton_walk.asset""]"
Assets/Scenes/Hornet/Cog_05.unity	6105	1041	Walk	1a114ee7b6e552f458fd7bc7adc62b7b	11400000	"[""Assets/PlayMaker/Templates/automaton_walk.asset""]"
Assets/Scenes/Hornet/Cog_05.unity	6106	1051	Walk	1a114ee7b6e552f458fd7bc7adc62b7b	11400000	"[""Assets/PlayMaker/Templates/automaton_walk.asset""]"
Assets/Scenes/Hornet/Cog_05.unity	6107	1052	Walk	1a114ee7b6e552f458fd7bc7adc62b7b	11400000	"[""Assets/PlayMaker/Templates/automaton_walk.asset""]"
Assets/Scenes/Hornet/Cog_05.unity	6163	1033	Automaton Walk	a890de28a952d2f4790145d21bbf16af	11400000	"[""Assets/PlayMaker/Templates/automaton_walk_quick.asset""]"
Assets/Scenes/Hornet/Cog_05.unity	6164	1039	Automaton Walk	a890de28a952d2f4790145d21bbf16af	11400000	"[""Assets/PlayMaker/Templates/automaton_walk_quick.asset""]"
Assets/Scenes/Hornet/Cog_05.unity	6165	1048	Automaton Walk	a890de28a952d2f4790145d21bbf16af	11400000	"[""Assets/PlayMaker/Templates/automaton_walk_quick.asset""]"
Assets/Scenes/Hornet/Cog_05.unity	6166	1053	Automaton Walk	a890de28a952d2f4790145d21bbf16af	11400000	"[""Assets/PlayMaker/Templates/automaton_walk_quick.asset""]"
Assets/Scenes/Hornet/Cog_05.unity	6168	1170	multi wounder	ffe3a1a9c1e2bb94da3315cccccc4782	11400000	"[""Assets/PlayMaker/Templates/hornet_multi_wounder.asset""]"
Assets/Scenes/Hornet/Cog_05.unity	6260	1035	Walk	1a114ee7b6e552f458fd7bc7adc62b7b	11400000	"[""Assets/PlayMaker/Templates/automaton_walk.asset""]"
Assets/Scenes/Hornet/Cog_05.unity	6261	1036	Walk	1a114ee7b6e552f458fd7bc7adc62b7b	11400000	"[""Assets/PlayMaker/Templates/automaton_walk.asset""]"
Assets/Scenes/Hornet/Cog_05.unity	6262	1031	Walk	1a114ee7b6e552f458fd7bc7adc62b7b	11400000	"[""Assets/PlayMaker/Templates/automaton_walk.asset""]"
Assets/Scenes/Hornet/Cog_05.unity	6263	1037	Walk	1a114ee7b6e552f458fd7bc7adc62b7b	11400000	"[""Assets/PlayMaker/Templates/automaton_walk.asset""]"
Assets/Scenes/Hornet/Cog_05.unity	6264	1050	Walk	1a114ee7b6e552f458fd7bc7adc62b7b	11400000	"[""Assets/PlayMaker/Templates/automaton_walk.asset""]"
Assets/Scenes/Hornet/Cog_05.unity	6265	1047	Walk	1a114ee7b6e552f458fd7bc7adc62b7b	11400000	"[""Assets/PlayMaker/Templates/automaton_walk.asset""]"
Assets/Scenes/Hornet/Cog_05.unity	6266	1059	Walk	1a114ee7b6e552f458fd7bc7adc62b7b	11400000	"[""Assets/PlayMaker/Templates/automaton_walk.asset""]"
Assets/Scenes/Hornet/Cog_05.unity	6267	1056	Walk	1a114ee7b6e552f458fd7bc7adc62b7b	11400000	"[""Assets/PlayMaker/Templates/automaton_walk.asset""]"
Assets/Scenes/Hornet/Cog_05.unity	6268	1055	Walk	1a114ee7b6e552f458fd7bc7adc62b7b	11400000	"[""Assets/PlayMaker/Templates/automaton_walk.asset""]"
Assets/Scenes/Hornet/Cog_05.unity	6354	426	follow_camera_bound	c332780cbeb3a264fb2eff442248d6cd	11400000	"[""Assets/PlayMaker/Templates/follow_camera_bound.asset""]"
Assets/Scenes/Hornet/Cog_05.unity	6401	1130	multi_wounder	ffe3a1a9c1e2bb94da3315cccccc4782	11400000	"[""Assets/PlayMaker/Templates/hornet_multi_wounder.asset""]"
Assets/Scenes/Hornet/Cog_05.unity	6403	1131	multi_wounder	ffe3a1a9c1e2bb94da3315cccccc4782	11400000	"[""Assets/PlayMaker/Templates/hornet_multi_wounder.asset""]"
Assets/Scenes/Hornet/Cog_05.unity	6405	1129	multi_wounder	ffe3a1a9c1e2bb94da3315cccccc4782	11400000	"[""Assets/PlayMaker/Templates/hornet_multi_wounder.asset""]"
Assets/Scenes/Hornet/Cog_05.unity	6407	1128	multi_wounder	ffe3a1a9c1e2bb94da3315cccccc4782	11400000	"[""Assets/PlayMaker/Templates/hornet_multi_wounder.asset""]"
Assets/Scenes/Hornet/Cog_05.unity	6409	1127	multi_wounder	ffe3a1a9c1e2bb94da3315cccccc4782	11400000	"[""Assets/PlayMaker/Templates/hornet_multi_wounder.asset""]"
Assets/Scenes/Hornet/Cog_05.unity	6424	1318	FSM	ffe3a1a9c1e2bb94da3315cccccc4782	11400000	"[""Assets/PlayMaker/Templates/hornet_multi_wounder.asset""]"
Assets/Scenes/Hornet/Cog_05.unity	6426	1320	FSM	ffe3a1a9c1e2bb94da3315cccccc4782	11400000	"[""Assets/PlayMaker/Templates/hornet_multi_wounder.asset""]"
Assets/Scenes/Hornet/Cog_05.unity	6428	1319	FSM	ffe3a1a9c1e2bb94da3315cccccc4782	11400000	"[""Assets/PlayMaker/Templates/hornet_multi_wounder.asset""]"
Assets/Scenes/Hornet/Cog_05.unity	6430	1321	FSM	ffe3a1a9c1e2bb94da3315cccccc4782	11400000	"[""Assets/PlayMaker/Templates/hornet_multi_wounder.asset""]"
Assets/Scenes/Hornet/Cog_05.unity	6432	1322	FSM	ffe3a1a9c1e2bb94da3315cccccc4782	11400000	"[""Assets/PlayMaker/Templates/hornet_multi_wounder.asset""]"
Assets/Scenes/Hornet/Cog_05.unity	6434	1323	FSM	ffe3a1a9c1e2bb94da3315cccccc4782	11400000	"[""Assets/PlayMaker/Templates/hornet_multi_wounder.asset""]"
Assets/Scenes/Hornet/Cog_05.unity	6436	1325	FSM	ffe3a1a9c1e2bb94da3315cccccc4782	11400000	"[""Assets/PlayMaker/Templates/hornet_multi_wounder.asset""]"
Assets/Scenes/Hornet/Cog_05.unity	6438	1324	FSM	ffe3a1a9c1e2bb94da3315cccccc4782	11400000	"[""Assets/PlayMaker/Templates/hornet_multi_wounder.asset""]"
Assets/Scenes/Hornet/Cog_05.unity	6440	1326	FSM	ffe3a1a9c1e2bb94da3315cccccc4782	11400000	"[""Assets/PlayMaker/Templates/hornet_multi_wounder.asset""]"
Assets/Scenes/Hornet/Cog_05.unity	6442	1125	multi_wounder	ffe3a1a9c1e2bb94da3315cccccc4782	11400000	"[""Assets/PlayMaker/Templates/hornet_multi_wounder.asset""]"
Assets/Scenes/Hornet/Cog_05.unity	6444	1124	multi_wounder	ffe3a1a9c1e2bb94da3315cccccc4782	11400000	"[""Assets/PlayMaker/Templates/hornet_multi_wounder.asset""]"
Assets/Scenes/Hornet/Cog_05.unity	6446	1123	multi_wounder	ffe3a1a9c1e2bb94da3315cccccc4782	11400000	"[""Assets/PlayMaker/Templates/hornet_multi_wounder.asset""]"
Assets/Scenes/Hornet/Cog_05.unity	6448	1121	multi_wounder	ffe3a1a9c1e2bb94da3315cccccc4782	11400000	"[""Assets/PlayMaker/Templates/hornet_multi_wounder.asset""]"
Assets/Scenes/Hornet/Cog_05.unity	6450	1122	multi_wounder	ffe3a1a9c1e2bb94da3315cccccc4782	11400000	"[""Assets/PlayMaker/Templates/hornet_multi_wounder.asset""]"
Assets/Scenes/Hornet/Cog_05.unity	6452	1049	detect_taunt	e31f8c1f0ec0cf44e80a36eed94aa3b1	11400000	"[""Assets/PlayMaker/Templates/detect_taunt.asset""]"
Assets/Scenes/Hornet/Cog_05.unity	6453	1043	detect_taunt	e31f8c1f0ec0cf44e80a36eed94aa3b1	11400000	"[""Assets/PlayMaker/Templates/detect_taunt.asset""]"
Assets/Scenes/Hornet/Cog_05.unity	6454	1032	detect_taunt	e31f8c1f0ec0cf44e80a36eed94aa3b1	11400000	"[""Assets/PlayMaker/Templates/detect_taunt.asset""]"
Assets/Scenes/Hornet/Cog_05.unity	6455	1034	detect_taunt	e31f8c1f0ec0cf44e80a36eed94aa3b1	11400000	"[""Assets/PlayMaker/Templates/detect_taunt.asset""]"
Assets/Scenes/Hornet/Cog_05.unity	6495	854	FSM	ffe3a1a9c1e2bb94da3315cccccc4782	11400000	"[""Assets/PlayMaker/Templates/hornet_multi_wounder.asset""]"
Assets/Scenes/Hornet/Cog_05.unity	6497	855	FSM	ffe3a1a9c1e2bb94da3315cccccc4782	11400000	"[""Assets/PlayMaker/Templates/hornet_multi_wounder.asset""]"
Assets/Scenes/Hornet/Cog_05.unity	6499	856	FSM	ffe3a1a9c1e2bb94da3315cccccc4782	11400000	"[""Assets/PlayMaker/Templates/hornet_multi_wounder.asset""]"
Assets/Scenes/Hornet/Cog_05.unity	6501	857	FSM	ffe3a1a9c1e2bb94da3315cccccc4782	11400000	"[""Assets/PlayMaker/Templates/hornet_multi_wounder.asset""]"
Assets/Scenes/Hornet/Cog_05.unity	6554	1049	FSM	6f0839127750b164ebb46ddbae600e15	11400000	"[""Assets/PlayMaker/Templates/flyer_go_up_response.asset""]"
Assets/Scenes/Hornet/Cog_05.unity	6556	1043	FSM	6f0839127750b164ebb46ddbae600e15	11400000	"[""Assets/PlayMaker/Templates/flyer_go_up_response.asset""]"
Assets/Scenes/Hornet/Cog_05.unity	6558	1032	FSM	6f0839127750b164ebb46ddbae600e15	11400000	"[""Assets/PlayMaker/Templates/flyer_go_up_response.asset""]"
Assets/Scenes/Hornet/Cog_05.unity	6560	1034	FSM	6f0839127750b164ebb46ddbae600e15	11400000	"[""Assets/PlayMaker/Templates/flyer_go_up_response.asset""]"
Assets/Scenes/Hornet/Cog_06.unity	3097	614	hornet_multi_wounder	ffe3a1a9c1e2bb94da3315cccccc4782	11400000	"[""Assets/PlayMaker/Templates/hornet_multi_wounder.asset""]"
Assets/Scenes/Hornet/Cog_06.unity	3243	427	Automaton Walk	a890de28a952d2f4790145d21bbf16af	11400000	"[""Assets/PlayMaker/Templates/automaton_walk_quick.asset""]"
Assets/Scenes/Hornet/Cog_06.unity	3298	175	follow_camera_bound	c332780cbeb3a264fb2eff442248d6cd	11400000	"[""Assets/PlayMaker/Templates/follow_camera_bound.asset""]"
Assets/Scenes/Hornet/Cog_06.unity	3311	567	Audio	d07bba3cfc153c4459b9737c9acd1aca	11400000	"[""Assets/PlayMaker/Templates/cog_lever_target_energy_audio.asset""]"
Assets/Scenes/Hornet/Cog_06.unity	3370	425	detect_taunt	e31f8c1f0ec0cf44e80a36eed94aa3b1	11400000	"[""Assets/PlayMaker/Templates/detect_taunt.asset""]"
Assets/Scenes/Hornet/Cog_06.unity	3380	369	FSM	ffe3a1a9c1e2bb94da3315cccccc4782	11400000	"[""Assets/PlayMaker/Templates/hornet_multi_wounder.asset""]"
Assets/Scenes/Hornet/Cog_06.unity	3457	425	FSM	6f0839127750b164ebb46ddbae600e15	11400000	"[""Assets/PlayMaker/Templates/flyer_go_up_response.asset""]"
Assets/Scenes/Hornet/Cog_07.unity	6753	1340	lowpass	2822d5f0a56d5274594c3ab82acbe0d6	11400000	"[""Assets/PlayMaker/Templates/lowpass_audio_by_area.asset""]"
Assets/Scenes/Hornet/Cog_07.unity	6783	1333	lowpass	2822d5f0a56d5274594c3ab82acbe0d6	11400000	"[""Assets/PlayMaker/Templates/lowpass_audio_by_area.asset""]"
Assets/Scenes/Hornet/Cog_07.unity	7307	1401	multi wounder	ffe3a1a9c1e2bb94da3315cccccc4782	11400000	"[""Assets/PlayMaker/Templates/hornet_multi_wounder.asset""]"
Assets/Scenes/Hornet/Cog_07.unity	7429	1696	steam_slash_effect	1f84846daa21b104a97207aebc9242c6	11400000	"[""Assets/PlayMaker/Templates/steam_slash_effect.asset""]"
Assets/Scenes/Hornet/Cog_07.unity	7430	1695	steam_slash_effect	1f84846daa21b104a97207aebc9242c6	11400000	"[""Assets/PlayMaker/Templates/steam_slash_effect.asset""]"
Assets/Scenes/Hornet/Cog_07.unity	7431	1698	steam_slash_effect	1f84846daa21b104a97207aebc9242c6	11400000	"[""Assets/PlayMaker/Templates/steam_slash_effect.asset""]"
Assets/Scenes/Hornet/Cog_07.unity	7432	1697	steam_slash_effect	1f84846daa21b104a97207aebc9242c6	11400000	"[""Assets/PlayMaker/Templates/steam_slash_effect.asset""]"
Assets/Scenes/Hornet/Cog_07.unity	7530	1341	detect_taunt	e31f8c1f0ec0cf44e80a36eed94aa3b1	11400000	"[""Assets/PlayMaker/Templates/detect_taunt.asset""]"
Assets/Scenes/Hornet/Cog_07.unity	7531	1340	detect_taunt	e31f8c1f0ec0cf44e80a36eed94aa3b1	11400000	"[""Assets/PlayMaker/Templates/detect_taunt.asset""]"
Assets/Scenes/Hornet/Cog_07.unity	7532	1336	detect_taunt	e31f8c1f0ec0cf44e80a36eed94aa3b1	11400000	"[""Assets/PlayMaker/Templates/detect_taunt.asset""]"
Assets/Scenes/Hornet/Cog_07.unity	7533	1333	detect_taunt	e31f8c1f0ec0cf44e80a36eed94aa3b1	11400000	"[""Assets/PlayMaker/Templates/detect_taunt.asset""]"
Assets/Scenes/Hornet/Cog_07.unity	7550	1207	FSM	ffe3a1a9c1e2bb94da3315cccccc4782	11400000	"[""Assets/PlayMaker/Templates/hornet_multi_wounder.asset""]"
Assets/Scenes/Hornet/Cog_07.unity	7552	1208	FSM	ffe3a1a9c1e2bb94da3315cccccc4782	11400000	"[""Assets/PlayMaker/Templates/hornet_multi_wounder.asset""]"
Assets/Scenes/Hornet/Cog_07.unity	7554	1210	FSM	ffe3a1a9c1e2bb94da3315cccccc4782	11400000	"[""Assets/PlayMaker/Templates/hornet_multi_wounder.asset""]"
Assets/Scenes/Hornet/Cog_07.unity	7556	1209	FSM	ffe3a1a9c1e2bb94da3315cccccc4782	11400000	"[""Assets/PlayMaker/Templates/hornet_multi_wounder.asset""]"
Assets/Scenes/Hornet/Cog_07.unity	7594	1909	FSM	d07bba3cfc153c4459b9737c9acd1aca	11400000	"[""Assets/PlayMaker/Templates/cog_lever_target_energy_audio.asset""]"
Assets/Scenes/Hornet/Cog_07.unity	7619	1340	FSM	6f0839127750b164ebb46ddbae600e15	11400000	"[""Assets/PlayMaker/Templates/flyer_go_up_response.asset""]"
Assets/Scenes/Hornet/Cog_07.unity	7621	1341	FSM	6f0839127750b164ebb46ddbae600e15	11400000	"[""Assets/PlayMaker/Templates/flyer_go_up_response.asset""]"
Assets/Scenes/Hornet/Cog_07.unity	7623	1336	FSM	6f0839127750b164ebb46ddbae600e15	11400000	"[""Assets/PlayMaker/Templates/flyer_go_up_response.asset""]"
Assets/Scenes/Hornet/Cog_07.unity	7625	1333	FSM	6f0839127750b164ebb46ddbae600e15	11400000	"[""Assets/PlayMaker/Templates/flyer_go_up_response.asset""]"
Assets/Scenes/Hornet/Cog_08.unity	13728	2878	hornet_multi_wounder	ffe3a1a9c1e2bb94da3315cccccc4782	11400000	"[""Assets/PlayMaker/Templates/hornet_multi_wounder.asset""]"
Assets/Scenes/Hornet/Cog_08.unity	14235	1445	Control	8b56ec0cfd65cc947973c77e650d446d	11400000	"[""Assets/PlayMaker/Templates/harpoon_ring.asset""]"
Assets/Scenes/Hornet/Cog_08.unity	14238	1443	Control	8b56ec0cfd65cc947973c77e650d446d	11400000	"[""Assets/PlayMaker/Templates/harpoon_ring.asset""]"
Assets/Scenes/Hornet/Cog_08.unity	14241	1444	Control	8b56ec0cfd65cc947973c77e650d446d	11400000	"[""Assets/PlayMaker/Templates/harpoon_ring.asset""]"
Assets/Scenes/Hornet/Cog_08.unity	14244	1442	Control	8b56ec0cfd65cc947973c77e650d446d	11400000	"[""Assets/PlayMaker/Templates/harpoon_ring.asset""]"
Assets/Scenes/Hornet/Cog_08.unity	14247	1441	Control	8b56ec0cfd65cc947973c77e650d446d	11400000	"[""Assets/PlayMaker/Templates/harpoon_ring.asset""]"
Assets/Scenes/Hornet/Cog_08.unity	14250	1439	Control	8b56ec0cfd65cc947973c77e650d446d	11400000	"[""Assets/PlayMaker/Templates/harpoon_ring.asset""]"
Assets/Scenes/Hornet/Cog_08.unity	14253	1440	Control	8b56ec0cfd65cc947973c77e650d446d	11400000	"[""Assets/PlayMaker/Templates/harpoon_ring.asset""]"
Assets/Scenes/Hornet/Cog_08.unity	14256	1437	Control	8b56ec0cfd65cc947973c77e650d446d	11400000	"[""Assets/PlayMaker/Templates/harpoon_ring.asset""]"
Assets/Scenes/Hornet/Cog_08.unity	14259	1438	Control	8b56ec0cfd65cc947973c77e650d446d	11400000	"[""Assets/PlayMaker/Templates/harpoon_ring.asset""]"
Assets/Scenes/Hornet/Cog_08.unity	14275	2116	Walk	1a114ee7b6e552f458fd7bc7adc62b7b	11400000	"[""Assets/PlayMaker/Templates/automaton_walk.asset""]"
Assets/Scenes/Hornet/Cog_08.unity	14276	2121	Walk	1a114ee7b6e552f458fd7bc7adc62b7b	11400000	"[""Assets/PlayMaker/Templates/automaton_walk.asset""]"
Assets/Scenes/Hornet/Cog_08.unity	14333	2118	Automaton Walk	a890de28a952d2f4790145d21bbf16af	11400000	"[""Assets/PlayMaker/Templates/automaton_walk_quick.asset""]"
Assets/Scenes/Hornet/Cog_08.unity	14385	2120	Walk	1a114ee7b6e552f458fd7bc7adc62b7b	11400000	"[""Assets/PlayMaker/Templates/automaton_walk.asset""]"
Assets/Scenes/Hornet/Cog_08.unity	14446	1449	Walk	e34d4022ac3a66442b321d0f59c31f56	11400000	"[""Assets/PlayMaker/Templates/automaton_walk_vertical.asset""]"
Assets/Scenes/Hornet/Cog_08.unity	14447	1450	Walk	e34d4022ac3a66442b321d0f59c31f56	11400000	"[""Assets/PlayMaker/Templates/automaton_walk_vertical.asset""]"
Assets/Scenes/Hornet/Cog_08.unity	14448	1448	Walk	e34d4022ac3a66442b321d0f59c31f56	11400000	"[""Assets/PlayMaker/Templates/automaton_walk_vertical.asset""]"
Assets/Scenes/Hornet/Cog_08.unity	14465	676	follow_camera_bound	c332780cbeb3a264fb2eff442248d6cd	11400000	"[""Assets/PlayMaker/Templates/follow_camera_bound.asset""]"
Assets/Scenes/Hornet/Cog_08.unity	14466	720	follow_camera_bound	c332780cbeb3a264fb2eff442248d6cd	11400000	"[""Assets/PlayMaker/Templates/follow_camera_bound.asset""]"
Assets/Scenes/Hornet/Cog_08.unity	14467	871	follow_camera_bound	c332780cbeb3a264fb2eff442248d6cd	11400000	"[""Assets/PlayMaker/Templates/follow_camera_bound.asset""]"
Assets/Scenes/Hornet/Cog_08.unity	14515	2287	multi_wounder	ffe3a1a9c1e2bb94da3315cccccc4782	11400000	"[""Assets/PlayMaker/Templates/hornet_multi_wounder.asset""]"
Assets/Scenes/Hornet/Cog_08.unity	14517	2286	multi_wounder	ffe3a1a9c1e2bb94da3315cccccc4782	11400000	"[""Assets/PlayMaker/Templates/hornet_multi_wounder.asset""]"
Assets/Scenes/Hornet/Cog_08.unity	14654	2769	FSM	ffe3a1a9c1e2bb94da3315cccccc4782	11400000	"[""Assets/PlayMaker/Templates/hornet_multi_wounder.asset""]"
Assets/Scenes/Hornet/Cog_08.unity	14656	2273	multi_wounder	ffe3a1a9c1e2bb94da3315cccccc4782	11400000	"[""Assets/PlayMaker/Templates/hornet_multi_wounder.asset""]"
Assets/Scenes/Hornet/Cog_08.unity	14658	2272	multi_wounder	ffe3a1a9c1e2bb94da3315cccccc4782	11400000	"[""Assets/PlayMaker/Templates/hornet_multi_wounder.asset""]"
Assets/Scenes/Hornet/Cog_08.unity	14984	3700	FSM	d07bba3cfc153c4459b9737c9acd1aca	11400000	"[""Assets/PlayMaker/Templates/cog_lever_target_energy_audio.asset""]"
Assets/Scenes/Hornet/Cog_09.unity	7368	1350	Walk	1a114ee7b6e552f458fd7bc7adc62b7b	11400000	"[""Assets/PlayMaker/Templates/automaton_walk.asset""]"
Assets/Scenes/Hornet/Cog_09.unity	7369	1351	Walk	1a114ee7b6e552f458fd7bc7adc62b7b	11400000	"[""Assets/PlayMaker/Templates/automaton_walk.asset""]"
Assets/Scenes/Hornet/Cog_09.unity	7400	95	follow_camera_bound	c332780cbeb3a264fb2eff442248d6cd	11400000	"[""Assets/PlayMaker/Templates/follow_camera_bound.asset""]"
Assets/Scenes/Hornet/Cog_09.unity	7468	1700	FSM	ffe3a1a9c1e2bb94da3315cccccc4782	11400000	"[""Assets/PlayMaker/Templates/hornet_multi_wounder.asset""]"
Assets/Scenes/Hornet/Cog_09.unity	7470	1701	FSM	ffe3a1a9c1e2bb94da3315cccccc4782	11400000	"[""Assets/PlayMaker/Templates/hornet_multi_wounder.asset""]"
Assets/Scenes/Hornet/Cog_09.unity	7486	2120	tilt_plat	1686fa2f54abca14ea6969b774a733fb	11400000	"[""Assets/PlayMaker/Templates/depress_plat.asset""]"
Assets/Scenes/Hornet/Cog_09.unity	7487	2118	tilt_plat	1686fa2f54abca14ea6969b774a733fb	11400000	"[""Assets/PlayMaker/Templates/depress_plat.asset""]"
Assets/Scenes/Hornet/Cog_09.unity	7488	2119	tilt_plat	1686fa2f54abca14ea6969b774a733fb	11400000	"[""Assets/PlayMaker/Templates/depress_plat.asset""]"
Assets/Scenes/Hornet/Cog_09.unity	7489	2117	tilt_plat	1686fa2f54abca14ea6969b774a733fb	11400000	"[""Assets/PlayMaker/Templates/depress_plat.asset""]"
Assets/Scenes/Hornet/Cog_09.unity	7490	2116	tilt_plat	1686fa2f54abca14ea6969b774a733fb	11400000	"[""Assets/PlayMaker/Templates/depress_plat.asset""]"
Assets/Scenes/Hornet/Cog_09.unity	7491	2115	tilt_plat	1686fa2f54abca14ea6969b774a733fb	11400000	"[""Assets/PlayMaker/Templates/depress_plat.asset""]"
Assets/Scenes/Hornet/Cog_09_Destroyed.unity	6146	1624	steam_slash_effect	1f84846daa21b104a97207aebc9242c6	11400000	"[""Assets/PlayMaker/Templates/steam_slash_effect.asset""]"
Assets/Scenes/Hornet/Cog_10_Destroyed.unity	7736	1878	FSM	ffe3a1a9c1e2bb94da3315cccccc4782	11400000	"[""Assets/PlayMaker/Templates/hornet_multi_wounder.asset""]"
Assets/Scenes/Hornet/Cog_10_Destroyed.unity	7739	1877	FSM	ffe3a1a9c1e2bb94da3315cccccc4782	11400000	"[""Assets/PlayMaker/Templates/hornet_multi_wounder.asset""]"
Assets/Scenes/Hornet/Cog_10_Destroyed.unity	7804	1528	tilt_plat	a40d78acbe179ad4a90e9b9d77d082be	11400000	"[""Assets/PlayMaker/Templates/tilt_plat.asset""]"
Assets/Scenes/Hornet/Cog_10_Destroyed.unity	7805	1527	tilt_plat	a40d78acbe179ad4a90e9b9d77d082be	11400000	"[""Assets/PlayMaker/Templates/tilt_plat.asset""]"
Assets/Scenes/Hornet/Cog_10_Destroyed.unity	8108	1604	multi wounder	ffe3a1a9c1e2bb94da3315cccccc4782	11400000	"[""Assets/PlayMaker/Templates/hornet_multi_wounder.asset""]"
Assets/Scenes/Hornet/Cog_10_Destroyed.unity	8195	1769	steam_slash_effect	1f84846daa21b104a97207aebc9242c6	11400000	"[""Assets/PlayMaker/Templates/steam_slash_effect.asset""]"
Assets/Scenes/Hornet/Cog_10_Destroyed.unity	8196	1770	steam_slash_effect	1f84846daa21b104a97207aebc9242c6	11400000	"[""Assets/PlayMaker/Templates/steam_slash_effect.asset""]"
Assets/Scenes/Hornet/Cog_10_Destroyed.unity	8324	1605	FSM	ffe3a1a9c1e2bb94da3315cccccc4782	11400000	"[""Assets/PlayMaker/Templates/hornet_multi_wounder.asset""]"
Assets/Scenes/Hornet/Cog_Bench.unity	2658	148	Bench Control	30022a57d0796134fbc5d49b1decd4f9	11400000	"[""Assets/PlayMaker/Templates/bench_control.asset""]"
Assets/Scenes/Hornet/Cog_Bench.unity	2691	427	depress_plat	1686fa2f54abca14ea6969b774a733fb	11400000	"[""Assets/PlayMaker/Templates/depress_plat.asset""]"
Assets/Scenes/Hornet/Cog_Dancers.unity	5645	1083	lowpass	2822d5f0a56d5274594c3ab82acbe0d6	11400000	"[""Assets/PlayMaker/Templates/lowpass_audio_by_area.asset""]"
Assets/Scenes/Hornet/Cog_Dancers.unity	5648	1090	depress_plat	1686fa2f54abca14ea6969b774a733fb	11400000	"[""Assets/PlayMaker/Templates/depress_plat.asset""]"
Assets/Scenes/Hornet/Cog_Dancers.unity	5776	1664	Control	ebb7f868f778b6f4aae2a069121a4374	11400000	"[""Assets/PlayMaker/Templates/tracking_object.asset""]"
Assets/Scenes/Hornet/Cog_Dancers.unity	5982	1083	follow_camera_bound	c332780cbeb3a264fb2eff442248d6cd	11400000	"[""Assets/PlayMaker/Templates/follow_camera_bound.asset""]"
Assets/Scenes/Hornet/Cog_Dancers.unity	6013	1430	Audio	d07bba3cfc153c4459b9737c9acd1aca	11400000	"[""Assets/PlayMaker/Templates/cog_lever_target_energy_audio.asset""]"
Assets/Scenes/Hornet/Cog_Dancers_boss.unity	3238	2	arena impact	5118ab80c767eb040a37f73fdc32459c	11400000	"[""Assets/PlayMaker/Templates/corpse_chunk_arena_impact.asset""]"
Assets/Scenes/Hornet/Cog_Dancers_boss.unity	3243	6	Control	d642eb3177b769248a9a6e5a501aa5d2	11400000	"[""Assets/PlayMaker/Templates/cog_dancer_dive_pattern.asset""]"
Assets/Scenes/Hornet/Cog_Dancers_boss.unity	3245	8	Control	d642eb3177b769248a9a6e5a501aa5d2	11400000	"[""Assets/PlayMaker/Templates/cog_dancer_dive_pattern.asset""]"
Assets/Scenes/Hornet/Cog_Dancers_boss.unity	3252	10	needolin_capture_timer	b9f4b3281f42e1a4caf6b82689ee6177	11400000	"[""Assets/PlayMaker/Templates/needolin_capture_timer.asset""]"
Assets/Scenes/Hornet/Cog_Dancers_boss.unity	3253	12	Control	d642eb3177b769248a9a6e5a501aa5d2	11400000	"[""Assets/PlayMaker/Templates/cog_dancer_dive_pattern.asset""]"
Assets/Scenes/Hornet/Cog_Dancers_boss.unity	3254	16	Control	d642eb3177b769248a9a6e5a501aa5d2	11400000	"[""Assets/PlayMaker/Templates/cog_dancer_dive_pattern.asset""]"
Assets/Scenes/Hornet/Cog_Dancers_boss.unity	3258	25	Control	d642eb3177b769248a9a6e5a501aa5d2	11400000	"[""Assets/PlayMaker/Templates/cog_dancer_dive_pattern.asset""]"
Assets/Scenes/Hornet/Cog_Dancers_boss.unity	3259	26	Control	d642eb3177b769248a9a6e5a501aa5d2	11400000	"[""Assets/PlayMaker/Templates/cog_dancer_dive_pattern.asset""]"
Assets/Scenes/Hornet/Cog_Dancers_boss.unity	3263	29	Control	d642eb3177b769248a9a6e5a501aa5d2	11400000	"[""Assets/PlayMaker/Templates/cog_dancer_dive_pattern.asset""]"
Assets/Scenes/Hornet/Cog_Dancers_boss.unity	3265	31	Control	d642eb3177b769248a9a6e5a501aa5d2	11400000	"[""Assets/PlayMaker/Templates/cog_dancer_dive_pattern.asset""]"
Assets/Scenes/Hornet/Cog_Dancers_boss.unity	3269	32	arena impact	5118ab80c767eb040a37f73fdc32459c	11400000	"[""Assets/PlayMaker/Templates/corpse_chunk_arena_impact.asset""]"
Assets/Scenes/Hornet/Cog_Dancers_boss.unity	3273	34	Control	d642eb3177b769248a9a6e5a501aa5d2	11400000	"[""Assets/PlayMaker/Templates/cog_dancer_dive_pattern.asset""]"
Assets/Scenes/Hornet/Cog_Dancers_boss.unity	3274	37	Control	d642eb3177b769248a9a6e5a501aa5d2	11400000	"[""Assets/PlayMaker/Templates/cog_dancer_dive_pattern.asset""]"
Assets/Scenes/Hornet/Cog_Dancers_boss.unity	3275	41	Control	d642eb3177b769248a9a6e5a501aa5d2	11400000	"[""Assets/PlayMaker/Templates/cog_dancer_dive_pattern.asset""]"
Assets/Scenes/Hornet/Cog_Dancers_boss.unity	3280	45	Control	d642eb3177b769248a9a6e5a501aa5d2	11400000	"[""Assets/PlayMaker/Templates/cog_dancer_dive_pattern.asset""]"
Assets/Scenes/Hornet/Cog_Dancers_boss.unity	3281	46	Control	d642eb3177b769248a9a6e5a501aa5d2	11400000	"[""Assets/PlayMaker/Templates/cog_dancer_dive_pattern.asset""]"
Assets/Scenes/Hornet/Cog_Dancers_boss.unity	3285	50	Control	d642eb3177b769248a9a6e5a501aa5d2	11400000	"[""Assets/PlayMaker/Templates/cog_dancer_dive_pattern.asset""]"
Assets/Scenes/Hornet/Cog_Dancers_boss.unity	3290	52	arena impact	5118ab80c767eb040a37f73fdc32459c	11400000	"[""Assets/PlayMaker/Templates/corpse_chunk_arena_impact.asset""]"
Assets/Scenes/Hornet/Cog_Dancers_boss.unity	3307	812	hornet_multi_wounder	ffe3a1a9c1e2bb94da3315cccccc4782	11400000	"[""Assets/PlayMaker/Templates/hornet_multi_wounder.asset""]"
Assets/Scenes/Hornet/Cog_Dancers_boss.unity	3308	811	hornet_multi_wounder	ffe3a1a9c1e2bb94da3315cccccc4782	11400000	"[""Assets/PlayMaker/Templates/hornet_multi_wounder.asset""]"
Assets/Scenes/Hornet/Cog_Dancers_boss.unity	3309	810	hornet_multi_wounder	ffe3a1a9c1e2bb94da3315cccccc4782	11400000	"[""Assets/PlayMaker/Templates/hornet_multi_wounder.asset""]"
Assets/Scenes/Hornet/Cog_Dancers_boss.unity	3310	809	hornet_multi_wounder	ffe3a1a9c1e2bb94da3315cccccc4782	11400000	"[""Assets/PlayMaker/Templates/hornet_multi_wounder.asset""]"
Assets/Scenes/Hornet/Cog_Dancers_boss.unity	3311	806	hornet_multi_wounder	ffe3a1a9c1e2bb94da3315cccccc4782	11400000	"[""Assets/PlayMaker/Templates/hornet_multi_wounder.asset""]"
Assets/Scenes/Hornet/Cog_Dancers_boss.unity	3312	807	hornet_multi_wounder	ffe3a1a9c1e2bb94da3315cccccc4782	11400000	"[""Assets/PlayMaker/Templates/hornet_multi_wounder.asset""]"
Assets/Scenes/Hornet/Cog_Dancers_boss.unity	3313	808	hornet_multi_wounder	ffe3a1a9c1e2bb94da3315cccccc4782	11400000	"[""Assets/PlayMaker/Templates/hornet_multi_wounder.asset""]"
Assets/Scenes/Hornet/Cog_Dancers_boss.unity	3314	805	hornet_multi_wounder	ffe3a1a9c1e2bb94da3315cccccc4782	11400000	"[""Assets/PlayMaker/Templates/hornet_multi_wounder.asset""]"
Assets/Scenes/Hornet/Cog_Dancers_boss.unity	3315	804	hornet_multi_wounder	ffe3a1a9c1e2bb94da3315cccccc4782	11400000	"[""Assets/PlayMaker/Templates/hornet_multi_wounder.asset""]"
Assets/Scenes/Hornet/Cog_Dancers_boss.unity	3316	803	hornet_multi_wounder	ffe3a1a9c1e2bb94da3315cccccc4782	11400000	"[""Assets/PlayMaker/Templates/hornet_multi_wounder.asset""]"
Assets/Scenes/Hornet/Cog_Dancers_boss.unity	3317	802	hornet_multi_wounder	ffe3a1a9c1e2bb94da3315cccccc4782	11400000	"[""Assets/PlayMaker/Templates/hornet_multi_wounder.asset""]"
Assets/Scenes/Hornet/Cog_Dancers_boss.unity	3318	801	hornet_multi_wounder	ffe3a1a9c1e2bb94da3315cccccc4782	11400000	"[""Assets/PlayMaker/Templates/hornet_multi_wounder.asset""]"
Assets/Scenes/Hornet/Cog_Dancers_boss.unity	3319	800	hornet_multi_wounder	ffe3a1a9c1e2bb94da3315cccccc4782	11400000	"[""Assets/PlayMaker/Templates/hornet_multi_wounder.asset""]"
Assets/Scenes/Hornet/Cog_Dancers_boss.unity	3320	819	hornet_multi_wounder	ffe3a1a9c1e2bb94da3315cccccc4782	11400000	"[""Assets/PlayMaker/Templates/hornet_multi_wounder.asset""]"
Assets/Scenes/Hornet/Cog_Dancers_boss.unity	3321	818	hornet_multi_wounder	ffe3a1a9c1e2bb94da3315cccccc4782	11400000	"[""Assets/PlayMaker/Templates/hornet_multi_wounder.asset""]"
Assets/Scenes/Hornet/Cog_Dancers_boss.unity	3322	817	hornet_multi_wounder	ffe3a1a9c1e2bb94da3315cccccc4782	11400000	"[""Assets/PlayMaker/Templates/hornet_multi_wounder.asset""]"
Assets/Scenes/Hornet/Cog_Dancers_boss.unity	3323	816	hornet_multi_wounder	ffe3a1a9c1e2bb94da3315cccccc4782	11400000	"[""Assets/PlayMaker/Templates/hornet_multi_wounder.asset""]"
Assets/Scenes/Hornet/Cog_Dancers_boss.unity	3324	815	hornet_multi_wounder	ffe3a1a9c1e2bb94da3315cccccc4782	11400000	"[""Assets/PlayMaker/Templates/hornet_multi_wounder.asset""]"
Assets/Scenes/Hornet/Cog_Dancers_boss.unity	3325	814	hornet_multi_wounder	ffe3a1a9c1e2bb94da3315cccccc4782	11400000	"[""Assets/PlayMaker/Templates/hornet_multi_wounder.asset""]"
Assets/Scenes/Hornet/Cog_Dancers_boss.unity	3326	813	hornet_multi_wounder	ffe3a1a9c1e2bb94da3315cccccc4782	11400000	"[""Assets/PlayMaker/Templates/hornet_multi_wounder.asset""]"
Assets/Scenes/Hornet/Cog_Dancers_boss.unity	3327	788	hornet_multi_wounder	ffe3a1a9c1e2bb94da3315cccccc4782	11400000	"[""Assets/PlayMaker/Templates/hornet_multi_wounder.asset""]"
Assets/Scenes/Hornet/Cog_Dancers_boss.unity	3328	787	hornet_multi_wounder	ffe3a1a9c1e2bb94da3315cccccc4782	11400000	"[""Assets/PlayMaker/Templates/hornet_multi_wounder.asset""]"
Assets/Scenes/Hornet/Cog_Dancers_boss.unity	3329	785	hornet_multi_wounder	ffe3a1a9c1e2bb94da3315cccccc4782	11400000	"[""Assets/PlayMaker/Templates/hornet_multi_wounder.asset""]"
Assets/Scenes/Hornet/Cog_Dancers_boss.unity	3330	786	hornet_multi_wounder	ffe3a1a9c1e2bb94da3315cccccc4782	11400000	"[""Assets/PlayMaker/Templates/hornet_multi_wounder.asset""]"
Assets/Scenes/Hornet/Cog_Dancers_boss.unity	3331	784	hornet_multi_wounder	ffe3a1a9c1e2bb94da3315cccccc4782	11400000	"[""Assets/PlayMaker/Templates/hornet_multi_wounder.asset""]"
Assets/Scenes/Hornet/Cog_Dancers_boss.unity	3332	783	hornet_multi_wounder	ffe3a1a9c1e2bb94da3315cccccc4782	11400000	"[""Assets/PlayMaker/Templates/hornet_multi_wounder.asset""]"
Assets/Scenes/Hornet/Cog_Dancers_boss.unity	3333	782	hornet_multi_wounder	ffe3a1a9c1e2bb94da3315cccccc4782	11400000	"[""Assets/PlayMaker/Templates/hornet_multi_wounder.asset""]"
Assets/Scenes/Hornet/Cog_Dancers_boss.unity	3334	781	hornet_multi_wounder	ffe3a1a9c1e2bb94da3315cccccc4782	11400000	"[""Assets/PlayMaker/Templates/hornet_multi_wounder.asset""]"
Assets/Scenes/Hornet/Cog_Dancers_boss.unity	3335	780	hornet_multi_wounder	ffe3a1a9c1e2bb94da3315cccccc4782	11400000	"[""Assets/PlayMaker/Templates/hornet_multi_wounder.asset""]"
Assets/Scenes/Hornet/Cog_Dancers_boss.unity	3336	779	hornet_multi_wounder	ffe3a1a9c1e2bb94da3315cccccc4782	11400000	"[""Assets/PlayMaker/Templates/hornet_multi_wounder.asset""]"
Assets/Scenes/Hornet/Cog_Dancers_boss.unity	3337	778	hornet_multi_wounder	ffe3a1a9c1e2bb94da3315cccccc4782	11400000	"[""Assets/PlayMaker/Templates/hornet_multi_wounder.asset""]"
Assets/Scenes/Hornet/Cog_Dancers_boss.unity	3338	777	hornet_multi_wounder	ffe3a1a9c1e2bb94da3315cccccc4782	11400000	"[""Assets/PlayMaker/Templates/hornet_multi_wounder.asset""]"
Assets/Scenes/Hornet/Cog_Dancers_boss.unity	3339	776	hornet_multi_wounder	ffe3a1a9c1e2bb94da3315cccccc4782	11400000	"[""Assets/PlayMaker/Templates/hornet_multi_wounder.asset""]"
Assets/Scenes/Hornet/Cog_Dancers_boss.unity	3340	799	hornet_multi_wounder	ffe3a1a9c1e2bb94da3315cccccc4782	11400000	"[""Assets/PlayMaker/Templates/hornet_multi_wounder.asset""]"
Assets/Scenes/Hornet/Cog_Dancers_boss.unity	3341	798	hornet_multi_wounder	ffe3a1a9c1e2bb94da3315cccccc4782	11400000	"[""Assets/PlayMaker/Templates/hornet_multi_wounder.asset""]"
Assets/Scenes/Hornet/Cog_Dancers_boss.unity	3342	797	hornet_multi_wounder	ffe3a1a9c1e2bb94da3315cccccc4782	11400000	"[""Assets/PlayMaker/Templates/hornet_multi_wounder.asset""]"
Assets/Scenes/Hornet/Cog_Dancers_boss.unity	3343	796	hornet_multi_wounder	ffe3a1a9c1e2bb94da3315cccccc4782	11400000	"[""Assets/PlayMaker/Templates/hornet_multi_wounder.asset""]"
Assets/Scenes/Hornet/Cog_Dancers_boss.unity	3344	795	hornet_multi_wounder	ffe3a1a9c1e2bb94da3315cccccc4782	11400000	"[""Assets/PlayMaker/Templates/hornet_multi_wounder.asset""]"
Assets/Scenes/Hornet/Cog_Dancers_boss.unity	3345	794	hornet_multi_wounder	ffe3a1a9c1e2bb94da3315cccccc4782	11400000	"[""Assets/PlayMaker/Templates/hornet_multi_wounder.asset""]"
Assets/Scenes/Hornet/Cog_Dancers_boss.unity	3346	793	hornet_multi_wounder	ffe3a1a9c1e2bb94da3315cccccc4782	11400000	"[""Assets/PlayMaker/Templates/hornet_multi_wounder.asset""]"
Assets/Scenes/Hornet/Cog_Dancers_boss.unity	3347	792	hornet_multi_wounder	ffe3a1a9c1e2bb94da3315cccccc4782	11400000	"[""Assets/PlayMaker/Templates/hornet_multi_wounder.asset""]"
Assets/Scenes/Hornet/Cog_Dancers_boss.unity	3348	790	hornet_multi_wounder	ffe3a1a9c1e2bb94da3315cccccc4782	11400000	"[""Assets/PlayMaker/Templates/hornet_multi_wounder.asset""]"
Assets/Scenes/Hornet/Cog_Dancers_boss.unity	3349	791	hornet_multi_wounder	ffe3a1a9c1e2bb94da3315cccccc4782	11400000	"[""Assets/PlayMaker/Templates/hornet_multi_wounder.asset""]"
Assets/Scenes/Hornet/Cog_Dancers_boss.unity	3350	789	hornet_multi_wounder	ffe3a1a9c1e2bb94da3315cccccc4782	11400000	"[""Assets/PlayMaker/Templates/hornet_multi_wounder.asset""]"
Assets/Scenes/Hornet/Cog_Dancers_boss.unity	3351	849	hornet_multi_wounder	ffe3a1a9c1e2bb94da3315cccccc4782	11400000	"[""Assets/PlayMaker/Templates/hornet_multi_wounder.asset""]"
Assets/Scenes/Hornet/Cog_Dancers_boss.unity	3352	848	hornet_multi_wounder	ffe3a1a9c1e2bb94da3315cccccc4782	11400000	"[""Assets/PlayMaker/Templates/hornet_multi_wounder.asset""]"
Assets/Scenes/Hornet/Cog_Dancers_boss.unity	3353	847	hornet_multi_wounder	ffe3a1a9c1e2bb94da3315cccccc4782	11400000	"[""Assets/PlayMaker/Templates/hornet_multi_wounder.asset""]"
Assets/Scenes/Hornet/Cog_Dancers_boss.unity	3354	846	hornet_multi_wounder	ffe3a1a9c1e2bb94da3315cccccc4782	11400000	"[""Assets/PlayMaker/Templates/hornet_multi_wounder.asset""]"
Assets/Scenes/Hornet/Cog_Dancers_boss.unity	3355	845	hornet_multi_wounder	ffe3a1a9c1e2bb94da3315cccccc4782	11400000	"[""Assets/PlayMaker/Templates/hornet_multi_wounder.asset""]"
Assets/Scenes/Hornet/Cog_Dancers_boss.unity	3356	844	hornet_multi_wounder	ffe3a1a9c1e2bb94da3315cccccc4782	11400000	"[""Assets/PlayMaker/Templates/hornet_multi_wounder.asset""]"
Assets/Scenes/Hornet/Cog_Dancers_boss.unity	3357	860	hornet_multi_wounder	ffe3a1a9c1e2bb94da3315cccccc4782	11400000	"[""Assets/PlayMaker/Templates/hornet_multi_wounder.asset""]"
Assets/Scenes/Hornet/Cog_Dancers_boss.unity	3358	859	hornet_multi_wounder	ffe3a1a9c1e2bb94da3315cccccc4782	11400000	"[""Assets/PlayMaker/Templates/hornet_multi_wounder.asset""]"
Assets/Scenes/Hornet/Cog_Dancers_boss.unity	3359	858	hornet_multi_wounder	ffe3a1a9c1e2bb94da3315cccccc4782	11400000	"[""Assets/PlayMaker/Templates/hornet_multi_wounder.asset""]"
Assets/Scenes/Hornet/Cog_Dancers_boss.unity	3360	857	hornet_multi_wounder	ffe3a1a9c1e2bb94da3315cccccc4782	11400000	"[""Assets/PlayMaker/Templates/hornet_multi_wounder.asset""]"
Assets/Scenes/Hornet/Cog_Dancers_boss.unity	3361	856	hornet_multi_wounder	ffe3a1a9c1e2bb94da3315cccccc4782	11400000	"[""Assets/PlayMaker/Templates/hornet_multi_wounder.asset""]"
Assets/Scenes/Hornet/Cog_Dancers_boss.unity	3362	855	hornet_multi_wounder	ffe3a1a9c1e2bb94da3315cccccc4782	11400000	"[""Assets/PlayMaker/Templates/hornet_multi_wounder.asset""]"
Assets/Scenes/Hornet/Cog_Dancers_boss.unity	3363	854	hornet_multi_wounder	ffe3a1a9c1e2bb94da3315cccccc4782	11400000	"[""Assets/PlayMaker/Templates/hornet_multi_wounder.asset""]"
Assets/Scenes/Hornet/Cog_Dancers_boss.unity	3364	853	hornet_multi_wounder	ffe3a1a9c1e2bb94da3315cccccc4782	11400000	"[""Assets/PlayMaker/Templates/hornet_multi_wounder.asset""]"
Assets/Scenes/Hornet/Cog_Dancers_boss.unity	3365	852	hornet_multi_wounder	ffe3a1a9c1e2bb94da3315cccccc4782	11400000	"[""Assets/PlayMaker/Templates/hornet_multi_wounder.asset""]"
Assets/Scenes/Hornet/Cog_Dancers_boss.unity	3366	851	hornet_multi_wounder	ffe3a1a9c1e2bb94da3315cccccc4782	11400000	"[""Assets/PlayMaker/Templates/hornet_multi_wounder.asset""]"
Assets/Scenes/Hornet/Cog_Dancers_boss.unity	3367	850	hornet_multi_wounder	ffe3a1a9c1e2bb94da3315cccccc4782	11400000	"[""Assets/PlayMaker/Templates/hornet_multi_wounder.asset""]"
Assets/Scenes/Hornet/Cog_Dancers_boss.unity	3368	830	hornet_multi_wounder	ffe3a1a9c1e2bb94da3315cccccc4782	11400000	"[""Assets/PlayMaker/Templates/hornet_multi_wounder.asset""]"
Assets/Scenes/Hornet/Cog_Dancers_boss.unity	3369	829	hornet_multi_wounder	ffe3a1a9c1e2bb94da3315cccccc4782	11400000	"[""Assets/PlayMaker/Templates/hornet_multi_wounder.asset""]"
Assets/Scenes/Hornet/Cog_Dancers_boss.unity	3370	828	hornet_multi_wounder	ffe3a1a9c1e2bb94da3315cccccc4782	11400000	"[""Assets/PlayMaker/Templates/hornet_multi_wounder.asset""]"
Assets/Scenes/Hornet/Cog_Dancers_boss.unity	3371	827	hornet_multi_wounder	ffe3a1a9c1e2bb94da3315cccccc4782	11400000	"[""Assets/PlayMaker/Templates/hornet_multi_wounder.asset""]"
Assets/Scenes/Hornet/Cog_Dancers_boss.unity	3372	826	hornet_multi_wounder	ffe3a1a9c1e2bb94da3315cccccc4782	11400000	"[""Assets/PlayMaker/Templates/hornet_multi_wounder.asset""]"
Assets/Scenes/Hornet/Cog_Dancers_boss.unity	3373	825	hornet_multi_wounder	ffe3a1a9c1e2bb94da3315cccccc4782	11400000	"[""Assets/PlayMaker/Templates/hornet_multi_wounder.asset""]"
Assets/Scenes/Hornet/Cog_Dancers_boss.unity	3374	824	hornet_multi_wounder	ffe3a1a9c1e2bb94da3315cccccc4782	11400000	"[""Assets/PlayMaker/Templates/hornet_multi_wounder.asset""]"
Assets/Scenes/Hornet/Cog_Dancers_boss.unity	3375	823	hornet_multi_wounder	ffe3a1a9c1e2bb94da3315cccccc4782	11400000	"[""Assets/PlayMaker/Templates/hornet_multi_wounder.asset""]"
Assets/Scenes/Hornet/Cog_Dancers_boss.unity	3376	822	hornet_multi_wounder	ffe3a1a9c1e2bb94da3315cccccc4782	11400000	"[""Assets/PlayMaker/Templates/hornet_multi_wounder.asset""]"
Assets/Scenes/Hornet/Cog_Dancers_boss.unity	3377	821	hornet_multi_wounder	ffe3a1a9c1e2bb94da3315cccccc4782	11400000	"[""Assets/PlayMaker/Templates/hornet_multi_wounder.asset""]"
Assets/Scenes/Hornet/Cog_Dancers_boss.unity	3378	820	hornet_multi_wounder	ffe3a1a9c1e2bb94da3315cccccc4782	11400000	"[""Assets/PlayMaker/Templates/hornet_multi_wounder.asset""]"
Assets/Scenes/Hornet/Cog_Dancers_boss.unity	3379	843	hornet_multi_wounder	ffe3a1a9c1e2bb94da3315cccccc4782	11400000	"[""Assets/PlayMaker/Templates/hornet_multi_wounder.asset""]"
Assets/Scenes/Hornet/Cog_Dancers_boss.unity	3380	842	hornet_multi_wounder	ffe3a1a9c1e2bb94da3315cccccc4782	11400000	"[""Assets/PlayMaker/Templates/hornet_multi_wounder.asset""]"
Assets/Scenes/Hornet/Cog_Dancers_boss.unity	3381	841	hornet_multi_wounder	ffe3a1a9c1e2bb94da3315cccccc4782	11400000	"[""Assets/PlayMaker/Templates/hornet_multi_wounder.asset""]"
Assets/Scenes/Hornet/Cog_Dancers_boss.unity	3382	840	hornet_multi_wounder	ffe3a1a9c1e2bb94da3315cccccc4782	11400000	"[""Assets/PlayMaker/Templates/hornet_multi_wounder.asset""]"
Assets/Scenes/Hornet/Cog_Dancers_boss.unity	3383	839	hornet_multi_wounder	ffe3a1a9c1e2bb94da3315cccccc4782	11400000	"[""Assets/PlayMaker/Templates/hornet_multi_wounder.asset""]"
Assets/Scenes/Hornet/Cog_Dancers_boss.unity	3384	838	hornet_multi_wounder	ffe3a1a9c1e2bb94da3315cccccc4782	11400000	"[""Assets/PlayMaker/Templates/hornet_multi_wounder.asset""]"
Assets/Scenes/Hornet/Cog_Dancers_boss.unity	3385	837	hornet_multi_wounder	ffe3a1a9c1e2bb94da3315cccccc4782	11400000	"[""Assets/PlayMaker/Templates/hornet_multi_wounder.asset""]"
Assets/Scenes/Hornet/Cog_Dancers_boss.unity	3386	836	hornet_multi_wounder	ffe3a1a9c1e2bb94da3315cccccc4782	11400000	"[""Assets/PlayMaker/Templates/hornet_multi_wounder.asset""]"
Assets/Scenes/Hornet/Cog_Dancers_boss.unity	3387	835	hornet_multi_wounder	ffe3a1a9c1e2bb94da3315cccccc4782	11400000	"[""Assets/PlayMaker/Templates/hornet_multi_wounder.asset""]"
Assets/Scenes/Hornet/Cog_Dancers_boss.unity	3388	834	hornet_multi_wounder	ffe3a1a9c1e2bb94da3315cccccc4782	11400000	"[""Assets/PlayMaker/Templates/hornet_multi_wounder.asset""]"
Assets/Scenes/Hornet/Cog_Dancers_boss.unity	3389	833	hornet_multi_wounder	ffe3a1a9c1e2bb94da3315cccccc4782	11400000	"[""Assets/PlayMaker/Templates/hornet_multi_wounder.asset""]"
Assets/Scenes/Hornet/Cog_Dancers_boss.unity	3390	832	hornet_multi_wounder	ffe3a1a9c1e2bb94da3315cccccc4782	11400000	"[""Assets/PlayMaker/Templates/hornet_multi_wounder.asset""]"
Assets/Scenes/Hornet/Cog_Dancers_boss.unity	3391	831	hornet_multi_wounder	ffe3a1a9c1e2bb94da3315cccccc4782	11400000	"[""Assets/PlayMaker/Templates/hornet_multi_wounder.asset""]"
Assets/Scenes/Hornet/Coral_02.unity	12446	2401	FSM	bbcd0d7e031e2814b81a8782a7dfc594	11400000	"[""Assets/PlayMaker/Templates/mechanism_move_to_y.asset""]"
Assets/Scenes/Hornet/Coral_02.unity	12678	2352	Detect Landing	c9d78aec9d8dd8a419833f8f977ce120	11400000	"[""Assets/PlayMaker/Templates/sway_plat_collider.asset""]"
Assets/Scenes/Hornet/Coral_02.unity	12679	2351	Detect Landing	c9d78aec9d8dd8a419833f8f977ce120	11400000	"[""Assets/PlayMaker/Templates/sway_plat_collider.asset""]"
Assets/Scenes/Hornet/Coral_02.unity	12680	2356	Detect Landing	c9d78aec9d8dd8a419833f8f977ce120	11400000	"[""Assets/PlayMaker/Templates/sway_plat_collider.asset""]"
Assets/Scenes/Hornet/Coral_02.unity	12681	2355	Detect Landing	c9d78aec9d8dd8a419833f8f977ce120	11400000	"[""Assets/PlayMaker/Templates/sway_plat_collider.asset""]"
Assets/Scenes/Hornet/Coral_02.unity	12682	2354	Detect Landing	c9d78aec9d8dd8a419833f8f977ce120	11400000	"[""Assets/PlayMaker/Templates/sway_plat_collider.asset""]"
Assets/Scenes/Hornet/Coral_02.unity	12683	2353	Detect Landing	c9d78aec9d8dd8a419833f8f977ce120	11400000	"[""Assets/PlayMaker/Templates/sway_plat_collider.asset""]"
Assets/Scenes/Hornet/Coral_02.unity	12684	2358	Detect Landing	c9d78aec9d8dd8a419833f8f977ce120	11400000	"[""Assets/PlayMaker/Templates/sway_plat_collider.asset""]"
Assets/Scenes/Hornet/Coral_02.unity	12685	2357	Detect Landing	c9d78aec9d8dd8a419833f8f977ce120	11400000	"[""Assets/PlayMaker/Templates/sway_plat_collider.asset""]"
Assets/Scenes/Hornet/Coral_02.unity	12722	2792	Sway	611750e4cd2b0fc488c94b4d4a747bec	11400000	"[""Assets/PlayMaker/Templates/sway_plat_art.asset""]"
Assets/Scenes/Hornet/Coral_02.unity	12723	2793	Sway	611750e4cd2b0fc488c94b4d4a747bec	11400000	"[""Assets/PlayMaker/Templates/sway_plat_art.asset""]"
Assets/Scenes/Hornet/Coral_02.unity	12724	2795	Sway	611750e4cd2b0fc488c94b4d4a747bec	11400000	"[""Assets/PlayMaker/Templates/sway_plat_art.asset""]"
Assets/Scenes/Hornet/Coral_02.unity	12725	2797	Sway	611750e4cd2b0fc488c94b4d4a747bec	11400000	"[""Assets/PlayMaker/Templates/sway_plat_art.asset""]"
Assets/Scenes/Hornet/Coral_02.unity	12726	2798	Sway	611750e4cd2b0fc488c94b4d4a747bec	11400000	"[""Assets/PlayMaker/Templates/sway_plat_art.asset""]"
Assets/Scenes/Hornet/Coral_02.unity	12727	2800	Sway	611750e4cd2b0fc488c94b4d4a747bec	11400000	"[""Assets/PlayMaker/Templates/sway_plat_art.asset""]"
Assets/Scenes/Hornet/Coral_02.unity	12728	2799	Sway	611750e4cd2b0fc488c94b4d4a747bec	11400000	"[""Assets/PlayMaker/Templates/sway_plat_art.asset""]"
Assets/Scenes/Hornet/Coral_02.unity	12729	2801	Sway	611750e4cd2b0fc488c94b4d4a747bec	11400000	"[""Assets/PlayMaker/Templates/sway_plat_art.asset""]"
Assets/Scenes/Hornet/Coral_02.unity	12782	2178	interactive_bell	73dc0b20308b5ef42a328cd4a6827bdc	11400000	"[""Assets/PlayMaker/Templates/interactive_bell.asset""]"
Assets/Scenes/Hornet/Coral_02.unity	13484	2154	interactive_bell	73dc0b20308b5ef42a328cd4a6827bdc	11400000	"[""Assets/PlayMaker/Templates/interactive_bell.asset""]"
Assets/Scenes/Hornet/Coral_02.unity	13493	2133	interactive_bell	73dc0b20308b5ef42a328cd4a6827bdc	11400000	"[""Assets/PlayMaker/Templates/interactive_bell.asset""]"
Assets/Scenes/Hornet/Coral_02.unity	13659	2586	pilgrim_behaviour	5d4d1c36f09a17949a8eb0175e50b0b4	11400000	"[""Assets/PlayMaker/Templates/pilgrim_behaviour.asset""]"
Assets/Scenes/Hornet/Coral_02.unity	13660	2588	pilgrim_behaviour	5d4d1c36f09a17949a8eb0175e50b0b4	11400000	"[""Assets/PlayMaker/Templates/pilgrim_behaviour.asset""]"
Assets/Scenes/Hornet/Coral_02.unity	13721	2587	pilgrim_behaviour	5d4d1c36f09a17949a8eb0175e50b0b4	11400000	"[""Assets/PlayMaker/Templates/pilgrim_behaviour.asset""]"
Assets/Scenes/Hornet/Coral_02.unity	13892	2345	Control	04b9a40fa5ae75c47a5cdd4b0998c7ac	11400000	"[""Assets/PlayMaker/Templates/garmond_control.asset""]"
Assets/Scenes/Hornet/Coral_02.unity	13997	2360	hornet_multi_wounder	ffe3a1a9c1e2bb94da3315cccccc4782	11400000	"[""Assets/PlayMaker/Templates/hornet_multi_wounder.asset""]"
Assets/Scenes/Hornet/Coral_02.unity	13998	2361	hornet_multi_wounder	ffe3a1a9c1e2bb94da3315cccccc4782	11400000	"[""Assets/PlayMaker/Templates/hornet_multi_wounder.asset""]"
Assets/Scenes/Hornet/Coral_02.unity	14205	4010	Bench Control	30022a57d0796134fbc5d49b1decd4f9	11400000	"[""Assets/PlayMaker/Templates/bench_control.asset""]"
Assets/Scenes/Hornet/Coral_03.unity	9248	1881	FSM	bbcd0d7e031e2814b81a8782a7dfc594	11400000	"[""Assets/PlayMaker/Templates/mechanism_move_to_y.asset""]"
Assets/Scenes/Hornet/Coral_03.unity	9306	1809	FSM	bbcd0d7e031e2814b81a8782a7dfc594	11400000	"[""Assets/PlayMaker/Templates/mechanism_move_to_y.asset""]"
Assets/Scenes/Hornet/Coral_03.unity	9365	1849	FSM	bbcd0d7e031e2814b81a8782a7dfc594	11400000	"[""Assets/PlayMaker/Templates/mechanism_move_to_y.asset""]"
Assets/Scenes/Hornet/Coral_03.unity	9380	1795	FSM	bbcd0d7e031e2814b81a8782a7dfc594	11400000	"[""Assets/PlayMaker/Templates/mechanism_move_to_y.asset""]"
Assets/Scenes/Hornet/Coral_03.unity	9411	1996	Detect Landing	c9d78aec9d8dd8a419833f8f977ce120	11400000	"[""Assets/PlayMaker/Templates/sway_plat_collider.asset""]"
Assets/Scenes/Hornet/Coral_03.unity	9457	2310	Sway	611750e4cd2b0fc488c94b4d4a747bec	11400000	"[""Assets/PlayMaker/Templates/sway_plat_art.asset""]"
Assets/Scenes/Hornet/Coral_03.unity	9726	2136	Sway	611750e4cd2b0fc488c94b4d4a747bec	11400000	"[""Assets/PlayMaker/Templates/sway_plat_art.asset""]"
Assets/Scenes/Hornet/Coral_03.unity	9727	2135	Sway	611750e4cd2b0fc488c94b4d4a747bec	11400000	"[""Assets/PlayMaker/Templates/sway_plat_art.asset""]"
Assets/Scenes/Hornet/Coral_03.unity	9728	2134	Sway	611750e4cd2b0fc488c94b4d4a747bec	11400000	"[""Assets/PlayMaker/Templates/sway_plat_art.asset""]"
Assets/Scenes/Hornet/Coral_03.unity	9729	2133	Sway	611750e4cd2b0fc488c94b4d4a747bec	11400000	"[""Assets/PlayMaker/Templates/sway_plat_art.asset""]"
Assets/Scenes/Hornet/Coral_03.unity	9730	2142	Sway	611750e4cd2b0fc488c94b4d4a747bec	11400000	"[""Assets/PlayMaker/Templates/sway_plat_art.asset""]"
Assets/Scenes/Hornet/Coral_03.unity	9731	2143	Sway	611750e4cd2b0fc488c94b4d4a747bec	11400000	"[""Assets/PlayMaker/Templates/sway_plat_art.asset""]"
Assets/Scenes/Hornet/Coral_03.unity	9732	2140	Sway	611750e4cd2b0fc488c94b4d4a747bec	11400000	"[""Assets/PlayMaker/Templates/sway_plat_art.asset""]"
Assets/Scenes/Hornet/Coral_03.unity	9733	2141	Sway	611750e4cd2b0fc488c94b4d4a747bec	11400000	"[""Assets/PlayMaker/Templates/sway_plat_art.asset""]"
Assets/Scenes/Hornet/Coral_03.unity	9734	2138	Sway	611750e4cd2b0fc488c94b4d4a747bec	11400000	"[""Assets/PlayMaker/Templates/sway_plat_art.asset""]"
Assets/Scenes/Hornet/Coral_03.unity	9735	2139	Sway	611750e4cd2b0fc488c94b4d4a747bec	11400000	"[""Assets/PlayMaker/Templates/sway_plat_art.asset""]"
Assets/Scenes/Hornet/Coral_03.unity	9766	2507	flyer_go_up_response	6f0839127750b164ebb46ddbae600e15	11400000	"[""Assets/PlayMaker/Templates/flyer_go_up_response.asset""]"
Assets/Scenes/Hornet/Coral_03.unity	9767	2506	flyer_go_up_response	6f0839127750b164ebb46ddbae600e15	11400000	"[""Assets/PlayMaker/Templates/flyer_go_up_response.asset""]"
Assets/Scenes/Hornet/Coral_03.unity	9768	2510	flyer_go_up_response	6f0839127750b164ebb46ddbae600e15	11400000	"[""Assets/PlayMaker/Templates/flyer_go_up_response.asset""]"
Assets/Scenes/Hornet/Coral_03.unity	9769	2509	flyer_go_up_response	6f0839127750b164ebb46ddbae600e15	11400000	"[""Assets/PlayMaker/Templates/flyer_go_up_response.asset""]"
Assets/Scenes/Hornet/Coral_03.unity	9770	2508	flyer_go_up_response	6f0839127750b164ebb46ddbae600e15	11400000	"[""Assets/PlayMaker/Templates/flyer_go_up_response.asset""]"
Assets/Scenes/Hornet/Coral_03.unity	9814	1941	Detect Landing	c9d78aec9d8dd8a419833f8f977ce120	11400000	"[""Assets/PlayMaker/Templates/sway_plat_collider.asset""]"
Assets/Scenes/Hornet/Coral_03.unity	9815	1940	Detect Landing	c9d78aec9d8dd8a419833f8f977ce120	11400000	"[""Assets/PlayMaker/Templates/sway_plat_collider.asset""]"
Assets/Scenes/Hornet/Coral_03.unity	9816	1937	Detect Landing	c9d78aec9d8dd8a419833f8f977ce120	11400000	"[""Assets/PlayMaker/Templates/sway_plat_collider.asset""]"
Assets/Scenes/Hornet/Coral_03.unity	9817	1938	Detect Landing	c9d78aec9d8dd8a419833f8f977ce120	11400000	"[""Assets/PlayMaker/Templates/sway_plat_collider.asset""]"
Assets/Scenes/Hornet/Coral_03.unity	9818	1946	Detect Landing	c9d78aec9d8dd8a419833f8f977ce120	11400000	"[""Assets/PlayMaker/Templates/sway_plat_collider.asset""]"
Assets/Scenes/Hornet/Coral_03.unity	9819	1947	Detect Landing	c9d78aec9d8dd8a419833f8f977ce120	11400000	"[""Assets/PlayMaker/Templates/sway_plat_collider.asset""]"
Assets/Scenes/Hornet/Coral_03.unity	9820	1944	Detect Landing	c9d78aec9d8dd8a419833f8f977ce120	11400000	"[""Assets/PlayMaker/Templates/sway_plat_collider.asset""]"
Assets/Scenes/Hornet/Coral_03.unity	9821	1945	Detect Landing	c9d78aec9d8dd8a419833f8f977ce120	11400000	"[""Assets/PlayMaker/Templates/sway_plat_collider.asset""]"
Assets/Scenes/Hornet/Coral_03.unity	9822	1942	Detect Landing	c9d78aec9d8dd8a419833f8f977ce120	11400000	"[""Assets/PlayMaker/Templates/sway_plat_collider.asset""]"
Assets/Scenes/Hornet/Coral_03.unity	9823	1943	Detect Landing	c9d78aec9d8dd8a419833f8f977ce120	11400000	"[""Assets/PlayMaker/Templates/sway_plat_collider.asset""]"
Assets/Scenes/Hornet/Coral_03.unity	10041	2003	hornet_multi_wounder	ffe3a1a9c1e2bb94da3315cccccc4782	11400000	"[""Assets/PlayMaker/Templates/hornet_multi_wounder.asset""]"
Assets/Scenes/Hornet/Coral_03.unity	10042	2000	hornet_multi_wounder	ffe3a1a9c1e2bb94da3315cccccc4782	11400000	"[""Assets/PlayMaker/Templates/hornet_multi_wounder.asset""]"
Assets/Scenes/Hornet/Coral_03.unity	10043	2002	hornet_multi_wounder	ffe3a1a9c1e2bb94da3315cccccc4782	11400000	"[""Assets/PlayMaker/Templates/hornet_multi_wounder.asset""]"
Assets/Scenes/Hornet/Coral_03.unity	10044	2001	hornet_multi_wounder	ffe3a1a9c1e2bb94da3315cccccc4782	11400000	"[""Assets/PlayMaker/Templates/hornet_multi_wounder.asset""]"
Assets/Scenes/Hornet/Coral_10.unity	5431	1525	sherma_anim	3278a3007d6fbb54e9f51fab8f4a4bbb	11400000	"[""Assets/PlayMaker/Templates/sherma_anim.asset""]"
Assets/Scenes/Hornet/Coral_10.unity	5632	1571	Location	dc68adf8742b5ff44be317b456a1b2e3	11400000	"[""Assets/PlayMaker/Templates/seth_location_evaluate.asset""]"
Assets/Scenes/Hornet/Coral_11.unity	5519	136	needolin_capture_timer	b9f4b3281f42e1a4caf6b82689ee6177	11400000	"[""Assets/PlayMaker/Templates/needolin_capture_timer.asset""]"
Assets/Scenes/Hornet/Coral_11.unity	5635	885	Detect Landing	c9d78aec9d8dd8a419833f8f977ce120	11400000	"[""Assets/PlayMaker/Templates/sway_plat_collider.asset""]"
Assets/Scenes/Hornet/Coral_11.unity	5649	1052	Sway	611750e4cd2b0fc488c94b4d4a747bec	11400000	"[""Assets/PlayMaker/Templates/sway_plat_art.asset""]"
Assets/Scenes/Hornet/Coral_11.unity	5927	1172	flyer_go_up_response	6f0839127750b164ebb46ddbae600e15	11400000	"[""Assets/PlayMaker/Templates/flyer_go_up_response.asset""]"
Assets/Scenes/Hornet/Coral_11.unity	5928	1173	flyer_go_up_response	6f0839127750b164ebb46ddbae600e15	11400000	"[""Assets/PlayMaker/Templates/flyer_go_up_response.asset""]"
Assets/Scenes/Hornet/Coral_11.unity	5929	1174	flyer_go_up_response	6f0839127750b164ebb46ddbae600e15	11400000	"[""Assets/PlayMaker/Templates/flyer_go_up_response.asset""]"
Assets/Scenes/Hornet/Coral_11.unity	5930	1175	flyer_go_up_response	6f0839127750b164ebb46ddbae600e15	11400000	"[""Assets/PlayMaker/Templates/flyer_go_up_response.asset""]"
Assets/Scenes/Hornet/Coral_11.unity	6179	1677	hornet_multi_wounder	ffe3a1a9c1e2bb94da3315cccccc4782	11400000	"[""Assets/PlayMaker/Templates/hornet_multi_wounder.asset""]"
Assets/Scenes/Hornet/Coral_12.unity	6568	89	breakable_wall_v2	49ae76d885d76f0409f5e87241c2e88a	11400000	"[""Assets/PlayMaker/Templates/breakable_wall_v2.asset""]"
Assets/Scenes/Hornet/Coral_12.unity	6604	454	Geo Rock	3ce2aab20b6447d47a1b288b65263053	11400000	"[""Assets/PlayMaker/Templates/geo_rock.asset""]"
Assets/Scenes/Hornet/Coral_12.unity	6676	1028	Detect Landing	c9d78aec9d8dd8a419833f8f977ce120	11400000	"[""Assets/PlayMaker/Templates/sway_plat_collider.asset""]"
Assets/Scenes/Hornet/Coral_12.unity	6677	1029	Detect Landing	c9d78aec9d8dd8a419833f8f977ce120	11400000	"[""Assets/PlayMaker/Templates/sway_plat_collider.asset""]"
Assets/Scenes/Hornet/Coral_12.unity	6678	1032	Detect Landing	c9d78aec9d8dd8a419833f8f977ce120	11400000	"[""Assets/PlayMaker/Templates/sway_plat_collider.asset""]"
Assets/Scenes/Hornet/Coral_12.unity	6708	1278	Sway	611750e4cd2b0fc488c94b4d4a747bec	11400000	"[""Assets/PlayMaker/Templates/sway_plat_art.asset""]"
Assets/Scenes/Hornet/Coral_12.unity	6709	1280	Sway	611750e4cd2b0fc488c94b4d4a747bec	11400000	"[""Assets/PlayMaker/Templates/sway_plat_art.asset""]"
Assets/Scenes/Hornet/Coral_12.unity	6710	1281	Sway	611750e4cd2b0fc488c94b4d4a747bec	11400000	"[""Assets/PlayMaker/Templates/sway_plat_art.asset""]"
Assets/Scenes/Hornet/Coral_12.unity	7166	1449	flyer_go_up_response	6f0839127750b164ebb46ddbae600e15	11400000	"[""Assets/PlayMaker/Templates/flyer_go_up_response.asset""]"
Assets/Scenes/Hornet/Coral_12.unity	7167	1450	flyer_go_up_response	6f0839127750b164ebb46ddbae600e15	11400000	"[""Assets/PlayMaker/Templates/flyer_go_up_response.asset""]"
Assets/Scenes/Hornet/Coral_12.unity	7234	1192	Attack Enemies	caafb23d9ce46d04e95abb72c7771eb4	11400000	"[""Assets/PlayMaker/Templates/mapper_battle.asset""]"
Assets/Scenes/Hornet/Coral_12.unity	7495	2057	hornet_multi_wounder	ffe3a1a9c1e2bb94da3315cccccc4782	11400000	"[""Assets/PlayMaker/Templates/hornet_multi_wounder.asset""]"
Assets/Scenes/Hornet/Coral_12.unity	7518	1037	hornet_multi_wounder	ffe3a1a9c1e2bb94da3315cccccc4782	11400000	"[""Assets/PlayMaker/Templates/hornet_multi_wounder.asset""]"
Assets/Scenes/Hornet/Coral_19.unity	11698	63	FSM	c332780cbeb3a264fb2eff442248d6cd	11400000	"[""Assets/PlayMaker/Templates/follow_camera_bound.asset""]"
Assets/Scenes/Hornet/Coral_19.unity	11763	1068	FSM	c332780cbeb3a264fb2eff442248d6cd	11400000	"[""Assets/PlayMaker/Templates/follow_camera_bound.asset""]"
Assets/Scenes/Hornet/Coral_19.unity	11925	3561	depress_plat	a40d78acbe179ad4a90e9b9d77d082be	11400000	"[""Assets/PlayMaker/Templates/tilt_plat.asset""]"
Assets/Scenes/Hornet/Coral_19.unity	12423	3107	hornet_multi_wounder	ffe3a1a9c1e2bb94da3315cccccc4782	11400000	"[""Assets/PlayMaker/Templates/hornet_multi_wounder.asset""]"
Assets/Scenes/Hornet/Coral_19b.unity	3758	134	destroy_after_anim	2a3836a243fdb7846887c672bc1ca3c3	11400000	"[""Assets/PlayMaker/Templates/destroy_after_anim.asset""]"
Assets/Scenes/Hornet/Coral_19b.unity	3780	478	FSM	c332780cbeb3a264fb2eff442248d6cd	11400000	"[""Assets/PlayMaker/Templates/follow_camera_bound.asset""]"
Assets/Scenes/Hornet/Coral_19b.unity	4039	927	hornet_multi_wounder	ffe3a1a9c1e2bb94da3315cccccc4782	11400000	"[""Assets/PlayMaker/Templates/hornet_multi_wounder.asset""]"
Assets/Scenes/Hornet/Coral_19b.unity	4040	926	hornet_multi_wounder	ffe3a1a9c1e2bb94da3315cccccc4782	11400000	"[""Assets/PlayMaker/Templates/hornet_multi_wounder.asset""]"
Assets/Scenes/Hornet/Coral_19b.unity	4041	928	hornet_multi_wounder	ffe3a1a9c1e2bb94da3315cccccc4782	11400000	"[""Assets/PlayMaker/Templates/hornet_multi_wounder.asset""]"
Assets/Scenes/Hornet/Coral_19b.unity	4042	929	hornet_multi_wounder	ffe3a1a9c1e2bb94da3315cccccc4782	11400000	"[""Assets/PlayMaker/Templates/hornet_multi_wounder.asset""]"
Assets/Scenes/Hornet/Coral_23.unity	23759	1078	breakable_wall_v2	49ae76d885d76f0409f5e87241c2e88a	11400000	"[""Assets/PlayMaker/Templates/breakable_wall_v2.asset""]"
Assets/Scenes/Hornet/Coral_23.unity	25651	4368	flyer_go_up_response	6f0839127750b164ebb46ddbae600e15	11400000	"[""Assets/PlayMaker/Templates/flyer_go_up_response.asset""]"
Assets/Scenes/Hornet/Coral_23.unity	25652	4369	flyer_go_up_response	6f0839127750b164ebb46ddbae600e15	11400000	"[""Assets/PlayMaker/Templates/flyer_go_up_response.asset""]"
Assets/Scenes/Hornet/Coral_24.unity	16402	1314	plat_dust	0d27c817f4140404a8af6c61269d05aa	11400000	"[""Assets/PlayMaker/Templates/plat_dust.asset""]"
Assets/Scenes/Hornet/Coral_24.unity	17705	2822	flyer_go_up_response	6f0839127750b164ebb46ddbae600e15	11400000	"[""Assets/PlayMaker/Templates/flyer_go_up_response.asset""]"
Assets/Scenes/Hornet/Coral_24.unity	18070	1993	Control	d13141ace76d6cc4e913c2aeb23075ea	11400000	"[""Assets/PlayMaker/Templates/coral_crust_wall.asset""]"
Assets/Scenes/Hornet/Coral_24.unity	18071	1992	Control	d13141ace76d6cc4e913c2aeb23075ea	11400000	"[""Assets/PlayMaker/Templates/coral_crust_wall.asset""]"
Assets/Scenes/Hornet/Coral_24.unity	18072	1991	Control	d13141ace76d6cc4e913c2aeb23075ea	11400000	"[""Assets/PlayMaker/Templates/coral_crust_wall.asset""]"
Assets/Scenes/Hornet/Coral_24.unity	18073	1990	Control	d13141ace76d6cc4e913c2aeb23075ea	11400000	"[""Assets/PlayMaker/Templates/coral_crust_wall.asset""]"
Assets/Scenes/Hornet/Coral_24.unity	18074	1989	Control	d13141ace76d6cc4e913c2aeb23075ea	11400000	"[""Assets/PlayMaker/Templates/coral_crust_wall.asset""]"
Assets/Scenes/Hornet/Coral_24.unity	18075	1988	Control	d13141ace76d6cc4e913c2aeb23075ea	11400000	"[""Assets/PlayMaker/Templates/coral_crust_wall.asset""]"
Assets/Scenes/Hornet/Coral_25.unity	3905	958	hornet_multi_wounder	ffe3a1a9c1e2bb94da3315cccccc4782	11400000	"[""Assets/PlayMaker/Templates/hornet_multi_wounder.asset""]"
Assets/Scenes/Hornet/Coral_25.unity	3906	957	hornet_multi_wounder	ffe3a1a9c1e2bb94da3315cccccc4782	11400000	"[""Assets/PlayMaker/Templates/hornet_multi_wounder.asset""]"
Assets/Scenes/Hornet/Coral_26.unity	8821	1287	Control	d13141ace76d6cc4e913c2aeb23075ea	11400000	"[""Assets/PlayMaker/Templates/coral_crust_wall.asset""]"
Assets/Scenes/Hornet/Coral_27.unity	13572	868	enemy_message	40a9c40cac6976f43979028f936c4871	11400000	"[""Assets/PlayMaker/Templates/enemy_message.asset""]"
Assets/Scenes/Hornet/Coral_27.unity	13605	1070	enemy_message	40a9c40cac6976f43979028f936c4871	11400000	"[""Assets/PlayMaker/Templates/enemy_message.asset""]"
Assets/Scenes/Hornet/Coral_27.unity	14603	2434	flyer_go_up_response	6f0839127750b164ebb46ddbae600e15	11400000	"[""Assets/PlayMaker/Templates/flyer_go_up_response.asset""]"
Assets/Scenes/Hornet/Coral_27.unity	15246	3753	hornet_multi_wounder	ffe3a1a9c1e2bb94da3315cccccc4782	11400000	"[""Assets/PlayMaker/Templates/hornet_multi_wounder.asset""]"
Assets/Scenes/Hornet/Coral_27.unity	15247	3754	hornet_multi_wounder	ffe3a1a9c1e2bb94da3315cccccc4782	11400000	"[""Assets/PlayMaker/Templates/hornet_multi_wounder.asset""]"
Assets/Scenes/Hornet/Coral_27.unity	15248	3755	hornet_multi_wounder	ffe3a1a9c1e2bb94da3315cccccc4782	11400000	"[""Assets/PlayMaker/Templates/hornet_multi_wounder.asset""]"
Assets/Scenes/Hornet/Coral_27.unity	15249	3752	hornet_multi_wounder	ffe3a1a9c1e2bb94da3315cccccc4782	11400000	"[""Assets/PlayMaker/Templates/hornet_multi_wounder.asset""]"
Assets/Scenes/Hornet/Coral_27.unity	15250	3751	hornet_multi_wounder	ffe3a1a9c1e2bb94da3315cccccc4782	11400000	"[""Assets/PlayMaker/Templates/hornet_multi_wounder.asset""]"
Assets/Scenes/Hornet/Coral_27.unity	15609	3746	hornet_multi_wounder	ffe3a1a9c1e2bb94da3315cccccc4782	11400000	"[""Assets/PlayMaker/Templates/hornet_multi_wounder.asset""]"
Assets/Scenes/Hornet/Coral_27.unity	15611	3745	hornet_multi_wounder	ffe3a1a9c1e2bb94da3315cccccc4782	11400000	"[""Assets/PlayMaker/Templates/hornet_multi_wounder.asset""]"
Assets/Scenes/Hornet/Coral_27.unity	15613	3747	hornet_multi_wounder	ffe3a1a9c1e2bb94da3315cccccc4782	11400000	"[""Assets/PlayMaker/Templates/hornet_multi_wounder.asset""]"
Assets/Scenes/Hornet/Coral_29.unity	20757	918	hornet_multi_wounder	ffe3a1a9c1e2bb94da3315cccccc4782	11400000	"[""Assets/PlayMaker/Templates/hornet_multi_wounder.asset""]"
Assets/Scenes/Hornet/Coral_29.unity	20758	930	hornet_multi_wounder	ffe3a1a9c1e2bb94da3315cccccc4782	11400000	"[""Assets/PlayMaker/Templates/hornet_multi_wounder.asset""]"
Assets/Scenes/Hornet/Coral_29.unity	20759	1228	hornet_multi_wounder	ffe3a1a9c1e2bb94da3315cccccc4782	11400000	"[""Assets/PlayMaker/Templates/hornet_multi_wounder.asset""]"
Assets/Scenes/Hornet/Coral_29.unity	20760	1370	hornet_multi_wounder	ffe3a1a9c1e2bb94da3315cccccc4782	11400000	"[""Assets/PlayMaker/Templates/hornet_multi_wounder.asset""]"
Assets/Scenes/Hornet/Coral_29.unity	20761	1389	hornet_multi_wounder	ffe3a1a9c1e2bb94da3315cccccc4782	11400000	"[""Assets/PlayMaker/Templates/hornet_multi_wounder.asset""]"
Assets/Scenes/Hornet/Coral_29.unity	20762	1352	hornet_multi_wounder	ffe3a1a9c1e2bb94da3315cccccc4782	11400000	"[""Assets/PlayMaker/Templates/hornet_multi_wounder.asset""]"
Assets/Scenes/Hornet/Coral_29.unity	20763	1485	hornet_multi_wounder	ffe3a1a9c1e2bb94da3315cccccc4782	11400000	"[""Assets/PlayMaker/Templates/hornet_multi_wounder.asset""]"
Assets/Scenes/Hornet/Coral_29.unity	20764	1448	hornet_multi_wounder	ffe3a1a9c1e2bb94da3315cccccc4782	11400000	"[""Assets/PlayMaker/Templates/hornet_multi_wounder.asset""]"
Assets/Scenes/Hornet/Coral_29.unity	20765	93	hornet_multi_wounder	ffe3a1a9c1e2bb94da3315cccccc4782	11400000	"[""Assets/PlayMaker/Templates/hornet_multi_wounder.asset""]"
Assets/Scenes/Hornet/Coral_29.unity	20766	32	hornet_multi_wounder	ffe3a1a9c1e2bb94da3315cccccc4782	11400000	"[""Assets/PlayMaker/Templates/hornet_multi_wounder.asset""]"
Assets/Scenes/Hornet/Coral_29.unity	20767	205	hornet_multi_wounder	ffe3a1a9c1e2bb94da3315cccccc4782	11400000	"[""Assets/PlayMaker/Templates/hornet_multi_wounder.asset""]"
Assets/Scenes/Hornet/Coral_29.unity	20768	369	hornet_multi_wounder	ffe3a1a9c1e2bb94da3315cccccc4782	11400000	"[""Assets/PlayMaker/Templates/hornet_multi_wounder.asset""]"
Assets/Scenes/Hornet/Coral_29.unity	20769	390	hornet_multi_wounder	ffe3a1a9c1e2bb94da3315cccccc4782	11400000	"[""Assets/PlayMaker/Templates/hornet_multi_wounder.asset""]"
Assets/Scenes/Hornet/Coral_29.unity	20770	329	hornet_multi_wounder	ffe3a1a9c1e2bb94da3315cccccc4782	11400000	"[""Assets/PlayMaker/Templates/hornet_multi_wounder.asset""]"
Assets/Scenes/Hornet/Coral_29.unity	20771	505	hornet_multi_wounder	ffe3a1a9c1e2bb94da3315cccccc4782	11400000	"[""Assets/PlayMaker/Templates/hornet_multi_wounder.asset""]"
Assets/Scenes/Hornet/Coral_29.unity	20772	2241	hornet_multi_wounder	ffe3a1a9c1e2bb94da3315cccccc4782	11400000	"[""Assets/PlayMaker/Templates/hornet_multi_wounder.asset""]"
Assets/Scenes/Hornet/Coral_29.unity	20773	2254	hornet_multi_wounder	ffe3a1a9c1e2bb94da3315cccccc4782	11400000	"[""Assets/PlayMaker/Templates/hornet_multi_wounder.asset""]"
Assets/Scenes/Hornet/Coral_29.unity	20774	2387	hornet_multi_wounder	ffe3a1a9c1e2bb94da3315cccccc4782	11400000	"[""Assets/PlayMaker/Templates/hornet_multi_wounder.asset""]"
Assets/Scenes/Hornet/Coral_29.unity	20775	2392	hornet_multi_wounder	ffe3a1a9c1e2bb94da3315cccccc4782	11400000	"[""Assets/PlayMaker/Templates/hornet_multi_wounder.asset""]"
Assets/Scenes/Hornet/Coral_29.unity	20776	2318	hornet_multi_wounder	ffe3a1a9c1e2bb94da3315cccccc4782	11400000	"[""Assets/PlayMaker/Templates/hornet_multi_wounder.asset""]"
Assets/Scenes/Hornet/Coral_29.unity	20777	2450	hornet_multi_wounder	ffe3a1a9c1e2bb94da3315cccccc4782	11400000	"[""Assets/PlayMaker/Templates/hornet_multi_wounder.asset""]"
Assets/Scenes/Hornet/Coral_29.unity	20778	2423	hornet_multi_wounder	ffe3a1a9c1e2bb94da3315cccccc4782	11400000	"[""Assets/PlayMaker/Templates/hornet_multi_wounder.asset""]"
Assets/Scenes/Hornet/Coral_29.unity	20779	2523	hornet_multi_wounder	ffe3a1a9c1e2bb94da3315cccccc4782	11400000	"[""Assets/PlayMaker/Templates/hornet_multi_wounder.asset""]"
Assets/Scenes/Hornet/Coral_29.unity	20780	2660	hornet_multi_wounder	ffe3a1a9c1e2bb94da3315cccccc4782	11400000	"[""Assets/PlayMaker/Templates/hornet_multi_wounder.asset""]"
Assets/Scenes/Hornet/Coral_29.unity	20781	2727	hornet_multi_wounder	ffe3a1a9c1e2bb94da3315cccccc4782	11400000	"[""Assets/PlayMaker/Templates/hornet_multi_wounder.asset""]"
Assets/Scenes/Hornet/Coral_29.unity	20782	2811	hornet_multi_wounder	ffe3a1a9c1e2bb94da3315cccccc4782	11400000	"[""Assets/PlayMaker/Templates/hornet_multi_wounder.asset""]"
Assets/Scenes/Hornet/Coral_29.unity	20783	2766	hornet_multi_wounder	ffe3a1a9c1e2bb94da3315cccccc4782	11400000	"[""Assets/PlayMaker/Templates/hornet_multi_wounder.asset""]"
Assets/Scenes/Hornet/Coral_29.unity	20784	2805	hornet_multi_wounder	ffe3a1a9c1e2bb94da3315cccccc4782	11400000	"[""Assets/PlayMaker/Templates/hornet_multi_wounder.asset""]"
Assets/Scenes/Hornet/Coral_29.unity	20785	2934	hornet_multi_wounder	ffe3a1a9c1e2bb94da3315cccccc4782	11400000	"[""Assets/PlayMaker/Templates/hornet_multi_wounder.asset""]"
Assets/Scenes/Hornet/Coral_29.unity	20786	1642	hornet_multi_wounder	ffe3a1a9c1e2bb94da3315cccccc4782	11400000	"[""Assets/PlayMaker/Templates/hornet_multi_wounder.asset""]"
Assets/Scenes/Hornet/Coral_29.unity	20787	1676	hornet_multi_wounder	ffe3a1a9c1e2bb94da3315cccccc4782	11400000	"[""Assets/PlayMaker/Templates/hornet_multi_wounder.asset""]"
Assets/Scenes/Hornet/Coral_29.unity	20788	1581	hornet_multi_wounder	ffe3a1a9c1e2bb94da3315cccccc4782	11400000	"[""Assets/PlayMaker/Templates/hornet_multi_wounder.asset""]"
Assets/Scenes/Hornet/Coral_29.unity	20789	1624	hornet_multi_wounder	ffe3a1a9c1e2bb94da3315cccccc4782	11400000	"[""Assets/PlayMaker/Templates/hornet_multi_wounder.asset""]"
Assets/Scenes/Hornet/Coral_29.unity	20790	1917	hornet_multi_wounder	ffe3a1a9c1e2bb94da3315cccccc4782	11400000	"[""Assets/PlayMaker/Templates/hornet_multi_wounder.asset""]"
Assets/Scenes/Hornet/Coral_29.unity	20791	2029	hornet_multi_wounder	ffe3a1a9c1e2bb94da3315cccccc4782	11400000	"[""Assets/PlayMaker/Templates/hornet_multi_wounder.asset""]"
Assets/Scenes/Hornet/Coral_29.unity	20792	1959	hornet_multi_wounder	ffe3a1a9c1e2bb94da3315cccccc4782	11400000	"[""Assets/PlayMaker/Templates/hornet_multi_wounder.asset""]"
Assets/Scenes/Hornet/Coral_29.unity	20793	1986	hornet_multi_wounder	ffe3a1a9c1e2bb94da3315cccccc4782	11400000	"[""Assets/PlayMaker/Templates/hornet_multi_wounder.asset""]"
Assets/Scenes/Hornet/Coral_29.unity	20794	2162	hornet_multi_wounder	ffe3a1a9c1e2bb94da3315cccccc4782	11400000	"[""Assets/PlayMaker/Templates/hornet_multi_wounder.asset""]"
Assets/Scenes/Hornet/Coral_29.unity	21466	161	hornet_multi_wounder	ffe3a1a9c1e2bb94da3315cccccc4782	11400000	"[""Assets/PlayMaker/Templates/hornet_multi_wounder.asset""]"
Assets/Scenes/Hornet/Coral_29.unity	21495	5772	hornet_multi_wounder	ffe3a1a9c1e2bb94da3315cccccc4782	11400000	"[""Assets/PlayMaker/Templates/hornet_multi_wounder.asset""]"
Assets/Scenes/Hornet/Coral_29.unity	21496	5771	hornet_multi_wounder	ffe3a1a9c1e2bb94da3315cccccc4782	11400000	"[""Assets/PlayMaker/Templates/hornet_multi_wounder.asset""]"
Assets/Scenes/Hornet/Coral_29.unity	21497	5770	hornet_multi_wounder	ffe3a1a9c1e2bb94da3315cccccc4782	11400000	"[""Assets/PlayMaker/Templates/hornet_multi_wounder.asset""]"
Assets/Scenes/Hornet/Coral_29.unity	21498	5769	hornet_multi_wounder	ffe3a1a9c1e2bb94da3315cccccc4782	11400000	"[""Assets/PlayMaker/Templates/hornet_multi_wounder.asset""]"
Assets/Scenes/Hornet/Coral_29.unity	21499	5773	hornet_multi_wounder	ffe3a1a9c1e2bb94da3315cccccc4782	11400000	"[""Assets/PlayMaker/Templates/hornet_multi_wounder.asset""]"
Assets/Scenes/Hornet/Coral_29.unity	21500	5775	hornet_multi_wounder	ffe3a1a9c1e2bb94da3315cccccc4782	11400000	"[""Assets/PlayMaker/Templates/hornet_multi_wounder.asset""]"
Assets/Scenes/Hornet/Coral_29.unity	21501	5774	hornet_multi_wounder	ffe3a1a9c1e2bb94da3315cccccc4782	11400000	"[""Assets/PlayMaker/Templates/hornet_multi_wounder.asset""]"
Assets/Scenes/Hornet/Coral_29.unity	21502	5778	hornet_multi_wounder	ffe3a1a9c1e2bb94da3315cccccc4782	11400000	"[""Assets/PlayMaker/Templates/hornet_multi_wounder.asset""]"
Assets/Scenes/Hornet/Coral_29.unity	21503	5777	hornet_multi_wounder	ffe3a1a9c1e2bb94da3315cccccc4782	11400000	"[""Assets/PlayMaker/Templates/hornet_multi_wounder.asset""]"
Assets/Scenes/Hornet/Coral_29.unity	21504	5776	hornet_multi_wounder	ffe3a1a9c1e2bb94da3315cccccc4782	11400000	"[""Assets/PlayMaker/Templates/hornet_multi_wounder.asset""]"
Assets/Scenes/Hornet/Coral_29.unity	21505	5781	hornet_multi_wounder	ffe3a1a9c1e2bb94da3315cccccc4782	11400000	"[""Assets/PlayMaker/Templates/hornet_multi_wounder.asset""]"
Assets/Scenes/Hornet/Coral_29.unity	21506	5779	hornet_multi_wounder	ffe3a1a9c1e2bb94da3315cccccc4782	11400000	"[""Assets/PlayMaker/Templates/hornet_multi_wounder.asset""]"
Assets/Scenes/Hornet/Coral_29.unity	21507	5780	hornet_multi_wounder	ffe3a1a9c1e2bb94da3315cccccc4782	11400000	"[""Assets/PlayMaker/Templates/hornet_multi_wounder.asset""]"
Assets/Scenes/Hornet/Coral_29.unity	21508	5782	hornet_multi_wounder	ffe3a1a9c1e2bb94da3315cccccc4782	11400000	"[""Assets/PlayMaker/Templates/hornet_multi_wounder.asset""]"
Assets/Scenes/Hornet/Coral_29.unity	21561	5597	hornet_multi_wounder	ffe3a1a9c1e2bb94da3315cccccc4782	11400000	"[""Assets/PlayMaker/Templates/hornet_multi_wounder.asset""]"
Assets/Scenes/Hornet/Coral_32.unity	12160	2246	Detect Landing	c9d78aec9d8dd8a419833f8f977ce120	11400000	"[""Assets/PlayMaker/Templates/sway_plat_collider.asset""]"
Assets/Scenes/Hornet/Coral_32.unity	12205	2524	Sway	611750e4cd2b0fc488c94b4d4a747bec	11400000	"[""Assets/PlayMaker/Templates/sway_plat_art.asset""]"
Assets/Scenes/Hornet/Coral_32.unity	12391	3215	tilt_plat	a40d78acbe179ad4a90e9b9d77d082be	11400000	"[""Assets/PlayMaker/Templates/tilt_plat.asset""]"
Assets/Scenes/Hornet/Coral_32.unity	12392	3216	tilt_plat	a40d78acbe179ad4a90e9b9d77d082be	11400000	"[""Assets/PlayMaker/Templates/tilt_plat.asset""]"
Assets/Scenes/Hornet/Coral_32.unity	12818	2368	Sway	611750e4cd2b0fc488c94b4d4a747bec	11400000	"[""Assets/PlayMaker/Templates/sway_plat_art.asset""]"
Assets/Scenes/Hornet/Coral_32.unity	12928	2813	flyer_go_up_response	6f0839127750b164ebb46ddbae600e15	11400000	"[""Assets/PlayMaker/Templates/flyer_go_up_response.asset""]"
Assets/Scenes/Hornet/Coral_32.unity	12929	2814	flyer_go_up_response	6f0839127750b164ebb46ddbae600e15	11400000	"[""Assets/PlayMaker/Templates/flyer_go_up_response.asset""]"
Assets/Scenes/Hornet/Coral_32.unity	13029	2184	Detect Landing	c9d78aec9d8dd8a419833f8f977ce120	11400000	"[""Assets/PlayMaker/Templates/sway_plat_collider.asset""]"
Assets/Scenes/Hornet/Coral_32.unity	13165	2355	Control	d13141ace76d6cc4e913c2aeb23075ea	11400000	"[""Assets/PlayMaker/Templates/coral_crust_wall.asset""]"
Assets/Scenes/Hornet/Coral_32.unity	13387	3710	hornet_multi_wounder	ffe3a1a9c1e2bb94da3315cccccc4782	11400000	"[""Assets/PlayMaker/Templates/hornet_multi_wounder.asset""]"
Assets/Scenes/Hornet/Coral_33.unity	2389	468	floating_die	f7f83697b37b4794188fb125b0239ac0	11400000	"[""Assets/PlayMaker/Templates/floating_die.asset""]"
Assets/Scenes/Hornet/Coral_33.unity	2402	468	floating_die_mid_drift	3379f397378426347b912cf7d31a49f1	11400000	"[""Assets/PlayMaker/Templates/floating_die_mid_drift.asset""]"
Assets/Scenes/Hornet/Coral_33.unity	2511	515	floating_die_mid_drift	3379f397378426347b912cf7d31a49f1	11400000	"[""Assets/PlayMaker/Templates/floating_die_mid_drift.asset""]"
Assets/Scenes/Hornet/Coral_33.unity	2533	515	floating_die	f7f83697b37b4794188fb125b0239ac0	11400000	"[""Assets/PlayMaker/Templates/floating_die.asset""]"
Assets/Scenes/Hornet/Coral_33.unity	2573	401	floating_die	f7f83697b37b4794188fb125b0239ac0	11400000	"[""Assets/PlayMaker/Templates/floating_die.asset""]"
Assets/Scenes/Hornet/Coral_33.unity	2583	401	floating_die_mid_drift	3379f397378426347b912cf7d31a49f1	11400000	"[""Assets/PlayMaker/Templates/floating_die_mid_drift.asset""]"
Assets/Scenes/Hornet/Coral_33.unity	2737	422	Stun Control	2e4b6e573032075449b2ab0adc00c0b8	11400000	"[""Assets/PlayMaker/Templates/stun_control.asset""]"
Assets/Scenes/Hornet/Coral_34.unity	8164	1888	Control	8b56ec0cfd65cc947973c77e650d446d	11400000	"[""Assets/PlayMaker/Templates/harpoon_ring.asset""]"
Assets/Scenes/Hornet/Coral_34.unity	8165	1889	Control	8b56ec0cfd65cc947973c77e650d446d	11400000	"[""Assets/PlayMaker/Templates/harpoon_ring.asset""]"
Assets/Scenes/Hornet/Coral_34.unity	8166	1886	Control	8b56ec0cfd65cc947973c77e650d446d	11400000	"[""Assets/PlayMaker/Templates/harpoon_ring.asset""]"
Assets/Scenes/Hornet/Coral_34.unity	8167	1887	Control	8b56ec0cfd65cc947973c77e650d446d	11400000	"[""Assets/PlayMaker/Templates/harpoon_ring.asset""]"
Assets/Scenes/Hornet/Coral_34.unity	8168	1893	Control	8b56ec0cfd65cc947973c77e650d446d	11400000	"[""Assets/PlayMaker/Templates/harpoon_ring.asset""]"
Assets/Scenes/Hornet/Coral_34.unity	8169	1894	Control	8b56ec0cfd65cc947973c77e650d446d	11400000	"[""Assets/PlayMaker/Templates/harpoon_ring.asset""]"
Assets/Scenes/Hornet/Coral_34.unity	8170	1890	Control	8b56ec0cfd65cc947973c77e650d446d	11400000	"[""Assets/PlayMaker/Templates/harpoon_ring.asset""]"
Assets/Scenes/Hornet/Coral_34.unity	8171	1892	Control	8b56ec0cfd65cc947973c77e650d446d	11400000	"[""Assets/PlayMaker/Templates/harpoon_ring.asset""]"
Assets/Scenes/Hornet/Coral_34.unity	8172	1891	Control	8b56ec0cfd65cc947973c77e650d446d	11400000	"[""Assets/PlayMaker/Templates/harpoon_ring.asset""]"
Assets/Scenes/Hornet/Coral_34.unity	8173	1895	Control	8b56ec0cfd65cc947973c77e650d446d	11400000	"[""Assets/PlayMaker/Templates/harpoon_ring.asset""]"
Assets/Scenes/Hornet/Coral_34.unity	8174	1896	Control	8b56ec0cfd65cc947973c77e650d446d	11400000	"[""Assets/PlayMaker/Templates/harpoon_ring.asset""]"
Assets/Scenes/Hornet/Coral_35.unity	4119	220	breakable_wall_v2	49ae76d885d76f0409f5e87241c2e88a	11400000	"[""Assets/PlayMaker/Templates/breakable_wall_v2.asset""]"
Assets/Scenes/Hornet/Coral_35.unity	4358	1055	Sway	611750e4cd2b0fc488c94b4d4a747bec	11400000	"[""Assets/PlayMaker/Templates/sway_plat_art.asset""]"
Assets/Scenes/Hornet/Coral_35.unity	4359	1056	Sway	611750e4cd2b0fc488c94b4d4a747bec	11400000	"[""Assets/PlayMaker/Templates/sway_plat_art.asset""]"
Assets/Scenes/Hornet/Coral_35.unity	4428	996	Detect Landing	c9d78aec9d8dd8a419833f8f977ce120	11400000	"[""Assets/PlayMaker/Templates/sway_plat_collider.asset""]"
Assets/Scenes/Hornet/Coral_35.unity	4429	997	Detect Landing	c9d78aec9d8dd8a419833f8f977ce120	11400000	"[""Assets/PlayMaker/Templates/sway_plat_collider.asset""]"
Assets/Scenes/Hornet/Coral_35b.unity	7120	1835	Control	d13141ace76d6cc4e913c2aeb23075ea	11400000	"[""Assets/PlayMaker/Templates/coral_crust_wall.asset""]"
Assets/Scenes/Hornet/Coral_35b.unity	7121	1834	Control	d13141ace76d6cc4e913c2aeb23075ea	11400000	"[""Assets/PlayMaker/Templates/coral_crust_wall.asset""]"
Assets/Scenes/Hornet/Coral_38.unity	8489	2018	Control	d13141ace76d6cc4e913c2aeb23075ea	11400000	"[""Assets/PlayMaker/Templates/coral_crust_wall.asset""]"
Assets/Scenes/Hornet/Coral_38.unity	8686	1805	Control	d13141ace76d6cc4e913c2aeb23075ea	11400000	"[""Assets/PlayMaker/Templates/coral_crust_wall.asset""]"
Assets/Scenes/Hornet/Coral_38.unity	8687	1804	Control	d13141ace76d6cc4e913c2aeb23075ea	11400000	"[""Assets/PlayMaker/Templates/coral_crust_wall.asset""]"
Assets/Scenes/Hornet/Coral_38.unity	8688	1803	Control	d13141ace76d6cc4e913c2aeb23075ea	11400000	"[""Assets/PlayMaker/Templates/coral_crust_wall.asset""]"
Assets/Scenes/Hornet/Coral_38.unity	8689	1802	Control	d13141ace76d6cc4e913c2aeb23075ea	11400000	"[""Assets/PlayMaker/Templates/coral_crust_wall.asset""]"
Assets/Scenes/Hornet/Coral_38.unity	8722	2387	hornet_multi_wounder	ffe3a1a9c1e2bb94da3315cccccc4782	11400000	"[""Assets/PlayMaker/Templates/hornet_multi_wounder.asset""]"
Assets/Scenes/Hornet/Coral_38.unity	8723	2386	hornet_multi_wounder	ffe3a1a9c1e2bb94da3315cccccc4782	11400000	"[""Assets/PlayMaker/Templates/hornet_multi_wounder.asset""]"
Assets/Scenes/Hornet/Coral_38.unity	8724	2385	hornet_multi_wounder	ffe3a1a9c1e2bb94da3315cccccc4782	11400000	"[""Assets/PlayMaker/Templates/hornet_multi_wounder.asset""]"
Assets/Scenes/Hornet/Coral_38.unity	8725	2384	hornet_multi_wounder	ffe3a1a9c1e2bb94da3315cccccc4782	11400000	"[""Assets/PlayMaker/Templates/hornet_multi_wounder.asset""]"
Assets/Scenes/Hornet/Coral_38.unity	8858	1741	FSM	6f0839127750b164ebb46ddbae600e15	11400000	"[""Assets/PlayMaker/Templates/flyer_go_up_response.asset""]"
Assets/Scenes/Hornet/Coral_38.unity	8859	1740	FSM	6f0839127750b164ebb46ddbae600e15	11400000	"[""Assets/PlayMaker/Templates/flyer_go_up_response.asset""]"
Assets/Scenes/Hornet/Coral_38.unity	8860	1739	FSM	6f0839127750b164ebb46ddbae600e15	11400000	"[""Assets/PlayMaker/Templates/flyer_go_up_response.asset""]"
Assets/Scenes/Hornet/Coral_38.unity	8861	1738	FSM	6f0839127750b164ebb46ddbae600e15	11400000	"[""Assets/PlayMaker/Templates/flyer_go_up_response.asset""]"
Assets/Scenes/Hornet/Coral_39.unity	3897	662	Stun Control	2e4b6e573032075449b2ab0adc00c0b8	11400000	"[""Assets/PlayMaker/Templates/stun_control.asset""]"
Assets/Scenes/Hornet/Coral_39.unity	4029	662	hero_binding_check	8d9d9a2db876e3d44b23ba7abf03f43f	11400000	"[""Assets/PlayMaker/Templates/hero_binding_check.asset""]"
Assets/Scenes/Hornet/Coral_41.unity	14328	82	enemy_message	40a9c40cac6976f43979028f936c4871	11400000	"[""Assets/PlayMaker/Templates/enemy_message.asset""]"
Assets/Scenes/Hornet/Coral_41.unity	14391	501	enemy_message	40a9c40cac6976f43979028f936c4871	11400000	"[""Assets/PlayMaker/Templates/enemy_message.asset""]"
Assets/Scenes/Hornet/Coral_41.unity	14545	1384	enemy_message	40a9c40cac6976f43979028f936c4871	11400000	"[""Assets/PlayMaker/Templates/enemy_message.asset""]"
Assets/Scenes/Hornet/Coral_41.unity	15274	2946	Control	d13141ace76d6cc4e913c2aeb23075ea	11400000	"[""Assets/PlayMaker/Templates/coral_crust_wall.asset""]"
Assets/Scenes/Hornet/Coral_41.unity	15361	3108	flyer_go_up_response	6f0839127750b164ebb46ddbae600e15	11400000	"[""Assets/PlayMaker/Templates/flyer_go_up_response.asset""]"
Assets/Scenes/Hornet/Coral_41.unity	15362	3109	flyer_go_up_response	6f0839127750b164ebb46ddbae600e15	11400000	"[""Assets/PlayMaker/Templates/flyer_go_up_response.asset""]"
Assets/Scenes/Hornet/Coral_41.unity	15472	2991	Control	d13141ace76d6cc4e913c2aeb23075ea	11400000	"[""Assets/PlayMaker/Templates/coral_crust_wall.asset""]"
Assets/Scenes/Hornet/Coral_41.unity	15473	2992	Control	d13141ace76d6cc4e913c2aeb23075ea	11400000	"[""Assets/PlayMaker/Templates/coral_crust_wall.asset""]"
Assets/Scenes/Hornet/Coral_41.unity	15474	2993	Control	d13141ace76d6cc4e913c2aeb23075ea	11400000	"[""Assets/PlayMaker/Templates/coral_crust_wall.asset""]"
Assets/Scenes/Hornet/Coral_41.unity	15475	2994	Control	d13141ace76d6cc4e913c2aeb23075ea	11400000	"[""Assets/PlayMaker/Templates/coral_crust_wall.asset""]"
Assets/Scenes/Hornet/Coral_41.unity	15476	2995	Control	d13141ace76d6cc4e913c2aeb23075ea	11400000	"[""Assets/PlayMaker/Templates/coral_crust_wall.asset""]"
Assets/Scenes/Hornet/Coral_41.unity	15477	2996	Control	d13141ace76d6cc4e913c2aeb23075ea	11400000	"[""Assets/PlayMaker/Templates/coral_crust_wall.asset""]"
Assets/Scenes/Hornet/Coral_41.unity	15478	2997	Control	d13141ace76d6cc4e913c2aeb23075ea	11400000	"[""Assets/PlayMaker/Templates/coral_crust_wall.asset""]"
Assets/Scenes/Hornet/Coral_41.unity	15479	2998	Control	d13141ace76d6cc4e913c2aeb23075ea	11400000	"[""Assets/PlayMaker/Templates/coral_crust_wall.asset""]"
Assets/Scenes/Hornet/Coral_41.unity	15707	2364	Control	d13141ace76d6cc4e913c2aeb23075ea	11400000	"[""Assets/PlayMaker/Templates/coral_crust_wall.asset""]"
Assets/Scenes/Hornet/Coral_41.unity	15708	2361	Control	d13141ace76d6cc4e913c2aeb23075ea	11400000	"[""Assets/PlayMaker/Templates/coral_crust_wall.asset""]"
Assets/Scenes/Hornet/Coral_41.unity	15709	2360	Control	d13141ace76d6cc4e913c2aeb23075ea	11400000	"[""Assets/PlayMaker/Templates/coral_crust_wall.asset""]"
Assets/Scenes/Hornet/Coral_41.unity	15710	2362	Control	d13141ace76d6cc4e913c2aeb23075ea	11400000	"[""Assets/PlayMaker/Templates/coral_crust_wall.asset""]"
Assets/Scenes/Hornet/Coral_41.unity	15711	2363	Control	d13141ace76d6cc4e913c2aeb23075ea	11400000	"[""Assets/PlayMaker/Templates/coral_crust_wall.asset""]"
Assets/Scenes/Hornet/Coral_41.unity	15712	2359	Control	d13141ace76d6cc4e913c2aeb23075ea	11400000	"[""Assets/PlayMaker/Templates/coral_crust_wall.asset""]"
Assets/Scenes/Hornet/Coral_41.unity	15713	2358	Control	d13141ace76d6cc4e913c2aeb23075ea	11400000	"[""Assets/PlayMaker/Templates/coral_crust_wall.asset""]"
Assets/Scenes/Hornet/Coral_41.unity	15714	2356	Control	d13141ace76d6cc4e913c2aeb23075ea	11400000	"[""Assets/PlayMaker/Templates/coral_crust_wall.asset""]"
Assets/Scenes/Hornet/Coral_41.unity	15715	2357	Control	d13141ace76d6cc4e913c2aeb23075ea	11400000	"[""Assets/PlayMaker/Templates/coral_crust_wall.asset""]"
Assets/Scenes/Hornet/Coral_41.unity	15716	2354	Control	d13141ace76d6cc4e913c2aeb23075ea	11400000	"[""Assets/PlayMaker/Templates/coral_crust_wall.asset""]"
Assets/Scenes/Hornet/Coral_41.unity	15717	2355	Control	d13141ace76d6cc4e913c2aeb23075ea	11400000	"[""Assets/PlayMaker/Templates/coral_crust_wall.asset""]"
Assets/Scenes/Hornet/Coral_41.unity	15718	2353	Control	d13141ace76d6cc4e913c2aeb23075ea	11400000	"[""Assets/PlayMaker/Templates/coral_crust_wall.asset""]"
Assets/Scenes/Hornet/Coral_41.unity	15719	2352	Control	d13141ace76d6cc4e913c2aeb23075ea	11400000	"[""Assets/PlayMaker/Templates/coral_crust_wall.asset""]"
Assets/Scenes/Hornet/Coral_41.unity	15720	2351	Control	d13141ace76d6cc4e913c2aeb23075ea	11400000	"[""Assets/PlayMaker/Templates/coral_crust_wall.asset""]"
Assets/Scenes/Hornet/Coral_41.unity	15721	2350	Control	d13141ace76d6cc4e913c2aeb23075ea	11400000	"[""Assets/PlayMaker/Templates/coral_crust_wall.asset""]"
Assets/Scenes/Hornet/Coral_41.unity	15722	2349	Control	d13141ace76d6cc4e913c2aeb23075ea	11400000	"[""Assets/PlayMaker/Templates/coral_crust_wall.asset""]"
Assets/Scenes/Hornet/Coral_41.unity	15723	2348	Control	d13141ace76d6cc4e913c2aeb23075ea	11400000	"[""Assets/PlayMaker/Templates/coral_crust_wall.asset""]"
Assets/Scenes/Hornet/Coral_41.unity	15724	2347	Control	d13141ace76d6cc4e913c2aeb23075ea	11400000	"[""Assets/PlayMaker/Templates/coral_crust_wall.asset""]"
Assets/Scenes/Hornet/Coral_41.unity	15725	2346	Control	d13141ace76d6cc4e913c2aeb23075ea	11400000	"[""Assets/PlayMaker/Templates/coral_crust_wall.asset""]"
Assets/Scenes/Hornet/Coral_41.unity	15726	2345	Control	d13141ace76d6cc4e913c2aeb23075ea	11400000	"[""Assets/PlayMaker/Templates/coral_crust_wall.asset""]"
Assets/Scenes/Hornet/Coral_41.unity	15727	2344	Control	d13141ace76d6cc4e913c2aeb23075ea	11400000	"[""Assets/PlayMaker/Templates/coral_crust_wall.asset""]"
Assets/Scenes/Hornet/Coral_41.unity	15728	2343	Control	d13141ace76d6cc4e913c2aeb23075ea	11400000	"[""Assets/PlayMaker/Templates/coral_crust_wall.asset""]"
Assets/Scenes/Hornet/Coral_41.unity	15729	2341	Control	d13141ace76d6cc4e913c2aeb23075ea	11400000	"[""Assets/PlayMaker/Templates/coral_crust_wall.asset""]"
Assets/Scenes/Hornet/Coral_41.unity	15730	2342	Control	d13141ace76d6cc4e913c2aeb23075ea	11400000	"[""Assets/PlayMaker/Templates/coral_crust_wall.asset""]"
Assets/Scenes/Hornet/Coral_41.unity	15731	2339	Control	d13141ace76d6cc4e913c2aeb23075ea	11400000	"[""Assets/PlayMaker/Templates/coral_crust_wall.asset""]"
Assets/Scenes/Hornet/Coral_41.unity	15732	2340	Control	d13141ace76d6cc4e913c2aeb23075ea	11400000	"[""Assets/PlayMaker/Templates/coral_crust_wall.asset""]"
Assets/Scenes/Hornet/Coral_41.unity	15733	2337	Control	d13141ace76d6cc4e913c2aeb23075ea	11400000	"[""Assets/PlayMaker/Templates/coral_crust_wall.asset""]"
Assets/Scenes/Hornet/Coral_41.unity	15734	2338	Control	d13141ace76d6cc4e913c2aeb23075ea	11400000	"[""Assets/PlayMaker/Templates/coral_crust_wall.asset""]"
Assets/Scenes/Hornet/Coral_41.unity	15735	2336	Control	d13141ace76d6cc4e913c2aeb23075ea	11400000	"[""Assets/PlayMaker/Templates/coral_crust_wall.asset""]"
Assets/Scenes/Hornet/Coral_41.unity	15736	2335	Control	d13141ace76d6cc4e913c2aeb23075ea	11400000	"[""Assets/PlayMaker/Templates/coral_crust_wall.asset""]"
Assets/Scenes/Hornet/Coral_41.unity	15737	2334	Control	d13141ace76d6cc4e913c2aeb23075ea	11400000	"[""Assets/PlayMaker/Templates/coral_crust_wall.asset""]"
Assets/Scenes/Hornet/Coral_41.unity	15738	2333	Control	d13141ace76d6cc4e913c2aeb23075ea	11400000	"[""Assets/PlayMaker/Templates/coral_crust_wall.asset""]"
Assets/Scenes/Hornet/Coral_41.unity	15739	2332	Control	d13141ace76d6cc4e913c2aeb23075ea	11400000	"[""Assets/PlayMaker/Templates/coral_crust_wall.asset""]"
Assets/Scenes/Hornet/Coral_41.unity	15740	2331	Control	d13141ace76d6cc4e913c2aeb23075ea	11400000	"[""Assets/PlayMaker/Templates/coral_crust_wall.asset""]"
Assets/Scenes/Hornet/Coral_41.unity	15741	2330	Control	d13141ace76d6cc4e913c2aeb23075ea	11400000	"[""Assets/PlayMaker/Templates/coral_crust_wall.asset""]"
Assets/Scenes/Hornet/Coral_41.unity	15742	2329	Control	d13141ace76d6cc4e913c2aeb23075ea	11400000	"[""Assets/PlayMaker/Templates/coral_crust_wall.asset""]"
Assets/Scenes/Hornet/Coral_41.unity	15743	2328	Control	d13141ace76d6cc4e913c2aeb23075ea	11400000	"[""Assets/PlayMaker/Templates/coral_crust_wall.asset""]"
Assets/Scenes/Hornet/Coral_41.unity	15744	2327	Control	d13141ace76d6cc4e913c2aeb23075ea	11400000	"[""Assets/PlayMaker/Templates/coral_crust_wall.asset""]"
Assets/Scenes/Hornet/Coral_41.unity	15745	2326	Control	d13141ace76d6cc4e913c2aeb23075ea	11400000	"[""Assets/PlayMaker/Templates/coral_crust_wall.asset""]"
Assets/Scenes/Hornet/Coral_42.unity	3040	826	FSM	2822d5f0a56d5274594c3ab82acbe0d6	11400000	"[""Assets/PlayMaker/Templates/lowpass_audio_by_area.asset""]"
Assets/Scenes/Hornet/Coral_44.unity	12753	1365	plat_dust	0d27c817f4140404a8af6c61269d05aa	11400000	"[""Assets/PlayMaker/Templates/plat_dust.asset""]"
Assets/Scenes/Hornet/Coral_44.unity	13888	1878	Control	d13141ace76d6cc4e913c2aeb23075ea	11400000	"[""Assets/PlayMaker/Templates/coral_crust_wall.asset""]"
Assets/Scenes/Hornet/Coral_44.unity	13889	1877	Control	d13141ace76d6cc4e913c2aeb23075ea	11400000	"[""Assets/PlayMaker/Templates/coral_crust_wall.asset""]"
Assets/Scenes/Hornet/Coral_Judge_Arena.unity	4427	81	Quest End Sequence	377dd80f9974fc34082aa21a06f60858	11400000	"[""Assets/PlayMaker/Templates/caravan_troupe_travel_handler.asset""]"
Assets/Scenes/Hornet/Coral_Judge_Arena.unity	4452	229	Bench Control	30022a57d0796134fbc5d49b1decd4f9	11400000	"[""Assets/PlayMaker/Templates/bench_control.asset""]"
Assets/Scenes/Hornet/Coral_Judge_Arena.unity	4550	497	Stun Control	2e4b6e573032075449b2ab0adc00c0b8	11400000	"[""Assets/PlayMaker/Templates/stun_control.asset""]"
Assets/Scenes/Hornet/Coral_Tower_01.unity	4582	598	Bench Control	30022a57d0796134fbc5d49b1decd4f9	11400000	"[""Assets/PlayMaker/Templates/bench_control.asset""]"
Assets/Scenes/Hornet/Coral_Tower_01.unity	4605	808	To Memory	805180b1be25c6143912b68f98163de0	11400000	"[""Assets/PlayMaker/Templates/thread_memory_scene_transition.asset""]"
Assets/Scenes/Hornet/Cradle_02.unity	2636	778	FSM	ffe3a1a9c1e2bb94da3315cccccc4782	11400000	"[""Assets/PlayMaker/Templates/hornet_multi_wounder.asset""]"
Assets/Scenes/Hornet/Cradle_02.unity	2680	777	FSM	ffe3a1a9c1e2bb94da3315cccccc4782	11400000	"[""Assets/PlayMaker/Templates/hornet_multi_wounder.asset""]"
Assets/Scenes/Hornet/Cradle_02.unity	2681	776	FSM	ffe3a1a9c1e2bb94da3315cccccc4782	11400000	"[""Assets/PlayMaker/Templates/hornet_multi_wounder.asset""]"
Assets/Scenes/Hornet/Cradle_02b.unity	2829	721	Sway	611750e4cd2b0fc488c94b4d4a747bec	11400000	"[""Assets/PlayMaker/Templates/sway_plat_art.asset""]"
Assets/Scenes/Hornet/Cradle_02b.unity	2830	720	Sway	611750e4cd2b0fc488c94b4d4a747bec	11400000	"[""Assets/PlayMaker/Templates/sway_plat_art.asset""]"
Assets/Scenes/Hornet/Cradle_02b.unity	2831	719	Sway	611750e4cd2b0fc488c94b4d4a747bec	11400000	"[""Assets/PlayMaker/Templates/sway_plat_art.asset""]"
Assets/Scenes/Hornet/Cradle_02b.unity	2832	722	Sway	611750e4cd2b0fc488c94b4d4a747bec	11400000	"[""Assets/PlayMaker/Templates/sway_plat_art.asset""]"
Assets/Scenes/Hornet/Cradle_02b.unity	2833	723	Sway	611750e4cd2b0fc488c94b4d4a747bec	11400000	"[""Assets/PlayMaker/Templates/sway_plat_art.asset""]"
Assets/Scenes/Hornet/Cradle_02b.unity	2875	839	Sway	611750e4cd2b0fc488c94b4d4a747bec	11400000	"[""Assets/PlayMaker/Templates/sway_plat_art.asset""]"
Assets/Scenes/Hornet/Cradle_03.unity	10875	70	FSM	88fad983c3f941c4daf95a8957d83ee1	11400000	"[""Assets/PlayMaker/Templates/silk_boss_rubble_field.asset""]"
Assets/Scenes/Hornet/Cradle_03.unity	10913	168	silk_boss_pattern_control	a0271e75faffd4246acdca4cc7afec78	11400000	"[""Assets/PlayMaker/Templates/silk_boss_pattern_control.asset""]"
Assets/Scenes/Hornet/Cradle_03.unity	11035	745	FSM	88fad983c3f941c4daf95a8957d83ee1	11400000	"[""Assets/PlayMaker/Templates/silk_boss_rubble_field.asset""]"
Assets/Scenes/Hornet/Cradle_03.unity	11129	1218	silk_boss_pattern_control	a0271e75faffd4246acdca4cc7afec78	11400000	"[""Assets/PlayMaker/Templates/silk_boss_pattern_control.asset""]"
Assets/Scenes/Hornet/Cradle_03.unity	11165	1384	FSM	88fad983c3f941c4daf95a8957d83ee1	11400000	"[""Assets/PlayMaker/Templates/silk_boss_rubble_field.asset""]"
Assets/Scenes/Hornet/Cradle_03.unity	11200	1994	Control	800ddc6831be7d045b0f58a43c6b2608	11400000	"[""Assets/PlayMaker/Templates/silk_boss_blade.asset""]"
Assets/Scenes/Hornet/Cradle_03.unity	11344	2089	Control	800ddc6831be7d045b0f58a43c6b2608	11400000	"[""Assets/PlayMaker/Templates/silk_boss_blade.asset""]"
Assets/Scenes/Hornet/Cradle_03.unity	11361	2190	Tink	cb5b86d693b522b42aadbd578532154a	11400000	"[""Assets/PlayMaker/Templates/silk_blade_tink.asset""]"
Assets/Scenes/Hornet/Cradle_03.unity	11378	1936	Control	800ddc6831be7d045b0f58a43c6b2608	11400000	"[""Assets/PlayMaker/Templates/silk_boss_blade.asset""]"
Assets/Scenes/Hornet/Cradle_03.unity	11380	1994	Tink	cb5b86d693b522b42aadbd578532154a	11400000	"[""Assets/PlayMaker/Templates/silk_blade_tink.asset""]"
Assets/Scenes/Hornet/Cradle_03.unity	11384	2089	Tink	cb5b86d693b522b42aadbd578532154a	11400000	"[""Assets/PlayMaker/Templates/silk_blade_tink.asset""]"
Assets/Scenes/Hornet/Cradle_03.unity	11446	1608	Tink	cb5b86d693b522b42aadbd578532154a	11400000	"[""Assets/PlayMaker/Templates/silk_blade_tink.asset""]"
Assets/Scenes/Hornet/Cradle_03.unity	11513	1608	Control	800ddc6831be7d045b0f58a43c6b2608	11400000	"[""Assets/PlayMaker/Templates/silk_boss_blade.asset""]"
Assets/Scenes/Hornet/Cradle_03.unity	11583	1936	Tink	cb5b86d693b522b42aadbd578532154a	11400000	"[""Assets/PlayMaker/Templates/silk_blade_tink.asset""]"
Assets/Scenes/Hornet/Cradle_03.unity	11593	1610	Tink	cb5b86d693b522b42aadbd578532154a	11400000	"[""Assets/PlayMaker/Templates/silk_blade_tink.asset""]"
Assets/Scenes/Hornet/Cradle_03.unity	11594	1962	Stun Control	2e4b6e573032075449b2ab0adc00c0b8	11400000	"[""Assets/PlayMaker/Templates/stun_control.asset""]"
Assets/Scenes/Hornet/Cradle_03.unity	11740	1610	Control	800ddc6831be7d045b0f58a43c6b2608	11400000	"[""Assets/PlayMaker/Templates/silk_boss_blade.asset""]"
Assets/Scenes/Hornet/Cradle_03.unity	11755	2190	Control	800ddc6831be7d045b0f58a43c6b2608	11400000	"[""Assets/PlayMaker/Templates/silk_boss_blade.asset""]"
Assets/Scenes/Hornet/Cradle_03.unity	11833	2196	Hand Control	ea7edbcaefe7af546bc5bd28d21e1f21	11400000	"[""Assets/PlayMaker/Templates/silk_boss_hand_control.asset""]"
Assets/Scenes/Hornet/Cradle_03.unity	11953	1806	Hand Control	ea7edbcaefe7af546bc5bd28d21e1f21	11400000	"[""Assets/PlayMaker/Templates/silk_boss_hand_control.asset""]"
Assets/Scenes/Hornet/Cradle_Destroyed_Challenge_01.unity	16477	698	Control	c310d49c7a767da4bbbfa5eb40f6f5f1	11400000	"[""Assets/PlayMaker/Templates/silk_boss_hand.asset""]"
Assets/Scenes/Hornet/Cradle_Destroyed_Challenge_01.unity	16537	2522	Control	c310d49c7a767da4bbbfa5eb40f6f5f1	11400000	"[""Assets/PlayMaker/Templates/silk_boss_hand.asset""]"
Assets/Scenes/Hornet/Cradle_Destroyed_Challenge_01.unity	16742	4817	Control	800ddc6831be7d045b0f58a43c6b2608	11400000	"[""Assets/PlayMaker/Templates/silk_boss_blade.asset""]"
Assets/Scenes/Hornet/Cradle_Destroyed_Challenge_01.unity	16743	4816	Control	800ddc6831be7d045b0f58a43c6b2608	11400000	"[""Assets/PlayMaker/Templates/silk_boss_blade.asset""]"
Assets/Scenes/Hornet/Cradle_Destroyed_Challenge_01.unity	16744	4815	Control	800ddc6831be7d045b0f58a43c6b2608	11400000	"[""Assets/PlayMaker/Templates/silk_boss_blade.asset""]"
Assets/Scenes/Hornet/Cradle_Destroyed_Challenge_01.unity	16745	4814	Control	800ddc6831be7d045b0f58a43c6b2608	11400000	"[""Assets/PlayMaker/Templates/silk_boss_blade.asset""]"
Assets/Scenes/Hornet/Cradle_Destroyed_Challenge_01.unity	16746	4813	Control	800ddc6831be7d045b0f58a43c6b2608	11400000	"[""Assets/PlayMaker/Templates/silk_boss_blade.asset""]"
Assets/Scenes/Hornet/Cradle_Destroyed_Challenge_01.unity	16747	4811	Control	800ddc6831be7d045b0f58a43c6b2608	11400000	"[""Assets/PlayMaker/Templates/silk_boss_blade.asset""]"
Assets/Scenes/Hornet/Cradle_Destroyed_Challenge_01.unity	16748	4812	Control	800ddc6831be7d045b0f58a43c6b2608	11400000	"[""Assets/PlayMaker/Templates/silk_boss_blade.asset""]"
Assets/Scenes/Hornet/Cradle_Destroyed_Challenge_01.unity	16749	4810	Control	800ddc6831be7d045b0f58a43c6b2608	11400000	"[""Assets/PlayMaker/Templates/silk_boss_blade.asset""]"
Assets/Scenes/Hornet/Cradle_Destroyed_Challenge_01.unity	16910	4811	Tink	cb5b86d693b522b42aadbd578532154a	11400000	"[""Assets/PlayMaker/Templates/silk_blade_tink.asset""]"
Assets/Scenes/Hornet/Cradle_Destroyed_Challenge_01.unity	16912	4812	Tink	cb5b86d693b522b42aadbd578532154a	11400000	"[""Assets/PlayMaker/Templates/silk_blade_tink.asset""]"
Assets/Scenes/Hornet/Cradle_Destroyed_Challenge_01.unity	16914	4810	Tink	cb5b86d693b522b42aadbd578532154a	11400000	"[""Assets/PlayMaker/Templates/silk_blade_tink.asset""]"
Assets/Scenes/Hornet/Cradle_Destroyed_Challenge_01.unity	16916	4815	Tink	cb5b86d693b522b42aadbd578532154a	11400000	"[""Assets/PlayMaker/Templates/silk_blade_tink.asset""]"
Assets/Scenes/Hornet/Cradle_Destroyed_Challenge_01.unity	16918	4816	Tink	cb5b86d693b522b42aadbd578532154a	11400000	"[""Assets/PlayMaker/Templates/silk_blade_tink.asset""]"
Assets/Scenes/Hornet/Cradle_Destroyed_Challenge_01.unity	16920	4817	Tink	cb5b86d693b522b42aadbd578532154a	11400000	"[""Assets/PlayMaker/Templates/silk_blade_tink.asset""]"
Assets/Scenes/Hornet/Cradle_Destroyed_Challenge_01.unity	16922	4813	Tink	cb5b86d693b522b42aadbd578532154a	11400000	"[""Assets/PlayMaker/Templates/silk_blade_tink.asset""]"
Assets/Scenes/Hornet/Cradle_Destroyed_Challenge_01.unity	16924	4814	Tink	cb5b86d693b522b42aadbd578532154a	11400000	"[""Assets/PlayMaker/Templates/silk_blade_tink.asset""]"
Assets/Scenes/Hornet/Cradle_Destroyed_Challenge_01.unity	16955	5398	hornet_multi_wounder	ffe3a1a9c1e2bb94da3315cccccc4782	11400000	"[""Assets/PlayMaker/Templates/hornet_multi_wounder.asset""]"
Assets/Scenes/Hornet/Cradle_Destroyed_Challenge_01.unity	16956	5387	hornet_multi_wounder	ffe3a1a9c1e2bb94da3315cccccc4782	11400000	"[""Assets/PlayMaker/Templates/hornet_multi_wounder.asset""]"
Assets/Scenes/Hornet/Cradle_Destroyed_Challenge_01.unity	16957	5373	hornet_multi_wounder	ffe3a1a9c1e2bb94da3315cccccc4782	11400000	"[""Assets/PlayMaker/Templates/hornet_multi_wounder.asset""]"
Assets/Scenes/Hornet/Cradle_Destroyed_Challenge_02.unity	7648	2160	hornet_multi_wounder	ffe3a1a9c1e2bb94da3315cccccc4782	11400000	"[""Assets/PlayMaker/Templates/hornet_multi_wounder.asset""]"
Assets/Scenes/Hornet/Cradle_Destroyed_Challenge_02.unity	7649	2161	hornet_multi_wounder	ffe3a1a9c1e2bb94da3315cccccc4782	11400000	"[""Assets/PlayMaker/Templates/hornet_multi_wounder.asset""]"
Assets/Scenes/Hornet/Cradle_Destroyed_Challenge_02.unity	7650	2158	hornet_multi_wounder	ffe3a1a9c1e2bb94da3315cccccc4782	11400000	"[""Assets/PlayMaker/Templates/hornet_multi_wounder.asset""]"
Assets/Scenes/Hornet/Cradle_Destroyed_Challenge_02.unity	7651	2159	hornet_multi_wounder	ffe3a1a9c1e2bb94da3315cccccc4782	11400000	"[""Assets/PlayMaker/Templates/hornet_multi_wounder.asset""]"
Assets/Scenes/Hornet/Cradle_Destroyed_Challenge_02.unity	7684	2261	FSM	ffe3a1a9c1e2bb94da3315cccccc4782	11400000	"[""Assets/PlayMaker/Templates/hornet_multi_wounder.asset""]"
Assets/Scenes/Hornet/Cradle_Destroyed_Challenge_02.unity	7686	2260	FSM	ffe3a1a9c1e2bb94da3315cccccc4782	11400000	"[""Assets/PlayMaker/Templates/hornet_multi_wounder.asset""]"
Assets/Scenes/Hornet/Cradle_Destroyed_Challenge_Bench.unity	1823	296	Bench Control	30022a57d0796134fbc5d49b1decd4f9	11400000	"[""Assets/PlayMaker/Templates/bench_control.asset""]"
Assets/Scenes/Hornet/Crawl_01.unity	11123	213	FSM	4a4a54231405d9544b775204c279894e	11400000	"[""Assets/PlayMaker/Templates/bone_worm_nest.asset""]"
Assets/Scenes/Hornet/Crawl_01.unity	11199	513	FSM	4a4a54231405d9544b775204c279894e	11400000	"[""Assets/PlayMaker/Templates/bone_worm_nest.asset""]"
Assets/Scenes/Hornet/Crawl_01.unity	11226	623	FSM	4a4a54231405d9544b775204c279894e	11400000	"[""Assets/PlayMaker/Templates/bone_worm_nest.asset""]"
Assets/Scenes/Hornet/Crawl_01.unity	11377	1269	FSM	4a4a54231405d9544b775204c279894e	11400000	"[""Assets/PlayMaker/Templates/bone_worm_nest.asset""]"
Assets/Scenes/Hornet/Crawl_01.unity	11523	1778	FSM	4a4a54231405d9544b775204c279894e	11400000	"[""Assets/PlayMaker/Templates/bone_worm_nest.asset""]"
Assets/Scenes/Hornet/Crawl_01.unity	11686	3036	hornet_multi_wounder	ffe3a1a9c1e2bb94da3315cccccc4782	11400000	"[""Assets/PlayMaker/Templates/hornet_multi_wounder.asset""]"
Assets/Scenes/Hornet/Crawl_01.unity	11688	3039	hornet_multi_wounder	ffe3a1a9c1e2bb94da3315cccccc4782	11400000	"[""Assets/PlayMaker/Templates/hornet_multi_wounder.asset""]"
Assets/Scenes/Hornet/Crawl_01.unity	11690	3040	hornet_multi_wounder	ffe3a1a9c1e2bb94da3315cccccc4782	11400000	"[""Assets/PlayMaker/Templates/hornet_multi_wounder.asset""]"
Assets/Scenes/Hornet/Crawl_01.unity	11692	3037	hornet_multi_wounder	ffe3a1a9c1e2bb94da3315cccccc4782	11400000	"[""Assets/PlayMaker/Templates/hornet_multi_wounder.asset""]"
Assets/Scenes/Hornet/Crawl_01.unity	11694	3038	hornet_multi_wounder	ffe3a1a9c1e2bb94da3315cccccc4782	11400000	"[""Assets/PlayMaker/Templates/hornet_multi_wounder.asset""]"
Assets/Scenes/Hornet/Crawl_01.unity	11696	3044	hornet_multi_wounder	ffe3a1a9c1e2bb94da3315cccccc4782	11400000	"[""Assets/PlayMaker/Templates/hornet_multi_wounder.asset""]"
Assets/Scenes/Hornet/Crawl_01.unity	11698	3041	hornet_multi_wounder	ffe3a1a9c1e2bb94da3315cccccc4782	11400000	"[""Assets/PlayMaker/Templates/hornet_multi_wounder.asset""]"
Assets/Scenes/Hornet/Crawl_01.unity	11700	3042	hornet_multi_wounder	ffe3a1a9c1e2bb94da3315cccccc4782	11400000	"[""Assets/PlayMaker/Templates/hornet_multi_wounder.asset""]"
Assets/Scenes/Hornet/Crawl_01.unity	11702	3043	hornet_multi_wounder	ffe3a1a9c1e2bb94da3315cccccc4782	11400000	"[""Assets/PlayMaker/Templates/hornet_multi_wounder.asset""]"
Assets/Scenes/Hornet/Crawl_01.unity	11712	2752	hornet_multi_wounder	ffe3a1a9c1e2bb94da3315cccccc4782	11400000	"[""Assets/PlayMaker/Templates/hornet_multi_wounder.asset""]"
Assets/Scenes/Hornet/Crawl_01.unity	11714	2750	hornet_multi_wounder	ffe3a1a9c1e2bb94da3315cccccc4782	11400000	"[""Assets/PlayMaker/Templates/hornet_multi_wounder.asset""]"
Assets/Scenes/Hornet/Crawl_01.unity	11716	2751	hornet_multi_wounder	ffe3a1a9c1e2bb94da3315cccccc4782	11400000	"[""Assets/PlayMaker/Templates/hornet_multi_wounder.asset""]"
Assets/Scenes/Hornet/Crawl_01.unity	11718	2749	hornet_multi_wounder	ffe3a1a9c1e2bb94da3315cccccc4782	11400000	"[""Assets/PlayMaker/Templates/hornet_multi_wounder.asset""]"
Assets/Scenes/Hornet/Crawl_01.unity	11720	2748	hornet_multi_wounder	ffe3a1a9c1e2bb94da3315cccccc4782	11400000	"[""Assets/PlayMaker/Templates/hornet_multi_wounder.asset""]"
Assets/Scenes/Hornet/Crawl_01.unity	11722	2747	hornet_multi_wounder	ffe3a1a9c1e2bb94da3315cccccc4782	11400000	"[""Assets/PlayMaker/Templates/hornet_multi_wounder.asset""]"
Assets/Scenes/Hornet/Crawl_01.unity	11724	2746	hornet_multi_wounder	ffe3a1a9c1e2bb94da3315cccccc4782	11400000	"[""Assets/PlayMaker/Templates/hornet_multi_wounder.asset""]"
Assets/Scenes/Hornet/Crawl_01.unity	11726	2744	hornet_multi_wounder	ffe3a1a9c1e2bb94da3315cccccc4782	11400000	"[""Assets/PlayMaker/Templates/hornet_multi_wounder.asset""]"
Assets/Scenes/Hornet/Crawl_01.unity	11728	2745	hornet_multi_wounder	ffe3a1a9c1e2bb94da3315cccccc4782	11400000	"[""Assets/PlayMaker/Templates/hornet_multi_wounder.asset""]"
Assets/Scenes/Hornet/Crawl_01.unity	11840	2391	bone_crumble_plat	db45ee5f0ebe350428ecbbe747e29ec7	11400000	"[""Assets/PlayMaker/Templates/bone_crumble_plat.asset""]"
Assets/Scenes/Hornet/Crawl_01.unity	11841	2392	bone_crumble_plat	db45ee5f0ebe350428ecbbe747e29ec7	11400000	"[""Assets/PlayMaker/Templates/bone_crumble_plat.asset""]"
Assets/Scenes/Hornet/Crawl_01.unity	11842	2393	bone_crumble_plat	db45ee5f0ebe350428ecbbe747e29ec7	11400000	"[""Assets/PlayMaker/Templates/bone_crumble_plat.asset""]"
Assets/Scenes/Hornet/Crawl_01.unity	11843	2394	bone_crumble_plat	db45ee5f0ebe350428ecbbe747e29ec7	11400000	"[""Assets/PlayMaker/Templates/bone_crumble_plat.asset""]"
Assets/Scenes/Hornet/Crawl_01.unity	12025	1969	Control	db45ee5f0ebe350428ecbbe747e29ec7	11400000	"[""Assets/PlayMaker/Templates/bone_crumble_plat.asset""]"
Assets/Scenes/Hornet/Crawl_01.unity	12137	2363	Attack Enemies	caafb23d9ce46d04e95abb72c7771eb4	11400000	"[""Assets/PlayMaker/Templates/mapper_battle.asset""]"
Assets/Scenes/Hornet/Crawl_02.unity	6375	346	breakable_wall_v2	49ae76d885d76f0409f5e87241c2e88a	11400000	"[""Assets/PlayMaker/Templates/breakable_wall_v2.asset""]"
Assets/Scenes/Hornet/Crawl_02.unity	6400	535	destroy_after_anim	2a3836a243fdb7846887c672bc1ca3c3	11400000	"[""Assets/PlayMaker/Templates/destroy_after_anim.asset""]"
Assets/Scenes/Hornet/Crawl_02.unity	6443	1017	breakable_wall_v2	49ae76d885d76f0409f5e87241c2e88a	11400000	"[""Assets/PlayMaker/Templates/breakable_wall_v2.asset""]"
Assets/Scenes/Hornet/Crawl_02.unity	6514	1358	Control	a59f3c58838809c4ea7a503a108295d3	11400000	"[""Assets/PlayMaker/Templates/tiny_dragonfly.asset""]"
Assets/Scenes/Hornet/Crawl_02.unity	6773	1450	depress_plat	1686fa2f54abca14ea6969b774a733fb	11400000	"[""Assets/PlayMaker/Templates/depress_plat.asset""]"
Assets/Scenes/Hornet/Crawl_02.unity	6880	1371	Control	a59f3c58838809c4ea7a503a108295d3	11400000	"[""Assets/PlayMaker/Templates/tiny_dragonfly.asset""]"
Assets/Scenes/Hornet/Crawl_03.unity	10902	37	FSM	4a4a54231405d9544b775204c279894e	11400000	"[""Assets/PlayMaker/Templates/bone_worm_nest.asset""]"
Assets/Scenes/Hornet/Crawl_03.unity	10907	57	FSM	4a4a54231405d9544b775204c279894e	11400000	"[""Assets/PlayMaker/Templates/bone_worm_nest.asset""]"
Assets/Scenes/Hornet/Crawl_03.unity	10924	186	FSM	4a4a54231405d9544b775204c279894e	11400000	"[""Assets/PlayMaker/Templates/bone_worm_nest.asset""]"
Assets/Scenes/Hornet/Crawl_03.unity	10930	248	FSM	4a4a54231405d9544b775204c279894e	11400000	"[""Assets/PlayMaker/Templates/bone_worm_nest.asset""]"
Assets/Scenes/Hornet/Crawl_03.unity	10977	423	FSM	4a4a54231405d9544b775204c279894e	11400000	"[""Assets/PlayMaker/Templates/bone_worm_nest.asset""]"
Assets/Scenes/Hornet/Crawl_03.unity	11023	638	FSM	4a4a54231405d9544b775204c279894e	11400000	"[""Assets/PlayMaker/Templates/bone_worm_nest.asset""]"
Assets/Scenes/Hornet/Crawl_03.unity	11075	1090	breakable_wall_v2	49ae76d885d76f0409f5e87241c2e88a	11400000	"[""Assets/PlayMaker/Templates/breakable_wall_v2.asset""]"
Assets/Scenes/Hornet/Crawl_03.unity	11098	1232	FSM	4a4a54231405d9544b775204c279894e	11400000	"[""Assets/PlayMaker/Templates/bone_worm_nest.asset""]"
Assets/Scenes/Hornet/Crawl_03.unity	11107	1275	FSM	4a4a54231405d9544b775204c279894e	11400000	"[""Assets/PlayMaker/Templates/bone_worm_nest.asset""]"
Assets/Scenes/Hornet/Crawl_03.unity	11181	1735	FSM	4a4a54231405d9544b775204c279894e	11400000	"[""Assets/PlayMaker/Templates/bone_worm_nest.asset""]"
Assets/Scenes/Hornet/Crawl_03.unity	11329	2945	hornet_multi_wounder	ffe3a1a9c1e2bb94da3315cccccc4782	11400000	"[""Assets/PlayMaker/Templates/hornet_multi_wounder.asset""]"
Assets/Scenes/Hornet/Crawl_03.unity	11331	2946	hornet_multi_wounder	ffe3a1a9c1e2bb94da3315cccccc4782	11400000	"[""Assets/PlayMaker/Templates/hornet_multi_wounder.asset""]"
Assets/Scenes/Hornet/Crawl_03.unity	11333	2948	hornet_multi_wounder	ffe3a1a9c1e2bb94da3315cccccc4782	11400000	"[""Assets/PlayMaker/Templates/hornet_multi_wounder.asset""]"
Assets/Scenes/Hornet/Crawl_03.unity	11335	2949	hornet_multi_wounder	ffe3a1a9c1e2bb94da3315cccccc4782	11400000	"[""Assets/PlayMaker/Templates/hornet_multi_wounder.asset""]"
Assets/Scenes/Hornet/Crawl_03.unity	11337	2947	hornet_multi_wounder	ffe3a1a9c1e2bb94da3315cccccc4782	11400000	"[""Assets/PlayMaker/Templates/hornet_multi_wounder.asset""]"
Assets/Scenes/Hornet/Crawl_03.unity	11339	2952	hornet_multi_wounder	ffe3a1a9c1e2bb94da3315cccccc4782	11400000	"[""Assets/PlayMaker/Templates/hornet_multi_wounder.asset""]"
Assets/Scenes/Hornet/Crawl_03.unity	11341	2951	hornet_multi_wounder	ffe3a1a9c1e2bb94da3315cccccc4782	11400000	"[""Assets/PlayMaker/Templates/hornet_multi_wounder.asset""]"
Assets/Scenes/Hornet/Crawl_03.unity	11343	2950	hornet_multi_wounder	ffe3a1a9c1e2bb94da3315cccccc4782	11400000	"[""Assets/PlayMaker/Templates/hornet_multi_wounder.asset""]"
Assets/Scenes/Hornet/Crawl_03.unity	11345	2955	hornet_multi_wounder	ffe3a1a9c1e2bb94da3315cccccc4782	11400000	"[""Assets/PlayMaker/Templates/hornet_multi_wounder.asset""]"
Assets/Scenes/Hornet/Crawl_03.unity	11347	2953	hornet_multi_wounder	ffe3a1a9c1e2bb94da3315cccccc4782	11400000	"[""Assets/PlayMaker/Templates/hornet_multi_wounder.asset""]"
Assets/Scenes/Hornet/Crawl_03.unity	11349	2954	hornet_multi_wounder	ffe3a1a9c1e2bb94da3315cccccc4782	11400000	"[""Assets/PlayMaker/Templates/hornet_multi_wounder.asset""]"
Assets/Scenes/Hornet/Crawl_03.unity	11361	2693	hornet_multi_wounder	ffe3a1a9c1e2bb94da3315cccccc4782	11400000	"[""Assets/PlayMaker/Templates/hornet_multi_wounder.asset""]"
Assets/Scenes/Hornet/Crawl_03.unity	11363	2694	hornet_multi_wounder	ffe3a1a9c1e2bb94da3315cccccc4782	11400000	"[""Assets/PlayMaker/Templates/hornet_multi_wounder.asset""]"
Assets/Scenes/Hornet/Crawl_03.unity	11365	2692	hornet_multi_wounder	ffe3a1a9c1e2bb94da3315cccccc4782	11400000	"[""Assets/PlayMaker/Templates/hornet_multi_wounder.asset""]"
Assets/Scenes/Hornet/Crawl_03.unity	11367	2691	hornet_multi_wounder	ffe3a1a9c1e2bb94da3315cccccc4782	11400000	"[""Assets/PlayMaker/Templates/hornet_multi_wounder.asset""]"
Assets/Scenes/Hornet/Crawl_03.unity	11369	2690	hornet_multi_wounder	ffe3a1a9c1e2bb94da3315cccccc4782	11400000	"[""Assets/PlayMaker/Templates/hornet_multi_wounder.asset""]"
Assets/Scenes/Hornet/Crawl_03.unity	11371	2689	hornet_multi_wounder	ffe3a1a9c1e2bb94da3315cccccc4782	11400000	"[""Assets/PlayMaker/Templates/hornet_multi_wounder.asset""]"
Assets/Scenes/Hornet/Crawl_03.unity	11373	2687	hornet_multi_wounder	ffe3a1a9c1e2bb94da3315cccccc4782	11400000	"[""Assets/PlayMaker/Templates/hornet_multi_wounder.asset""]"
Assets/Scenes/Hornet/Crawl_03.unity	11375	2688	hornet_multi_wounder	ffe3a1a9c1e2bb94da3315cccccc4782	11400000	"[""Assets/PlayMaker/Templates/hornet_multi_wounder.asset""]"
Assets/Scenes/Hornet/Crawl_03.unity	11377	2685	hornet_multi_wounder	ffe3a1a9c1e2bb94da3315cccccc4782	11400000	"[""Assets/PlayMaker/Templates/hornet_multi_wounder.asset""]"
Assets/Scenes/Hornet/Crawl_03.unity	11379	2686	hornet_multi_wounder	ffe3a1a9c1e2bb94da3315cccccc4782	11400000	"[""Assets/PlayMaker/Templates/hornet_multi_wounder.asset""]"
Assets/Scenes/Hornet/Crawl_03.unity	11381	2684	hornet_multi_wounder	ffe3a1a9c1e2bb94da3315cccccc4782	11400000	"[""Assets/PlayMaker/Templates/hornet_multi_wounder.asset""]"
Assets/Scenes/Hornet/Crawl_03.unity	11383	2683	hornet_multi_wounder	ffe3a1a9c1e2bb94da3315cccccc4782	11400000	"[""Assets/PlayMaker/Templates/hornet_multi_wounder.asset""]"
Assets/Scenes/Hornet/Crawl_03.unity	11385	2682	hornet_multi_wounder	ffe3a1a9c1e2bb94da3315cccccc4782	11400000	"[""Assets/PlayMaker/Templates/hornet_multi_wounder.asset""]"
Assets/Scenes/Hornet/Crawl_03.unity	11387	2680	hornet_multi_wounder	ffe3a1a9c1e2bb94da3315cccccc4782	11400000	"[""Assets/PlayMaker/Templates/hornet_multi_wounder.asset""]"
Assets/Scenes/Hornet/Crawl_03.unity	11389	2681	hornet_multi_wounder	ffe3a1a9c1e2bb94da3315cccccc4782	11400000	"[""Assets/PlayMaker/Templates/hornet_multi_wounder.asset""]"
Assets/Scenes/Hornet/Crawl_03.unity	11391	2679	hornet_multi_wounder	ffe3a1a9c1e2bb94da3315cccccc4782	11400000	"[""Assets/PlayMaker/Templates/hornet_multi_wounder.asset""]"
Assets/Scenes/Hornet/Crawl_03.unity	11393	2677	hornet_multi_wounder	ffe3a1a9c1e2bb94da3315cccccc4782	11400000	"[""Assets/PlayMaker/Templates/hornet_multi_wounder.asset""]"
Assets/Scenes/Hornet/Crawl_03.unity	11395	2678	hornet_multi_wounder	ffe3a1a9c1e2bb94da3315cccccc4782	11400000	"[""Assets/PlayMaker/Templates/hornet_multi_wounder.asset""]"
Assets/Scenes/Hornet/Crawl_03.unity	11397	2676	hornet_multi_wounder	ffe3a1a9c1e2bb94da3315cccccc4782	11400000	"[""Assets/PlayMaker/Templates/hornet_multi_wounder.asset""]"
Assets/Scenes/Hornet/Crawl_03b.unity	4557	80	FSM	4a4a54231405d9544b775204c279894e	11400000	"[""Assets/PlayMaker/Templates/bone_worm_nest.asset""]"
Assets/Scenes/Hornet/Crawl_03b.unity	4576	138	FSM	4a4a54231405d9544b775204c279894e	11400000	"[""Assets/PlayMaker/Templates/bone_worm_nest.asset""]"
Assets/Scenes/Hornet/Crawl_03b.unity	4608	222	FSM	4a4a54231405d9544b775204c279894e	11400000	"[""Assets/PlayMaker/Templates/bone_worm_nest.asset""]"
Assets/Scenes/Hornet/Crawl_03b.unity	4825	754	FSM	4a4a54231405d9544b775204c279894e	11400000	"[""Assets/PlayMaker/Templates/bone_worm_nest.asset""]"
Assets/Scenes/Hornet/Crawl_03b.unity	4896	1145	hornet_multi_wounder	ffe3a1a9c1e2bb94da3315cccccc4782	11400000	"[""Assets/PlayMaker/Templates/hornet_multi_wounder.asset""]"
Assets/Scenes/Hornet/Crawl_03b.unity	4898	1144	hornet_multi_wounder	ffe3a1a9c1e2bb94da3315cccccc4782	11400000	"[""Assets/PlayMaker/Templates/hornet_multi_wounder.asset""]"
Assets/Scenes/Hornet/Crawl_03b.unity	4900	1143	hornet_multi_wounder	ffe3a1a9c1e2bb94da3315cccccc4782	11400000	"[""Assets/PlayMaker/Templates/hornet_multi_wounder.asset""]"
Assets/Scenes/Hornet/Crawl_03b.unity	4902	1142	hornet_multi_wounder	ffe3a1a9c1e2bb94da3315cccccc4782	11400000	"[""Assets/PlayMaker/Templates/hornet_multi_wounder.asset""]"
Assets/Scenes/Hornet/Crawl_03b.unity	4904	1141	hornet_multi_wounder	ffe3a1a9c1e2bb94da3315cccccc4782	11400000	"[""Assets/PlayMaker/Templates/hornet_multi_wounder.asset""]"
Assets/Scenes/Hornet/Crawl_03b.unity	4906	1140	hornet_multi_wounder	ffe3a1a9c1e2bb94da3315cccccc4782	11400000	"[""Assets/PlayMaker/Templates/hornet_multi_wounder.asset""]"
Assets/Scenes/Hornet/Crawl_03b.unity	4908	1139	hornet_multi_wounder	ffe3a1a9c1e2bb94da3315cccccc4782	11400000	"[""Assets/PlayMaker/Templates/hornet_multi_wounder.asset""]"
Assets/Scenes/Hornet/Crawl_05.unity	10074	553	FSM	4a4a54231405d9544b775204c279894e	11400000	"[""Assets/PlayMaker/Templates/bone_worm_nest.asset""]"
Assets/Scenes/Hornet/Crawl_05.unity	10229	2028	FSM	4a4a54231405d9544b775204c279894e	11400000	"[""Assets/PlayMaker/Templates/bone_worm_nest.asset""]"
Assets/Scenes/Hornet/Crawl_05.unity	10313	2867	hornet_multi_wounder	ffe3a1a9c1e2bb94da3315cccccc4782	11400000	"[""Assets/PlayMaker/Templates/hornet_multi_wounder.asset""]"
Assets/Scenes/Hornet/Crawl_05.unity	10315	2865	hornet_multi_wounder	ffe3a1a9c1e2bb94da3315cccccc4782	11400000	"[""Assets/PlayMaker/Templates/hornet_multi_wounder.asset""]"
Assets/Scenes/Hornet/Crawl_05.unity	10317	2866	hornet_multi_wounder	ffe3a1a9c1e2bb94da3315cccccc4782	11400000	"[""Assets/PlayMaker/Templates/hornet_multi_wounder.asset""]"
Assets/Scenes/Hornet/Crawl_05.unity	10319	2872	hornet_multi_wounder	ffe3a1a9c1e2bb94da3315cccccc4782	11400000	"[""Assets/PlayMaker/Templates/hornet_multi_wounder.asset""]"
Assets/Scenes/Hornet/Crawl_05.unity	10321	2871	hornet_multi_wounder	ffe3a1a9c1e2bb94da3315cccccc4782	11400000	"[""Assets/PlayMaker/Templates/hornet_multi_wounder.asset""]"
Assets/Scenes/Hornet/Crawl_05.unity	10323	2869	hornet_multi_wounder	ffe3a1a9c1e2bb94da3315cccccc4782	11400000	"[""Assets/PlayMaker/Templates/hornet_multi_wounder.asset""]"
Assets/Scenes/Hornet/Crawl_05.unity	10325	2870	hornet_multi_wounder	ffe3a1a9c1e2bb94da3315cccccc4782	11400000	"[""Assets/PlayMaker/Templates/hornet_multi_wounder.asset""]"
Assets/Scenes/Hornet/Crawl_05.unity	10327	2868	hornet_multi_wounder	ffe3a1a9c1e2bb94da3315cccccc4782	11400000	"[""Assets/PlayMaker/Templates/hornet_multi_wounder.asset""]"
Assets/Scenes/Hornet/Crawl_05.unity	10329	2873	hornet_multi_wounder	ffe3a1a9c1e2bb94da3315cccccc4782	11400000	"[""Assets/PlayMaker/Templates/hornet_multi_wounder.asset""]"
Assets/Scenes/Hornet/Crawl_05.unity	10331	2874	hornet_multi_wounder	ffe3a1a9c1e2bb94da3315cccccc4782	11400000	"[""Assets/PlayMaker/Templates/hornet_multi_wounder.asset""]"
Assets/Scenes/Hornet/Crawl_05.unity	10333	2875	hornet_multi_wounder	ffe3a1a9c1e2bb94da3315cccccc4782	11400000	"[""Assets/PlayMaker/Templates/hornet_multi_wounder.asset""]"
Assets/Scenes/Hornet/Crawl_05.unity	10352	2692	hornet_multi_wounder	ffe3a1a9c1e2bb94da3315cccccc4782	11400000	"[""Assets/PlayMaker/Templates/hornet_multi_wounder.asset""]"
Assets/Scenes/Hornet/Crawl_05.unity	10354	2691	hornet_multi_wounder	ffe3a1a9c1e2bb94da3315cccccc4782	11400000	"[""Assets/PlayMaker/Templates/hornet_multi_wounder.asset""]"
Assets/Scenes/Hornet/Crawl_05.unity	10356	2690	hornet_multi_wounder	ffe3a1a9c1e2bb94da3315cccccc4782	11400000	"[""Assets/PlayMaker/Templates/hornet_multi_wounder.asset""]"
Assets/Scenes/Hornet/Crawl_05.unity	10358	2689	hornet_multi_wounder	ffe3a1a9c1e2bb94da3315cccccc4782	11400000	"[""Assets/PlayMaker/Templates/hornet_multi_wounder.asset""]"
Assets/Scenes/Hornet/Crawl_05.unity	10360	2688	hornet_multi_wounder	ffe3a1a9c1e2bb94da3315cccccc4782	11400000	"[""Assets/PlayMaker/Templates/hornet_multi_wounder.asset""]"
Assets/Scenes/Hornet/Crawl_05.unity	10362	2687	hornet_multi_wounder	ffe3a1a9c1e2bb94da3315cccccc4782	11400000	"[""Assets/PlayMaker/Templates/hornet_multi_wounder.asset""]"
Assets/Scenes/Hornet/Crawl_05.unity	10364	2686	hornet_multi_wounder	ffe3a1a9c1e2bb94da3315cccccc4782	11400000	"[""Assets/PlayMaker/Templates/hornet_multi_wounder.asset""]"
Assets/Scenes/Hornet/Crawl_05.unity	10366	2685	hornet_multi_wounder	ffe3a1a9c1e2bb94da3315cccccc4782	11400000	"[""Assets/PlayMaker/Templates/hornet_multi_wounder.asset""]"
Assets/Scenes/Hornet/Crawl_05.unity	10368	2684	hornet_multi_wounder	ffe3a1a9c1e2bb94da3315cccccc4782	11400000	"[""Assets/PlayMaker/Templates/hornet_multi_wounder.asset""]"
Assets/Scenes/Hornet/Crawl_05.unity	10370	2683	hornet_multi_wounder	ffe3a1a9c1e2bb94da3315cccccc4782	11400000	"[""Assets/PlayMaker/Templates/hornet_multi_wounder.asset""]"
Assets/Scenes/Hornet/Crawl_06.unity	3400	182	FSM	4a4a54231405d9544b775204c279894e	11400000	"[""Assets/PlayMaker/Templates/bone_worm_nest.asset""]"
Assets/Scenes/Hornet/Crawl_06.unity	3404	241	FSM	4a4a54231405d9544b775204c279894e	11400000	"[""Assets/PlayMaker/Templates/bone_worm_nest.asset""]"
Assets/Scenes/Hornet/Crawl_06.unity	3417	476	FSM	4a4a54231405d9544b775204c279894e	11400000	"[""Assets/PlayMaker/Templates/bone_worm_nest.asset""]"
Assets/Scenes/Hornet/Crawl_06.unity	3429	599	FSM	4a4a54231405d9544b775204c279894e	11400000	"[""Assets/PlayMaker/Templates/bone_worm_nest.asset""]"
Assets/Scenes/Hornet/Crawl_06.unity	3471	949	hornet_multi_wounder	ffe3a1a9c1e2bb94da3315cccccc4782	11400000	"[""Assets/PlayMaker/Templates/hornet_multi_wounder.asset""]"
Assets/Scenes/Hornet/Crawl_06.unity	3473	948	hornet_multi_wounder	ffe3a1a9c1e2bb94da3315cccccc4782	11400000	"[""Assets/PlayMaker/Templates/hornet_multi_wounder.asset""]"
Assets/Scenes/Hornet/Crawl_06.unity	3475	947	hornet_multi_wounder	ffe3a1a9c1e2bb94da3315cccccc4782	11400000	"[""Assets/PlayMaker/Templates/hornet_multi_wounder.asset""]"
Assets/Scenes/Hornet/Crawl_06.unity	3477	946	hornet_multi_wounder	ffe3a1a9c1e2bb94da3315cccccc4782	11400000	"[""Assets/PlayMaker/Templates/hornet_multi_wounder.asset""]"
Assets/Scenes/Hornet/Crawl_07.unity	4460	97	FSM	4a4a54231405d9544b775204c279894e	11400000	"[""Assets/PlayMaker/Templates/bone_worm_nest.asset""]"
Assets/Scenes/Hornet/Crawl_07.unity	4509	360	FSM	4a4a54231405d9544b775204c279894e	11400000	"[""Assets/PlayMaker/Templates/bone_worm_nest.asset""]"
Assets/Scenes/Hornet/Crawl_07.unity	4666	1220	hornet_multi_wounder	ffe3a1a9c1e2bb94da3315cccccc4782	11400000	"[""Assets/PlayMaker/Templates/hornet_multi_wounder.asset""]"
Assets/Scenes/Hornet/Crawl_07.unity	4672	1135	hornet_multi_wounder	ffe3a1a9c1e2bb94da3315cccccc4782	11400000	"[""Assets/PlayMaker/Templates/hornet_multi_wounder.asset""]"
Assets/Scenes/Hornet/Crawl_07.unity	4674	1136	hornet_multi_wounder	ffe3a1a9c1e2bb94da3315cccccc4782	11400000	"[""Assets/PlayMaker/Templates/hornet_multi_wounder.asset""]"
Assets/Scenes/Hornet/Crawl_07.unity	4676	1134	hornet_multi_wounder	ffe3a1a9c1e2bb94da3315cccccc4782	11400000	"[""Assets/PlayMaker/Templates/hornet_multi_wounder.asset""]"
Assets/Scenes/Hornet/Crawl_07.unity	4678	1133	hornet_multi_wounder	ffe3a1a9c1e2bb94da3315cccccc4782	11400000	"[""Assets/PlayMaker/Templates/hornet_multi_wounder.asset""]"
Assets/Scenes/Hornet/Crawl_07.unity	4680	1132	hornet_multi_wounder	ffe3a1a9c1e2bb94da3315cccccc4782	11400000	"[""Assets/PlayMaker/Templates/hornet_multi_wounder.asset""]"
Assets/Scenes/Hornet/Crawl_07.unity	4682	1131	hornet_multi_wounder	ffe3a1a9c1e2bb94da3315cccccc4782	11400000	"[""Assets/PlayMaker/Templates/hornet_multi_wounder.asset""]"
Assets/Scenes/Hornet/Crawl_08.unity	2508	517	Bench Control	30022a57d0796134fbc5d49b1decd4f9	11400000	"[""Assets/PlayMaker/Templates/bench_control.asset""]"
Assets/Scenes/Hornet/Crawl_09.unity	8986	651	FSM	4a4a54231405d9544b775204c279894e	11400000	"[""Assets/PlayMaker/Templates/bone_worm_nest.asset""]"
Assets/Scenes/Hornet/Crawl_09.unity	9061	1209	breakable_wall_v2	49ae76d885d76f0409f5e87241c2e88a	11400000	"[""Assets/PlayMaker/Templates/breakable_wall_v2.asset""]"
Assets/Scenes/Hornet/Crawl_09.unity	9113	1606	FSM	4a4a54231405d9544b775204c279894e	11400000	"[""Assets/PlayMaker/Templates/bone_worm_nest.asset""]"
Assets/Scenes/Hornet/Crawl_09.unity	9115	1609	breakable_wall_v2	49ae76d885d76f0409f5e87241c2e88a	11400000	"[""Assets/PlayMaker/Templates/breakable_wall_v2.asset""]"
Assets/Scenes/Hornet/Crawl_09.unity	9300	2454	hornet_multi_wounder	ffe3a1a9c1e2bb94da3315cccccc4782	11400000	"[""Assets/PlayMaker/Templates/hornet_multi_wounder.asset""]"
Assets/Scenes/Hornet/Crawl_09.unity	9302	2455	hornet_multi_wounder	ffe3a1a9c1e2bb94da3315cccccc4782	11400000	"[""Assets/PlayMaker/Templates/hornet_multi_wounder.asset""]"
Assets/Scenes/Hornet/Crawl_09.unity	9304	2452	hornet_multi_wounder	ffe3a1a9c1e2bb94da3315cccccc4782	11400000	"[""Assets/PlayMaker/Templates/hornet_multi_wounder.asset""]"
Assets/Scenes/Hornet/Crawl_09.unity	9306	2451	hornet_multi_wounder	ffe3a1a9c1e2bb94da3315cccccc4782	11400000	"[""Assets/PlayMaker/Templates/hornet_multi_wounder.asset""]"
Assets/Scenes/Hornet/Crawl_09.unity	9308	2453	hornet_multi_wounder	ffe3a1a9c1e2bb94da3315cccccc4782	11400000	"[""Assets/PlayMaker/Templates/hornet_multi_wounder.asset""]"
Assets/Scenes/Hornet/Crawl_09.unity	9310	2458	hornet_multi_wounder	ffe3a1a9c1e2bb94da3315cccccc4782	11400000	"[""Assets/PlayMaker/Templates/hornet_multi_wounder.asset""]"
Assets/Scenes/Hornet/Crawl_09.unity	9312	2457	hornet_multi_wounder	ffe3a1a9c1e2bb94da3315cccccc4782	11400000	"[""Assets/PlayMaker/Templates/hornet_multi_wounder.asset""]"
Assets/Scenes/Hornet/Crawl_09.unity	9314	2461	hornet_multi_wounder	ffe3a1a9c1e2bb94da3315cccccc4782	11400000	"[""Assets/PlayMaker/Templates/hornet_multi_wounder.asset""]"
Assets/Scenes/Hornet/Crawl_09.unity	9316	2462	hornet_multi_wounder	ffe3a1a9c1e2bb94da3315cccccc4782	11400000	"[""Assets/PlayMaker/Templates/hornet_multi_wounder.asset""]"
Assets/Scenes/Hornet/Crawl_09.unity	9318	2459	hornet_multi_wounder	ffe3a1a9c1e2bb94da3315cccccc4782	11400000	"[""Assets/PlayMaker/Templates/hornet_multi_wounder.asset""]"
Assets/Scenes/Hornet/Crawl_09.unity	9320	2460	hornet_multi_wounder	ffe3a1a9c1e2bb94da3315cccccc4782	11400000	"[""Assets/PlayMaker/Templates/hornet_multi_wounder.asset""]"
Assets/Scenes/Hornet/Crawl_09.unity	9322	2456	hornet_multi_wounder	ffe3a1a9c1e2bb94da3315cccccc4782	11400000	"[""Assets/PlayMaker/Templates/hornet_multi_wounder.asset""]"
Assets/Scenes/Hornet/Crawl_09.unity	9324	2463	hornet_multi_wounder	ffe3a1a9c1e2bb94da3315cccccc4782	11400000	"[""Assets/PlayMaker/Templates/hornet_multi_wounder.asset""]"
Assets/Scenes/Hornet/Crawl_09.unity	9326	2464	hornet_multi_wounder	ffe3a1a9c1e2bb94da3315cccccc4782	11400000	"[""Assets/PlayMaker/Templates/hornet_multi_wounder.asset""]"
Assets/Scenes/Hornet/Crawl_09.unity	9328	2466	hornet_multi_wounder	ffe3a1a9c1e2bb94da3315cccccc4782	11400000	"[""Assets/PlayMaker/Templates/hornet_multi_wounder.asset""]"
Assets/Scenes/Hornet/Crawl_09.unity	9330	2467	hornet_multi_wounder	ffe3a1a9c1e2bb94da3315cccccc4782	11400000	"[""Assets/PlayMaker/Templates/hornet_multi_wounder.asset""]"
Assets/Scenes/Hornet/Crawl_09.unity	9332	2468	hornet_multi_wounder	ffe3a1a9c1e2bb94da3315cccccc4782	11400000	"[""Assets/PlayMaker/Templates/hornet_multi_wounder.asset""]"
Assets/Scenes/Hornet/Crawl_09.unity	9334	2465	hornet_multi_wounder	ffe3a1a9c1e2bb94da3315cccccc4782	11400000	"[""Assets/PlayMaker/Templates/hornet_multi_wounder.asset""]"
Assets/Scenes/Hornet/Crawl_09.unity	9336	2470	hornet_multi_wounder	ffe3a1a9c1e2bb94da3315cccccc4782	11400000	"[""Assets/PlayMaker/Templates/hornet_multi_wounder.asset""]"
Assets/Scenes/Hornet/Crawl_09.unity	9338	2469	hornet_multi_wounder	ffe3a1a9c1e2bb94da3315cccccc4782	11400000	"[""Assets/PlayMaker/Templates/hornet_multi_wounder.asset""]"
Assets/Scenes/Hornet/Crawl_09.unity	9347	2280	hornet_multi_wounder	ffe3a1a9c1e2bb94da3315cccccc4782	11400000	"[""Assets/PlayMaker/Templates/hornet_multi_wounder.asset""]"
Assets/Scenes/Hornet/Crawl_09.unity	9349	2279	hornet_multi_wounder	ffe3a1a9c1e2bb94da3315cccccc4782	11400000	"[""Assets/PlayMaker/Templates/hornet_multi_wounder.asset""]"
Assets/Scenes/Hornet/Crawl_09.unity	9351	2277	hornet_multi_wounder	ffe3a1a9c1e2bb94da3315cccccc4782	11400000	"[""Assets/PlayMaker/Templates/hornet_multi_wounder.asset""]"
Assets/Scenes/Hornet/Crawl_09.unity	9353	2278	hornet_multi_wounder	ffe3a1a9c1e2bb94da3315cccccc4782	11400000	"[""Assets/PlayMaker/Templates/hornet_multi_wounder.asset""]"
Assets/Scenes/Hornet/Crawl_09.unity	9355	2276	hornet_multi_wounder	ffe3a1a9c1e2bb94da3315cccccc4782	11400000	"[""Assets/PlayMaker/Templates/hornet_multi_wounder.asset""]"
Assets/Scenes/Hornet/Crawl_09.unity	9357	2275	hornet_multi_wounder	ffe3a1a9c1e2bb94da3315cccccc4782	11400000	"[""Assets/PlayMaker/Templates/hornet_multi_wounder.asset""]"
Assets/Scenes/Hornet/Dock_01.unity	5169	990	interactive_bell	73dc0b20308b5ef42a328cd4a6827bdc	11400000	"[""Assets/PlayMaker/Templates/interactive_bell.asset""]"
Assets/Scenes/Hornet/Dock_01.unity	5384	974	interactive_bell	73dc0b20308b5ef42a328cd4a6827bdc	11400000	"[""Assets/PlayMaker/Templates/interactive_bell.asset""]"
Assets/Scenes/Hornet/Dock_01.unity	5386	695	interactive_bell	73dc0b20308b5ef42a328cd4a6827bdc	11400000	"[""Assets/PlayMaker/Templates/interactive_bell.asset""]"
Assets/Scenes/Hornet/Dock_01.unity	5628	1405	Bench Control	30022a57d0796134fbc5d49b1decd4f9	11400000	"[""Assets/PlayMaker/Templates/bench_control.asset""]"
Assets/Scenes/Hornet/Dock_02.unity	16371	2680	enemy_message	40a9c40cac6976f43979028f936c4871	11400000	"[""Assets/PlayMaker/Templates/enemy_message.asset""]"
Assets/Scenes/Hornet/Dock_02.unity	16647	4075	Control	dffdfbd16b462044db08b6e5d24c8f6d	11400000	"[""Assets/PlayMaker/Templates/crumble_plat_liquid.asset""]"
Assets/Scenes/Hornet/Dock_02.unity	16649	4074	Control	dffdfbd16b462044db08b6e5d24c8f6d	11400000	"[""Assets/PlayMaker/Templates/crumble_plat_liquid.asset""]"
Assets/Scenes/Hornet/Dock_02.unity	16651	4073	Control	dffdfbd16b462044db08b6e5d24c8f6d	11400000	"[""Assets/PlayMaker/Templates/crumble_plat_liquid.asset""]"
Assets/Scenes/Hornet/Dock_02.unity	16653	4072	Control	dffdfbd16b462044db08b6e5d24c8f6d	11400000	"[""Assets/PlayMaker/Templates/crumble_plat_liquid.asset""]"
Assets/Scenes/Hornet/Dock_02.unity	16851	4337	Damage Hero	3ff80959024b2774c802f818564e033e	11400000	"[""Assets/PlayMaker/Templates/coal_region.asset""]"
Assets/Scenes/Hornet/Dock_02.unity	16852	4336	Damage Hero	3ff80959024b2774c802f818564e033e	11400000	"[""Assets/PlayMaker/Templates/coal_region.asset""]"
Assets/Scenes/Hornet/Dock_02.unity	16858	3786	hornet_multi_wounder	ffe3a1a9c1e2bb94da3315cccccc4782	11400000	"[""Assets/PlayMaker/Templates/hornet_multi_wounder.asset""]"
Assets/Scenes/Hornet/Dock_02.unity	16859	3785	hornet_multi_wounder	ffe3a1a9c1e2bb94da3315cccccc4782	11400000	"[""Assets/PlayMaker/Templates/hornet_multi_wounder.asset""]"
Assets/Scenes/Hornet/Dock_02.unity	17434	3597	Go Direction Velocity	6f0839127750b164ebb46ddbae600e15	11400000	"[""Assets/PlayMaker/Templates/flyer_go_up_response.asset""]"
Assets/Scenes/Hornet/Dock_02.unity	17719	3596	Go Direction Velocity	6f0839127750b164ebb46ddbae600e15	11400000	"[""Assets/PlayMaker/Templates/flyer_go_up_response.asset""]"
Assets/Scenes/Hornet/Dock_02.unity	17788	4942	Damage Hero	3ff80959024b2774c802f818564e033e	11400000	"[""Assets/PlayMaker/Templates/coal_region.asset""]"
Assets/Scenes/Hornet/Dock_02b.unity	14609	3480	Control	dffdfbd16b462044db08b6e5d24c8f6d	11400000	"[""Assets/PlayMaker/Templates/crumble_plat_liquid.asset""]"
Assets/Scenes/Hornet/Dock_02b.unity	14611	3479	Control	dffdfbd16b462044db08b6e5d24c8f6d	11400000	"[""Assets/PlayMaker/Templates/crumble_plat_liquid.asset""]"
Assets/Scenes/Hornet/Dock_02b.unity	14613	3478	Control	dffdfbd16b462044db08b6e5d24c8f6d	11400000	"[""Assets/PlayMaker/Templates/crumble_plat_liquid.asset""]"
Assets/Scenes/Hornet/Dock_02b.unity	14773	3683	Damage Hero	3ff80959024b2774c802f818564e033e	11400000	"[""Assets/PlayMaker/Templates/coal_region.asset""]"
Assets/Scenes/Hornet/Dock_02b.unity	14774	3681	Damage Hero	3ff80959024b2774c802f818564e033e	11400000	"[""Assets/PlayMaker/Templates/coal_region.asset""]"
Assets/Scenes/Hornet/Dock_02b.unity	14775	3682	Damage Hero	3ff80959024b2774c802f818564e033e	11400000	"[""Assets/PlayMaker/Templates/coal_region.asset""]"
Assets/Scenes/Hornet/Dock_02b.unity	14782	3259	hornet_multi_wounder	ffe3a1a9c1e2bb94da3315cccccc4782	11400000	"[""Assets/PlayMaker/Templates/hornet_multi_wounder.asset""]"
Assets/Scenes/Hornet/Dock_03.unity	11782	654	breakable_wall_v2	49ae76d885d76f0409f5e87241c2e88a	11400000	"[""Assets/PlayMaker/Templates/breakable_wall_v2.asset""]"
Assets/Scenes/Hornet/Dock_03.unity	12209	2653	Chest Control	cef29d3923f21dd45b5301e2c8d4b2db	11400000	"[""Assets/PlayMaker/Templates/chest_control.asset""]"
Assets/Scenes/Hornet/Dock_03.unity	12386	3165	Damage Hero	3ff80959024b2774c802f818564e033e	11400000	"[""Assets/PlayMaker/Templates/coal_region.asset""]"
Assets/Scenes/Hornet/Dock_03.unity	12785	2681	Go Direction Velocity	6f0839127750b164ebb46ddbae600e15	11400000	"[""Assets/PlayMaker/Templates/flyer_go_up_response.asset""]"
Assets/Scenes/Hornet/Dock_03.unity	12786	2680	Go Direction Velocity	6f0839127750b164ebb46ddbae600e15	11400000	"[""Assets/PlayMaker/Templates/flyer_go_up_response.asset""]"
Assets/Scenes/Hornet/Dock_03.unity	12802	3397	Control	8b56ec0cfd65cc947973c77e650d446d	11400000	"[""Assets/PlayMaker/Templates/harpoon_ring.asset""]"
Assets/Scenes/Hornet/Dock_03.unity	12960	2683	Go Direction Velocity	6f0839127750b164ebb46ddbae600e15	11400000	"[""Assets/PlayMaker/Templates/flyer_go_up_response.asset""]"
Assets/Scenes/Hornet/Dock_03.unity	12961	2684	Go Direction Velocity	6f0839127750b164ebb46ddbae600e15	11400000	"[""Assets/PlayMaker/Templates/flyer_go_up_response.asset""]"
Assets/Scenes/Hornet/Dock_03.unity	12962	2682	Go Direction Velocity	6f0839127750b164ebb46ddbae600e15	11400000	"[""Assets/PlayMaker/Templates/flyer_go_up_response.asset""]"
Assets/Scenes/Hornet/Dock_03b.unity	2685	195	breakable_wall_v2	49ae76d885d76f0409f5e87241c2e88a	11400000	"[""Assets/PlayMaker/Templates/breakable_wall_v2.asset""]"
Assets/Scenes/Hornet/Dock_03b.unity	2697	802	FSM	c332780cbeb3a264fb2eff442248d6cd	11400000	"[""Assets/PlayMaker/Templates/follow_camera_bound.asset""]"
Assets/Scenes/Hornet/Dock_03b.unity	2705	817	lowpass	2822d5f0a56d5274594c3ab82acbe0d6	11400000	"[""Assets/PlayMaker/Templates/lowpass_audio_by_area.asset""]"
Assets/Scenes/Hornet/Dock_03c.unity	13936	850	breakable_wall_v2	49ae76d885d76f0409f5e87241c2e88a	11400000	"[""Assets/PlayMaker/Templates/breakable_wall_v2.asset""]"
Assets/Scenes/Hornet/Dock_03c.unity	13982	1387	Enviro Region	a3ee3654cbd70f543ad0286cdc05a1bb	11400000	"[""Assets/PlayMaker/Templates/enviro_region.asset""]"
Assets/Scenes/Hornet/Dock_03c.unity	14248	3766	Control	dffdfbd16b462044db08b6e5d24c8f6d	11400000	"[""Assets/PlayMaker/Templates/crumble_plat_liquid.asset""]"
Assets/Scenes/Hornet/Dock_03c.unity	14250	3765	Control	dffdfbd16b462044db08b6e5d24c8f6d	11400000	"[""Assets/PlayMaker/Templates/crumble_plat_liquid.asset""]"
Assets/Scenes/Hornet/Dock_03c.unity	15032	3426	Go Direction Velocity	6f0839127750b164ebb46ddbae600e15	11400000	"[""Assets/PlayMaker/Templates/flyer_go_up_response.asset""]"
Assets/Scenes/Hornet/Dock_03c.unity	15033	3425	Go Direction Velocity	6f0839127750b164ebb46ddbae600e15	11400000	"[""Assets/PlayMaker/Templates/flyer_go_up_response.asset""]"
Assets/Scenes/Hornet/Dock_03c.unity	15257	3427	Go Direction Velocity	6f0839127750b164ebb46ddbae600e15	11400000	"[""Assets/PlayMaker/Templates/flyer_go_up_response.asset""]"
Assets/Scenes/Hornet/Dock_03c.unity	15258	3429	Go Direction Velocity	6f0839127750b164ebb46ddbae600e15	11400000	"[""Assets/PlayMaker/Templates/flyer_go_up_response.asset""]"
Assets/Scenes/Hornet/Dock_03c.unity	15259	3428	Go Direction Velocity	6f0839127750b164ebb46ddbae600e15	11400000	"[""Assets/PlayMaker/Templates/flyer_go_up_response.asset""]"
Assets/Scenes/Hornet/Dock_03c.unity	15260	3424	Go Direction Velocity	6f0839127750b164ebb46ddbae600e15	11400000	"[""Assets/PlayMaker/Templates/flyer_go_up_response.asset""]"
Assets/Scenes/Hornet/Dock_03c.unity	15261	3423	Go Direction Velocity	6f0839127750b164ebb46ddbae600e15	11400000	"[""Assets/PlayMaker/Templates/flyer_go_up_response.asset""]"
Assets/Scenes/Hornet/Dock_03c.unity	15262	3422	Go Direction Velocity	6f0839127750b164ebb46ddbae600e15	11400000	"[""Assets/PlayMaker/Templates/flyer_go_up_response.asset""]"
Assets/Scenes/Hornet/Dock_03d.unity	3385	238	breakable_wall_v2	49ae76d885d76f0409f5e87241c2e88a	11400000	"[""Assets/PlayMaker/Templates/breakable_wall_v2.asset""]"
Assets/Scenes/Hornet/Dock_03d.unity	3695	910	Go Direction Velocity	6f0839127750b164ebb46ddbae600e15	11400000	"[""Assets/PlayMaker/Templates/flyer_go_up_response.asset""]"
Assets/Scenes/Hornet/Dock_03d.unity	3716	911	Go Direction Velocity	6f0839127750b164ebb46ddbae600e15	11400000	"[""Assets/PlayMaker/Templates/flyer_go_up_response.asset""]"
Assets/Scenes/Hornet/Dock_04.unity	5285	778	FSM	c332780cbeb3a264fb2eff442248d6cd	11400000	"[""Assets/PlayMaker/Templates/follow_camera_bound.asset""]"
Assets/Scenes/Hornet/Dock_04.unity	5426	1281	Damage Hero	3ff80959024b2774c802f818564e033e	11400000	"[""Assets/PlayMaker/Templates/coal_region.asset""]"
Assets/Scenes/Hornet/Dock_04.unity	5476	1037	depress_plat	1686fa2f54abca14ea6969b774a733fb	11400000	"[""Assets/PlayMaker/Templates/depress_plat.asset""]"
Assets/Scenes/Hornet/Dock_04.unity	5477	1039	depress_plat	1686fa2f54abca14ea6969b774a733fb	11400000	"[""Assets/PlayMaker/Templates/depress_plat.asset""]"
Assets/Scenes/Hornet/Dock_04.unity	5478	1038	depress_plat	1686fa2f54abca14ea6969b774a733fb	11400000	"[""Assets/PlayMaker/Templates/depress_plat.asset""]"
Assets/Scenes/Hornet/Dock_04.unity	5479	1033	depress_plat	1686fa2f54abca14ea6969b774a733fb	11400000	"[""Assets/PlayMaker/Templates/depress_plat.asset""]"
Assets/Scenes/Hornet/Dock_04.unity	5480	1034	depress_plat	1686fa2f54abca14ea6969b774a733fb	11400000	"[""Assets/PlayMaker/Templates/depress_plat.asset""]"
Assets/Scenes/Hornet/Dock_04.unity	5481	1035	depress_plat	1686fa2f54abca14ea6969b774a733fb	11400000	"[""Assets/PlayMaker/Templates/depress_plat.asset""]"
Assets/Scenes/Hornet/Dock_04.unity	5482	1036	depress_plat	1686fa2f54abca14ea6969b774a733fb	11400000	"[""Assets/PlayMaker/Templates/depress_plat.asset""]"
Assets/Scenes/Hornet/Dock_04.unity	5483	1048	depress_plat	1686fa2f54abca14ea6969b774a733fb	11400000	"[""Assets/PlayMaker/Templates/depress_plat.asset""]"
Assets/Scenes/Hornet/Dock_04.unity	5484	1050	depress_plat	1686fa2f54abca14ea6969b774a733fb	11400000	"[""Assets/PlayMaker/Templates/depress_plat.asset""]"
Assets/Scenes/Hornet/Dock_04.unity	5485	1049	depress_plat	1686fa2f54abca14ea6969b774a733fb	11400000	"[""Assets/PlayMaker/Templates/depress_plat.asset""]"
Assets/Scenes/Hornet/Dock_04.unity	5486	1040	depress_plat	1686fa2f54abca14ea6969b774a733fb	11400000	"[""Assets/PlayMaker/Templates/depress_plat.asset""]"
Assets/Scenes/Hornet/Dock_04.unity	5487	1043	depress_plat	1686fa2f54abca14ea6969b774a733fb	11400000	"[""Assets/PlayMaker/Templates/depress_plat.asset""]"
Assets/Scenes/Hornet/Dock_04.unity	5488	1041	depress_plat	1686fa2f54abca14ea6969b774a733fb	11400000	"[""Assets/PlayMaker/Templates/depress_plat.asset""]"
Assets/Scenes/Hornet/Dock_04.unity	5489	1042	depress_plat	1686fa2f54abca14ea6969b774a733fb	11400000	"[""Assets/PlayMaker/Templates/depress_plat.asset""]"
Assets/Scenes/Hornet/Dock_04.unity	5490	1045	depress_plat	1686fa2f54abca14ea6969b774a733fb	11400000	"[""Assets/PlayMaker/Templates/depress_plat.asset""]"
Assets/Scenes/Hornet/Dock_04.unity	5491	1044	depress_plat	1686fa2f54abca14ea6969b774a733fb	11400000	"[""Assets/PlayMaker/Templates/depress_plat.asset""]"
Assets/Scenes/Hornet/Dock_04.unity	5492	1046	depress_plat	1686fa2f54abca14ea6969b774a733fb	11400000	"[""Assets/PlayMaker/Templates/depress_plat.asset""]"
Assets/Scenes/Hornet/Dock_04.unity	5661	1542	hornet_multi_wounder	ffe3a1a9c1e2bb94da3315cccccc4782	11400000	"[""Assets/PlayMaker/Templates/hornet_multi_wounder.asset""]"
Assets/Scenes/Hornet/Dock_04.unity	5691	1094	Go Direction Velocity	6f0839127750b164ebb46ddbae600e15	11400000	"[""Assets/PlayMaker/Templates/flyer_go_up_response.asset""]"
Assets/Scenes/Hornet/Dock_04.unity	5692	1095	Go Direction Velocity	6f0839127750b164ebb46ddbae600e15	11400000	"[""Assets/PlayMaker/Templates/flyer_go_up_response.asset""]"
Assets/Scenes/Hornet/Dock_04.unity	5693	1096	Go Direction Velocity	6f0839127750b164ebb46ddbae600e15	11400000	"[""Assets/PlayMaker/Templates/flyer_go_up_response.asset""]"
Assets/Scenes/Hornet/Dock_05.unity	1896	299	depress_plat	1686fa2f54abca14ea6969b774a733fb	11400000	"[""Assets/PlayMaker/Templates/depress_plat.asset""]"
Assets/Scenes/Hornet/Dock_06_Church.unity	4453	419	Bench Control	30022a57d0796134fbc5d49b1decd4f9	11400000	"[""Assets/PlayMaker/Templates/bench_control.asset""]"
Assets/Scenes/Hornet/Dock_06_Church.unity	4557	1006	Chest Control	cef29d3923f21dd45b5301e2c8d4b2db	11400000	"[""Assets/PlayMaker/Templates/chest_control.asset""]"
Assets/Scenes/Hornet/Dock_06_Church.unity	4829	1024	Go Direction Velocity	6f0839127750b164ebb46ddbae600e15	11400000	"[""Assets/PlayMaker/Templates/flyer_go_up_response.asset""]"
Assets/Scenes/Hornet/Dock_08.unity	6178	531	destroy_after_anim	2a3836a243fdb7846887c672bc1ca3c3	11400000	"[""Assets/PlayMaker/Templates/destroy_after_anim.asset""]"
Assets/Scenes/Hornet/Dock_08.unity	6240	835	FSM	c332780cbeb3a264fb2eff442248d6cd	11400000	"[""Assets/PlayMaker/Templates/follow_camera_bound.asset""]"
Assets/Scenes/Hornet/Dock_08.unity	6314	1236	pilgrim_behaviour	5d4d1c36f09a17949a8eb0175e50b0b4	11400000	"[""Assets/PlayMaker/Templates/pilgrim_behaviour.asset""]"
Assets/Scenes/Hornet/Dock_08.unity	6483	1384	Detect Landing	c9d78aec9d8dd8a419833f8f977ce120	11400000	"[""Assets/PlayMaker/Templates/sway_plat_collider.asset""]"
Assets/Scenes/Hornet/Dock_08.unity	6519	1576	Damage Hero	3ff80959024b2774c802f818564e033e	11400000	"[""Assets/PlayMaker/Templates/coal_region.asset""]"
Assets/Scenes/Hornet/Dock_08.unity	6704	1158	Sway	611750e4cd2b0fc488c94b4d4a747bec	11400000	"[""Assets/PlayMaker/Templates/sway_plat_art.asset""]"
Assets/Scenes/Hornet/Dock_08.unity	6849	1270	Go Direction Velocity	6f0839127750b164ebb46ddbae600e15	11400000	"[""Assets/PlayMaker/Templates/flyer_go_up_response.asset""]"
Assets/Scenes/Hornet/Dock_08.unity	6850	1271	Go Direction Velocity	6f0839127750b164ebb46ddbae600e15	11400000	"[""Assets/PlayMaker/Templates/flyer_go_up_response.asset""]"
Assets/Scenes/Hornet/Dock_09.unity	5376	525	FSM	c332780cbeb3a264fb2eff442248d6cd	11400000	"[""Assets/PlayMaker/Templates/follow_camera_bound.asset""]"
Assets/Scenes/Hornet/Dock_09.unity	5708	1146	Stun Control	2e4b6e573032075449b2ab0adc00c0b8	11400000	"[""Assets/PlayMaker/Templates/stun_control.asset""]"
Assets/Scenes/Hornet/Dock_09.unity	5728	941	Stun Control	2e4b6e573032075449b2ab0adc00c0b8	11400000	"[""Assets/PlayMaker/Templates/stun_control.asset""]"
Assets/Scenes/Hornet/Dock_09.unity	5777	943	Go Direction Velocity	6f0839127750b164ebb46ddbae600e15	11400000	"[""Assets/PlayMaker/Templates/flyer_go_up_response.asset""]"
Assets/Scenes/Hornet/Dock_09.unity	5778	942	Go Direction Velocity	6f0839127750b164ebb46ddbae600e15	11400000	"[""Assets/PlayMaker/Templates/flyer_go_up_response.asset""]"
Assets/Scenes/Hornet/Dock_10.unity	1321	177	Bench Control	30022a57d0796134fbc5d49b1decd4f9	11400000	"[""Assets/PlayMaker/Templates/bench_control.asset""]"
Assets/Scenes/Hornet/Dock_11.unity	25120	914	memory_font	1149e4704ba0dda4f9285f37a96bb6b2	11400000	"[""Assets/PlayMaker/Templates/memory_font.asset""]"
Assets/Scenes/Hornet/Dock_11.unity	26275	5099	Damage Hero	3ff80959024b2774c802f818564e033e	11400000	"[""Assets/PlayMaker/Templates/coal_region.asset""]"
Assets/Scenes/Hornet/Dock_11.unity	26276	5098	Damage Hero	3ff80959024b2774c802f818564e033e	11400000	"[""Assets/PlayMaker/Templates/coal_region.asset""]"
Assets/Scenes/Hornet/Dock_11.unity	26277	5095	Damage Hero	3ff80959024b2774c802f818564e033e	11400000	"[""Assets/PlayMaker/Templates/coal_region.asset""]"
Assets/Scenes/Hornet/Dock_11.unity	26278	5094	Damage Hero	3ff80959024b2774c802f818564e033e	11400000	"[""Assets/PlayMaker/Templates/coal_region.asset""]"
Assets/Scenes/Hornet/Dock_11.unity	26279	5096	Damage Hero	3ff80959024b2774c802f818564e033e	11400000	"[""Assets/PlayMaker/Templates/coal_region.asset""]"
Assets/Scenes/Hornet/Dock_11.unity	26280	5097	Damage Hero	3ff80959024b2774c802f818564e033e	11400000	"[""Assets/PlayMaker/Templates/coal_region.asset""]"
Assets/Scenes/Hornet/Dock_11.unity	26281	5091	Damage Hero	3ff80959024b2774c802f818564e033e	11400000	"[""Assets/PlayMaker/Templates/coal_region.asset""]"
Assets/Scenes/Hornet/Dock_11.unity	26282	5092	Damage Hero	3ff80959024b2774c802f818564e033e	11400000	"[""Assets/PlayMaker/Templates/coal_region.asset""]"
Assets/Scenes/Hornet/Dock_11.unity	26283	5093	Damage Hero	3ff80959024b2774c802f818564e033e	11400000	"[""Assets/PlayMaker/Templates/coal_region.asset""]"
Assets/Scenes/Hornet/Dock_13.unity	3099	882	Damage Hero	3ff80959024b2774c802f818564e033e	11400000	"[""Assets/PlayMaker/Templates/coal_region.asset""]"
Assets/Scenes/Hornet/Dock_13.unity	3100	881	Damage Hero	3ff80959024b2774c802f818564e033e	11400000	"[""Assets/PlayMaker/Templates/coal_region.asset""]"
Assets/Scenes/Hornet/Dock_13.unity	3101	879	Damage Hero	3ff80959024b2774c802f818564e033e	11400000	"[""Assets/PlayMaker/Templates/coal_region.asset""]"
Assets/Scenes/Hornet/Dock_13.unity	3102	880	Damage Hero	3ff80959024b2774c802f818564e033e	11400000	"[""Assets/PlayMaker/Templates/coal_region.asset""]"
Assets/Scenes/Hornet/Dock_13.unity	3103	878	Damage Hero	3ff80959024b2774c802f818564e033e	11400000	"[""Assets/PlayMaker/Templates/coal_region.asset""]"
Assets/Scenes/Hornet/Dock_13.unity	3104	877	Damage Hero	3ff80959024b2774c802f818564e033e	11400000	"[""Assets/PlayMaker/Templates/coal_region.asset""]"
Assets/Scenes/Hornet/Dock_13.unity	3105	876	Damage Hero	3ff80959024b2774c802f818564e033e	11400000	"[""Assets/PlayMaker/Templates/coal_region.asset""]"
Assets/Scenes/Hornet/Dock_13.unity	3106	874	Damage Hero	3ff80959024b2774c802f818564e033e	11400000	"[""Assets/PlayMaker/Templates/coal_region.asset""]"
Assets/Scenes/Hornet/Dock_13.unity	3107	875	Damage Hero	3ff80959024b2774c802f818564e033e	11400000	"[""Assets/PlayMaker/Templates/coal_region.asset""]"
Assets/Scenes/Hornet/Dock_15.unity	3265	90	breakable_wall_v2	49ae76d885d76f0409f5e87241c2e88a	11400000	"[""Assets/PlayMaker/Templates/breakable_wall_v2.asset""]"
Assets/Scenes/Hornet/Dock_15.unity	3386	873	Control	dffdfbd16b462044db08b6e5d24c8f6d	11400000	"[""Assets/PlayMaker/Templates/crumble_plat_liquid.asset""]"
Assets/Scenes/Hornet/Dust_01.unity	9144	772	Enemy Rattle	53f9772d9cab170449b1da978968914c	11400000	"[""Assets/PlayMaker/Templates/enemy_rattle.asset""]"
Assets/Scenes/Hornet/Dust_01.unity	9148	794	Enemy Rattle	53f9772d9cab170449b1da978968914c	11400000	"[""Assets/PlayMaker/Templates/enemy_rattle.asset""]"
Assets/Scenes/Hornet/Dust_01.unity	9151	807	Enemy Rattle	53f9772d9cab170449b1da978968914c	11400000	"[""Assets/PlayMaker/Templates/enemy_rattle.asset""]"
Assets/Scenes/Hornet/Dust_01.unity	9154	860	breakable_wall_v2	49ae76d885d76f0409f5e87241c2e88a	11400000	"[""Assets/PlayMaker/Templates/breakable_wall_v2.asset""]"
Assets/Scenes/Hornet/Dust_01.unity	9165	1010	Enemy Rattle	53f9772d9cab170449b1da978968914c	11400000	"[""Assets/PlayMaker/Templates/enemy_rattle.asset""]"
Assets/Scenes/Hornet/Dust_01.unity	9175	2154	Enemy Rattle	53f9772d9cab170449b1da978968914c	11400000	"[""Assets/PlayMaker/Templates/enemy_rattle.asset""]"
Assets/Scenes/Hornet/Dust_01.unity	9225	2102	Enemy Rattle	53f9772d9cab170449b1da978968914c	11400000	"[""Assets/PlayMaker/Templates/enemy_rattle.asset""]"
Assets/Scenes/Hornet/Dust_01.unity	9226	2103	Enemy Rattle	53f9772d9cab170449b1da978968914c	11400000	"[""Assets/PlayMaker/Templates/enemy_rattle.asset""]"
Assets/Scenes/Hornet/Dust_01.unity	9227	2101	Enemy Rattle	53f9772d9cab170449b1da978968914c	11400000	"[""Assets/PlayMaker/Templates/enemy_rattle.asset""]"
Assets/Scenes/Hornet/Dust_01.unity	9229	2097	Enemy Rattle	53f9772d9cab170449b1da978968914c	11400000	"[""Assets/PlayMaker/Templates/enemy_rattle.asset""]"
Assets/Scenes/Hornet/Dust_01.unity	9230	2098	Enemy Rattle	53f9772d9cab170449b1da978968914c	11400000	"[""Assets/PlayMaker/Templates/enemy_rattle.asset""]"
Assets/Scenes/Hornet/Dust_01.unity	9231	2096	Enemy Rattle	53f9772d9cab170449b1da978968914c	11400000	"[""Assets/PlayMaker/Templates/enemy_rattle.asset""]"
Assets/Scenes/Hornet/Dust_01.unity	9232	2100	Enemy Rattle	53f9772d9cab170449b1da978968914c	11400000	"[""Assets/PlayMaker/Templates/enemy_rattle.asset""]"
Assets/Scenes/Hornet/Dust_01.unity	9233	2099	Enemy Rattle	53f9772d9cab170449b1da978968914c	11400000	"[""Assets/PlayMaker/Templates/enemy_rattle.asset""]"
Assets/Scenes/Hornet/Dust_01.unity	9367	2102	Detect Landing	c9d78aec9d8dd8a419833f8f977ce120	11400000	"[""Assets/PlayMaker/Templates/sway_plat_collider.asset""]"
Assets/Scenes/Hornet/Dust_01.unity	9368	2101	Detect Landing	c9d78aec9d8dd8a419833f8f977ce120	11400000	"[""Assets/PlayMaker/Templates/sway_plat_collider.asset""]"
Assets/Scenes/Hornet/Dust_01.unity	9369	2104	Detect Landing	c9d78aec9d8dd8a419833f8f977ce120	11400000	"[""Assets/PlayMaker/Templates/sway_plat_collider.asset""]"
Assets/Scenes/Hornet/Dust_01.unity	9370	2097	Detect Landing	c9d78aec9d8dd8a419833f8f977ce120	11400000	"[""Assets/PlayMaker/Templates/sway_plat_collider.asset""]"
Assets/Scenes/Hornet/Dust_01.unity	9371	2098	Detect Landing	c9d78aec9d8dd8a419833f8f977ce120	11400000	"[""Assets/PlayMaker/Templates/sway_plat_collider.asset""]"
Assets/Scenes/Hornet/Dust_01.unity	9372	2096	Detect Landing	c9d78aec9d8dd8a419833f8f977ce120	11400000	"[""Assets/PlayMaker/Templates/sway_plat_collider.asset""]"
Assets/Scenes/Hornet/Dust_01.unity	9373	2100	Detect Landing	c9d78aec9d8dd8a419833f8f977ce120	11400000	"[""Assets/PlayMaker/Templates/sway_plat_collider.asset""]"
Assets/Scenes/Hornet/Dust_01.unity	9374	2099	Detect Landing	c9d78aec9d8dd8a419833f8f977ce120	11400000	"[""Assets/PlayMaker/Templates/sway_plat_collider.asset""]"
Assets/Scenes/Hornet/Dust_01.unity	9459	2797	Control	ebb7f868f778b6f4aae2a069121a4374	11400000	"[""Assets/PlayMaker/Templates/tracking_object.asset""]"
Assets/Scenes/Hornet/Dust_01.unity	9700	2541	Sway	611750e4cd2b0fc488c94b4d4a747bec	11400000	"[""Assets/PlayMaker/Templates/sway_plat_art.asset""]"
Assets/Scenes/Hornet/Dust_01.unity	9701	2542	Sway	611750e4cd2b0fc488c94b4d4a747bec	11400000	"[""Assets/PlayMaker/Templates/sway_plat_art.asset""]"
Assets/Scenes/Hornet/Dust_01.unity	9702	2543	Sway	611750e4cd2b0fc488c94b4d4a747bec	11400000	"[""Assets/PlayMaker/Templates/sway_plat_art.asset""]"
Assets/Scenes/Hornet/Dust_01.unity	9703	2544	Sway	611750e4cd2b0fc488c94b4d4a747bec	11400000	"[""Assets/PlayMaker/Templates/sway_plat_art.asset""]"
Assets/Scenes/Hornet/Dust_01.unity	9704	2545	Sway	611750e4cd2b0fc488c94b4d4a747bec	11400000	"[""Assets/PlayMaker/Templates/sway_plat_art.asset""]"
Assets/Scenes/Hornet/Dust_01.unity	9705	2537	Sway	611750e4cd2b0fc488c94b4d4a747bec	11400000	"[""Assets/PlayMaker/Templates/sway_plat_art.asset""]"
Assets/Scenes/Hornet/Dust_01.unity	9706	2538	Sway	611750e4cd2b0fc488c94b4d4a747bec	11400000	"[""Assets/PlayMaker/Templates/sway_plat_art.asset""]"
Assets/Scenes/Hornet/Dust_01.unity	9707	2540	Sway	611750e4cd2b0fc488c94b4d4a747bec	11400000	"[""Assets/PlayMaker/Templates/sway_plat_art.asset""]"
Assets/Scenes/Hornet/Dust_01.unity	9965	2455	FSM	6f0839127750b164ebb46ddbae600e15	11400000	"[""Assets/PlayMaker/Templates/flyer_go_up_response.asset""]"
Assets/Scenes/Hornet/Dust_01.unity	10022	2894	hornet_multi_wounder	ffe3a1a9c1e2bb94da3315cccccc4782	11400000	"[""Assets/PlayMaker/Templates/hornet_multi_wounder.asset""]"
Assets/Scenes/Hornet/Dust_02.unity	11535	133	Enemy Rattle	53f9772d9cab170449b1da978968914c	11400000	"[""Assets/PlayMaker/Templates/enemy_rattle.asset""]"
Assets/Scenes/Hornet/Dust_02.unity	11576	662	Enemy Rattle	53f9772d9cab170449b1da978968914c	11400000	"[""Assets/PlayMaker/Templates/enemy_rattle.asset""]"
Assets/Scenes/Hornet/Dust_02.unity	11602	987	Geo Rock	3ce2aab20b6447d47a1b288b65263053	11400000	"[""Assets/PlayMaker/Templates/geo_rock.asset""]"
Assets/Scenes/Hornet/Dust_02.unity	11627	1276	Enemy Rattle	53f9772d9cab170449b1da978968914c	11400000	"[""Assets/PlayMaker/Templates/enemy_rattle.asset""]"
Assets/Scenes/Hornet/Dust_02.unity	11758	2702	Enemy Rattle	53f9772d9cab170449b1da978968914c	11400000	"[""Assets/PlayMaker/Templates/enemy_rattle.asset""]"
Assets/Scenes/Hornet/Dust_02.unity	11759	2701	Enemy Rattle	53f9772d9cab170449b1da978968914c	11400000	"[""Assets/PlayMaker/Templates/enemy_rattle.asset""]"
Assets/Scenes/Hornet/Dust_02.unity	11760	2700	Enemy Rattle	53f9772d9cab170449b1da978968914c	11400000	"[""Assets/PlayMaker/Templates/enemy_rattle.asset""]"
Assets/Scenes/Hornet/Dust_02.unity	11761	2703	Enemy Rattle	53f9772d9cab170449b1da978968914c	11400000	"[""Assets/PlayMaker/Templates/enemy_rattle.asset""]"
Assets/Scenes/Hornet/Dust_02.unity	11762	2697	Enemy Rattle	53f9772d9cab170449b1da978968914c	11400000	"[""Assets/PlayMaker/Templates/enemy_rattle.asset""]"
Assets/Scenes/Hornet/Dust_02.unity	11764	2699	Enemy Rattle	53f9772d9cab170449b1da978968914c	11400000	"[""Assets/PlayMaker/Templates/enemy_rattle.asset""]"
Assets/Scenes/Hornet/Dust_02.unity	11941	2701	Detect Landing	c9d78aec9d8dd8a419833f8f977ce120	11400000	"[""Assets/PlayMaker/Templates/sway_plat_collider.asset""]"
Assets/Scenes/Hornet/Dust_02.unity	11942	2702	Detect Landing	c9d78aec9d8dd8a419833f8f977ce120	11400000	"[""Assets/PlayMaker/Templates/sway_plat_collider.asset""]"
Assets/Scenes/Hornet/Dust_02.unity	11943	2700	Detect Landing	c9d78aec9d8dd8a419833f8f977ce120	11400000	"[""Assets/PlayMaker/Templates/sway_plat_collider.asset""]"
Assets/Scenes/Hornet/Dust_02.unity	11944	2703	Detect Landing	c9d78aec9d8dd8a419833f8f977ce120	11400000	"[""Assets/PlayMaker/Templates/sway_plat_collider.asset""]"
Assets/Scenes/Hornet/Dust_02.unity	11945	2698	Detect Landing	c9d78aec9d8dd8a419833f8f977ce120	11400000	"[""Assets/PlayMaker/Templates/sway_plat_collider.asset""]"
Assets/Scenes/Hornet/Dust_02.unity	11946	2697	Detect Landing	c9d78aec9d8dd8a419833f8f977ce120	11400000	"[""Assets/PlayMaker/Templates/sway_plat_collider.asset""]"
Assets/Scenes/Hornet/Dust_02.unity	11947	2699	Detect Landing	c9d78aec9d8dd8a419833f8f977ce120	11400000	"[""Assets/PlayMaker/Templates/sway_plat_collider.asset""]"
Assets/Scenes/Hornet/Dust_02.unity	12020	3523	Control	ebb7f868f778b6f4aae2a069121a4374	11400000	"[""Assets/PlayMaker/Templates/tracking_object.asset""]"
Assets/Scenes/Hornet/Dust_02.unity	12408	3255	Sway	611750e4cd2b0fc488c94b4d4a747bec	11400000	"[""Assets/PlayMaker/Templates/sway_plat_art.asset""]"
Assets/Scenes/Hornet/Dust_02.unity	12409	3256	Sway	611750e4cd2b0fc488c94b4d4a747bec	11400000	"[""Assets/PlayMaker/Templates/sway_plat_art.asset""]"
Assets/Scenes/Hornet/Dust_02.unity	12410	3257	Sway	611750e4cd2b0fc488c94b4d4a747bec	11400000	"[""Assets/PlayMaker/Templates/sway_plat_art.asset""]"
Assets/Scenes/Hornet/Dust_02.unity	12411	3250	Sway	611750e4cd2b0fc488c94b4d4a747bec	11400000	"[""Assets/PlayMaker/Templates/sway_plat_art.asset""]"
Assets/Scenes/Hornet/Dust_02.unity	12412	3252	Sway	611750e4cd2b0fc488c94b4d4a747bec	11400000	"[""Assets/PlayMaker/Templates/sway_plat_art.asset""]"
Assets/Scenes/Hornet/Dust_02.unity	12413	3251	Sway	611750e4cd2b0fc488c94b4d4a747bec	11400000	"[""Assets/PlayMaker/Templates/sway_plat_art.asset""]"
Assets/Scenes/Hornet/Dust_02.unity	12414	3253	Sway	611750e4cd2b0fc488c94b4d4a747bec	11400000	"[""Assets/PlayMaker/Templates/sway_plat_art.asset""]"
Assets/Scenes/Hornet/Dust_02.unity	12664	3158	FSM	6f0839127750b164ebb46ddbae600e15	11400000	"[""Assets/PlayMaker/Templates/flyer_go_up_response.asset""]"
Assets/Scenes/Hornet/Dust_02.unity	12665	3157	FSM	6f0839127750b164ebb46ddbae600e15	11400000	"[""Assets/PlayMaker/Templates/flyer_go_up_response.asset""]"
Assets/Scenes/Hornet/Dust_02.unity	12666	3155	FSM	6f0839127750b164ebb46ddbae600e15	11400000	"[""Assets/PlayMaker/Templates/flyer_go_up_response.asset""]"
Assets/Scenes/Hornet/Dust_02.unity	12667	3154	FSM	6f0839127750b164ebb46ddbae600e15	11400000	"[""Assets/PlayMaker/Templates/flyer_go_up_response.asset""]"
Assets/Scenes/Hornet/Dust_02.unity	12703	3647	hornet_multi_wounder	ffe3a1a9c1e2bb94da3315cccccc4782	11400000	"[""Assets/PlayMaker/Templates/hornet_multi_wounder.asset""]"
Assets/Scenes/Hornet/Dust_02.unity	12705	3648	hornet_multi_wounder	ffe3a1a9c1e2bb94da3315cccccc4782	11400000	"[""Assets/PlayMaker/Templates/hornet_multi_wounder.asset""]"
Assets/Scenes/Hornet/Dust_02.unity	12707	3645	hornet_multi_wounder	ffe3a1a9c1e2bb94da3315cccccc4782	11400000	"[""Assets/PlayMaker/Templates/hornet_multi_wounder.asset""]"
Assets/Scenes/Hornet/Dust_02.unity	12709	3646	hornet_multi_wounder	ffe3a1a9c1e2bb94da3315cccccc4782	11400000	"[""Assets/PlayMaker/Templates/hornet_multi_wounder.asset""]"
Assets/Scenes/Hornet/Dust_03.unity	10498	59	Enemy Rattle	53f9772d9cab170449b1da978968914c	11400000	"[""Assets/PlayMaker/Templates/enemy_rattle.asset""]"
Assets/Scenes/Hornet/Dust_03.unity	10512	161	Enemy Rattle	53f9772d9cab170449b1da978968914c	11400000	"[""Assets/PlayMaker/Templates/enemy_rattle.asset""]"
Assets/Scenes/Hornet/Dust_03.unity	10527	297	Enemy Rattle	53f9772d9cab170449b1da978968914c	11400000	"[""Assets/PlayMaker/Templates/enemy_rattle.asset""]"
Assets/Scenes/Hornet/Dust_03.unity	10537	499	Enemy Rattle	53f9772d9cab170449b1da978968914c	11400000	"[""Assets/PlayMaker/Templates/enemy_rattle.asset""]"
Assets/Scenes/Hornet/Dust_03.unity	10540	558	Enemy Rattle	53f9772d9cab170449b1da978968914c	11400000	"[""Assets/PlayMaker/Templates/enemy_rattle.asset""]"
Assets/Scenes/Hornet/Dust_03.unity	10562	1060	Enemy Rattle	53f9772d9cab170449b1da978968914c	11400000	"[""Assets/PlayMaker/Templates/enemy_rattle.asset""]"
Assets/Scenes/Hornet/Dust_03.unity	10634	2267	Enemy Rattle	53f9772d9cab170449b1da978968914c	11400000	"[""Assets/PlayMaker/Templates/enemy_rattle.asset""]"
Assets/Scenes/Hornet/Dust_03.unity	10636	2266	Enemy Rattle	53f9772d9cab170449b1da978968914c	11400000	"[""Assets/PlayMaker/Templates/enemy_rattle.asset""]"
Assets/Scenes/Hornet/Dust_03.unity	10637	2270	Enemy Rattle	53f9772d9cab170449b1da978968914c	11400000	"[""Assets/PlayMaker/Templates/enemy_rattle.asset""]"
Assets/Scenes/Hornet/Dust_03.unity	10638	2269	Enemy Rattle	53f9772d9cab170449b1da978968914c	11400000	"[""Assets/PlayMaker/Templates/enemy_rattle.asset""]"
Assets/Scenes/Hornet/Dust_03.unity	10639	2263	Enemy Rattle	53f9772d9cab170449b1da978968914c	11400000	"[""Assets/PlayMaker/Templates/enemy_rattle.asset""]"
Assets/Scenes/Hornet/Dust_03.unity	10640	2265	Enemy Rattle	53f9772d9cab170449b1da978968914c	11400000	"[""Assets/PlayMaker/Templates/enemy_rattle.asset""]"
Assets/Scenes/Hornet/Dust_03.unity	10820	2268	Detect Landing	c9d78aec9d8dd8a419833f8f977ce120	11400000	"[""Assets/PlayMaker/Templates/sway_plat_collider.asset""]"
Assets/Scenes/Hornet/Dust_03.unity	10821	2267	Detect Landing	c9d78aec9d8dd8a419833f8f977ce120	11400000	"[""Assets/PlayMaker/Templates/sway_plat_collider.asset""]"
Assets/Scenes/Hornet/Dust_03.unity	10822	2266	Detect Landing	c9d78aec9d8dd8a419833f8f977ce120	11400000	"[""Assets/PlayMaker/Templates/sway_plat_collider.asset""]"
Assets/Scenes/Hornet/Dust_03.unity	10823	2270	Detect Landing	c9d78aec9d8dd8a419833f8f977ce120	11400000	"[""Assets/PlayMaker/Templates/sway_plat_collider.asset""]"
Assets/Scenes/Hornet/Dust_03.unity	10824	2269	Detect Landing	c9d78aec9d8dd8a419833f8f977ce120	11400000	"[""Assets/PlayMaker/Templates/sway_plat_collider.asset""]"
Assets/Scenes/Hornet/Dust_03.unity	10825	2263	Detect Landing	c9d78aec9d8dd8a419833f8f977ce120	11400000	"[""Assets/PlayMaker/Templates/sway_plat_collider.asset""]"
Assets/Scenes/Hornet/Dust_03.unity	10826	2265	Detect Landing	c9d78aec9d8dd8a419833f8f977ce120	11400000	"[""Assets/PlayMaker/Templates/sway_plat_collider.asset""]"
Assets/Scenes/Hornet/Dust_03.unity	11348	2732	Sway	611750e4cd2b0fc488c94b4d4a747bec	11400000	"[""Assets/PlayMaker/Templates/sway_plat_art.asset""]"
Assets/Scenes/Hornet/Dust_03.unity	11349	2734	Sway	611750e4cd2b0fc488c94b4d4a747bec	11400000	"[""Assets/PlayMaker/Templates/sway_plat_art.asset""]"
Assets/Scenes/Hornet/Dust_03.unity	11350	2727	Sway	611750e4cd2b0fc488c94b4d4a747bec	11400000	"[""Assets/PlayMaker/Templates/sway_plat_art.asset""]"
Assets/Scenes/Hornet/Dust_03.unity	11351	2728	Sway	611750e4cd2b0fc488c94b4d4a747bec	11400000	"[""Assets/PlayMaker/Templates/sway_plat_art.asset""]"
Assets/Scenes/Hornet/Dust_03.unity	11352	2729	Sway	611750e4cd2b0fc488c94b4d4a747bec	11400000	"[""Assets/PlayMaker/Templates/sway_plat_art.asset""]"
Assets/Scenes/Hornet/Dust_03.unity	11353	2730	Sway	611750e4cd2b0fc488c94b4d4a747bec	11400000	"[""Assets/PlayMaker/Templates/sway_plat_art.asset""]"
Assets/Scenes/Hornet/Dust_03.unity	11354	2731	Sway	611750e4cd2b0fc488c94b4d4a747bec	11400000	"[""Assets/PlayMaker/Templates/sway_plat_art.asset""]"
Assets/Scenes/Hornet/Dust_03.unity	11528	3324	hornet_multi_wounder	ffe3a1a9c1e2bb94da3315cccccc4782	11400000	"[""Assets/PlayMaker/Templates/hornet_multi_wounder.asset""]"
Assets/Scenes/Hornet/Dust_03.unity	11739	2633	FSM	6f0839127750b164ebb46ddbae600e15	11400000	"[""Assets/PlayMaker/Templates/flyer_go_up_response.asset""]"
Assets/Scenes/Hornet/Dust_03.unity	11740	2632	FSM	6f0839127750b164ebb46ddbae600e15	11400000	"[""Assets/PlayMaker/Templates/flyer_go_up_response.asset""]"
Assets/Scenes/Hornet/Dust_03.unity	11741	2628	FSM	6f0839127750b164ebb46ddbae600e15	11400000	"[""Assets/PlayMaker/Templates/flyer_go_up_response.asset""]"
Assets/Scenes/Hornet/Dust_03.unity	11742	2627	FSM	6f0839127750b164ebb46ddbae600e15	11400000	"[""Assets/PlayMaker/Templates/flyer_go_up_response.asset""]"
Assets/Scenes/Hornet/Dust_03.unity	11861	3158	hornet_multi_wounder	ffe3a1a9c1e2bb94da3315cccccc4782	11400000	"[""Assets/PlayMaker/Templates/hornet_multi_wounder.asset""]"
Assets/Scenes/Hornet/Dust_03.unity	11863	3159	hornet_multi_wounder	ffe3a1a9c1e2bb94da3315cccccc4782	11400000	"[""Assets/PlayMaker/Templates/hornet_multi_wounder.asset""]"
Assets/Scenes/Hornet/Dust_03.unity	11865	3156	hornet_multi_wounder	ffe3a1a9c1e2bb94da3315cccccc4782	11400000	"[""Assets/PlayMaker/Templates/hornet_multi_wounder.asset""]"
Assets/Scenes/Hornet/Dust_03.unity	11867	3157	hornet_multi_wounder	ffe3a1a9c1e2bb94da3315cccccc4782	11400000	"[""Assets/PlayMaker/Templates/hornet_multi_wounder.asset""]"
Assets/Scenes/Hornet/Dust_04.unity	9095	2184	Enemy Rattle	53f9772d9cab170449b1da978968914c	11400000	"[""Assets/PlayMaker/Templates/enemy_rattle.asset""]"
Assets/Scenes/Hornet/Dust_04.unity	9097	2183	Enemy Rattle	53f9772d9cab170449b1da978968914c	11400000	"[""Assets/PlayMaker/Templates/enemy_rattle.asset""]"
Assets/Scenes/Hornet/Dust_04.unity	9167	2184	Detect Landing	c9d78aec9d8dd8a419833f8f977ce120	11400000	"[""Assets/PlayMaker/Templates/sway_plat_collider.asset""]"
Assets/Scenes/Hornet/Dust_04.unity	9168	2185	Detect Landing	c9d78aec9d8dd8a419833f8f977ce120	11400000	"[""Assets/PlayMaker/Templates/sway_plat_collider.asset""]"
Assets/Scenes/Hornet/Dust_04.unity	9169	2183	Detect Landing	c9d78aec9d8dd8a419833f8f977ce120	11400000	"[""Assets/PlayMaker/Templates/sway_plat_collider.asset""]"
Assets/Scenes/Hornet/Dust_04.unity	9209	2717	Control	ebb7f868f778b6f4aae2a069121a4374	11400000	"[""Assets/PlayMaker/Templates/tracking_object.asset""]"
Assets/Scenes/Hornet/Dust_04.unity	9424	2513	Sway	611750e4cd2b0fc488c94b4d4a747bec	11400000	"[""Assets/PlayMaker/Templates/sway_plat_art.asset""]"
Assets/Scenes/Hornet/Dust_04.unity	9425	2514	Sway	611750e4cd2b0fc488c94b4d4a747bec	11400000	"[""Assets/PlayMaker/Templates/sway_plat_art.asset""]"
Assets/Scenes/Hornet/Dust_04.unity	9426	2515	Sway	611750e4cd2b0fc488c94b4d4a747bec	11400000	"[""Assets/PlayMaker/Templates/sway_plat_art.asset""]"
Assets/Scenes/Hornet/Dust_04.unity	9447	1802	Detect Landing	c9d78aec9d8dd8a419833f8f977ce120	11400000	"[""Assets/PlayMaker/Templates/sway_plat_collider.asset""]"
Assets/Scenes/Hornet/Dust_04.unity	9485	2324	Sway	611750e4cd2b0fc488c94b4d4a747bec	11400000	"[""Assets/PlayMaker/Templates/sway_plat_art.asset""]"
Assets/Scenes/Hornet/Dust_04.unity	9505	2262	Cower	1e7787dfa0817b346aedad76fa673708	11400000	"[""Assets/PlayMaker/Templates/courier_npc_common.asset""]"
Assets/Scenes/Hornet/Dust_04.unity	9733	2432	FSM	6f0839127750b164ebb46ddbae600e15	11400000	"[""Assets/PlayMaker/Templates/flyer_go_up_response.asset""]"
Assets/Scenes/Hornet/Dust_04.unity	9734	2430	FSM	6f0839127750b164ebb46ddbae600e15	11400000	"[""Assets/PlayMaker/Templates/flyer_go_up_response.asset""]"
Assets/Scenes/Hornet/Dust_04.unity	9735	2425	FSM	6f0839127750b164ebb46ddbae600e15	11400000	"[""Assets/PlayMaker/Templates/flyer_go_up_response.asset""]"
Assets/Scenes/Hornet/Dust_04.unity	9789	2817	hornet_multi_wounder	ffe3a1a9c1e2bb94da3315cccccc4782	11400000	"[""Assets/PlayMaker/Templates/hornet_multi_wounder.asset""]"
Assets/Scenes/Hornet/Dust_04.unity	9791	2815	hornet_multi_wounder	ffe3a1a9c1e2bb94da3315cccccc4782	11400000	"[""Assets/PlayMaker/Templates/hornet_multi_wounder.asset""]"
Assets/Scenes/Hornet/Dust_04.unity	9793	2816	hornet_multi_wounder	ffe3a1a9c1e2bb94da3315cccccc4782	11400000	"[""Assets/PlayMaker/Templates/hornet_multi_wounder.asset""]"
Assets/Scenes/Hornet/Dust_05.unity	15875	1390	breakable_wall_v2	49ae76d885d76f0409f5e87241c2e88a	11400000	"[""Assets/PlayMaker/Templates/breakable_wall_v2.asset""]"
Assets/Scenes/Hornet/Dust_05.unity	15915	1790	Enemy Rattle	53f9772d9cab170449b1da978968914c	11400000	"[""Assets/PlayMaker/Templates/enemy_rattle.asset""]"
Assets/Scenes/Hornet/Dust_05.unity	15925	1830	Sway	611750e4cd2b0fc488c94b4d4a747bec	11400000	"[""Assets/PlayMaker/Templates/sway_plat_art.asset""]"
Assets/Scenes/Hornet/Dust_05.unity	16068	3710	Enemy Rattle	53f9772d9cab170449b1da978968914c	11400000	"[""Assets/PlayMaker/Templates/enemy_rattle.asset""]"
Assets/Scenes/Hornet/Dust_05.unity	16069	3711	Enemy Rattle	53f9772d9cab170449b1da978968914c	11400000	"[""Assets/PlayMaker/Templates/enemy_rattle.asset""]"
Assets/Scenes/Hornet/Dust_05.unity	16150	4483	depress_plat	a40d78acbe179ad4a90e9b9d77d082be	11400000	"[""Assets/PlayMaker/Templates/tilt_plat.asset""]"
Assets/Scenes/Hornet/Dust_05.unity	16151	4484	depress_plat	a40d78acbe179ad4a90e9b9d77d082be	11400000	"[""Assets/PlayMaker/Templates/tilt_plat.asset""]"
Assets/Scenes/Hornet/Dust_05.unity	16174	3126	Chest Control	cef29d3923f21dd45b5301e2c8d4b2db	11400000	"[""Assets/PlayMaker/Templates/chest_control.asset""]"
Assets/Scenes/Hornet/Dust_05.unity	16216	4018	hornet_multi_wounder	ffe3a1a9c1e2bb94da3315cccccc4782	11400000	"[""Assets/PlayMaker/Templates/hornet_multi_wounder.asset""]"
Assets/Scenes/Hornet/Dust_05.unity	16217	4019	hornet_multi_wounder	ffe3a1a9c1e2bb94da3315cccccc4782	11400000	"[""Assets/PlayMaker/Templates/hornet_multi_wounder.asset""]"
Assets/Scenes/Hornet/Dust_05.unity	16218	4017	hornet_multi_wounder	ffe3a1a9c1e2bb94da3315cccccc4782	11400000	"[""Assets/PlayMaker/Templates/hornet_multi_wounder.asset""]"
Assets/Scenes/Hornet/Dust_05.unity	16265	3710	Detect Landing	c9d78aec9d8dd8a419833f8f977ce120	11400000	"[""Assets/PlayMaker/Templates/sway_plat_collider.asset""]"
Assets/Scenes/Hornet/Dust_05.unity	16266	3711	Detect Landing	c9d78aec9d8dd8a419833f8f977ce120	11400000	"[""Assets/PlayMaker/Templates/sway_plat_collider.asset""]"
Assets/Scenes/Hornet/Dust_05.unity	16359	4551	hornet_multi_wounder	ffe3a1a9c1e2bb94da3315cccccc4782	11400000	"[""Assets/PlayMaker/Templates/hornet_multi_wounder.asset""]"
Assets/Scenes/Hornet/Dust_05.unity	16360	4549	hornet_multi_wounder	ffe3a1a9c1e2bb94da3315cccccc4782	11400000	"[""Assets/PlayMaker/Templates/hornet_multi_wounder.asset""]"
Assets/Scenes/Hornet/Dust_05.unity	16361	4550	hornet_multi_wounder	ffe3a1a9c1e2bb94da3315cccccc4782	11400000	"[""Assets/PlayMaker/Templates/hornet_multi_wounder.asset""]"
Assets/Scenes/Hornet/Dust_05.unity	16425	4440	hornet_multi_wounder	ffe3a1a9c1e2bb94da3315cccccc4782	11400000	"[""Assets/PlayMaker/Templates/hornet_multi_wounder.asset""]"
Assets/Scenes/Hornet/Dust_05.unity	16426	4442	hornet_multi_wounder	ffe3a1a9c1e2bb94da3315cccccc4782	11400000	"[""Assets/PlayMaker/Templates/hornet_multi_wounder.asset""]"
Assets/Scenes/Hornet/Dust_05.unity	16427	4441	hornet_multi_wounder	ffe3a1a9c1e2bb94da3315cccccc4782	11400000	"[""Assets/PlayMaker/Templates/hornet_multi_wounder.asset""]"
Assets/Scenes/Hornet/Dust_05.unity	16690	4558	hornet_multi_wounder	ffe3a1a9c1e2bb94da3315cccccc4782	11400000	"[""Assets/PlayMaker/Templates/hornet_multi_wounder.asset""]"
Assets/Scenes/Hornet/Dust_05.unity	16691	4560	hornet_multi_wounder	ffe3a1a9c1e2bb94da3315cccccc4782	11400000	"[""Assets/PlayMaker/Templates/hornet_multi_wounder.asset""]"
Assets/Scenes/Hornet/Dust_05.unity	16692	4559	hornet_multi_wounder	ffe3a1a9c1e2bb94da3315cccccc4782	11400000	"[""Assets/PlayMaker/Templates/hornet_multi_wounder.asset""]"
Assets/Scenes/Hornet/Dust_05.unity	16711	3936	hornet_multi_wounder	ffe3a1a9c1e2bb94da3315cccccc4782	11400000	"[""Assets/PlayMaker/Templates/hornet_multi_wounder.asset""]"
Assets/Scenes/Hornet/Dust_05.unity	16712	3935	hornet_multi_wounder	ffe3a1a9c1e2bb94da3315cccccc4782	11400000	"[""Assets/PlayMaker/Templates/hornet_multi_wounder.asset""]"
Assets/Scenes/Hornet/Dust_05.unity	16713	3934	hornet_multi_wounder	ffe3a1a9c1e2bb94da3315cccccc4782	11400000	"[""Assets/PlayMaker/Templates/hornet_multi_wounder.asset""]"
Assets/Scenes/Hornet/Dust_05.unity	16913	4346	Sway	611750e4cd2b0fc488c94b4d4a747bec	11400000	"[""Assets/PlayMaker/Templates/sway_plat_art.asset""]"
Assets/Scenes/Hornet/Dust_05.unity	16914	4347	Sway	611750e4cd2b0fc488c94b4d4a747bec	11400000	"[""Assets/PlayMaker/Templates/sway_plat_art.asset""]"
Assets/Scenes/Hornet/Dust_05.unity	16923	3834	hornet_multi_wounder	ffe3a1a9c1e2bb94da3315cccccc4782	11400000	"[""Assets/PlayMaker/Templates/hornet_multi_wounder.asset""]"
Assets/Scenes/Hornet/Dust_05.unity	16924	3835	hornet_multi_wounder	ffe3a1a9c1e2bb94da3315cccccc4782	11400000	"[""Assets/PlayMaker/Templates/hornet_multi_wounder.asset""]"
Assets/Scenes/Hornet/Dust_05.unity	16925	3833	hornet_multi_wounder	ffe3a1a9c1e2bb94da3315cccccc4782	11400000	"[""Assets/PlayMaker/Templates/hornet_multi_wounder.asset""]"
Assets/Scenes/Hornet/Dust_05.unity	17024	4451	hornet_multi_wounder	ffe3a1a9c1e2bb94da3315cccccc4782	11400000	"[""Assets/PlayMaker/Templates/hornet_multi_wounder.asset""]"
Assets/Scenes/Hornet/Dust_05.unity	17025	4452	hornet_multi_wounder	ffe3a1a9c1e2bb94da3315cccccc4782	11400000	"[""Assets/PlayMaker/Templates/hornet_multi_wounder.asset""]"
Assets/Scenes/Hornet/Dust_05.unity	17026	4453	hornet_multi_wounder	ffe3a1a9c1e2bb94da3315cccccc4782	11400000	"[""Assets/PlayMaker/Templates/hornet_multi_wounder.asset""]"
Assets/Scenes/Hornet/Dust_05.unity	17086	3074	Control	04b9a40fa5ae75c47a5cdd4b0998c7ac	11400000	"[""Assets/PlayMaker/Templates/garmond_control.asset""]"
Assets/Scenes/Hornet/Dust_05.unity	17097	4671	hornet_multi_wounder	ffe3a1a9c1e2bb94da3315cccccc4782	11400000	"[""Assets/PlayMaker/Templates/hornet_multi_wounder.asset""]"
Assets/Scenes/Hornet/Dust_05.unity	17098	4670	hornet_multi_wounder	ffe3a1a9c1e2bb94da3315cccccc4782	11400000	"[""Assets/PlayMaker/Templates/hornet_multi_wounder.asset""]"
Assets/Scenes/Hornet/Dust_05.unity	17099	4669	hornet_multi_wounder	ffe3a1a9c1e2bb94da3315cccccc4782	11400000	"[""Assets/PlayMaker/Templates/hornet_multi_wounder.asset""]"
Assets/Scenes/Hornet/Dust_06.unity	13632	73	Enemy Rattle	53f9772d9cab170449b1da978968914c	11400000	"[""Assets/PlayMaker/Templates/enemy_rattle.asset""]"
Assets/Scenes/Hornet/Dust_06.unity	13640	111	Enemy Rattle	53f9772d9cab170449b1da978968914c	11400000	"[""Assets/PlayMaker/Templates/enemy_rattle.asset""]"
Assets/Scenes/Hornet/Dust_06.unity	13664	222	Enemy Rattle	53f9772d9cab170449b1da978968914c	11400000	"[""Assets/PlayMaker/Templates/enemy_rattle.asset""]"
Assets/Scenes/Hornet/Dust_06.unity	13677	335	Enemy Rattle	53f9772d9cab170449b1da978968914c	11400000	"[""Assets/PlayMaker/Templates/enemy_rattle.asset""]"
Assets/Scenes/Hornet/Dust_06.unity	13751	1095	Enemy Rattle	53f9772d9cab170449b1da978968914c	11400000	"[""Assets/PlayMaker/Templates/enemy_rattle.asset""]"
Assets/Scenes/Hornet/Dust_06.unity	13790	1714	breakable_wall_v2	49ae76d885d76f0409f5e87241c2e88a	11400000	"[""Assets/PlayMaker/Templates/breakable_wall_v2.asset""]"
Assets/Scenes/Hornet/Dust_06.unity	13800	1894	Enemy Rattle	53f9772d9cab170449b1da978968914c	11400000	"[""Assets/PlayMaker/Templates/enemy_rattle.asset""]"
Assets/Scenes/Hornet/Dust_06.unity	13841	2299	Enemy Rattle	53f9772d9cab170449b1da978968914c	11400000	"[""Assets/PlayMaker/Templates/enemy_rattle.asset""]"
Assets/Scenes/Hornet/Dust_06.unity	13857	2449	Enemy Rattle	53f9772d9cab170449b1da978968914c	11400000	"[""Assets/PlayMaker/Templates/enemy_rattle.asset""]"
Assets/Scenes/Hornet/Dust_06.unity	13867	2476	Enemy Rattle	53f9772d9cab170449b1da978968914c	11400000	"[""Assets/PlayMaker/Templates/enemy_rattle.asset""]"
Assets/Scenes/Hornet/Dust_06.unity	13899	2769	Enemy Rattle	53f9772d9cab170449b1da978968914c	11400000	"[""Assets/PlayMaker/Templates/enemy_rattle.asset""]"
Assets/Scenes/Hornet/Dust_06.unity	13973	3780	Enemy Rattle	53f9772d9cab170449b1da978968914c	11400000	"[""Assets/PlayMaker/Templates/enemy_rattle.asset""]"
Assets/Scenes/Hornet/Dust_06.unity	13974	3781	Enemy Rattle	53f9772d9cab170449b1da978968914c	11400000	"[""Assets/PlayMaker/Templates/enemy_rattle.asset""]"
Assets/Scenes/Hornet/Dust_06.unity	13975	3782	Enemy Rattle	53f9772d9cab170449b1da978968914c	11400000	"[""Assets/PlayMaker/Templates/enemy_rattle.asset""]"
Assets/Scenes/Hornet/Dust_06.unity	13976	3783	Enemy Rattle	53f9772d9cab170449b1da978968914c	11400000	"[""Assets/PlayMaker/Templates/enemy_rattle.asset""]"
Assets/Scenes/Hornet/Dust_06.unity	14093	4056	hornet_multi_wounder	ffe3a1a9c1e2bb94da3315cccccc4782	11400000	"[""Assets/PlayMaker/Templates/hornet_multi_wounder.asset""]"
Assets/Scenes/Hornet/Dust_06.unity	14103	3780	Detect Landing	c9d78aec9d8dd8a419833f8f977ce120	11400000	"[""Assets/PlayMaker/Templates/sway_plat_collider.asset""]"
Assets/Scenes/Hornet/Dust_06.unity	14104	3783	Detect Landing	c9d78aec9d8dd8a419833f8f977ce120	11400000	"[""Assets/PlayMaker/Templates/sway_plat_collider.asset""]"
Assets/Scenes/Hornet/Dust_06.unity	14105	3781	Detect Landing	c9d78aec9d8dd8a419833f8f977ce120	11400000	"[""Assets/PlayMaker/Templates/sway_plat_collider.asset""]"
Assets/Scenes/Hornet/Dust_06.unity	14106	3782	Detect Landing	c9d78aec9d8dd8a419833f8f977ce120	11400000	"[""Assets/PlayMaker/Templates/sway_plat_collider.asset""]"
Assets/Scenes/Hornet/Dust_06.unity	14161	4276	hornet_multi_wounder	ffe3a1a9c1e2bb94da3315cccccc4782	11400000	"[""Assets/PlayMaker/Templates/hornet_multi_wounder.asset""]"
Assets/Scenes/Hornet/Dust_06.unity	14179	4234	hornet_multi_wounder	ffe3a1a9c1e2bb94da3315cccccc4782	11400000	"[""Assets/PlayMaker/Templates/hornet_multi_wounder.asset""]"
Assets/Scenes/Hornet/Dust_06.unity	14354	4278	hornet_multi_wounder	ffe3a1a9c1e2bb94da3315cccccc4782	11400000	"[""Assets/PlayMaker/Templates/hornet_multi_wounder.asset""]"
Assets/Scenes/Hornet/Dust_06.unity	14372	4010	hornet_multi_wounder	ffe3a1a9c1e2bb94da3315cccccc4782	11400000	"[""Assets/PlayMaker/Templates/hornet_multi_wounder.asset""]"
Assets/Scenes/Hornet/Dust_06.unity	14463	4188	Sway	611750e4cd2b0fc488c94b4d4a747bec	11400000	"[""Assets/PlayMaker/Templates/sway_plat_art.asset""]"
Assets/Scenes/Hornet/Dust_06.unity	14464	4189	Sway	611750e4cd2b0fc488c94b4d4a747bec	11400000	"[""Assets/PlayMaker/Templates/sway_plat_art.asset""]"
Assets/Scenes/Hornet/Dust_06.unity	14465	4190	Sway	611750e4cd2b0fc488c94b4d4a747bec	11400000	"[""Assets/PlayMaker/Templates/sway_plat_art.asset""]"
Assets/Scenes/Hornet/Dust_06.unity	14466	4191	Sway	611750e4cd2b0fc488c94b4d4a747bec	11400000	"[""Assets/PlayMaker/Templates/sway_plat_art.asset""]"
Assets/Scenes/Hornet/Dust_06.unity	14477	3938	hornet_multi_wounder	ffe3a1a9c1e2bb94da3315cccccc4782	11400000	"[""Assets/PlayMaker/Templates/hornet_multi_wounder.asset""]"
Assets/Scenes/Hornet/Dust_06.unity	14527	4246	hornet_multi_wounder	ffe3a1a9c1e2bb94da3315cccccc4782	11400000	"[""Assets/PlayMaker/Templates/hornet_multi_wounder.asset""]"
Assets/Scenes/Hornet/Dust_06.unity	14560	4343	hornet_multi_wounder	ffe3a1a9c1e2bb94da3315cccccc4782	11400000	"[""Assets/PlayMaker/Templates/hornet_multi_wounder.asset""]"
Assets/Scenes/Hornet/Dust_06.unity	14714	4142	FSM	6f0839127750b164ebb46ddbae600e15	11400000	"[""Assets/PlayMaker/Templates/flyer_go_up_response.asset""]"
Assets/Scenes/Hornet/Dust_06.unity	14715	4141	FSM	6f0839127750b164ebb46ddbae600e15	11400000	"[""Assets/PlayMaker/Templates/flyer_go_up_response.asset""]"
Assets/Scenes/Hornet/Dust_06.unity	14746	4458	hornet_multi_wounder	ffe3a1a9c1e2bb94da3315cccccc4782	11400000	"[""Assets/PlayMaker/Templates/hornet_multi_wounder.asset""]"
Assets/Scenes/Hornet/Dust_06.unity	14748	4457	hornet_multi_wounder	ffe3a1a9c1e2bb94da3315cccccc4782	11400000	"[""Assets/PlayMaker/Templates/hornet_multi_wounder.asset""]"
Assets/Scenes/Hornet/Dust_09.unity	9228	2472	FSM	c332780cbeb3a264fb2eff442248d6cd	11400000	"[""Assets/PlayMaker/Templates/follow_camera_bound.asset""]"
Assets/Scenes/Hornet/Dust_09.unity	9301	2473	FSM	c332780cbeb3a264fb2eff442248d6cd	11400000	"[""Assets/PlayMaker/Templates/follow_camera_bound.asset""]"
Assets/Scenes/Hornet/Dust_09.unity	9395	2289	Enemy Rattle	53f9772d9cab170449b1da978968914c	11400000	"[""Assets/PlayMaker/Templates/enemy_rattle.asset""]"
Assets/Scenes/Hornet/Dust_09.unity	9435	2289	Detect Landing	c9d78aec9d8dd8a419833f8f977ce120	11400000	"[""Assets/PlayMaker/Templates/sway_plat_collider.asset""]"
Assets/Scenes/Hornet/Dust_09.unity	9585	2578	Sway	611750e4cd2b0fc488c94b4d4a747bec	11400000	"[""Assets/PlayMaker/Templates/sway_plat_art.asset""]"
Assets/Scenes/Hornet/Dust_10.unity	11937	73	unmasker	acbea5ca792e442418858572af615104	11400000	"[""Assets/PlayMaker/Templates/unmasker.asset""]"
Assets/Scenes/Hornet/Dust_10.unity	11957	227	breakable_wall_v2	49ae76d885d76f0409f5e87241c2e88a	11400000	"[""Assets/PlayMaker/Templates/breakable_wall_v2.asset""]"
Assets/Scenes/Hornet/Dust_10.unity	11963	270	unmasker	acbea5ca792e442418858572af615104	11400000	"[""Assets/PlayMaker/Templates/unmasker.asset""]"
Assets/Scenes/Hornet/Dust_10.unity	11976	366	unmasker	acbea5ca792e442418858572af615104	11400000	"[""Assets/PlayMaker/Templates/unmasker.asset""]"
Assets/Scenes/Hornet/Dust_10.unity	11992	509	unmasker	acbea5ca792e442418858572af615104	11400000	"[""Assets/PlayMaker/Templates/unmasker.asset""]"
Assets/Scenes/Hornet/Dust_10.unity	11996	601	unmasker	acbea5ca792e442418858572af615104	11400000	"[""Assets/PlayMaker/Templates/unmasker.asset""]"
Assets/Scenes/Hornet/Dust_10.unity	12029	3629	FSM	a40d78acbe179ad4a90e9b9d77d082be	11400000	"[""Assets/PlayMaker/Templates/tilt_plat.asset""]"
Assets/Scenes/Hornet/Dust_10.unity	12030	3628	FSM	a40d78acbe179ad4a90e9b9d77d082be	11400000	"[""Assets/PlayMaker/Templates/tilt_plat.asset""]"
Assets/Scenes/Hornet/Dust_10.unity	12039	1109	unmasker	acbea5ca792e442418858572af615104	11400000	"[""Assets/PlayMaker/Templates/unmasker.asset""]"
Assets/Scenes/Hornet/Dust_10.unity	12102	1681	unmasker	acbea5ca792e442418858572af615104	11400000	"[""Assets/PlayMaker/Templates/unmasker.asset""]"
Assets/Scenes/Hornet/Dust_10.unity	12123	1933	unmasker	acbea5ca792e442418858572af615104	11400000	"[""Assets/PlayMaker/Templates/unmasker.asset""]"
Assets/Scenes/Hornet/Dust_10.unity	12127	3630	FSM	a40d78acbe179ad4a90e9b9d77d082be	11400000	"[""Assets/PlayMaker/Templates/tilt_plat.asset""]"
Assets/Scenes/Hornet/Dust_10.unity	12171	2334	Geo Rock	3ce2aab20b6447d47a1b288b65263053	11400000	"[""Assets/PlayMaker/Templates/geo_rock.asset""]"
Assets/Scenes/Hornet/Dust_10.unity	12182	2465	unmasker	acbea5ca792e442418858572af615104	11400000	"[""Assets/PlayMaker/Templates/unmasker.asset""]"
Assets/Scenes/Hornet/Dust_10.unity	12251	3629	depress_plat	a40d78acbe179ad4a90e9b9d77d082be	11400000	"[""Assets/PlayMaker/Templates/tilt_plat.asset""]"
Assets/Scenes/Hornet/Dust_10.unity	12252	3628	depress_plat	a40d78acbe179ad4a90e9b9d77d082be	11400000	"[""Assets/PlayMaker/Templates/tilt_plat.asset""]"
Assets/Scenes/Hornet/Dust_10.unity	12267	2738	interactive_bell	73dc0b20308b5ef42a328cd4a6827bdc	11400000	"[""Assets/PlayMaker/Templates/interactive_bell.asset""]"
Assets/Scenes/Hornet/Dust_10.unity	12453	2689	interactive_bell	73dc0b20308b5ef42a328cd4a6827bdc	11400000	"[""Assets/PlayMaker/Templates/interactive_bell.asset""]"
Assets/Scenes/Hornet/Dust_10.unity	12454	2647	interactive_bell	73dc0b20308b5ef42a328cd4a6827bdc	11400000	"[""Assets/PlayMaker/Templates/interactive_bell.asset""]"
Assets/Scenes/Hornet/Dust_10.unity	12834	3943	Bench Control	30022a57d0796134fbc5d49b1decd4f9	11400000	"[""Assets/PlayMaker/Templates/bench_control.asset""]"
Assets/Scenes/Hornet/Dust_11.unity	10582	177	Enemy Rattle	53f9772d9cab170449b1da978968914c	11400000	"[""Assets/PlayMaker/Templates/enemy_rattle.asset""]"
Assets/Scenes/Hornet/Dust_11.unity	10589	178	Bench Control	30022a57d0796134fbc5d49b1decd4f9	11400000	"[""Assets/PlayMaker/Templates/bench_control.asset""]"
Assets/Scenes/Hornet/Dust_11.unity	10593	205	Enemy Rattle	53f9772d9cab170449b1da978968914c	11400000	"[""Assets/PlayMaker/Templates/enemy_rattle.asset""]"
Assets/Scenes/Hornet/Dust_11.unity	10655	3317	lowpass_audio_by_area	2822d5f0a56d5274594c3ab82acbe0d6	11400000	"[""Assets/PlayMaker/Templates/lowpass_audio_by_area.asset""]"
Assets/Scenes/Hornet/Dust_11.unity	10681	801	breakable_wall_v2	49ae76d885d76f0409f5e87241c2e88a	11400000	"[""Assets/PlayMaker/Templates/breakable_wall_v2.asset""]"
Assets/Scenes/Hornet/Dust_11.unity	10706	919	Shake Control	dfd31fa64897bae49ae5bdc309e956e2	11400000	"[""Assets/PlayMaker/Templates/silk_farm_shake.asset""]"
Assets/Scenes/Hornet/Dust_11.unity	10727	2662	FSM	c332780cbeb3a264fb2eff442248d6cd	11400000	"[""Assets/PlayMaker/Templates/follow_camera_bound.asset""]"
Assets/Scenes/Hornet/Dust_11.unity	10728	2662	lowpass_audio_by_area	2822d5f0a56d5274594c3ab82acbe0d6	11400000	"[""Assets/PlayMaker/Templates/lowpass_audio_by_area.asset""]"
Assets/Scenes/Hornet/Dust_11.unity	10733	1110	Enemy Rattle	53f9772d9cab170449b1da978968914c	11400000	"[""Assets/PlayMaker/Templates/enemy_rattle.asset""]"
Assets/Scenes/Hornet/Dust_11.unity	10756	2398	Detect Landing	c9d78aec9d8dd8a419833f8f977ce120	11400000	"[""Assets/PlayMaker/Templates/sway_plat_collider.asset""]"
Assets/Scenes/Hornet/Dust_11.unity	10779	1376	Enemy Rattle	53f9772d9cab170449b1da978968914c	11400000	"[""Assets/PlayMaker/Templates/enemy_rattle.asset""]"
Assets/Scenes/Hornet/Dust_11.unity	10790	3318	lowpass_audio_by_area	2822d5f0a56d5274594c3ab82acbe0d6	11400000	"[""Assets/PlayMaker/Templates/lowpass_audio_by_area.asset""]"
Assets/Scenes/Hornet/Dust_11.unity	10791	1457	Bench Control	30022a57d0796134fbc5d49b1decd4f9	11400000	"[""Assets/PlayMaker/Templates/bench_control.asset""]"
Assets/Scenes/Hornet/Dust_11.unity	10818	1596	Shake Control	dfd31fa64897bae49ae5bdc309e956e2	11400000	"[""Assets/PlayMaker/Templates/silk_farm_shake.asset""]"
Assets/Scenes/Hornet/Dust_11.unity	10885	2398	Enemy Rattle	53f9772d9cab170449b1da978968914c	11400000	"[""Assets/PlayMaker/Templates/enemy_rattle.asset""]"
Assets/Scenes/Hornet/Dust_11.unity	10886	2399	Enemy Rattle	53f9772d9cab170449b1da978968914c	11400000	"[""Assets/PlayMaker/Templates/enemy_rattle.asset""]"
Assets/Scenes/Hornet/Dust_11.unity	10887	2397	Enemy Rattle	53f9772d9cab170449b1da978968914c	11400000	"[""Assets/PlayMaker/Templates/enemy_rattle.asset""]"
Assets/Scenes/Hornet/Dust_11.unity	11281	2770	Sway	611750e4cd2b0fc488c94b4d4a747bec	11400000	"[""Assets/PlayMaker/Templates/sway_plat_art.asset""]"
Assets/Scenes/Hornet/Dust_11.unity	11282	2772	Sway	611750e4cd2b0fc488c94b4d4a747bec	11400000	"[""Assets/PlayMaker/Templates/sway_plat_art.asset""]"
Assets/Scenes/Hornet/Dust_11.unity	11442	3306	hornet_multi_wounder	ffe3a1a9c1e2bb94da3315cccccc4782	11400000	"[""Assets/PlayMaker/Templates/hornet_multi_wounder.asset""]"
Assets/Scenes/Hornet/Dust_11.unity	11443	3307	hornet_multi_wounder	ffe3a1a9c1e2bb94da3315cccccc4782	11400000	"[""Assets/PlayMaker/Templates/hornet_multi_wounder.asset""]"
Assets/Scenes/Hornet/Dust_11.unity	11706	2725	FSM	6f0839127750b164ebb46ddbae600e15	11400000	"[""Assets/PlayMaker/Templates/flyer_go_up_response.asset""]"
Assets/Scenes/Hornet/Dust_11.unity	11812	3055	hornet_multi_wounder	ffe3a1a9c1e2bb94da3315cccccc4782	11400000	"[""Assets/PlayMaker/Templates/hornet_multi_wounder.asset""]"
Assets/Scenes/Hornet/Dust_12.unity	2817	84	Enemy Rattle	53f9772d9cab170449b1da978968914c	11400000	"[""Assets/PlayMaker/Templates/enemy_rattle.asset""]"
Assets/Scenes/Hornet/Dust_12.unity	2827	142	Enemy Rattle	53f9772d9cab170449b1da978968914c	11400000	"[""Assets/PlayMaker/Templates/enemy_rattle.asset""]"
Assets/Scenes/Hornet/Dust_12.unity	2861	718	Enemy Rattle	53f9772d9cab170449b1da978968914c	11400000	"[""Assets/PlayMaker/Templates/enemy_rattle.asset""]"
Assets/Scenes/Hornet/Dust_12.unity	2862	719	Enemy Rattle	53f9772d9cab170449b1da978968914c	11400000	"[""Assets/PlayMaker/Templates/enemy_rattle.asset""]"
Assets/Scenes/Hornet/Dust_Barb.unity	2380	204	bobbing_platform	4dd8387ca636e1e4980f08ef58f1920b	11400000	"[""Assets/PlayMaker/Templates/bobbing_platform.asset""]"
Assets/Scenes/Hornet/Dust_Barb.unity	2396	650	tilt_plat	a40d78acbe179ad4a90e9b9d77d082be	11400000	"[""Assets/PlayMaker/Templates/tilt_plat.asset""]"
Assets/Scenes/Hornet/Dust_Barb.unity	2454	422	Enemy Rattle	53f9772d9cab170449b1da978968914c	11400000	"[""Assets/PlayMaker/Templates/enemy_rattle.asset""]"
Assets/Scenes/Hornet/Dust_Barb.unity	2455	421	Enemy Rattle	53f9772d9cab170449b1da978968914c	11400000	"[""Assets/PlayMaker/Templates/enemy_rattle.asset""]"
Assets/Scenes/Hornet/Dust_Barb.unity	2508	652	Detect Landing	c9d78aec9d8dd8a419833f8f977ce120	11400000	"[""Assets/PlayMaker/Templates/sway_plat_collider.asset""]"
Assets/Scenes/Hornet/Dust_Barb.unity	2524	422	Detect Landing	c9d78aec9d8dd8a419833f8f977ce120	11400000	"[""Assets/PlayMaker/Templates/sway_plat_collider.asset""]"
Assets/Scenes/Hornet/Dust_Barb.unity	2525	421	Detect Landing	c9d78aec9d8dd8a419833f8f977ce120	11400000	"[""Assets/PlayMaker/Templates/sway_plat_collider.asset""]"
Assets/Scenes/Hornet/Dust_Barb.unity	2621	309	Sway	611750e4cd2b0fc488c94b4d4a747bec	11400000	"[""Assets/PlayMaker/Templates/sway_plat_art.asset""]"
Assets/Scenes/Hornet/Dust_Barb.unity	2655	643	Sway	611750e4cd2b0fc488c94b4d4a747bec	11400000	"[""Assets/PlayMaker/Templates/sway_plat_art.asset""]"
Assets/Scenes/Hornet/Dust_Barb.unity	2656	644	Sway	611750e4cd2b0fc488c94b4d4a747bec	11400000	"[""Assets/PlayMaker/Templates/sway_plat_art.asset""]"
Assets/Scenes/Hornet/Dust_Chef.unity	6076	20	lowpass_audio_by_area	2822d5f0a56d5274594c3ab82acbe0d6	11400000	"[""Assets/PlayMaker/Templates/lowpass_audio_by_area.asset""]"
Assets/Scenes/Hornet/Dust_Chef.unity	6127	1002	lowpass_audio_by_area	2822d5f0a56d5274594c3ab82acbe0d6	11400000	"[""Assets/PlayMaker/Templates/lowpass_audio_by_area.asset""]"
Assets/Scenes/Hornet/Dust_Chef.unity	6450	1486	Stun Control	2e4b6e573032075449b2ab0adc00c0b8	11400000	"[""Assets/PlayMaker/Templates/stun_control.asset""]"
Assets/Scenes/Hornet/Dust_Chef.unity	6462	1487	lowpass_audio_by_area	2822d5f0a56d5274594c3ab82acbe0d6	11400000	"[""Assets/PlayMaker/Templates/lowpass_audio_by_area.asset""]"
Assets/Scenes/Hornet/Dust_Chef.unity	6463	1483	lowpass_audio_by_area	2822d5f0a56d5274594c3ab82acbe0d6	11400000	"[""Assets/PlayMaker/Templates/lowpass_audio_by_area.asset""]"
Assets/Scenes/Hornet/Dust_Chef.unity	6464	1482	lowpass_audio_by_area	2822d5f0a56d5274594c3ab82acbe0d6	11400000	"[""Assets/PlayMaker/Templates/lowpass_audio_by_area.asset""]"
Assets/Scenes/Hornet/Dust_Chef.unity	6465	1485	lowpass_audio_by_area	2822d5f0a56d5274594c3ab82acbe0d6	11400000	"[""Assets/PlayMaker/Templates/lowpass_audio_by_area.asset""]"
Assets/Scenes/Hornet/Dust_Chef.unity	6466	1484	lowpass_audio_by_area	2822d5f0a56d5274594c3ab82acbe0d6	11400000	"[""Assets/PlayMaker/Templates/lowpass_audio_by_area.asset""]"
Assets/Scenes/Hornet/Dust_Chef.unity	6708	1741	lowpass_audio_by_area	2822d5f0a56d5274594c3ab82acbe0d6	11400000	"[""Assets/PlayMaker/Templates/lowpass_audio_by_area.asset""]"
Assets/Scenes/Hornet/Dust_Chef.unity	6709	1742	lowpass_audio_by_area	2822d5f0a56d5274594c3ab82acbe0d6	11400000	"[""Assets/PlayMaker/Templates/lowpass_audio_by_area.asset""]"
Assets/Scenes/Hornet/Dust_Chef.unity	6710	1743	lowpass_audio_by_area	2822d5f0a56d5274594c3ab82acbe0d6	11400000	"[""Assets/PlayMaker/Templates/lowpass_audio_by_area.asset""]"
Assets/Scenes/Hornet/Dust_Chef.unity	6711	1744	lowpass_audio_by_area	2822d5f0a56d5274594c3ab82acbe0d6	11400000	"[""Assets/PlayMaker/Templates/lowpass_audio_by_area.asset""]"
Assets/Scenes/Hornet/Dust_Chef.unity	6712	1745	lowpass_audio_by_area	2822d5f0a56d5274594c3ab82acbe0d6	11400000	"[""Assets/PlayMaker/Templates/lowpass_audio_by_area.asset""]"
Assets/Scenes/Hornet/Dust_Maze_01.unity	8735	1022	mist_maze_controller	dad9ef3d34a7fc141a346af8eecec0bf	11400000	"[""Assets/PlayMaker/Templates/mist_maze_controller.asset""]"
Assets/Scenes/Hornet/Dust_Maze_01.unity	8756	1983	Enemy Rattle	53f9772d9cab170449b1da978968914c	11400000	"[""Assets/PlayMaker/Templates/enemy_rattle.asset""]"
Assets/Scenes/Hornet/Dust_Maze_01.unity	8757	1984	Enemy Rattle	53f9772d9cab170449b1da978968914c	11400000	"[""Assets/PlayMaker/Templates/enemy_rattle.asset""]"
Assets/Scenes/Hornet/Dust_Maze_01.unity	8758	1985	Enemy Rattle	53f9772d9cab170449b1da978968914c	11400000	"[""Assets/PlayMaker/Templates/enemy_rattle.asset""]"
Assets/Scenes/Hornet/Dust_Maze_01.unity	8759	1982	Enemy Rattle	53f9772d9cab170449b1da978968914c	11400000	"[""Assets/PlayMaker/Templates/enemy_rattle.asset""]"
Assets/Scenes/Hornet/Dust_Maze_01.unity	8760	1978	Enemy Rattle	53f9772d9cab170449b1da978968914c	11400000	"[""Assets/PlayMaker/Templates/enemy_rattle.asset""]"
Assets/Scenes/Hornet/Dust_Maze_01.unity	8761	1980	Enemy Rattle	53f9772d9cab170449b1da978968914c	11400000	"[""Assets/PlayMaker/Templates/enemy_rattle.asset""]"
Assets/Scenes/Hornet/Dust_Maze_01.unity	8762	1979	Enemy Rattle	53f9772d9cab170449b1da978968914c	11400000	"[""Assets/PlayMaker/Templates/enemy_rattle.asset""]"
Assets/Scenes/Hornet/Dust_Maze_01.unity	8763	1976	Enemy Rattle	53f9772d9cab170449b1da978968914c	11400000	"[""Assets/PlayMaker/Templates/enemy_rattle.asset""]"
Assets/Scenes/Hornet/Dust_Maze_01.unity	8764	1977	Enemy Rattle	53f9772d9cab170449b1da978968914c	11400000	"[""Assets/PlayMaker/Templates/enemy_rattle.asset""]"
Assets/Scenes/Hornet/Dust_Maze_01.unity	8765	1981	Enemy Rattle	53f9772d9cab170449b1da978968914c	11400000	"[""Assets/PlayMaker/Templates/enemy_rattle.asset""]"
Assets/Scenes/Hornet/Dust_Maze_01.unity	8842	1985	Detect Landing	c9d78aec9d8dd8a419833f8f977ce120	11400000	"[""Assets/PlayMaker/Templates/sway_plat_collider.asset""]"
Assets/Scenes/Hornet/Dust_Maze_01.unity	8843	1986	Detect Landing	f1896f2deaace4643ac0caea5bf2217f	11400000	"[""Assets/PlayMaker/Templates/sway_plat_dropper.asset""]"
Assets/Scenes/Hornet/Dust_Maze_01.unity	8844	1983	Detect Landing	c9d78aec9d8dd8a419833f8f977ce120	11400000	"[""Assets/PlayMaker/Templates/sway_plat_collider.asset""]"
Assets/Scenes/Hornet/Dust_Maze_01.unity	8845	1984	Detect Landing	c9d78aec9d8dd8a419833f8f977ce120	11400000	"[""Assets/PlayMaker/Templates/sway_plat_collider.asset""]"
Assets/Scenes/Hornet/Dust_Maze_01.unity	8846	1982	Detect Landing	c9d78aec9d8dd8a419833f8f977ce120	11400000	"[""Assets/PlayMaker/Templates/sway_plat_collider.asset""]"
Assets/Scenes/Hornet/Dust_Maze_01.unity	8847	1987	Detect Landing	f1896f2deaace4643ac0caea5bf2217f	11400000	"[""Assets/PlayMaker/Templates/sway_plat_dropper.asset""]"
Assets/Scenes/Hornet/Dust_Maze_01.unity	8848	1979	Detect Landing	c9d78aec9d8dd8a419833f8f977ce120	11400000	"[""Assets/PlayMaker/Templates/sway_plat_collider.asset""]"
Assets/Scenes/Hornet/Dust_Maze_01.unity	8849	1980	Detect Landing	c9d78aec9d8dd8a419833f8f977ce120	11400000	"[""Assets/PlayMaker/Templates/sway_plat_collider.asset""]"
Assets/Scenes/Hornet/Dust_Maze_01.unity	8850	1978	Detect Landing	c9d78aec9d8dd8a419833f8f977ce120	11400000	"[""Assets/PlayMaker/Templates/sway_plat_collider.asset""]"
Assets/Scenes/Hornet/Dust_Maze_01.unity	8851	1976	Detect Landing	c9d78aec9d8dd8a419833f8f977ce120	11400000	"[""Assets/PlayMaker/Templates/sway_plat_collider.asset""]"
Assets/Scenes/Hornet/Dust_Maze_01.unity	8852	1977	Detect Landing	c9d78aec9d8dd8a419833f8f977ce120	11400000	"[""Assets/PlayMaker/Templates/sway_plat_collider.asset""]"
Assets/Scenes/Hornet/Dust_Maze_01.unity	8853	1981	Detect Landing	c9d78aec9d8dd8a419833f8f977ce120	11400000	"[""Assets/PlayMaker/Templates/sway_plat_collider.asset""]"
Assets/Scenes/Hornet/Dust_Maze_01.unity	9030	2537	Sway	611750e4cd2b0fc488c94b4d4a747bec	11400000	"[""Assets/PlayMaker/Templates/sway_plat_art.asset""]"
Assets/Scenes/Hornet/Dust_Maze_01.unity	9031	2538	Sway	611750e4cd2b0fc488c94b4d4a747bec	11400000	"[""Assets/PlayMaker/Templates/sway_plat_art.asset""]"
Assets/Scenes/Hornet/Dust_Maze_01.unity	9032	2539	Sway	611750e4cd2b0fc488c94b4d4a747bec	11400000	"[""Assets/PlayMaker/Templates/sway_plat_art.asset""]"
Assets/Scenes/Hornet/Dust_Maze_01.unity	9033	2540	Sway	611750e4cd2b0fc488c94b4d4a747bec	11400000	"[""Assets/PlayMaker/Templates/sway_plat_art.asset""]"
Assets/Scenes/Hornet/Dust_Maze_01.unity	9034	2541	Sway	611750e4cd2b0fc488c94b4d4a747bec	11400000	"[""Assets/PlayMaker/Templates/sway_plat_art.asset""]"
Assets/Scenes/Hornet/Dust_Maze_01.unity	9035	2542	Sway	611750e4cd2b0fc488c94b4d4a747bec	11400000	"[""Assets/PlayMaker/Templates/sway_plat_art.asset""]"
Assets/Scenes/Hornet/Dust_Maze_01.unity	9036	2531	Sway	611750e4cd2b0fc488c94b4d4a747bec	11400000	"[""Assets/PlayMaker/Templates/sway_plat_art.asset""]"
Assets/Scenes/Hornet/Dust_Maze_01.unity	9037	2532	Sway	611750e4cd2b0fc488c94b4d4a747bec	11400000	"[""Assets/PlayMaker/Templates/sway_plat_art.asset""]"
Assets/Scenes/Hornet/Dust_Maze_01.unity	9038	2533	Sway	611750e4cd2b0fc488c94b4d4a747bec	11400000	"[""Assets/PlayMaker/Templates/sway_plat_art.asset""]"
Assets/Scenes/Hornet/Dust_Maze_01.unity	9039	2535	Sway	611750e4cd2b0fc488c94b4d4a747bec	11400000	"[""Assets/PlayMaker/Templates/sway_plat_art.asset""]"
Assets/Scenes/Hornet/Dust_Maze_01.unity	9040	2534	Sway	611750e4cd2b0fc488c94b4d4a747bec	11400000	"[""Assets/PlayMaker/Templates/sway_plat_art.asset""]"
Assets/Scenes/Hornet/Dust_Maze_01.unity	9041	2536	Sway	611750e4cd2b0fc488c94b4d4a747bec	11400000	"[""Assets/PlayMaker/Templates/sway_plat_art.asset""]"
Assets/Scenes/Hornet/Dust_Maze_02.unity	10725	176	mist_maze_controller	dad9ef3d34a7fc141a346af8eecec0bf	11400000	"[""Assets/PlayMaker/Templates/mist_maze_controller.asset""]"
Assets/Scenes/Hornet/Dust_Maze_02.unity	10757	1037	Control	1f2cefd8b4a21f441befa014766ad490	11400000	"[""Assets/PlayMaker/Templates/wraith_summon.asset""]"
Assets/Scenes/Hornet/Dust_Maze_02.unity	10803	2662	Enemy Rattle	53f9772d9cab170449b1da978968914c	11400000	"[""Assets/PlayMaker/Templates/enemy_rattle.asset""]"
Assets/Scenes/Hornet/Dust_Maze_02.unity	10804	2663	Enemy Rattle	53f9772d9cab170449b1da978968914c	11400000	"[""Assets/PlayMaker/Templates/enemy_rattle.asset""]"
Assets/Scenes/Hornet/Dust_Maze_02.unity	10805	2658	Enemy Rattle	53f9772d9cab170449b1da978968914c	11400000	"[""Assets/PlayMaker/Templates/enemy_rattle.asset""]"
Assets/Scenes/Hornet/Dust_Maze_02.unity	10806	2659	Enemy Rattle	53f9772d9cab170449b1da978968914c	11400000	"[""Assets/PlayMaker/Templates/enemy_rattle.asset""]"
Assets/Scenes/Hornet/Dust_Maze_02.unity	10807	2649	Enemy Rattle	53f9772d9cab170449b1da978968914c	11400000	"[""Assets/PlayMaker/Templates/enemy_rattle.asset""]"
Assets/Scenes/Hornet/Dust_Maze_02.unity	10808	2650	Enemy Rattle	53f9772d9cab170449b1da978968914c	11400000	"[""Assets/PlayMaker/Templates/enemy_rattle.asset""]"
Assets/Scenes/Hornet/Dust_Maze_02.unity	10809	2653	Enemy Rattle	53f9772d9cab170449b1da978968914c	11400000	"[""Assets/PlayMaker/Templates/enemy_rattle.asset""]"
Assets/Scenes/Hornet/Dust_Maze_02.unity	10810	2654	Enemy Rattle	53f9772d9cab170449b1da978968914c	11400000	"[""Assets/PlayMaker/Templates/enemy_rattle.asset""]"
Assets/Scenes/Hornet/Dust_Maze_02.unity	10811	2652	Enemy Rattle	53f9772d9cab170449b1da978968914c	11400000	"[""Assets/PlayMaker/Templates/enemy_rattle.asset""]"
Assets/Scenes/Hornet/Dust_Maze_02.unity	10890	2656	Detect Landing	f1896f2deaace4643ac0caea5bf2217f	11400000	"[""Assets/PlayMaker/Templates/sway_plat_dropper.asset""]"
Assets/Scenes/Hornet/Dust_Maze_02.unity	10891	2657	Detect Landing	f1896f2deaace4643ac0caea5bf2217f	11400000	"[""Assets/PlayMaker/Templates/sway_plat_dropper.asset""]"
Assets/Scenes/Hornet/Dust_Maze_02.unity	10892	2662	Detect Landing	c9d78aec9d8dd8a419833f8f977ce120	11400000	"[""Assets/PlayMaker/Templates/sway_plat_collider.asset""]"
Assets/Scenes/Hornet/Dust_Maze_02.unity	10893	2663	Detect Landing	c9d78aec9d8dd8a419833f8f977ce120	11400000	"[""Assets/PlayMaker/Templates/sway_plat_collider.asset""]"
Assets/Scenes/Hornet/Dust_Maze_02.unity	10894	2661	Detect Landing	f1896f2deaace4643ac0caea5bf2217f	11400000	"[""Assets/PlayMaker/Templates/sway_plat_dropper.asset""]"
Assets/Scenes/Hornet/Dust_Maze_02.unity	10895	2658	Detect Landing	c9d78aec9d8dd8a419833f8f977ce120	11400000	"[""Assets/PlayMaker/Templates/sway_plat_collider.asset""]"
Assets/Scenes/Hornet/Dust_Maze_02.unity	10896	2659	Detect Landing	c9d78aec9d8dd8a419833f8f977ce120	11400000	"[""Assets/PlayMaker/Templates/sway_plat_collider.asset""]"
Assets/Scenes/Hornet/Dust_Maze_02.unity	10897	2660	Detect Landing	f1896f2deaace4643ac0caea5bf2217f	11400000	"[""Assets/PlayMaker/Templates/sway_plat_dropper.asset""]"
Assets/Scenes/Hornet/Dust_Maze_02.unity	10898	2649	Detect Landing	c9d78aec9d8dd8a419833f8f977ce120	11400000	"[""Assets/PlayMaker/Templates/sway_plat_collider.asset""]"
Assets/Scenes/Hornet/Dust_Maze_02.unity	10899	2650	Detect Landing	c9d78aec9d8dd8a419833f8f977ce120	11400000	"[""Assets/PlayMaker/Templates/sway_plat_collider.asset""]"
Assets/Scenes/Hornet/Dust_Maze_02.unity	10900	2655	Detect Landing	f1896f2deaace4643ac0caea5bf2217f	11400000	"[""Assets/PlayMaker/Templates/sway_plat_dropper.asset""]"
Assets/Scenes/Hornet/Dust_Maze_02.unity	10901	2653	Detect Landing	c9d78aec9d8dd8a419833f8f977ce120	11400000	"[""Assets/PlayMaker/Templates/sway_plat_collider.asset""]"
Assets/Scenes/Hornet/Dust_Maze_02.unity	10902	2654	Detect Landing	c9d78aec9d8dd8a419833f8f977ce120	11400000	"[""Assets/PlayMaker/Templates/sway_plat_collider.asset""]"
Assets/Scenes/Hornet/Dust_Maze_02.unity	10903	2651	Detect Landing	f1896f2deaace4643ac0caea5bf2217f	11400000	"[""Assets/PlayMaker/Templates/sway_plat_dropper.asset""]"
Assets/Scenes/Hornet/Dust_Maze_02.unity	10904	2652	Detect Landing	c9d78aec9d8dd8a419833f8f977ce120	11400000	"[""Assets/PlayMaker/Templates/sway_plat_collider.asset""]"
Assets/Scenes/Hornet/Dust_Maze_02.unity	11093	3179	Sway	611750e4cd2b0fc488c94b4d4a747bec	11400000	"[""Assets/PlayMaker/Templates/sway_plat_art.asset""]"
Assets/Scenes/Hornet/Dust_Maze_02.unity	11094	3180	Sway	611750e4cd2b0fc488c94b4d4a747bec	11400000	"[""Assets/PlayMaker/Templates/sway_plat_art.asset""]"
Assets/Scenes/Hornet/Dust_Maze_02.unity	11095	3181	Sway	611750e4cd2b0fc488c94b4d4a747bec	11400000	"[""Assets/PlayMaker/Templates/sway_plat_art.asset""]"
Assets/Scenes/Hornet/Dust_Maze_02.unity	11096	3182	Sway	611750e4cd2b0fc488c94b4d4a747bec	11400000	"[""Assets/PlayMaker/Templates/sway_plat_art.asset""]"
Assets/Scenes/Hornet/Dust_Maze_02.unity	11097	3184	Sway	611750e4cd2b0fc488c94b4d4a747bec	11400000	"[""Assets/PlayMaker/Templates/sway_plat_art.asset""]"
Assets/Scenes/Hornet/Dust_Maze_02.unity	11098	3183	Sway	611750e4cd2b0fc488c94b4d4a747bec	11400000	"[""Assets/PlayMaker/Templates/sway_plat_art.asset""]"
Assets/Scenes/Hornet/Dust_Maze_02.unity	11099	3185	Sway	611750e4cd2b0fc488c94b4d4a747bec	11400000	"[""Assets/PlayMaker/Templates/sway_plat_art.asset""]"
Assets/Scenes/Hornet/Dust_Maze_02.unity	11100	3172	Sway	611750e4cd2b0fc488c94b4d4a747bec	11400000	"[""Assets/PlayMaker/Templates/sway_plat_art.asset""]"
Assets/Scenes/Hornet/Dust_Maze_02.unity	11101	3171	Sway	611750e4cd2b0fc488c94b4d4a747bec	11400000	"[""Assets/PlayMaker/Templates/sway_plat_art.asset""]"
Assets/Scenes/Hornet/Dust_Maze_02.unity	11102	3174	Sway	611750e4cd2b0fc488c94b4d4a747bec	11400000	"[""Assets/PlayMaker/Templates/sway_plat_art.asset""]"
Assets/Scenes/Hornet/Dust_Maze_02.unity	11103	3173	Sway	611750e4cd2b0fc488c94b4d4a747bec	11400000	"[""Assets/PlayMaker/Templates/sway_plat_art.asset""]"
Assets/Scenes/Hornet/Dust_Maze_02.unity	11104	3175	Sway	611750e4cd2b0fc488c94b4d4a747bec	11400000	"[""Assets/PlayMaker/Templates/sway_plat_art.asset""]"
Assets/Scenes/Hornet/Dust_Maze_02.unity	11105	3176	Sway	611750e4cd2b0fc488c94b4d4a747bec	11400000	"[""Assets/PlayMaker/Templates/sway_plat_art.asset""]"
Assets/Scenes/Hornet/Dust_Maze_02.unity	11106	3178	Sway	611750e4cd2b0fc488c94b4d4a747bec	11400000	"[""Assets/PlayMaker/Templates/sway_plat_art.asset""]"
Assets/Scenes/Hornet/Dust_Maze_02.unity	11107	3177	Sway	611750e4cd2b0fc488c94b4d4a747bec	11400000	"[""Assets/PlayMaker/Templates/sway_plat_art.asset""]"
Assets/Scenes/Hornet/Dust_Maze_03.unity	8774	1265	mist_maze_controller	dad9ef3d34a7fc141a346af8eecec0bf	11400000	"[""Assets/PlayMaker/Templates/mist_maze_controller.asset""]"
Assets/Scenes/Hornet/Dust_Maze_03.unity	8805	2230	Enemy Rattle	53f9772d9cab170449b1da978968914c	11400000	"[""Assets/PlayMaker/Templates/enemy_rattle.asset""]"
Assets/Scenes/Hornet/Dust_Maze_03.unity	8806	2229	Enemy Rattle	53f9772d9cab170449b1da978968914c	11400000	"[""Assets/PlayMaker/Templates/enemy_rattle.asset""]"
Assets/Scenes/Hornet/Dust_Maze_03.unity	8807	2231	Enemy Rattle	53f9772d9cab170449b1da978968914c	11400000	"[""Assets/PlayMaker/Templates/enemy_rattle.asset""]"
Assets/Scenes/Hornet/Dust_Maze_03.unity	8808	2224	Enemy Rattle	53f9772d9cab170449b1da978968914c	11400000	"[""Assets/PlayMaker/Templates/enemy_rattle.asset""]"
Assets/Scenes/Hornet/Dust_Maze_03.unity	8809	2228	Enemy Rattle	53f9772d9cab170449b1da978968914c	11400000	"[""Assets/PlayMaker/Templates/enemy_rattle.asset""]"
Assets/Scenes/Hornet/Dust_Maze_03.unity	8810	2226	Enemy Rattle	53f9772d9cab170449b1da978968914c	11400000	"[""Assets/PlayMaker/Templates/enemy_rattle.asset""]"
Assets/Scenes/Hornet/Dust_Maze_03.unity	8811	2227	Enemy Rattle	53f9772d9cab170449b1da978968914c	11400000	"[""Assets/PlayMaker/Templates/enemy_rattle.asset""]"
Assets/Scenes/Hornet/Dust_Maze_03.unity	8870	2230	Detect Landing	c9d78aec9d8dd8a419833f8f977ce120	11400000	"[""Assets/PlayMaker/Templates/sway_plat_collider.asset""]"
Assets/Scenes/Hornet/Dust_Maze_03.unity	8871	2229	Detect Landing	c9d78aec9d8dd8a419833f8f977ce120	11400000	"[""Assets/PlayMaker/Templates/sway_plat_collider.asset""]"
Assets/Scenes/Hornet/Dust_Maze_03.unity	8872	2231	Detect Landing	c9d78aec9d8dd8a419833f8f977ce120	11400000	"[""Assets/PlayMaker/Templates/sway_plat_collider.asset""]"
Assets/Scenes/Hornet/Dust_Maze_03.unity	8873	2224	Detect Landing	c9d78aec9d8dd8a419833f8f977ce120	11400000	"[""Assets/PlayMaker/Templates/sway_plat_collider.asset""]"
Assets/Scenes/Hornet/Dust_Maze_03.unity	8874	2228	Detect Landing	c9d78aec9d8dd8a419833f8f977ce120	11400000	"[""Assets/PlayMaker/Templates/sway_plat_collider.asset""]"
Assets/Scenes/Hornet/Dust_Maze_03.unity	8875	2227	Detect Landing	c9d78aec9d8dd8a419833f8f977ce120	11400000	"[""Assets/PlayMaker/Templates/sway_plat_collider.asset""]"
Assets/Scenes/Hornet/Dust_Maze_03.unity	8876	2225	Detect Landing	f1896f2deaace4643ac0caea5bf2217f	11400000	"[""Assets/PlayMaker/Templates/sway_plat_dropper.asset""]"
Assets/Scenes/Hornet/Dust_Maze_03.unity	8877	2226	Detect Landing	c9d78aec9d8dd8a419833f8f977ce120	11400000	"[""Assets/PlayMaker/Templates/sway_plat_collider.asset""]"
Assets/Scenes/Hornet/Dust_Maze_03.unity	9053	2613	Sway	611750e4cd2b0fc488c94b4d4a747bec	11400000	"[""Assets/PlayMaker/Templates/sway_plat_art.asset""]"
Assets/Scenes/Hornet/Dust_Maze_03.unity	9054	2615	Sway	611750e4cd2b0fc488c94b4d4a747bec	11400000	"[""Assets/PlayMaker/Templates/sway_plat_art.asset""]"
Assets/Scenes/Hornet/Dust_Maze_03.unity	9055	2614	Sway	611750e4cd2b0fc488c94b4d4a747bec	11400000	"[""Assets/PlayMaker/Templates/sway_plat_art.asset""]"
Assets/Scenes/Hornet/Dust_Maze_03.unity	9056	2616	Sway	611750e4cd2b0fc488c94b4d4a747bec	11400000	"[""Assets/PlayMaker/Templates/sway_plat_art.asset""]"
Assets/Scenes/Hornet/Dust_Maze_03.unity	9057	2617	Sway	611750e4cd2b0fc488c94b4d4a747bec	11400000	"[""Assets/PlayMaker/Templates/sway_plat_art.asset""]"
Assets/Scenes/Hornet/Dust_Maze_03.unity	9058	2610	Sway	611750e4cd2b0fc488c94b4d4a747bec	11400000	"[""Assets/PlayMaker/Templates/sway_plat_art.asset""]"
Assets/Scenes/Hornet/Dust_Maze_03.unity	9059	2611	Sway	611750e4cd2b0fc488c94b4d4a747bec	11400000	"[""Assets/PlayMaker/Templates/sway_plat_art.asset""]"
Assets/Scenes/Hornet/Dust_Maze_03.unity	9060	2612	Sway	611750e4cd2b0fc488c94b4d4a747bec	11400000	"[""Assets/PlayMaker/Templates/sway_plat_art.asset""]"
Assets/Scenes/Hornet/Dust_Maze_04.unity	9957	686	mist_maze_controller	dad9ef3d34a7fc141a346af8eecec0bf	11400000	"[""Assets/PlayMaker/Templates/mist_maze_controller.asset""]"
Assets/Scenes/Hornet/Dust_Maze_04.unity	10021	2411	Enemy Rattle	53f9772d9cab170449b1da978968914c	11400000	"[""Assets/PlayMaker/Templates/enemy_rattle.asset""]"
Assets/Scenes/Hornet/Dust_Maze_04.unity	10022	2413	Enemy Rattle	53f9772d9cab170449b1da978968914c	11400000	"[""Assets/PlayMaker/Templates/enemy_rattle.asset""]"
Assets/Scenes/Hornet/Dust_Maze_04.unity	10023	2412	Enemy Rattle	53f9772d9cab170449b1da978968914c	11400000	"[""Assets/PlayMaker/Templates/enemy_rattle.asset""]"
Assets/Scenes/Hornet/Dust_Maze_04.unity	10024	2414	Enemy Rattle	53f9772d9cab170449b1da978968914c	11400000	"[""Assets/PlayMaker/Templates/enemy_rattle.asset""]"
Assets/Scenes/Hornet/Dust_Maze_04.unity	10025	2407	Enemy Rattle	53f9772d9cab170449b1da978968914c	11400000	"[""Assets/PlayMaker/Templates/enemy_rattle.asset""]"
Assets/Scenes/Hornet/Dust_Maze_04.unity	10026	2409	Enemy Rattle	53f9772d9cab170449b1da978968914c	11400000	"[""Assets/PlayMaker/Templates/enemy_rattle.asset""]"
Assets/Scenes/Hornet/Dust_Maze_04.unity	10027	2410	Enemy Rattle	53f9772d9cab170449b1da978968914c	11400000	"[""Assets/PlayMaker/Templates/enemy_rattle.asset""]"
Assets/Scenes/Hornet/Dust_Maze_04.unity	10107	2412	Detect Landing	c9d78aec9d8dd8a419833f8f977ce120	11400000	"[""Assets/PlayMaker/Templates/sway_plat_collider.asset""]"
Assets/Scenes/Hornet/Dust_Maze_04.unity	10108	2413	Detect Landing	c9d78aec9d8dd8a419833f8f977ce120	11400000	"[""Assets/PlayMaker/Templates/sway_plat_collider.asset""]"
Assets/Scenes/Hornet/Dust_Maze_04.unity	10109	2411	Detect Landing	c9d78aec9d8dd8a419833f8f977ce120	11400000	"[""Assets/PlayMaker/Templates/sway_plat_collider.asset""]"
Assets/Scenes/Hornet/Dust_Maze_04.unity	10110	2414	Detect Landing	c9d78aec9d8dd8a419833f8f977ce120	11400000	"[""Assets/PlayMaker/Templates/sway_plat_collider.asset""]"
Assets/Scenes/Hornet/Dust_Maze_04.unity	10111	2415	Detect Landing	f1896f2deaace4643ac0caea5bf2217f	11400000	"[""Assets/PlayMaker/Templates/sway_plat_dropper.asset""]"
Assets/Scenes/Hornet/Dust_Maze_04.unity	10112	2408	Detect Landing	f1896f2deaace4643ac0caea5bf2217f	11400000	"[""Assets/PlayMaker/Templates/sway_plat_dropper.asset""]"
Assets/Scenes/Hornet/Dust_Maze_04.unity	10113	2407	Detect Landing	c9d78aec9d8dd8a419833f8f977ce120	11400000	"[""Assets/PlayMaker/Templates/sway_plat_collider.asset""]"
Assets/Scenes/Hornet/Dust_Maze_04.unity	10114	2409	Detect Landing	c9d78aec9d8dd8a419833f8f977ce120	11400000	"[""Assets/PlayMaker/Templates/sway_plat_collider.asset""]"
Assets/Scenes/Hornet/Dust_Maze_04.unity	10115	2410	Detect Landing	c9d78aec9d8dd8a419833f8f977ce120	11400000	"[""Assets/PlayMaker/Templates/sway_plat_collider.asset""]"
Assets/Scenes/Hornet/Dust_Maze_04.unity	10300	2953	Sway	611750e4cd2b0fc488c94b4d4a747bec	11400000	"[""Assets/PlayMaker/Templates/sway_plat_art.asset""]"
Assets/Scenes/Hornet/Dust_Maze_04.unity	10301	2954	Sway	611750e4cd2b0fc488c94b4d4a747bec	11400000	"[""Assets/PlayMaker/Templates/sway_plat_art.asset""]"
Assets/Scenes/Hornet/Dust_Maze_04.unity	10302	2955	Sway	611750e4cd2b0fc488c94b4d4a747bec	11400000	"[""Assets/PlayMaker/Templates/sway_plat_art.asset""]"
Assets/Scenes/Hornet/Dust_Maze_04.unity	10303	2956	Sway	611750e4cd2b0fc488c94b4d4a747bec	11400000	"[""Assets/PlayMaker/Templates/sway_plat_art.asset""]"
Assets/Scenes/Hornet/Dust_Maze_04.unity	10304	2948	Sway	611750e4cd2b0fc488c94b4d4a747bec	11400000	"[""Assets/PlayMaker/Templates/sway_plat_art.asset""]"
Assets/Scenes/Hornet/Dust_Maze_04.unity	10305	2949	Sway	611750e4cd2b0fc488c94b4d4a747bec	11400000	"[""Assets/PlayMaker/Templates/sway_plat_art.asset""]"
Assets/Scenes/Hornet/Dust_Maze_04.unity	10306	2950	Sway	611750e4cd2b0fc488c94b4d4a747bec	11400000	"[""Assets/PlayMaker/Templates/sway_plat_art.asset""]"
Assets/Scenes/Hornet/Dust_Maze_04.unity	10307	2952	Sway	611750e4cd2b0fc488c94b4d4a747bec	11400000	"[""Assets/PlayMaker/Templates/sway_plat_art.asset""]"
Assets/Scenes/Hornet/Dust_Maze_04.unity	10308	2951	Sway	611750e4cd2b0fc488c94b4d4a747bec	11400000	"[""Assets/PlayMaker/Templates/sway_plat_art.asset""]"
Assets/Scenes/Hornet/Dust_Maze_05.unity	10381	321	mist_maze_controller	dad9ef3d34a7fc141a346af8eecec0bf	11400000	"[""Assets/PlayMaker/Templates/mist_maze_controller.asset""]"
Assets/Scenes/Hornet/Dust_Maze_05.unity	10473	2579	Enemy Rattle	53f9772d9cab170449b1da978968914c	11400000	"[""Assets/PlayMaker/Templates/enemy_rattle.asset""]"
Assets/Scenes/Hornet/Dust_Maze_05.unity	10474	2580	Enemy Rattle	53f9772d9cab170449b1da978968914c	11400000	"[""Assets/PlayMaker/Templates/enemy_rattle.asset""]"
Assets/Scenes/Hornet/Dust_Maze_05.unity	10475	2575	Enemy Rattle	53f9772d9cab170449b1da978968914c	11400000	"[""Assets/PlayMaker/Templates/enemy_rattle.asset""]"
Assets/Scenes/Hornet/Dust_Maze_05.unity	10476	2576	Enemy Rattle	53f9772d9cab170449b1da978968914c	11400000	"[""Assets/PlayMaker/Templates/enemy_rattle.asset""]"
Assets/Scenes/Hornet/Dust_Maze_05.unity	10477	2577	Enemy Rattle	53f9772d9cab170449b1da978968914c	11400000	"[""Assets/PlayMaker/Templates/enemy_rattle.asset""]"
Assets/Scenes/Hornet/Dust_Maze_05.unity	10562	2579	Detect Landing	c9d78aec9d8dd8a419833f8f977ce120	11400000	"[""Assets/PlayMaker/Templates/sway_plat_collider.asset""]"
Assets/Scenes/Hornet/Dust_Maze_05.unity	10563	2580	Detect Landing	c9d78aec9d8dd8a419833f8f977ce120	11400000	"[""Assets/PlayMaker/Templates/sway_plat_collider.asset""]"
Assets/Scenes/Hornet/Dust_Maze_05.unity	10564	2578	Detect Landing	f1896f2deaace4643ac0caea5bf2217f	11400000	"[""Assets/PlayMaker/Templates/sway_plat_dropper.asset""]"
Assets/Scenes/Hornet/Dust_Maze_05.unity	10565	2574	Detect Landing	f1896f2deaace4643ac0caea5bf2217f	11400000	"[""Assets/PlayMaker/Templates/sway_plat_dropper.asset""]"
Assets/Scenes/Hornet/Dust_Maze_05.unity	10566	2573	Detect Landing	f1896f2deaace4643ac0caea5bf2217f	11400000	"[""Assets/PlayMaker/Templates/sway_plat_dropper.asset""]"
Assets/Scenes/Hornet/Dust_Maze_05.unity	10567	2575	Detect Landing	c9d78aec9d8dd8a419833f8f977ce120	11400000	"[""Assets/PlayMaker/Templates/sway_plat_collider.asset""]"
Assets/Scenes/Hornet/Dust_Maze_05.unity	10568	2576	Detect Landing	c9d78aec9d8dd8a419833f8f977ce120	11400000	"[""Assets/PlayMaker/Templates/sway_plat_collider.asset""]"
Assets/Scenes/Hornet/Dust_Maze_05.unity	10569	2577	Detect Landing	c9d78aec9d8dd8a419833f8f977ce120	11400000	"[""Assets/PlayMaker/Templates/sway_plat_collider.asset""]"
Assets/Scenes/Hornet/Dust_Maze_05.unity	10769	3104	Sway	611750e4cd2b0fc488c94b4d4a747bec	11400000	"[""Assets/PlayMaker/Templates/sway_plat_art.asset""]"
Assets/Scenes/Hornet/Dust_Maze_05.unity	10770	3105	Sway	611750e4cd2b0fc488c94b4d4a747bec	11400000	"[""Assets/PlayMaker/Templates/sway_plat_art.asset""]"
Assets/Scenes/Hornet/Dust_Maze_05.unity	10771	3106	Sway	611750e4cd2b0fc488c94b4d4a747bec	11400000	"[""Assets/PlayMaker/Templates/sway_plat_art.asset""]"
Assets/Scenes/Hornet/Dust_Maze_05.unity	10772	3108	Sway	611750e4cd2b0fc488c94b4d4a747bec	11400000	"[""Assets/PlayMaker/Templates/sway_plat_art.asset""]"
Assets/Scenes/Hornet/Dust_Maze_05.unity	10773	3107	Sway	611750e4cd2b0fc488c94b4d4a747bec	11400000	"[""Assets/PlayMaker/Templates/sway_plat_art.asset""]"
Assets/Scenes/Hornet/Dust_Maze_05.unity	10774	3101	Sway	611750e4cd2b0fc488c94b4d4a747bec	11400000	"[""Assets/PlayMaker/Templates/sway_plat_art.asset""]"
Assets/Scenes/Hornet/Dust_Maze_05.unity	10775	3103	Sway	611750e4cd2b0fc488c94b4d4a747bec	11400000	"[""Assets/PlayMaker/Templates/sway_plat_art.asset""]"
Assets/Scenes/Hornet/Dust_Maze_05.unity	10776	3102	Sway	611750e4cd2b0fc488c94b4d4a747bec	11400000	"[""Assets/PlayMaker/Templates/sway_plat_art.asset""]"
Assets/Scenes/Hornet/Dust_Maze_06.unity	10308	1628	mist_maze_controller	dad9ef3d34a7fc141a346af8eecec0bf	11400000	"[""Assets/PlayMaker/Templates/mist_maze_controller.asset""]"
Assets/Scenes/Hornet/Dust_Maze_06.unity	10334	2751	Enemy Rattle	53f9772d9cab170449b1da978968914c	11400000	"[""Assets/PlayMaker/Templates/enemy_rattle.asset""]"
Assets/Scenes/Hornet/Dust_Maze_06.unity	10335	2753	Enemy Rattle	53f9772d9cab170449b1da978968914c	11400000	"[""Assets/PlayMaker/Templates/enemy_rattle.asset""]"
Assets/Scenes/Hornet/Dust_Maze_06.unity	10336	2748	Enemy Rattle	53f9772d9cab170449b1da978968914c	11400000	"[""Assets/PlayMaker/Templates/enemy_rattle.asset""]"
Assets/Scenes/Hornet/Dust_Maze_06.unity	10337	2746	Enemy Rattle	53f9772d9cab170449b1da978968914c	11400000	"[""Assets/PlayMaker/Templates/enemy_rattle.asset""]"
Assets/Scenes/Hornet/Dust_Maze_06.unity	10338	2749	Enemy Rattle	53f9772d9cab170449b1da978968914c	11400000	"[""Assets/PlayMaker/Templates/enemy_rattle.asset""]"
Assets/Scenes/Hornet/Dust_Maze_06.unity	10339	2750	Enemy Rattle	53f9772d9cab170449b1da978968914c	11400000	"[""Assets/PlayMaker/Templates/enemy_rattle.asset""]"
Assets/Scenes/Hornet/Dust_Maze_06.unity	10405	2752	Detect Landing	f1896f2deaace4643ac0caea5bf2217f	11400000	"[""Assets/PlayMaker/Templates/sway_plat_dropper.asset""]"
Assets/Scenes/Hornet/Dust_Maze_06.unity	10406	2751	Detect Landing	c9d78aec9d8dd8a419833f8f977ce120	11400000	"[""Assets/PlayMaker/Templates/sway_plat_collider.asset""]"
Assets/Scenes/Hornet/Dust_Maze_06.unity	10407	2753	Detect Landing	c9d78aec9d8dd8a419833f8f977ce120	11400000	"[""Assets/PlayMaker/Templates/sway_plat_collider.asset""]"
Assets/Scenes/Hornet/Dust_Maze_06.unity	10408	2748	Detect Landing	c9d78aec9d8dd8a419833f8f977ce120	11400000	"[""Assets/PlayMaker/Templates/sway_plat_collider.asset""]"
Assets/Scenes/Hornet/Dust_Maze_06.unity	10409	2747	Detect Landing	f1896f2deaace4643ac0caea5bf2217f	11400000	"[""Assets/PlayMaker/Templates/sway_plat_dropper.asset""]"
Assets/Scenes/Hornet/Dust_Maze_06.unity	10410	2746	Detect Landing	c9d78aec9d8dd8a419833f8f977ce120	11400000	"[""Assets/PlayMaker/Templates/sway_plat_collider.asset""]"
Assets/Scenes/Hornet/Dust_Maze_06.unity	10411	2750	Detect Landing	c9d78aec9d8dd8a419833f8f977ce120	11400000	"[""Assets/PlayMaker/Templates/sway_plat_collider.asset""]"
Assets/Scenes/Hornet/Dust_Maze_06.unity	10412	2749	Detect Landing	c9d78aec9d8dd8a419833f8f977ce120	11400000	"[""Assets/PlayMaker/Templates/sway_plat_collider.asset""]"
Assets/Scenes/Hornet/Dust_Maze_06.unity	10585	3181	Sway	611750e4cd2b0fc488c94b4d4a747bec	11400000	"[""Assets/PlayMaker/Templates/sway_plat_art.asset""]"
Assets/Scenes/Hornet/Dust_Maze_06.unity	10586	3182	Sway	611750e4cd2b0fc488c94b4d4a747bec	11400000	"[""Assets/PlayMaker/Templates/sway_plat_art.asset""]"
Assets/Scenes/Hornet/Dust_Maze_06.unity	10587	3183	Sway	611750e4cd2b0fc488c94b4d4a747bec	11400000	"[""Assets/PlayMaker/Templates/sway_plat_art.asset""]"
Assets/Scenes/Hornet/Dust_Maze_06.unity	10588	3184	Sway	611750e4cd2b0fc488c94b4d4a747bec	11400000	"[""Assets/PlayMaker/Templates/sway_plat_art.asset""]"
Assets/Scenes/Hornet/Dust_Maze_06.unity	10589	3185	Sway	611750e4cd2b0fc488c94b4d4a747bec	11400000	"[""Assets/PlayMaker/Templates/sway_plat_art.asset""]"
Assets/Scenes/Hornet/Dust_Maze_06.unity	10590	3178	Sway	611750e4cd2b0fc488c94b4d4a747bec	11400000	"[""Assets/PlayMaker/Templates/sway_plat_art.asset""]"
Assets/Scenes/Hornet/Dust_Maze_06.unity	10591	3179	Sway	611750e4cd2b0fc488c94b4d4a747bec	11400000	"[""Assets/PlayMaker/Templates/sway_plat_art.asset""]"
Assets/Scenes/Hornet/Dust_Maze_06.unity	10592	3180	Sway	611750e4cd2b0fc488c94b4d4a747bec	11400000	"[""Assets/PlayMaker/Templates/sway_plat_art.asset""]"
Assets/Scenes/Hornet/Dust_Maze_07.unity	5192	451	mist_maze_controller	dad9ef3d34a7fc141a346af8eecec0bf	11400000	"[""Assets/PlayMaker/Templates/mist_maze_controller.asset""]"
Assets/Scenes/Hornet/Dust_Maze_07.unity	5207	808	FSM	f547bb24da1414f4184405b682588fbc	11400000	"[""Assets/PlayMaker/Templates/tink_effect.asset""]"
Assets/Scenes/Hornet/Dust_Maze_08.unity	8482	932	mist_maze_controller	dad9ef3d34a7fc141a346af8eecec0bf	11400000	"[""Assets/PlayMaker/Templates/mist_maze_controller.asset""]"
Assets/Scenes/Hornet/Dust_Maze_08.unity	8512	2248	Enemy Rattle	53f9772d9cab170449b1da978968914c	11400000	"[""Assets/PlayMaker/Templates/enemy_rattle.asset""]"
Assets/Scenes/Hornet/Dust_Maze_08.unity	8513	2249	Enemy Rattle	53f9772d9cab170449b1da978968914c	11400000	"[""Assets/PlayMaker/Templates/enemy_rattle.asset""]"
Assets/Scenes/Hornet/Dust_Maze_08.unity	8577	2248	Detect Landing	c9d78aec9d8dd8a419833f8f977ce120	11400000	"[""Assets/PlayMaker/Templates/sway_plat_collider.asset""]"
Assets/Scenes/Hornet/Dust_Maze_08.unity	8578	2249	Detect Landing	c9d78aec9d8dd8a419833f8f977ce120	11400000	"[""Assets/PlayMaker/Templates/sway_plat_collider.asset""]"
Assets/Scenes/Hornet/Dust_Maze_08.unity	8700	2556	Sway	611750e4cd2b0fc488c94b4d4a747bec	11400000	"[""Assets/PlayMaker/Templates/sway_plat_art.asset""]"
Assets/Scenes/Hornet/Dust_Maze_08.unity	8701	2557	Sway	611750e4cd2b0fc488c94b4d4a747bec	11400000	"[""Assets/PlayMaker/Templates/sway_plat_art.asset""]"
Assets/Scenes/Hornet/Dust_Maze_08_completed.unity	8520	1569	breakable_wall_v2	49ae76d885d76f0409f5e87241c2e88a	11400000	"[""Assets/PlayMaker/Templates/breakable_wall_v2.asset""]"
Assets/Scenes/Hornet/Dust_Maze_08_completed.unity	8559	2274	Enemy Rattle	53f9772d9cab170449b1da978968914c	11400000	"[""Assets/PlayMaker/Templates/enemy_rattle.asset""]"
Assets/Scenes/Hornet/Dust_Maze_08_completed.unity	8560	2275	Enemy Rattle	53f9772d9cab170449b1da978968914c	11400000	"[""Assets/PlayMaker/Templates/enemy_rattle.asset""]"
Assets/Scenes/Hornet/Dust_Maze_08_completed.unity	8588	2276	Detect Landing	f1896f2deaace4643ac0caea5bf2217f	11400000	"[""Assets/PlayMaker/Templates/sway_plat_dropper.asset""]"
Assets/Scenes/Hornet/Dust_Maze_08_completed.unity	8589	2274	Detect Landing	c9d78aec9d8dd8a419833f8f977ce120	11400000	"[""Assets/PlayMaker/Templates/sway_plat_collider.asset""]"
Assets/Scenes/Hornet/Dust_Maze_08_completed.unity	8590	2275	Detect Landing	c9d78aec9d8dd8a419833f8f977ce120	11400000	"[""Assets/PlayMaker/Templates/sway_plat_collider.asset""]"
Assets/Scenes/Hornet/Dust_Maze_08_completed.unity	8695	2527	Sway	611750e4cd2b0fc488c94b4d4a747bec	11400000	"[""Assets/PlayMaker/Templates/sway_plat_art.asset""]"
Assets/Scenes/Hornet/Dust_Maze_08_completed.unity	8696	2526	Sway	611750e4cd2b0fc488c94b4d4a747bec	11400000	"[""Assets/PlayMaker/Templates/sway_plat_art.asset""]"
Assets/Scenes/Hornet/Dust_Maze_08_completed.unity	8697	2528	Sway	611750e4cd2b0fc488c94b4d4a747bec	11400000	"[""Assets/PlayMaker/Templates/sway_plat_art.asset""]"
Assets/Scenes/Hornet/Dust_Maze_09_entrance.unity	3122	33	Bench Control	30022a57d0796134fbc5d49b1decd4f9	11400000	"[""Assets/PlayMaker/Templates/bench_control.asset""]"
Assets/Scenes/Hornet/Dust_Maze_Last_Hall.unity	2176	292	mist_maze_controller	dad9ef3d34a7fc141a346af8eecec0bf	11400000	"[""Assets/PlayMaker/Templates/mist_maze_controller.asset""]"
Assets/Scenes/Hornet/Dust_Maze_crossing.unity	3088	369	mist_maze_controller	dad9ef3d34a7fc141a346af8eecec0bf	11400000	"[""Assets/PlayMaker/Templates/mist_maze_controller.asset""]"
Assets/Scenes/Hornet/Dust_Shack.unity	998	73	FSM	c332780cbeb3a264fb2eff442248d6cd	11400000	"[""Assets/PlayMaker/Templates/follow_camera_bound.asset""]"
Assets/Scenes/Hornet/Dust_Shack.unity	1001	107	map_isroom	0fa874bd0a265424880fbf25a2b42b4c	11400000	"[""Assets/PlayMaker/Templates/map_isroom.asset""]"
Assets/Scenes/Hornet/End_Credits_Scroll.unity	1010	121	FSM	6d6797e906b8e734cbee4d3a9df9acbc	11400000	"[""Assets/PlayMaker/Templates/color_fader.asset""]"
Assets/Scenes/Hornet/Greymoor_01.unity	9284	412	Geo Rock	3ce2aab20b6447d47a1b288b65263053	11400000	"[""Assets/PlayMaker/Templates/geo_rock.asset""]"
Assets/Scenes/Hornet/Greymoor_01.unity	9297	948	FSM	17efcc4d9bfc6504ea8f4d4d07d969c5	11400000	"[""Assets/PlayMaker/Templates/craw_summons_got_active.asset""]"
Assets/Scenes/Hornet/Greymoor_01.unity	9425	1702	tilt_plat	a40d78acbe179ad4a90e9b9d77d082be	11400000	"[""Assets/PlayMaker/Templates/tilt_plat.asset""]"
Assets/Scenes/Hornet/Greymoor_01.unity	9440	2466	Detect Landing	c9d78aec9d8dd8a419833f8f977ce120	11400000	"[""Assets/PlayMaker/Templates/sway_plat_collider.asset""]"
Assets/Scenes/Hornet/Greymoor_01.unity	9441	2467	Detect Landing	c9d78aec9d8dd8a419833f8f977ce120	11400000	"[""Assets/PlayMaker/Templates/sway_plat_collider.asset""]"
Assets/Scenes/Hornet/Greymoor_01.unity	9442	2468	Detect Landing	c9d78aec9d8dd8a419833f8f977ce120	11400000	"[""Assets/PlayMaker/Templates/sway_plat_collider.asset""]"
Assets/Scenes/Hornet/Greymoor_01.unity	9443	2469	Detect Landing	c9d78aec9d8dd8a419833f8f977ce120	11400000	"[""Assets/PlayMaker/Templates/sway_plat_collider.asset""]"
Assets/Scenes/Hornet/Greymoor_01.unity	9601	1618	Control	0a90bbd7d59385641a93fc8723ca8247	11400000	"[""Assets/PlayMaker/Templates/updraft_region.asset""]"
Assets/Scenes/Hornet/Greymoor_01.unity	9602	1617	Control	0a90bbd7d59385641a93fc8723ca8247	11400000	"[""Assets/PlayMaker/Templates/updraft_region.asset""]"
Assets/Scenes/Hornet/Greymoor_01.unity	9617	1554	Sway	611750e4cd2b0fc488c94b4d4a747bec	11400000	"[""Assets/PlayMaker/Templates/sway_plat_art.asset""]"
Assets/Scenes/Hornet/Greymoor_01.unity	9618	1552	Sway	611750e4cd2b0fc488c94b4d4a747bec	11400000	"[""Assets/PlayMaker/Templates/sway_plat_art.asset""]"
Assets/Scenes/Hornet/Greymoor_01.unity	9619	1553	Sway	611750e4cd2b0fc488c94b4d4a747bec	11400000	"[""Assets/PlayMaker/Templates/sway_plat_art.asset""]"
Assets/Scenes/Hornet/Greymoor_01.unity	9620	1555	Sway	611750e4cd2b0fc488c94b4d4a747bec	11400000	"[""Assets/PlayMaker/Templates/sway_plat_art.asset""]"
Assets/Scenes/Hornet/Greymoor_02.unity	12361	153	Bench Control	30022a57d0796134fbc5d49b1decd4f9	11400000	"[""Assets/PlayMaker/Templates/bench_control.asset""]"
Assets/Scenes/Hornet/Greymoor_02.unity	12383	514	enemy_message	40a9c40cac6976f43979028f936c4871	11400000	"[""Assets/PlayMaker/Templates/enemy_message.asset""]"
Assets/Scenes/Hornet/Greymoor_02.unity	12397	732	breakable_wall_v2	49ae76d885d76f0409f5e87241c2e88a	11400000	"[""Assets/PlayMaker/Templates/breakable_wall_v2.asset""]"
Assets/Scenes/Hornet/Greymoor_02.unity	12410	910	enemy_message	40a9c40cac6976f43979028f936c4871	11400000	"[""Assets/PlayMaker/Templates/enemy_message.asset""]"
Assets/Scenes/Hornet/Greymoor_02.unity	12474	2124	FSM	17efcc4d9bfc6504ea8f4d4d07d969c5	11400000	"[""Assets/PlayMaker/Templates/craw_summons_got_active.asset""]"
Assets/Scenes/Hornet/Greymoor_02.unity	12481	2270	enemy_message	40a9c40cac6976f43979028f936c4871	11400000	"[""Assets/PlayMaker/Templates/enemy_message.asset""]"
Assets/Scenes/Hornet/Greymoor_02.unity	12833	2879	hornet_multi_wounder	ffe3a1a9c1e2bb94da3315cccccc4782	11400000	"[""Assets/PlayMaker/Templates/hornet_multi_wounder.asset""]"
Assets/Scenes/Hornet/Greymoor_02.unity	12834	2878	hornet_multi_wounder	ffe3a1a9c1e2bb94da3315cccccc4782	11400000	"[""Assets/PlayMaker/Templates/hornet_multi_wounder.asset""]"
Assets/Scenes/Hornet/Greymoor_02.unity	12953	3247	hornet_multi_wounder	ffe3a1a9c1e2bb94da3315cccccc4782	11400000	"[""Assets/PlayMaker/Templates/hornet_multi_wounder.asset""]"
Assets/Scenes/Hornet/Greymoor_02.unity	12954	3248	hornet_multi_wounder	ffe3a1a9c1e2bb94da3315cccccc4782	11400000	"[""Assets/PlayMaker/Templates/hornet_multi_wounder.asset""]"
Assets/Scenes/Hornet/Greymoor_02.unity	13006	3203	hornet_multi_wounder	ffe3a1a9c1e2bb94da3315cccccc4782	11400000	"[""Assets/PlayMaker/Templates/hornet_multi_wounder.asset""]"
Assets/Scenes/Hornet/Greymoor_02.unity	13008	3202	hornet_multi_wounder	ffe3a1a9c1e2bb94da3315cccccc4782	11400000	"[""Assets/PlayMaker/Templates/hornet_multi_wounder.asset""]"
Assets/Scenes/Hornet/Greymoor_02.unity	13039	3063	hornet_multi_wounder	ffe3a1a9c1e2bb94da3315cccccc4782	11400000	"[""Assets/PlayMaker/Templates/hornet_multi_wounder.asset""]"
Assets/Scenes/Hornet/Greymoor_02.unity	13041	3062	hornet_multi_wounder	ffe3a1a9c1e2bb94da3315cccccc4782	11400000	"[""Assets/PlayMaker/Templates/hornet_multi_wounder.asset""]"
Assets/Scenes/Hornet/Greymoor_02.unity	13176	2876	hornet_multi_wounder	ffe3a1a9c1e2bb94da3315cccccc4782	11400000	"[""Assets/PlayMaker/Templates/hornet_multi_wounder.asset""]"
Assets/Scenes/Hornet/Greymoor_02.unity	13177	2875	hornet_multi_wounder	ffe3a1a9c1e2bb94da3315cccccc4782	11400000	"[""Assets/PlayMaker/Templates/hornet_multi_wounder.asset""]"
Assets/Scenes/Hornet/Greymoor_02.unity	13228	2950	hornet_multi_wounder	ffe3a1a9c1e2bb94da3315cccccc4782	11400000	"[""Assets/PlayMaker/Templates/hornet_multi_wounder.asset""]"
Assets/Scenes/Hornet/Greymoor_02.unity	13230	2951	hornet_multi_wounder	ffe3a1a9c1e2bb94da3315cccccc4782	11400000	"[""Assets/PlayMaker/Templates/hornet_multi_wounder.asset""]"
Assets/Scenes/Hornet/Greymoor_02.unity	13334	3867	hornet_multi_wounder	ffe3a1a9c1e2bb94da3315cccccc4782	11400000	"[""Assets/PlayMaker/Templates/hornet_multi_wounder.asset""]"
Assets/Scenes/Hornet/Greymoor_02.unity	13527	2978	Location	dc68adf8742b5ff44be317b456a1b2e3	11400000	"[""Assets/PlayMaker/Templates/seth_location_evaluate.asset""]"
Assets/Scenes/Hornet/Greymoor_03.unity	14257	1703	breakable_wall_v2	49ae76d885d76f0409f5e87241c2e88a	11400000	"[""Assets/PlayMaker/Templates/breakable_wall_v2.asset""]"
Assets/Scenes/Hornet/Greymoor_03.unity	14276	2288	FSM	b4f98998f610207419bf5788f681d377	11400000	"[""Assets/PlayMaker/Templates/nuu_halfway_home_check.asset""]"
Assets/Scenes/Hornet/Greymoor_03.unity	14489	3259	tilt_plat	a40d78acbe179ad4a90e9b9d77d082be	11400000	"[""Assets/PlayMaker/Templates/tilt_plat.asset""]"
Assets/Scenes/Hornet/Greymoor_03.unity	14490	3258	tilt_plat	a40d78acbe179ad4a90e9b9d77d082be	11400000	"[""Assets/PlayMaker/Templates/tilt_plat.asset""]"
Assets/Scenes/Hornet/Greymoor_03.unity	14540	3785	Sway	611750e4cd2b0fc488c94b4d4a747bec	11400000	"[""Assets/PlayMaker/Templates/sway_plat_art.asset""]"
Assets/Scenes/Hornet/Greymoor_03.unity	14541	3787	Sway	611750e4cd2b0fc488c94b4d4a747bec	11400000	"[""Assets/PlayMaker/Templates/sway_plat_art.asset""]"
Assets/Scenes/Hornet/Greymoor_03.unity	14542	3786	Sway	611750e4cd2b0fc488c94b4d4a747bec	11400000	"[""Assets/PlayMaker/Templates/sway_plat_art.asset""]"
Assets/Scenes/Hornet/Greymoor_03.unity	14657	4239	Control	ebb7f868f778b6f4aae2a069121a4374	11400000	"[""Assets/PlayMaker/Templates/tracking_object.asset""]"
Assets/Scenes/Hornet/Greymoor_03.unity	14658	4238	Control	ebb7f868f778b6f4aae2a069121a4374	11400000	"[""Assets/PlayMaker/Templates/tracking_object.asset""]"
Assets/Scenes/Hornet/Greymoor_03.unity	14665	4141	Detect Landing	c9d78aec9d8dd8a419833f8f977ce120	11400000	"[""Assets/PlayMaker/Templates/sway_plat_collider.asset""]"
Assets/Scenes/Hornet/Greymoor_03.unity	14666	4139	Detect Landing	c9d78aec9d8dd8a419833f8f977ce120	11400000	"[""Assets/PlayMaker/Templates/sway_plat_collider.asset""]"
Assets/Scenes/Hornet/Greymoor_03.unity	14667	4140	Detect Landing	c9d78aec9d8dd8a419833f8f977ce120	11400000	"[""Assets/PlayMaker/Templates/sway_plat_collider.asset""]"
Assets/Scenes/Hornet/Greymoor_04.unity	9405	1916	FSM	3c5d1b8ebc2a3264fbfbd6dfc66477c0	11400000	"[""Assets/PlayMaker/Templates/gate_battle_scene_control.asset""]"
Assets/Scenes/Hornet/Greymoor_04.unity	9440	678	Geo Rock	3ce2aab20b6447d47a1b288b65263053	11400000	"[""Assets/PlayMaker/Templates/geo_rock.asset""]"
Assets/Scenes/Hornet/Greymoor_04.unity	9446	1915	FSM	3c5d1b8ebc2a3264fbfbd6dfc66477c0	11400000	"[""Assets/PlayMaker/Templates/gate_battle_scene_control.asset""]"
Assets/Scenes/Hornet/Greymoor_04.unity	9449	1914	FSM	3c5d1b8ebc2a3264fbfbd6dfc66477c0	11400000	"[""Assets/PlayMaker/Templates/gate_battle_scene_control.asset""]"
Assets/Scenes/Hornet/Greymoor_04.unity	9508	1913	FSM	3c5d1b8ebc2a3264fbfbd6dfc66477c0	11400000	"[""Assets/PlayMaker/Templates/gate_battle_scene_control.asset""]"
Assets/Scenes/Hornet/Greymoor_04.unity	9517	1357	FSM	472f57d305c90f24d8d9572c90f30910	11400000	"[""Assets/PlayMaker/Templates/follow_camera.asset""]"
Assets/Scenes/Hornet/Greymoor_04.unity	10020	2625	Control	0a90bbd7d59385641a93fc8723ca8247	11400000	"[""Assets/PlayMaker/Templates/updraft_region.asset""]"
Assets/Scenes/Hornet/Greymoor_04.unity	10022	2624	Control	0a90bbd7d59385641a93fc8723ca8247	11400000	"[""Assets/PlayMaker/Templates/updraft_region.asset""]"
Assets/Scenes/Hornet/Greymoor_04.unity	10024	2626	Control	0a90bbd7d59385641a93fc8723ca8247	11400000	"[""Assets/PlayMaker/Templates/updraft_region.asset""]"
Assets/Scenes/Hornet/Greymoor_04.unity	10026	2623	Control	0a90bbd7d59385641a93fc8723ca8247	11400000	"[""Assets/PlayMaker/Templates/updraft_region.asset""]"
Assets/Scenes/Hornet/Greymoor_04.unity	10621	2876	hornet_multi_wounder	ffe3a1a9c1e2bb94da3315cccccc4782	11400000	"[""Assets/PlayMaker/Templates/hornet_multi_wounder.asset""]"
Assets/Scenes/Hornet/Greymoor_05.unity	9780	710	Geo Rock	3ce2aab20b6447d47a1b288b65263053	11400000	"[""Assets/PlayMaker/Templates/geo_rock.asset""]"
Assets/Scenes/Hornet/Greymoor_05.unity	9922	2112	tilt_plat	a40d78acbe179ad4a90e9b9d77d082be	11400000	"[""Assets/PlayMaker/Templates/tilt_plat.asset""]"
Assets/Scenes/Hornet/Greymoor_05.unity	9923	2113	tilt_plat	a40d78acbe179ad4a90e9b9d77d082be	11400000	"[""Assets/PlayMaker/Templates/tilt_plat.asset""]"
Assets/Scenes/Hornet/Greymoor_05.unity	9924	2114	tilt_plat	a40d78acbe179ad4a90e9b9d77d082be	11400000	"[""Assets/PlayMaker/Templates/tilt_plat.asset""]"
Assets/Scenes/Hornet/Greymoor_05.unity	9925	2111	tilt_plat	a40d78acbe179ad4a90e9b9d77d082be	11400000	"[""Assets/PlayMaker/Templates/tilt_plat.asset""]"
Assets/Scenes/Hornet/Greymoor_05.unity	10035	2829	Control	ebb7f868f778b6f4aae2a069121a4374	11400000	"[""Assets/PlayMaker/Templates/tracking_object.asset""]"
Assets/Scenes/Hornet/Greymoor_05.unity	10036	2828	Control	ebb7f868f778b6f4aae2a069121a4374	11400000	"[""Assets/PlayMaker/Templates/tracking_object.asset""]"
Assets/Scenes/Hornet/Greymoor_05.unity	10518	2079	Control	04b9a40fa5ae75c47a5cdd4b0998c7ac	11400000	"[""Assets/PlayMaker/Templates/garmond_control.asset""]"
Assets/Scenes/Hornet/Greymoor_05.unity	10763	3081	hornet_multi_wounder	ffe3a1a9c1e2bb94da3315cccccc4782	11400000	"[""Assets/PlayMaker/Templates/hornet_multi_wounder.asset""]"
Assets/Scenes/Hornet/Greymoor_05_boss.unity	266	25	Stun Control	2e4b6e573032075449b2ab0adc00c0b8	11400000	"[""Assets/PlayMaker/Templates/stun_control.asset""]"
Assets/Scenes/Hornet/Greymoor_05_boss.unity	269	19	Multihitter	ffe3a1a9c1e2bb94da3315cccccc4782	11400000	"[""Assets/PlayMaker/Templates/hornet_multi_wounder.asset""]"
Assets/Scenes/Hornet/Greymoor_06.unity	10618	580	Geo Rock	3ce2aab20b6447d47a1b288b65263053	11400000	"[""Assets/PlayMaker/Templates/geo_rock.asset""]"
Assets/Scenes/Hornet/Greymoor_06.unity	10682	2081	FSM	472f57d305c90f24d8d9572c90f30910	11400000	"[""Assets/PlayMaker/Templates/follow_camera.asset""]"
Assets/Scenes/Hornet/Greymoor_06.unity	10700	2257	Detect Landing	c9d78aec9d8dd8a419833f8f977ce120	11400000	"[""Assets/PlayMaker/Templates/sway_plat_collider.asset""]"
Assets/Scenes/Hornet/Greymoor_06.unity	10701	2258	Detect Landing	c9d78aec9d8dd8a419833f8f977ce120	11400000	"[""Assets/PlayMaker/Templates/sway_plat_collider.asset""]"
Assets/Scenes/Hornet/Greymoor_06.unity	10742	2582	Sway	611750e4cd2b0fc488c94b4d4a747bec	11400000	"[""Assets/PlayMaker/Templates/sway_plat_art.asset""]"
Assets/Scenes/Hornet/Greymoor_06.unity	10743	2583	Sway	611750e4cd2b0fc488c94b4d4a747bec	11400000	"[""Assets/PlayMaker/Templates/sway_plat_art.asset""]"
Assets/Scenes/Hornet/Greymoor_06.unity	11650	3366	hornet_multi_wounder	ffe3a1a9c1e2bb94da3315cccccc4782	11400000	"[""Assets/PlayMaker/Templates/hornet_multi_wounder.asset""]"
Assets/Scenes/Hornet/Greymoor_06.unity	11651	3365	hornet_multi_wounder	ffe3a1a9c1e2bb94da3315cccccc4782	11400000	"[""Assets/PlayMaker/Templates/hornet_multi_wounder.asset""]"
Assets/Scenes/Hornet/Greymoor_07.unity	11569	917	Geo Rock	3ce2aab20b6447d47a1b288b65263053	11400000	"[""Assets/PlayMaker/Templates/geo_rock.asset""]"
Assets/Scenes/Hornet/Greymoor_07.unity	11666	2320	Detect Landing	c9d78aec9d8dd8a419833f8f977ce120	11400000	"[""Assets/PlayMaker/Templates/sway_plat_collider.asset""]"
Assets/Scenes/Hornet/Greymoor_07.unity	11667	2321	Detect Landing	c9d78aec9d8dd8a419833f8f977ce120	11400000	"[""Assets/PlayMaker/Templates/sway_plat_collider.asset""]"
Assets/Scenes/Hornet/Greymoor_07.unity	11668	2319	Detect Landing	c9d78aec9d8dd8a419833f8f977ce120	11400000	"[""Assets/PlayMaker/Templates/sway_plat_collider.asset""]"
Assets/Scenes/Hornet/Greymoor_07.unity	11969	3324	Control	ebb7f868f778b6f4aae2a069121a4374	11400000	"[""Assets/PlayMaker/Templates/tracking_object.asset""]"
Assets/Scenes/Hornet/Greymoor_07.unity	12095	2288	Detect Landing	c9d78aec9d8dd8a419833f8f977ce120	11400000	"[""Assets/PlayMaker/Templates/sway_plat_collider.asset""]"
Assets/Scenes/Hornet/Greymoor_07.unity	12096	2287	Detect Landing	c9d78aec9d8dd8a419833f8f977ce120	11400000	"[""Assets/PlayMaker/Templates/sway_plat_collider.asset""]"
Assets/Scenes/Hornet/Greymoor_07.unity	12097	2286	Detect Landing	c9d78aec9d8dd8a419833f8f977ce120	11400000	"[""Assets/PlayMaker/Templates/sway_plat_collider.asset""]"
Assets/Scenes/Hornet/Greymoor_07.unity	12098	2285	Detect Landing	c9d78aec9d8dd8a419833f8f977ce120	11400000	"[""Assets/PlayMaker/Templates/sway_plat_collider.asset""]"
Assets/Scenes/Hornet/Greymoor_07.unity	12099	2284	Detect Landing	c9d78aec9d8dd8a419833f8f977ce120	11400000	"[""Assets/PlayMaker/Templates/sway_plat_collider.asset""]"
Assets/Scenes/Hornet/Greymoor_07.unity	12108	2982	Sway	611750e4cd2b0fc488c94b4d4a747bec	11400000	"[""Assets/PlayMaker/Templates/sway_plat_art.asset""]"
Assets/Scenes/Hornet/Greymoor_07.unity	12109	2978	Sway	611750e4cd2b0fc488c94b4d4a747bec	11400000	"[""Assets/PlayMaker/Templates/sway_plat_art.asset""]"
Assets/Scenes/Hornet/Greymoor_07.unity	12110	2980	Sway	611750e4cd2b0fc488c94b4d4a747bec	11400000	"[""Assets/PlayMaker/Templates/sway_plat_art.asset""]"
Assets/Scenes/Hornet/Greymoor_07.unity	12111	2979	Sway	611750e4cd2b0fc488c94b4d4a747bec	11400000	"[""Assets/PlayMaker/Templates/sway_plat_art.asset""]"
Assets/Scenes/Hornet/Greymoor_07.unity	12300	2833	Sway	611750e4cd2b0fc488c94b4d4a747bec	11400000	"[""Assets/PlayMaker/Templates/sway_plat_art.asset""]"
Assets/Scenes/Hornet/Greymoor_07.unity	12301	2835	Sway	611750e4cd2b0fc488c94b4d4a747bec	11400000	"[""Assets/PlayMaker/Templates/sway_plat_art.asset""]"
Assets/Scenes/Hornet/Greymoor_07.unity	12302	2834	Sway	611750e4cd2b0fc488c94b4d4a747bec	11400000	"[""Assets/PlayMaker/Templates/sway_plat_art.asset""]"
Assets/Scenes/Hornet/Greymoor_07.unity	12700	3582	hornet_multi_wounder	ffe3a1a9c1e2bb94da3315cccccc4782	11400000	"[""Assets/PlayMaker/Templates/hornet_multi_wounder.asset""]"
Assets/Scenes/Hornet/Greymoor_07.unity	12905	3599	hornet_multi_wounder	ffe3a1a9c1e2bb94da3315cccccc4782	11400000	"[""Assets/PlayMaker/Templates/hornet_multi_wounder.asset""]"
Assets/Scenes/Hornet/Greymoor_07.unity	12906	3600	hornet_multi_wounder	ffe3a1a9c1e2bb94da3315cccccc4782	11400000	"[""Assets/PlayMaker/Templates/hornet_multi_wounder.asset""]"
Assets/Scenes/Hornet/Greymoor_07.unity	12907	3598	hornet_multi_wounder	ffe3a1a9c1e2bb94da3315cccccc4782	11400000	"[""Assets/PlayMaker/Templates/hornet_multi_wounder.asset""]"
Assets/Scenes/Hornet/Greymoor_07.unity	12908	3597	hornet_multi_wounder	ffe3a1a9c1e2bb94da3315cccccc4782	11400000	"[""Assets/PlayMaker/Templates/hornet_multi_wounder.asset""]"
Assets/Scenes/Hornet/Greymoor_08.unity	8013	85	FSM	472f57d305c90f24d8d9572c90f30910	11400000	"[""Assets/PlayMaker/Templates/follow_camera.asset""]"
Assets/Scenes/Hornet/Greymoor_08.unity	8016	128	Enemy Group Activation	327140d7c99f5564dba4d0687e070275	11400000	"[""Assets/PlayMaker/Templates/mapper_act3_enemy_activation.asset""]"
Assets/Scenes/Hornet/Greymoor_08.unity	8029	512	FSM	c332780cbeb3a264fb2eff442248d6cd	11400000	"[""Assets/PlayMaker/Templates/follow_camera_bound.asset""]"
Assets/Scenes/Hornet/Greymoor_08.unity	8270	1919	Sway	611750e4cd2b0fc488c94b4d4a747bec	11400000	"[""Assets/PlayMaker/Templates/sway_plat_art.asset""]"
Assets/Scenes/Hornet/Greymoor_08.unity	8342	2144	Detect Landing	c9d78aec9d8dd8a419833f8f977ce120	11400000	"[""Assets/PlayMaker/Templates/sway_plat_collider.asset""]"
Assets/Scenes/Hornet/Greymoor_08.unity	8935	2366	Control	0a90bbd7d59385641a93fc8723ca8247	11400000	"[""Assets/PlayMaker/Templates/updraft_region.asset""]"
Assets/Scenes/Hornet/Greymoor_08_boss.unity	492	31	Control	04b9a40fa5ae75c47a5cdd4b0998c7ac	11400000	"[""Assets/PlayMaker/Templates/garmond_control.asset""]"
Assets/Scenes/Hornet/Greymoor_08_boss.unity	493	56	Stun Control	2e4b6e573032075449b2ab0adc00c0b8	11400000	"[""Assets/PlayMaker/Templates/stun_control.asset""]"
Assets/Scenes/Hornet/Greymoor_08_boss.unity	499	42	Multihitter	ffe3a1a9c1e2bb94da3315cccccc4782	11400000	"[""Assets/PlayMaker/Templates/hornet_multi_wounder.asset""]"
Assets/Scenes/Hornet/Greymoor_08_caravan.unity	1505	2	Quest End Sequence	377dd80f9974fc34082aa21a06f60858	11400000	"[""Assets/PlayMaker/Templates/caravan_troupe_travel_handler.asset""]"
Assets/Scenes/Hornet/Greymoor_08_caravan.unity	1510	26	Bench Control	30022a57d0796134fbc5d49b1decd4f9	11400000	"[""Assets/PlayMaker/Templates/bench_control.asset""]"
Assets/Scenes/Hornet/Greymoor_08_mapper.unity	243	7	Attack Enemies	caafb23d9ce46d04e95abb72c7771eb4	11400000	"[""Assets/PlayMaker/Templates/mapper_battle.asset""]"
Assets/Scenes/Hornet/Greymoor_08_mapper.unity	264	7	Stun Control	2e4b6e573032075449b2ab0adc00c0b8	11400000	"[""Assets/PlayMaker/Templates/stun_control.asset""]"
Assets/Scenes/Hornet/Greymoor_11.unity	7292	394	Geo Rock	3ce2aab20b6447d47a1b288b65263053	11400000	"[""Assets/PlayMaker/Templates/geo_rock.asset""]"
Assets/Scenes/Hornet/Greymoor_11.unity	7374	1445	Detect Landing	c9d78aec9d8dd8a419833f8f977ce120	11400000	"[""Assets/PlayMaker/Templates/sway_plat_collider.asset""]"
Assets/Scenes/Hornet/Greymoor_11.unity	7759	1701	Sway	611750e4cd2b0fc488c94b4d4a747bec	11400000	"[""Assets/PlayMaker/Templates/sway_plat_art.asset""]"
Assets/Scenes/Hornet/Greymoor_11.unity	7776	1958	Control	0a90bbd7d59385641a93fc8723ca8247	11400000	"[""Assets/PlayMaker/Templates/updraft_region.asset""]"
Assets/Scenes/Hornet/Greymoor_11.unity	7778	1957	Control	0a90bbd7d59385641a93fc8723ca8247	11400000	"[""Assets/PlayMaker/Templates/updraft_region.asset""]"
Assets/Scenes/Hornet/Greymoor_11.unity	8023	2198	hornet_multi_wounder	ffe3a1a9c1e2bb94da3315cccccc4782	11400000	"[""Assets/PlayMaker/Templates/hornet_multi_wounder.asset""]"
Assets/Scenes/Hornet/Greymoor_12.unity	8258	557	enemy_message	40a9c40cac6976f43979028f936c4871	11400000	"[""Assets/PlayMaker/Templates/enemy_message.asset""]"
Assets/Scenes/Hornet/Greymoor_12.unity	8796	2269	pilgrim_behaviour	5d4d1c36f09a17949a8eb0175e50b0b4	11400000	"[""Assets/PlayMaker/Templates/pilgrim_behaviour.asset""]"
Assets/Scenes/Hornet/Greymoor_12.unity	9089	1689	Control	a5d1d902fa29fde4a8ce1757e4f6b0a3	11400000	"[""Assets/PlayMaker/Templates/floating_object.asset""]"
Assets/Scenes/Hornet/Greymoor_12.unity	9090	1688	Control	a5d1d902fa29fde4a8ce1757e4f6b0a3	11400000	"[""Assets/PlayMaker/Templates/floating_object.asset""]"
Assets/Scenes/Hornet/Greymoor_12.unity	9091	1687	Control	a5d1d902fa29fde4a8ce1757e4f6b0a3	11400000	"[""Assets/PlayMaker/Templates/floating_object.asset""]"
Assets/Scenes/Hornet/Greymoor_12.unity	9092	1685	Control	a5d1d902fa29fde4a8ce1757e4f6b0a3	11400000	"[""Assets/PlayMaker/Templates/floating_object.asset""]"
Assets/Scenes/Hornet/Greymoor_12.unity	9093	1686	Control	a5d1d902fa29fde4a8ce1757e4f6b0a3	11400000	"[""Assets/PlayMaker/Templates/floating_object.asset""]"
Assets/Scenes/Hornet/Greymoor_12.unity	9094	1684	Control	a5d1d902fa29fde4a8ce1757e4f6b0a3	11400000	"[""Assets/PlayMaker/Templates/floating_object.asset""]"
Assets/Scenes/Hornet/Greymoor_12.unity	9095	1683	Control	a5d1d902fa29fde4a8ce1757e4f6b0a3	11400000	"[""Assets/PlayMaker/Templates/floating_object.asset""]"
Assets/Scenes/Hornet/Greymoor_12.unity	9096	1682	Control	a5d1d902fa29fde4a8ce1757e4f6b0a3	11400000	"[""Assets/PlayMaker/Templates/floating_object.asset""]"
Assets/Scenes/Hornet/Greymoor_12.unity	9379	2444	hornet_multi_wounder	ffe3a1a9c1e2bb94da3315cccccc4782	11400000	"[""Assets/PlayMaker/Templates/hornet_multi_wounder.asset""]"
Assets/Scenes/Hornet/Greymoor_13.unity	6237	1732	pilgrim_behaviour	5d4d1c36f09a17949a8eb0175e50b0b4	11400000	"[""Assets/PlayMaker/Templates/pilgrim_behaviour.asset""]"
Assets/Scenes/Hornet/Greymoor_13.unity	6238	1733	pilgrim_behaviour	5d4d1c36f09a17949a8eb0175e50b0b4	11400000	"[""Assets/PlayMaker/Templates/pilgrim_behaviour.asset""]"
Assets/Scenes/Hornet/Greymoor_13.unity	6368	1434	Control	a5d1d902fa29fde4a8ce1757e4f6b0a3	11400000	"[""Assets/PlayMaker/Templates/floating_object.asset""]"
Assets/Scenes/Hornet/Greymoor_13.unity	6369	1433	Control	a5d1d902fa29fde4a8ce1757e4f6b0a3	11400000	"[""Assets/PlayMaker/Templates/floating_object.asset""]"
Assets/Scenes/Hornet/Greymoor_13.unity	6370	1432	Control	a5d1d902fa29fde4a8ce1757e4f6b0a3	11400000	"[""Assets/PlayMaker/Templates/floating_object.asset""]"
Assets/Scenes/Hornet/Greymoor_13.unity	6371	1431	Control	a5d1d902fa29fde4a8ce1757e4f6b0a3	11400000	"[""Assets/PlayMaker/Templates/floating_object.asset""]"
Assets/Scenes/Hornet/Greymoor_13.unity	6372	1430	Control	a5d1d902fa29fde4a8ce1757e4f6b0a3	11400000	"[""Assets/PlayMaker/Templates/floating_object.asset""]"
Assets/Scenes/Hornet/Greymoor_13.unity	6419	1328	pilgrim_behaviour	5d4d1c36f09a17949a8eb0175e50b0b4	11400000	"[""Assets/PlayMaker/Templates/pilgrim_behaviour.asset""]"
Assets/Scenes/Hornet/Greymoor_13.unity	6420	1329	pilgrim_behaviour	5d4d1c36f09a17949a8eb0175e50b0b4	11400000	"[""Assets/PlayMaker/Templates/pilgrim_behaviour.asset""]"
Assets/Scenes/Hornet/Greymoor_13.unity	6452	1327	pilgrim_behaviour	5d4d1c36f09a17949a8eb0175e50b0b4	11400000	"[""Assets/PlayMaker/Templates/pilgrim_behaviour.asset""]"
Assets/Scenes/Hornet/Greymoor_15.unity	7840	33	Geo Rock	3ce2aab20b6447d47a1b288b65263053	11400000	"[""Assets/PlayMaker/Templates/geo_rock.asset""]"
Assets/Scenes/Hornet/Greymoor_15.unity	7847	427	Deactivate?	17efcc4d9bfc6504ea8f4d4d07d969c5	11400000	"[""Assets/PlayMaker/Templates/craw_summons_got_active.asset""]"
Assets/Scenes/Hornet/Greymoor_15.unity	7851	635	FSM	f547bb24da1414f4184405b682588fbc	11400000	"[""Assets/PlayMaker/Templates/tink_effect.asset""]"
Assets/Scenes/Hornet/Greymoor_15.unity	7852	745	Deactivate?	17efcc4d9bfc6504ea8f4d4d07d969c5	11400000	"[""Assets/PlayMaker/Templates/craw_summons_got_active.asset""]"
Assets/Scenes/Hornet/Greymoor_15.unity	7859	860	Deactivate?	17efcc4d9bfc6504ea8f4d4d07d969c5	11400000	"[""Assets/PlayMaker/Templates/craw_summons_got_active.asset""]"
Assets/Scenes/Hornet/Greymoor_15.unity	7865	915	Sway	611750e4cd2b0fc488c94b4d4a747bec	11400000	"[""Assets/PlayMaker/Templates/sway_plat_art.asset""]"
Assets/Scenes/Hornet/Greymoor_15.unity	7903	1591	Detect Landing	c9d78aec9d8dd8a419833f8f977ce120	11400000	"[""Assets/PlayMaker/Templates/sway_plat_collider.asset""]"
Assets/Scenes/Hornet/Greymoor_15.unity	7904	1594	Detect Landing	c9d78aec9d8dd8a419833f8f977ce120	11400000	"[""Assets/PlayMaker/Templates/sway_plat_collider.asset""]"
Assets/Scenes/Hornet/Greymoor_15.unity	7905	1593	Detect Landing	c9d78aec9d8dd8a419833f8f977ce120	11400000	"[""Assets/PlayMaker/Templates/sway_plat_collider.asset""]"
Assets/Scenes/Hornet/Greymoor_15.unity	7906	1592	Detect Landing	c9d78aec9d8dd8a419833f8f977ce120	11400000	"[""Assets/PlayMaker/Templates/sway_plat_collider.asset""]"
Assets/Scenes/Hornet/Greymoor_15.unity	7907	1595	Detect Landing	c9d78aec9d8dd8a419833f8f977ce120	11400000	"[""Assets/PlayMaker/Templates/sway_plat_collider.asset""]"
Assets/Scenes/Hornet/Greymoor_15.unity	7937	1840	Sway	611750e4cd2b0fc488c94b4d4a747bec	11400000	"[""Assets/PlayMaker/Templates/sway_plat_art.asset""]"
Assets/Scenes/Hornet/Greymoor_15.unity	7938	1841	Sway	611750e4cd2b0fc488c94b4d4a747bec	11400000	"[""Assets/PlayMaker/Templates/sway_plat_art.asset""]"
Assets/Scenes/Hornet/Greymoor_15.unity	7939	1842	Sway	611750e4cd2b0fc488c94b4d4a747bec	11400000	"[""Assets/PlayMaker/Templates/sway_plat_art.asset""]"
Assets/Scenes/Hornet/Greymoor_15.unity	7940	1843	Sway	611750e4cd2b0fc488c94b4d4a747bec	11400000	"[""Assets/PlayMaker/Templates/sway_plat_art.asset""]"
Assets/Scenes/Hornet/Greymoor_15.unity	7941	1844	Sway	611750e4cd2b0fc488c94b4d4a747bec	11400000	"[""Assets/PlayMaker/Templates/sway_plat_art.asset""]"
Assets/Scenes/Hornet/Greymoor_15.unity	8062	1559	Control	0a90bbd7d59385641a93fc8723ca8247	11400000	"[""Assets/PlayMaker/Templates/updraft_region.asset""]"
Assets/Scenes/Hornet/Greymoor_15b.unity	28919	524	Deactivate?	17efcc4d9bfc6504ea8f4d4d07d969c5	11400000	"[""Assets/PlayMaker/Templates/craw_summons_got_active.asset""]"
Assets/Scenes/Hornet/Greymoor_15b.unity	29018	3117	Deactivate?	17efcc4d9bfc6504ea8f4d4d07d969c5	11400000	"[""Assets/PlayMaker/Templates/craw_summons_got_active.asset""]"
Assets/Scenes/Hornet/Greymoor_15b.unity	29021	3204	memory_font	1149e4704ba0dda4f9285f37a96bb6b2	11400000	"[""Assets/PlayMaker/Templates/memory_font.asset""]"
Assets/Scenes/Hornet/Greymoor_15b.unity	29429	5736	Sway	611750e4cd2b0fc488c94b4d4a747bec	11400000	"[""Assets/PlayMaker/Templates/sway_plat_art.asset""]"
Assets/Scenes/Hornet/Greymoor_15b.unity	30005	6283	Detect Landing	c9d78aec9d8dd8a419833f8f977ce120	11400000	"[""Assets/PlayMaker/Templates/sway_plat_collider.asset""]"
Assets/Scenes/Hornet/Greymoor_15b.unity	30155	4727	hornet_multi_wounder	ffe3a1a9c1e2bb94da3315cccccc4782	11400000	"[""Assets/PlayMaker/Templates/hornet_multi_wounder.asset""]"
Assets/Scenes/Hornet/Greymoor_15b.unity	30156	4725	hornet_multi_wounder	ffe3a1a9c1e2bb94da3315cccccc4782	11400000	"[""Assets/PlayMaker/Templates/hornet_multi_wounder.asset""]"
Assets/Scenes/Hornet/Greymoor_15b.unity	30157	4726	hornet_multi_wounder	ffe3a1a9c1e2bb94da3315cccccc4782	11400000	"[""Assets/PlayMaker/Templates/hornet_multi_wounder.asset""]"
Assets/Scenes/Hornet/Greymoor_15b.unity	30411	5830	hornet_multi_wounder	ffe3a1a9c1e2bb94da3315cccccc4782	11400000	"[""Assets/PlayMaker/Templates/hornet_multi_wounder.asset""]"
Assets/Scenes/Hornet/Greymoor_15b.unity	30412	5831	hornet_multi_wounder	ffe3a1a9c1e2bb94da3315cccccc4782	11400000	"[""Assets/PlayMaker/Templates/hornet_multi_wounder.asset""]"
Assets/Scenes/Hornet/Greymoor_15b.unity	30413	5832	hornet_multi_wounder	ffe3a1a9c1e2bb94da3315cccccc4782	11400000	"[""Assets/PlayMaker/Templates/hornet_multi_wounder.asset""]"
Assets/Scenes/Hornet/Greymoor_15b.unity	30506	5766	hornet_multi_wounder	ffe3a1a9c1e2bb94da3315cccccc4782	11400000	"[""Assets/PlayMaker/Templates/hornet_multi_wounder.asset""]"
Assets/Scenes/Hornet/Greymoor_15b.unity	30508	5764	hornet_multi_wounder	ffe3a1a9c1e2bb94da3315cccccc4782	11400000	"[""Assets/PlayMaker/Templates/hornet_multi_wounder.asset""]"
Assets/Scenes/Hornet/Greymoor_15b.unity	30510	5765	hornet_multi_wounder	ffe3a1a9c1e2bb94da3315cccccc4782	11400000	"[""Assets/PlayMaker/Templates/hornet_multi_wounder.asset""]"
Assets/Scenes/Hornet/Greymoor_15b.unity	30661	5390	hornet_multi_wounder	ffe3a1a9c1e2bb94da3315cccccc4782	11400000	"[""Assets/PlayMaker/Templates/hornet_multi_wounder.asset""]"
Assets/Scenes/Hornet/Greymoor_15b.unity	30663	5389	hornet_multi_wounder	ffe3a1a9c1e2bb94da3315cccccc4782	11400000	"[""Assets/PlayMaker/Templates/hornet_multi_wounder.asset""]"
Assets/Scenes/Hornet/Greymoor_15b.unity	30665	5388	hornet_multi_wounder	ffe3a1a9c1e2bb94da3315cccccc4782	11400000	"[""Assets/PlayMaker/Templates/hornet_multi_wounder.asset""]"
Assets/Scenes/Hornet/Greymoor_15b.unity	30843	4719	hornet_multi_wounder	ffe3a1a9c1e2bb94da3315cccccc4782	11400000	"[""Assets/PlayMaker/Templates/hornet_multi_wounder.asset""]"
Assets/Scenes/Hornet/Greymoor_15b.unity	30844	4718	hornet_multi_wounder	ffe3a1a9c1e2bb94da3315cccccc4782	11400000	"[""Assets/PlayMaker/Templates/hornet_multi_wounder.asset""]"
Assets/Scenes/Hornet/Greymoor_15b.unity	30845	4720	hornet_multi_wounder	ffe3a1a9c1e2bb94da3315cccccc4782	11400000	"[""Assets/PlayMaker/Templates/hornet_multi_wounder.asset""]"
Assets/Scenes/Hornet/Greymoor_15b.unity	30968	5046	hornet_multi_wounder	ffe3a1a9c1e2bb94da3315cccccc4782	11400000	"[""Assets/PlayMaker/Templates/hornet_multi_wounder.asset""]"
Assets/Scenes/Hornet/Greymoor_15b.unity	30970	5048	hornet_multi_wounder	ffe3a1a9c1e2bb94da3315cccccc4782	11400000	"[""Assets/PlayMaker/Templates/hornet_multi_wounder.asset""]"
Assets/Scenes/Hornet/Greymoor_15b.unity	30972	5047	hornet_multi_wounder	ffe3a1a9c1e2bb94da3315cccccc4782	11400000	"[""Assets/PlayMaker/Templates/hornet_multi_wounder.asset""]"
Assets/Scenes/Hornet/Greymoor_16.unity	11732	634	breakable_wall_v2	49ae76d885d76f0409f5e87241c2e88a	11400000	"[""Assets/PlayMaker/Templates/breakable_wall_v2.asset""]"
Assets/Scenes/Hornet/Greymoor_16.unity	12412	3014	Control	a5d1d902fa29fde4a8ce1757e4f6b0a3	11400000	"[""Assets/PlayMaker/Templates/floating_object.asset""]"
Assets/Scenes/Hornet/Greymoor_16.unity	12413	3013	Control	a5d1d902fa29fde4a8ce1757e4f6b0a3	11400000	"[""Assets/PlayMaker/Templates/floating_object.asset""]"
Assets/Scenes/Hornet/Greymoor_16.unity	12414	3012	Control	a5d1d902fa29fde4a8ce1757e4f6b0a3	11400000	"[""Assets/PlayMaker/Templates/floating_object.asset""]"
Assets/Scenes/Hornet/Greymoor_16.unity	12709	3626	hornet_multi_wounder	ffe3a1a9c1e2bb94da3315cccccc4782	11400000	"[""Assets/PlayMaker/Templates/hornet_multi_wounder.asset""]"
Assets/Scenes/Hornet/Greymoor_17.unity	2828	909	lowpass_audio_by_area	2822d5f0a56d5274594c3ab82acbe0d6	11400000	"[""Assets/PlayMaker/Templates/lowpass_audio_by_area.asset""]"
Assets/Scenes/Hornet/Greymoor_17.unity	2829	910	lowpass_audio_by_area	2822d5f0a56d5274594c3ab82acbe0d6	11400000	"[""Assets/PlayMaker/Templates/lowpass_audio_by_area.asset""]"
Assets/Scenes/Hornet/Greymoor_17.unity	2831	317	FSM	f547bb24da1414f4184405b682588fbc	11400000	"[""Assets/PlayMaker/Templates/tink_effect.asset""]"
Assets/Scenes/Hornet/Greymoor_20b.unity	3442	63	chapel_door_control	40d6e7d0a35222742b24f40ef6be61aa	11400000	"[""Assets/PlayMaker/Templates/chapel_door_control.asset""]"
Assets/Scenes/Hornet/Greymoor_20c.unity	12587	3384	hornet_multi_wounder	ffe3a1a9c1e2bb94da3315cccccc4782	11400000	"[""Assets/PlayMaker/Templates/hornet_multi_wounder.asset""]"
Assets/Scenes/Hornet/Greymoor_20c.unity	12588	3383	hornet_multi_wounder	ffe3a1a9c1e2bb94da3315cccccc4782	11400000	"[""Assets/PlayMaker/Templates/hornet_multi_wounder.asset""]"
Assets/Scenes/Hornet/Greymoor_20c.unity	12589	3382	hornet_multi_wounder	ffe3a1a9c1e2bb94da3315cccccc4782	11400000	"[""Assets/PlayMaker/Templates/hornet_multi_wounder.asset""]"
Assets/Scenes/Hornet/Greymoor_21.unity	1960	284	FSM	c332780cbeb3a264fb2eff442248d6cd	11400000	"[""Assets/PlayMaker/Templates/follow_camera_bound.asset""]"
Assets/Scenes/Hornet/Greymoor_21.unity	2116	476	Control	a5d1d902fa29fde4a8ce1757e4f6b0a3	11400000	"[""Assets/PlayMaker/Templates/floating_object.asset""]"
Assets/Scenes/Hornet/Greymoor_21.unity	2117	477	Control	a5d1d902fa29fde4a8ce1757e4f6b0a3	11400000	"[""Assets/PlayMaker/Templates/floating_object.asset""]"
Assets/Scenes/Hornet/Greymoor_21.unity	2118	475	Control	a5d1d902fa29fde4a8ce1757e4f6b0a3	11400000	"[""Assets/PlayMaker/Templates/floating_object.asset""]"
Assets/Scenes/Hornet/Greymoor_21.unity	2119	474	Control	a5d1d902fa29fde4a8ce1757e4f6b0a3	11400000	"[""Assets/PlayMaker/Templates/floating_object.asset""]"
Assets/Scenes/Hornet/Greymoor_21.unity	2120	473	Control	a5d1d902fa29fde4a8ce1757e4f6b0a3	11400000	"[""Assets/PlayMaker/Templates/floating_object.asset""]"
Assets/Scenes/Hornet/Greymoor_24.unity	3981	802	Control	a5d1d902fa29fde4a8ce1757e4f6b0a3	11400000	"[""Assets/PlayMaker/Templates/floating_object.asset""]"
Assets/Scenes/Hornet/Greymoor_24.unity	3982	801	Control	a5d1d902fa29fde4a8ce1757e4f6b0a3	11400000	"[""Assets/PlayMaker/Templates/floating_object.asset""]"
Assets/Scenes/Hornet/Greymoor_24.unity	3983	800	Control	a5d1d902fa29fde4a8ce1757e4f6b0a3	11400000	"[""Assets/PlayMaker/Templates/floating_object.asset""]"
Assets/Scenes/Hornet/Greymoor_24.unity	3984	799	Control	a5d1d902fa29fde4a8ce1757e4f6b0a3	11400000	"[""Assets/PlayMaker/Templates/floating_object.asset""]"
Assets/Scenes/Hornet/Halfway_01.unity	2757	344	Control	b4f98998f610207419bf5788f681d377	11400000	"[""Assets/PlayMaker/Templates/nuu_halfway_home_check.asset""]"
Assets/Scenes/Hornet/Halfway_01.unity	2768	427	Bench Control	30022a57d0796134fbc5d49b1decd4f9	11400000	"[""Assets/PlayMaker/Templates/bench_control.asset""]"
Assets/Scenes/Hornet/Hang_01.unity	4755	350	FSM	c332780cbeb3a264fb2eff442248d6cd	11400000	"[""Assets/PlayMaker/Templates/follow_camera_bound.asset""]"
Assets/Scenes/Hornet/Hang_01.unity	4774	961	Bench Control	30022a57d0796134fbc5d49b1decd4f9	11400000	"[""Assets/PlayMaker/Templates/bench_control.asset""]"
Assets/Scenes/Hornet/Hang_01.unity	4796	1211	ride	8f3e1c25e3437bc438d59b1163c4e3d5	11400000	"[""Assets/PlayMaker/Templates/harpoon_ring_ride_vertical.asset""]"
Assets/Scenes/Hornet/Hang_01.unity	4797	1210	ride	8f3e1c25e3437bc438d59b1163c4e3d5	11400000	"[""Assets/PlayMaker/Templates/harpoon_ring_ride_vertical.asset""]"
Assets/Scenes/Hornet/Hang_01.unity	4798	1209	ride	8f3e1c25e3437bc438d59b1163c4e3d5	11400000	"[""Assets/PlayMaker/Templates/harpoon_ring_ride_vertical.asset""]"
Assets/Scenes/Hornet/Hang_01.unity	4799	1212	ride	8f3e1c25e3437bc438d59b1163c4e3d5	11400000	"[""Assets/PlayMaker/Templates/harpoon_ring_ride_vertical.asset""]"
Assets/Scenes/Hornet/Hang_01.unity	4886	1212	Control	8b56ec0cfd65cc947973c77e650d446d	11400000	"[""Assets/PlayMaker/Templates/harpoon_ring.asset""]"
Assets/Scenes/Hornet/Hang_01.unity	4887	1211	Control	8b56ec0cfd65cc947973c77e650d446d	11400000	"[""Assets/PlayMaker/Templates/harpoon_ring.asset""]"
Assets/Scenes/Hornet/Hang_01.unity	4888	1209	Control	8b56ec0cfd65cc947973c77e650d446d	11400000	"[""Assets/PlayMaker/Templates/harpoon_ring.asset""]"
Assets/Scenes/Hornet/Hang_01.unity	4889	1210	Control	8b56ec0cfd65cc947973c77e650d446d	11400000	"[""Assets/PlayMaker/Templates/harpoon_ring.asset""]"
Assets/Scenes/Hornet/Hang_01.unity	4998	1027	Control	8b56ec0cfd65cc947973c77e650d446d	11400000	"[""Assets/PlayMaker/Templates/harpoon_ring.asset""]"
Assets/Scenes/Hornet/Hang_01.unity	5000	1026	Control	8b56ec0cfd65cc947973c77e650d446d	11400000	"[""Assets/PlayMaker/Templates/harpoon_ring.asset""]"
Assets/Scenes/Hornet/Hang_01.unity	5044	1395	steam_slash_effect	1f84846daa21b104a97207aebc9242c6	11400000	"[""Assets/PlayMaker/Templates/steam_slash_effect.asset""]"
Assets/Scenes/Hornet/Hang_01.unity	5045	1403	steam_slash_effect	1f84846daa21b104a97207aebc9242c6	11400000	"[""Assets/PlayMaker/Templates/steam_slash_effect.asset""]"
Assets/Scenes/Hornet/Hang_02.unity	4256	664	call_handmaiden	e6580aa9081bced48b44a6f5202ee214	11400000	"[""Assets/PlayMaker/Templates/call_handmaiden.asset""]"
Assets/Scenes/Hornet/Hang_02.unity	4257	335	FSM	c332780cbeb3a264fb2eff442248d6cd	11400000	"[""Assets/PlayMaker/Templates/follow_camera_bound.asset""]"
Assets/Scenes/Hornet/Hang_02.unity	4261	400	FSM	c332780cbeb3a264fb2eff442248d6cd	11400000	"[""Assets/PlayMaker/Templates/follow_camera_bound.asset""]"
Assets/Scenes/Hornet/Hang_02.unity	4442	481	Control	8b56ec0cfd65cc947973c77e650d446d	11400000	"[""Assets/PlayMaker/Templates/harpoon_ring.asset""]"
Assets/Scenes/Hornet/Hang_02.unity	4444	480	Control	8b56ec0cfd65cc947973c77e650d446d	11400000	"[""Assets/PlayMaker/Templates/harpoon_ring.asset""]"
Assets/Scenes/Hornet/Hang_02.unity	4446	479	Control	8b56ec0cfd65cc947973c77e650d446d	11400000	"[""Assets/PlayMaker/Templates/harpoon_ring.asset""]"
Assets/Scenes/Hornet/Hang_02.unity	4453	814	Control	a5d1d902fa29fde4a8ce1757e4f6b0a3	11400000	"[""Assets/PlayMaker/Templates/floating_object.asset""]"
Assets/Scenes/Hornet/Hang_02.unity	4455	813	Control	a5d1d902fa29fde4a8ce1757e4f6b0a3	11400000	"[""Assets/PlayMaker/Templates/floating_object.asset""]"
Assets/Scenes/Hornet/Hang_03.unity	5806	993	Control	8b56ec0cfd65cc947973c77e650d446d	11400000	"[""Assets/PlayMaker/Templates/harpoon_ring.asset""]"
Assets/Scenes/Hornet/Hang_03.unity	5808	992	Control	8b56ec0cfd65cc947973c77e650d446d	11400000	"[""Assets/PlayMaker/Templates/harpoon_ring.asset""]"
Assets/Scenes/Hornet/Hang_03.unity	5810	991	Control	8b56ec0cfd65cc947973c77e650d446d	11400000	"[""Assets/PlayMaker/Templates/harpoon_ring.asset""]"
Assets/Scenes/Hornet/Hang_03.unity	5936	1128	FSM	ffe3a1a9c1e2bb94da3315cccccc4782	11400000	"[""Assets/PlayMaker/Templates/hornet_multi_wounder.asset""]"
Assets/Scenes/Hornet/Hang_03.unity	5938	1129	FSM	ffe3a1a9c1e2bb94da3315cccccc4782	11400000	"[""Assets/PlayMaker/Templates/hornet_multi_wounder.asset""]"
Assets/Scenes/Hornet/Hang_03.unity	6027	1725	Control	8b56ec0cfd65cc947973c77e650d446d	11400000	"[""Assets/PlayMaker/Templates/harpoon_ring.asset""]"
Assets/Scenes/Hornet/Hang_03.unity	6028	1724	Control	8b56ec0cfd65cc947973c77e650d446d	11400000	"[""Assets/PlayMaker/Templates/harpoon_ring.asset""]"
Assets/Scenes/Hornet/Hang_03.unity	6029	1723	Control	8b56ec0cfd65cc947973c77e650d446d	11400000	"[""Assets/PlayMaker/Templates/harpoon_ring.asset""]"
Assets/Scenes/Hornet/Hang_03.unity	6030	1722	Control	8b56ec0cfd65cc947973c77e650d446d	11400000	"[""Assets/PlayMaker/Templates/harpoon_ring.asset""]"
Assets/Scenes/Hornet/Hang_03.unity	6031	1721	Control	8b56ec0cfd65cc947973c77e650d446d	11400000	"[""Assets/PlayMaker/Templates/harpoon_ring.asset""]"
Assets/Scenes/Hornet/Hang_03.unity	6052	1619	hornet_multi_wounder	ffe3a1a9c1e2bb94da3315cccccc4782	11400000	"[""Assets/PlayMaker/Templates/hornet_multi_wounder.asset""]"
Assets/Scenes/Hornet/Hang_03_top.unity	5150	987	Control	8b56ec0cfd65cc947973c77e650d446d	11400000	"[""Assets/PlayMaker/Templates/harpoon_ring.asset""]"
Assets/Scenes/Hornet/Hang_03_top.unity	5152	986	Control	8b56ec0cfd65cc947973c77e650d446d	11400000	"[""Assets/PlayMaker/Templates/harpoon_ring.asset""]"
Assets/Scenes/Hornet/Hang_03_top.unity	5255	1085	FSM	ffe3a1a9c1e2bb94da3315cccccc4782	11400000	"[""Assets/PlayMaker/Templates/hornet_multi_wounder.asset""]"
Assets/Scenes/Hornet/Hang_03_top.unity	5257	1086	FSM	ffe3a1a9c1e2bb94da3315cccccc4782	11400000	"[""Assets/PlayMaker/Templates/hornet_multi_wounder.asset""]"
Assets/Scenes/Hornet/Hang_03_top.unity	5338	1544	Control	8b56ec0cfd65cc947973c77e650d446d	11400000	"[""Assets/PlayMaker/Templates/harpoon_ring.asset""]"
Assets/Scenes/Hornet/Hang_03_top.unity	5339	1545	Control	8b56ec0cfd65cc947973c77e650d446d	11400000	"[""Assets/PlayMaker/Templates/harpoon_ring.asset""]"
Assets/Scenes/Hornet/Hang_03_top.unity	5340	1546	Control	8b56ec0cfd65cc947973c77e650d446d	11400000	"[""Assets/PlayMaker/Templates/harpoon_ring.asset""]"
Assets/Scenes/Hornet/Hang_03_top.unity	5341	1543	Control	8b56ec0cfd65cc947973c77e650d446d	11400000	"[""Assets/PlayMaker/Templates/harpoon_ring.asset""]"
Assets/Scenes/Hornet/Hang_03_top.unity	5342	1542	Control	8b56ec0cfd65cc947973c77e650d446d	11400000	"[""Assets/PlayMaker/Templates/harpoon_ring.asset""]"
Assets/Scenes/Hornet/Hang_04.unity	4273	952	FSM	ffe3a1a9c1e2bb94da3315cccccc4782	11400000	"[""Assets/PlayMaker/Templates/hornet_multi_wounder.asset""]"
Assets/Scenes/Hornet/Hang_04_boss.unity	3079	20	Control	ba671c9a04e590b46bc1445e5bb2fa2f	11400000	"[""Assets/PlayMaker/Templates/silk_thread_battle_wake.asset""]"
Assets/Scenes/Hornet/Hang_04_boss.unity	3144	199	hornet_multi_wounder	ffe3a1a9c1e2bb94da3315cccccc4782	11400000	"[""Assets/PlayMaker/Templates/hornet_multi_wounder.asset""]"
Assets/Scenes/Hornet/Hang_04_boss.unity	3145	198	hornet_multi_wounder	ffe3a1a9c1e2bb94da3315cccccc4782	11400000	"[""Assets/PlayMaker/Templates/hornet_multi_wounder.asset""]"
Assets/Scenes/Hornet/Hang_04_boss.unity	3146	201	hornet_multi_wounder	ffe3a1a9c1e2bb94da3315cccccc4782	11400000	"[""Assets/PlayMaker/Templates/hornet_multi_wounder.asset""]"
Assets/Scenes/Hornet/Hang_04_boss.unity	3147	200	hornet_multi_wounder	ffe3a1a9c1e2bb94da3315cccccc4782	11400000	"[""Assets/PlayMaker/Templates/hornet_multi_wounder.asset""]"
Assets/Scenes/Hornet/Hang_04_boss.unity	3223	741	hornet_multi_wounder	ffe3a1a9c1e2bb94da3315cccccc4782	11400000	"[""Assets/PlayMaker/Templates/hornet_multi_wounder.asset""]"
Assets/Scenes/Hornet/Hang_04_boss.unity	3224	742	hornet_multi_wounder	ffe3a1a9c1e2bb94da3315cccccc4782	11400000	"[""Assets/PlayMaker/Templates/hornet_multi_wounder.asset""]"
Assets/Scenes/Hornet/Hang_04_boss.unity	3225	740	hornet_multi_wounder	ffe3a1a9c1e2bb94da3315cccccc4782	11400000	"[""Assets/PlayMaker/Templates/hornet_multi_wounder.asset""]"
Assets/Scenes/Hornet/Hang_04_boss.unity	3226	739	hornet_multi_wounder	ffe3a1a9c1e2bb94da3315cccccc4782	11400000	"[""Assets/PlayMaker/Templates/hornet_multi_wounder.asset""]"
Assets/Scenes/Hornet/Hang_04_boss.unity	3236	474	hornet_multi_wounder	ffe3a1a9c1e2bb94da3315cccccc4782	11400000	"[""Assets/PlayMaker/Templates/hornet_multi_wounder.asset""]"
Assets/Scenes/Hornet/Hang_04_boss.unity	3237	473	hornet_multi_wounder	ffe3a1a9c1e2bb94da3315cccccc4782	11400000	"[""Assets/PlayMaker/Templates/hornet_multi_wounder.asset""]"
Assets/Scenes/Hornet/Hang_04_boss.unity	3238	472	hornet_multi_wounder	ffe3a1a9c1e2bb94da3315cccccc4782	11400000	"[""Assets/PlayMaker/Templates/hornet_multi_wounder.asset""]"
Assets/Scenes/Hornet/Hang_04_boss.unity	3239	471	hornet_multi_wounder	ffe3a1a9c1e2bb94da3315cccccc4782	11400000	"[""Assets/PlayMaker/Templates/hornet_multi_wounder.asset""]"
Assets/Scenes/Hornet/Hang_04_boss.unity	3331	251	hornet_multi_wounder	ffe3a1a9c1e2bb94da3315cccccc4782	11400000	"[""Assets/PlayMaker/Templates/hornet_multi_wounder.asset""]"
Assets/Scenes/Hornet/Hang_04_boss.unity	3332	250	hornet_multi_wounder	ffe3a1a9c1e2bb94da3315cccccc4782	11400000	"[""Assets/PlayMaker/Templates/hornet_multi_wounder.asset""]"
Assets/Scenes/Hornet/Hang_04_boss.unity	3333	253	hornet_multi_wounder	ffe3a1a9c1e2bb94da3315cccccc4782	11400000	"[""Assets/PlayMaker/Templates/hornet_multi_wounder.asset""]"
Assets/Scenes/Hornet/Hang_04_boss.unity	3334	252	hornet_multi_wounder	ffe3a1a9c1e2bb94da3315cccccc4782	11400000	"[""Assets/PlayMaker/Templates/hornet_multi_wounder.asset""]"
Assets/Scenes/Hornet/Hang_04_boss.unity	3412	550	hornet_multi_wounder	ffe3a1a9c1e2bb94da3315cccccc4782	11400000	"[""Assets/PlayMaker/Templates/hornet_multi_wounder.asset""]"
Assets/Scenes/Hornet/Hang_04_boss.unity	3413	551	hornet_multi_wounder	ffe3a1a9c1e2bb94da3315cccccc4782	11400000	"[""Assets/PlayMaker/Templates/hornet_multi_wounder.asset""]"
Assets/Scenes/Hornet/Hang_04_boss.unity	3414	553	hornet_multi_wounder	ffe3a1a9c1e2bb94da3315cccccc4782	11400000	"[""Assets/PlayMaker/Templates/hornet_multi_wounder.asset""]"
Assets/Scenes/Hornet/Hang_04_boss.unity	3415	552	hornet_multi_wounder	ffe3a1a9c1e2bb94da3315cccccc4782	11400000	"[""Assets/PlayMaker/Templates/hornet_multi_wounder.asset""]"
Assets/Scenes/Hornet/Hang_04_boss.unity	3422	726	hornet_multi_wounder	ffe3a1a9c1e2bb94da3315cccccc4782	11400000	"[""Assets/PlayMaker/Templates/hornet_multi_wounder.asset""]"
Assets/Scenes/Hornet/Hang_04_boss.unity	3423	727	hornet_multi_wounder	ffe3a1a9c1e2bb94da3315cccccc4782	11400000	"[""Assets/PlayMaker/Templates/hornet_multi_wounder.asset""]"
Assets/Scenes/Hornet/Hang_04_boss.unity	3424	728	hornet_multi_wounder	ffe3a1a9c1e2bb94da3315cccccc4782	11400000	"[""Assets/PlayMaker/Templates/hornet_multi_wounder.asset""]"
Assets/Scenes/Hornet/Hang_04_boss.unity	3425	729	hornet_multi_wounder	ffe3a1a9c1e2bb94da3315cccccc4782	11400000	"[""Assets/PlayMaker/Templates/hornet_multi_wounder.asset""]"
Assets/Scenes/Hornet/Hang_04_boss.unity	3445	611	hornet_multi_wounder	ffe3a1a9c1e2bb94da3315cccccc4782	11400000	"[""Assets/PlayMaker/Templates/hornet_multi_wounder.asset""]"
Assets/Scenes/Hornet/Hang_04_boss.unity	3447	609	hornet_multi_wounder	ffe3a1a9c1e2bb94da3315cccccc4782	11400000	"[""Assets/PlayMaker/Templates/hornet_multi_wounder.asset""]"
Assets/Scenes/Hornet/Hang_04_boss.unity	3449	610	hornet_multi_wounder	ffe3a1a9c1e2bb94da3315cccccc4782	11400000	"[""Assets/PlayMaker/Templates/hornet_multi_wounder.asset""]"
Assets/Scenes/Hornet/Hang_04_boss.unity	3451	608	hornet_multi_wounder	ffe3a1a9c1e2bb94da3315cccccc4782	11400000	"[""Assets/PlayMaker/Templates/hornet_multi_wounder.asset""]"
Assets/Scenes/Hornet/Hang_04_boss.unity	3453	607	hornet_multi_wounder	ffe3a1a9c1e2bb94da3315cccccc4782	11400000	"[""Assets/PlayMaker/Templates/hornet_multi_wounder.asset""]"
Assets/Scenes/Hornet/Hang_04_boss.unity	3598	96	Control	04b9a40fa5ae75c47a5cdd4b0998c7ac	11400000	"[""Assets/PlayMaker/Templates/garmond_control.asset""]"
Assets/Scenes/Hornet/Hang_04_boss.unity	3656	248	FSM	ffe3a1a9c1e2bb94da3315cccccc4782	11400000	"[""Assets/PlayMaker/Templates/hornet_multi_wounder.asset""]"
Assets/Scenes/Hornet/Hang_04_boss.unity	3658	247	FSM	ffe3a1a9c1e2bb94da3315cccccc4782	11400000	"[""Assets/PlayMaker/Templates/hornet_multi_wounder.asset""]"
Assets/Scenes/Hornet/Hang_04_boss.unity	3660	246	FSM	ffe3a1a9c1e2bb94da3315cccccc4782	11400000	"[""Assets/PlayMaker/Templates/hornet_multi_wounder.asset""]"
Assets/Scenes/Hornet/Hang_04_boss.unity	3662	249	FSM	ffe3a1a9c1e2bb94da3315cccccc4782	11400000	"[""Assets/PlayMaker/Templates/hornet_multi_wounder.asset""]"
Assets/Scenes/Hornet/Hang_04_boss.unity	3687	209	FSM	6f0839127750b164ebb46ddbae600e15	11400000	"[""Assets/PlayMaker/Templates/flyer_go_up_response.asset""]"
Assets/Scenes/Hornet/Hang_04_boss.unity	3688	208	FSM	6f0839127750b164ebb46ddbae600e15	11400000	"[""Assets/PlayMaker/Templates/flyer_go_up_response.asset""]"
Assets/Scenes/Hornet/Hang_04_boss.unity	3689	207	FSM	6f0839127750b164ebb46ddbae600e15	11400000	"[""Assets/PlayMaker/Templates/flyer_go_up_response.asset""]"
Assets/Scenes/Hornet/Hang_04_boss.unity	3690	211	FSM	6f0839127750b164ebb46ddbae600e15	11400000	"[""Assets/PlayMaker/Templates/flyer_go_up_response.asset""]"
Assets/Scenes/Hornet/Hang_04_boss.unity	3691	210	FSM	6f0839127750b164ebb46ddbae600e15	11400000	"[""Assets/PlayMaker/Templates/flyer_go_up_response.asset""]"
Assets/Scenes/Hornet/Hang_06.unity	5166	1494	Control	ebb7f868f778b6f4aae2a069121a4374	11400000	"[""Assets/PlayMaker/Templates/tracking_object.asset""]"
Assets/Scenes/Hornet/Hang_06_bank.unity	9255	103	breakable_wall_v2	49ae76d885d76f0409f5e87241c2e88a	11400000	"[""Assets/PlayMaker/Templates/breakable_wall_v2.asset""]"
Assets/Scenes/Hornet/Hang_06_bank.unity	9263	141	Chest Control	cef29d3923f21dd45b5301e2c8d4b2db	11400000	"[""Assets/PlayMaker/Templates/chest_control.asset""]"
Assets/Scenes/Hornet/Hang_06_bank.unity	9293	448	Chest Control	cef29d3923f21dd45b5301e2c8d4b2db	11400000	"[""Assets/PlayMaker/Templates/chest_control.asset""]"
Assets/Scenes/Hornet/Hang_06_bank.unity	9310	568	FSM	ffe3a1a9c1e2bb94da3315cccccc4782	11400000	"[""Assets/PlayMaker/Templates/hornet_multi_wounder.asset""]"
Assets/Scenes/Hornet/Hang_06_bank.unity	9325	704	FSM	ffe3a1a9c1e2bb94da3315cccccc4782	11400000	"[""Assets/PlayMaker/Templates/hornet_multi_wounder.asset""]"
Assets/Scenes/Hornet/Hang_06_bank.unity	9341	2700	FSM	ffe3a1a9c1e2bb94da3315cccccc4782	11400000	"[""Assets/PlayMaker/Templates/hornet_multi_wounder.asset""]"
Assets/Scenes/Hornet/Hang_06_bank.unity	9359	926	Chest Control	cef29d3923f21dd45b5301e2c8d4b2db	11400000	"[""Assets/PlayMaker/Templates/chest_control.asset""]"
Assets/Scenes/Hornet/Hang_06_bank.unity	9364	994	Chest Control	cef29d3923f21dd45b5301e2c8d4b2db	11400000	"[""Assets/PlayMaker/Templates/chest_control.asset""]"
Assets/Scenes/Hornet/Hang_06_bank.unity	9388	2699	FSM	ffe3a1a9c1e2bb94da3315cccccc4782	11400000	"[""Assets/PlayMaker/Templates/hornet_multi_wounder.asset""]"
Assets/Scenes/Hornet/Hang_06_bank.unity	9402	1301	Chest Control	cef29d3923f21dd45b5301e2c8d4b2db	11400000	"[""Assets/PlayMaker/Templates/chest_control.asset""]"
Assets/Scenes/Hornet/Hang_06_bank.unity	9413	2697	FSM	ffe3a1a9c1e2bb94da3315cccccc4782	11400000	"[""Assets/PlayMaker/Templates/hornet_multi_wounder.asset""]"
Assets/Scenes/Hornet/Hang_06_bank.unity	9414	2698	FSM	ffe3a1a9c1e2bb94da3315cccccc4782	11400000	"[""Assets/PlayMaker/Templates/hornet_multi_wounder.asset""]"
Assets/Scenes/Hornet/Hang_06_bank.unity	9423	2696	FSM	ffe3a1a9c1e2bb94da3315cccccc4782	11400000	"[""Assets/PlayMaker/Templates/hornet_multi_wounder.asset""]"
Assets/Scenes/Hornet/Hang_06_bank.unity	9428	1571	breakable_wall_v2	49ae76d885d76f0409f5e87241c2e88a	11400000	"[""Assets/PlayMaker/Templates/breakable_wall_v2.asset""]"
Assets/Scenes/Hornet/Hang_06_bank.unity	9445	1711	FSM	ffe3a1a9c1e2bb94da3315cccccc4782	11400000	"[""Assets/PlayMaker/Templates/hornet_multi_wounder.asset""]"
Assets/Scenes/Hornet/Hang_06_bank.unity	9467	1923	Chest Control	cef29d3923f21dd45b5301e2c8d4b2db	11400000	"[""Assets/PlayMaker/Templates/chest_control.asset""]"
Assets/Scenes/Hornet/Hang_06_bank.unity	9515	2684	hornet_multi_wounder	ffe3a1a9c1e2bb94da3315cccccc4782	11400000	"[""Assets/PlayMaker/Templates/hornet_multi_wounder.asset""]"
Assets/Scenes/Hornet/Hang_06_bank.unity	9957	2125	hornet_multi_wounder	ffe3a1a9c1e2bb94da3315cccccc4782	11400000	"[""Assets/PlayMaker/Templates/hornet_multi_wounder.asset""]"
Assets/Scenes/Hornet/Hang_06_bank.unity	10076	2315	multi wounder	ffe3a1a9c1e2bb94da3315cccccc4782	11400000	"[""Assets/PlayMaker/Templates/hornet_multi_wounder.asset""]"
Assets/Scenes/Hornet/Hang_06_bank.unity	10218	2557	steam_slash_effect	1f84846daa21b104a97207aebc9242c6	11400000	"[""Assets/PlayMaker/Templates/steam_slash_effect.asset""]"
Assets/Scenes/Hornet/Hang_06_bank.unity	10329	2927	FSM	ffe3a1a9c1e2bb94da3315cccccc4782	11400000	"[""Assets/PlayMaker/Templates/hornet_multi_wounder.asset""]"
Assets/Scenes/Hornet/Hang_06_bank.unity	10330	2928	FSM	ffe3a1a9c1e2bb94da3315cccccc4782	11400000	"[""Assets/PlayMaker/Templates/hornet_multi_wounder.asset""]"
Assets/Scenes/Hornet/Hang_06b.unity	2679	291	Bench Control	30022a57d0796134fbc5d49b1decd4f9	11400000	"[""Assets/PlayMaker/Templates/bench_control.asset""]"
Assets/Scenes/Hornet/Hang_06b.unity	2836	583	Set Compass Point	50c4ce611f2eeac40a7c0f864becbd3e	11400000	"[""Assets/PlayMaker/Templates/map_set_room_compass.asset""]"
Assets/Scenes/Hornet/Hang_07.unity	5747	1470	call_handmaiden	e6580aa9081bced48b44a6f5202ee214	11400000	"[""Assets/PlayMaker/Templates/call_handmaiden.asset""]"
Assets/Scenes/Hornet/Hang_07.unity	5752	1471	call_handmaiden	e6580aa9081bced48b44a6f5202ee214	11400000	"[""Assets/PlayMaker/Templates/call_handmaiden.asset""]"
Assets/Scenes/Hornet/Hang_07.unity	5895	1629	Control	ebb7f868f778b6f4aae2a069121a4374	11400000	"[""Assets/PlayMaker/Templates/tracking_object.asset""]"
Assets/Scenes/Hornet/Hang_07.unity	5915	1604	Control	ab5914c3c3521b049b8588adcffc9e6b	11400000	"[""Assets/PlayMaker/Templates/song_knight_control.asset""]"
Assets/Scenes/Hornet/Hang_07.unity	5954	1604	Stun Control	2e4b6e573032075449b2ab0adc00c0b8	11400000	"[""Assets/PlayMaker/Templates/stun_control.asset""]"
Assets/Scenes/Hornet/Hang_07.unity	6024	1151	hornet_multi_wounder	ffe3a1a9c1e2bb94da3315cccccc4782	11400000	"[""Assets/PlayMaker/Templates/hornet_multi_wounder.asset""]"
Assets/Scenes/Hornet/Hang_07.unity	6026	1152	hornet_multi_wounder	ffe3a1a9c1e2bb94da3315cccccc4782	11400000	"[""Assets/PlayMaker/Templates/hornet_multi_wounder.asset""]"
Assets/Scenes/Hornet/Hang_07.unity	6145	1813	FSM	ffe3a1a9c1e2bb94da3315cccccc4782	11400000	"[""Assets/PlayMaker/Templates/hornet_multi_wounder.asset""]"
Assets/Scenes/Hornet/Hang_07.unity	6185	1656	hornet_multi_wounder	ffe3a1a9c1e2bb94da3315cccccc4782	11400000	"[""Assets/PlayMaker/Templates/hornet_multi_wounder.asset""]"
Assets/Scenes/Hornet/Hang_07.unity	6187	1655	hornet_multi_wounder	ffe3a1a9c1e2bb94da3315cccccc4782	11400000	"[""Assets/PlayMaker/Templates/hornet_multi_wounder.asset""]"
Assets/Scenes/Hornet/Hang_07.unity	6283	1764	FSM	ffe3a1a9c1e2bb94da3315cccccc4782	11400000	"[""Assets/PlayMaker/Templates/hornet_multi_wounder.asset""]"
Assets/Scenes/Hornet/Hang_08.unity	9263	486	Chest Control	cef29d3923f21dd45b5301e2c8d4b2db	11400000	"[""Assets/PlayMaker/Templates/chest_control.asset""]"
Assets/Scenes/Hornet/Hang_08.unity	9287	669	breakable_wall_v2	49ae76d885d76f0409f5e87241c2e88a	11400000	"[""Assets/PlayMaker/Templates/breakable_wall_v2.asset""]"
Assets/Scenes/Hornet/Hang_08.unity	9399	2319	ride	8f3e1c25e3437bc438d59b1163c4e3d5	11400000	"[""Assets/PlayMaker/Templates/harpoon_ring_ride_vertical.asset""]"
Assets/Scenes/Hornet/Hang_08.unity	9559	2319	Control	8b56ec0cfd65cc947973c77e650d446d	11400000	"[""Assets/PlayMaker/Templates/harpoon_ring.asset""]"
Assets/Scenes/Hornet/Hang_08.unity	9997	2190	FSM	ffe3a1a9c1e2bb94da3315cccccc4782	11400000	"[""Assets/PlayMaker/Templates/hornet_multi_wounder.asset""]"
Assets/Scenes/Hornet/Hang_08.unity	10058	2974	Control	8b56ec0cfd65cc947973c77e650d446d	11400000	"[""Assets/PlayMaker/Templates/harpoon_ring.asset""]"
Assets/Scenes/Hornet/Hang_08.unity	10059	2973	Control	8b56ec0cfd65cc947973c77e650d446d	11400000	"[""Assets/PlayMaker/Templates/harpoon_ring.asset""]"
Assets/Scenes/Hornet/Hang_09.unity	3511	1048	hornet_multi_wounder	ffe3a1a9c1e2bb94da3315cccccc4782	11400000	"[""Assets/PlayMaker/Templates/hornet_multi_wounder.asset""]"
Assets/Scenes/Hornet/Hang_09.unity	3634	844	hornet_multi_wounder	ffe3a1a9c1e2bb94da3315cccccc4782	11400000	"[""Assets/PlayMaker/Templates/hornet_multi_wounder.asset""]"
Assets/Scenes/Hornet/Hang_09.unity	3646	930	Control	a5d1d902fa29fde4a8ce1757e4f6b0a3	11400000	"[""Assets/PlayMaker/Templates/floating_object.asset""]"
Assets/Scenes/Hornet/Hang_10.unity	4028	495	FSM	c332780cbeb3a264fb2eff442248d6cd	11400000	"[""Assets/PlayMaker/Templates/follow_camera_bound.asset""]"
Assets/Scenes/Hornet/Hang_10.unity	4049	629	FSM	c332780cbeb3a264fb2eff442248d6cd	11400000	"[""Assets/PlayMaker/Templates/follow_camera_bound.asset""]"
Assets/Scenes/Hornet/Hang_10.unity	4063	738	breakable_wall_v2	49ae76d885d76f0409f5e87241c2e88a	11400000	"[""Assets/PlayMaker/Templates/breakable_wall_v2.asset""]"
Assets/Scenes/Hornet/Hang_10.unity	4069	790	FSM	c332780cbeb3a264fb2eff442248d6cd	11400000	"[""Assets/PlayMaker/Templates/follow_camera_bound.asset""]"
Assets/Scenes/Hornet/Hang_10.unity	4071	801	FSM	c332780cbeb3a264fb2eff442248d6cd	11400000	"[""Assets/PlayMaker/Templates/follow_camera_bound.asset""]"
Assets/Scenes/Hornet/Hang_10.unity	4129	1181	hornet_multi_wounder	ffe3a1a9c1e2bb94da3315cccccc4782	11400000	"[""Assets/PlayMaker/Templates/hornet_multi_wounder.asset""]"
Assets/Scenes/Hornet/Hang_10.unity	4301	978	hornet_multi_wounder	ffe3a1a9c1e2bb94da3315cccccc4782	11400000	"[""Assets/PlayMaker/Templates/hornet_multi_wounder.asset""]"
Assets/Scenes/Hornet/Hang_13.unity	5327	927	call_handmaiden	e6580aa9081bced48b44a6f5202ee214	11400000	"[""Assets/PlayMaker/Templates/call_handmaiden.asset""]"
Assets/Scenes/Hornet/Hang_13.unity	5333	182	FSM	c332780cbeb3a264fb2eff442248d6cd	11400000	"[""Assets/PlayMaker/Templates/follow_camera_bound.asset""]"
Assets/Scenes/Hornet/Hang_13.unity	5394	700	FSM	c332780cbeb3a264fb2eff442248d6cd	11400000	"[""Assets/PlayMaker/Templates/follow_camera_bound.asset""]"
Assets/Scenes/Hornet/Hang_13.unity	5419	1031	ride	8f3e1c25e3437bc438d59b1163c4e3d5	11400000	"[""Assets/PlayMaker/Templates/harpoon_ring_ride_vertical.asset""]"
Assets/Scenes/Hornet/Hang_13.unity	5512	1031	Control	8b56ec0cfd65cc947973c77e650d446d	11400000	"[""Assets/PlayMaker/Templates/harpoon_ring.asset""]"
Assets/Scenes/Hornet/Hang_13.unity	5627	741	Control	8b56ec0cfd65cc947973c77e650d446d	11400000	"[""Assets/PlayMaker/Templates/harpoon_ring.asset""]"
Assets/Scenes/Hornet/Hang_13.unity	5629	739	Control	8b56ec0cfd65cc947973c77e650d446d	11400000	"[""Assets/PlayMaker/Templates/harpoon_ring.asset""]"
Assets/Scenes/Hornet/Hang_13.unity	5631	740	Control	8b56ec0cfd65cc947973c77e650d446d	11400000	"[""Assets/PlayMaker/Templates/harpoon_ring.asset""]"
Assets/Scenes/Hornet/Hang_13.unity	5759	1605	hornet_multi_wounder	ffe3a1a9c1e2bb94da3315cccccc4782	11400000	"[""Assets/PlayMaker/Templates/hornet_multi_wounder.asset""]"
Assets/Scenes/Hornet/Hang_13.unity	5809	933	FSM	ffe3a1a9c1e2bb94da3315cccccc4782	11400000	"[""Assets/PlayMaker/Templates/hornet_multi_wounder.asset""]"
Assets/Scenes/Hornet/Hang_13.unity	5811	932	FSM	ffe3a1a9c1e2bb94da3315cccccc4782	11400000	"[""Assets/PlayMaker/Templates/hornet_multi_wounder.asset""]"
Assets/Scenes/Hornet/Hang_14.unity	6814	428	breakable_wall_v2	49ae76d885d76f0409f5e87241c2e88a	11400000	"[""Assets/PlayMaker/Templates/breakable_wall_v2.asset""]"
Assets/Scenes/Hornet/Hang_14.unity	6821	483	FSM	2822d5f0a56d5274594c3ab82acbe0d6	11400000	"[""Assets/PlayMaker/Templates/lowpass_audio_by_area.asset""]"
Assets/Scenes/Hornet/Hang_14.unity	6824	1805	FSM	ffe3a1a9c1e2bb94da3315cccccc4782	11400000	"[""Assets/PlayMaker/Templates/hornet_multi_wounder.asset""]"
Assets/Scenes/Hornet/Hang_14.unity	6847	1804	FSM	ffe3a1a9c1e2bb94da3315cccccc4782	11400000	"[""Assets/PlayMaker/Templates/hornet_multi_wounder.asset""]"
Assets/Scenes/Hornet/Hang_14.unity	7487	1112	tilt_plat	a40d78acbe179ad4a90e9b9d77d082be	11400000	"[""Assets/PlayMaker/Templates/tilt_plat.asset""]"
Assets/Scenes/Hornet/Hang_14.unity	7490	1113	tilt_plat	a40d78acbe179ad4a90e9b9d77d082be	11400000	"[""Assets/PlayMaker/Templates/tilt_plat.asset""]"
Assets/Scenes/Hornet/Hang_16.unity	2562	701	FSM	c332780cbeb3a264fb2eff442248d6cd	11400000	"[""Assets/PlayMaker/Templates/follow_camera_bound.asset""]"
Assets/Scenes/Hornet/Hang_16.unity	2732	602	tilt_plat	a40d78acbe179ad4a90e9b9d77d082be	11400000	"[""Assets/PlayMaker/Templates/tilt_plat.asset""]"
Assets/Scenes/Hornet/Hang_17b.unity	3702	1147	FSM	b2e2c0c027728d04cbe715384d52c5bc	11400000	"[""Assets/PlayMaker/Templates/song_knight_catch_hero.asset""]"
Assets/Scenes/Hornet/Hang_17b.unity	3850	1147	Control	ab5914c3c3521b049b8588adcffc9e6b	11400000	"[""Assets/PlayMaker/Templates/song_knight_control.asset""]"
Assets/Scenes/Hornet/Hang_17b.unity	3863	1147	Stun Control	2e4b6e573032075449b2ab0adc00c0b8	11400000	"[""Assets/PlayMaker/Templates/stun_control.asset""]"
Assets/Scenes/Hornet/Hang_17b.unity	3948	1222	FSM	ffe3a1a9c1e2bb94da3315cccccc4782	11400000	"[""Assets/PlayMaker/Templates/hornet_multi_wounder.asset""]"
Assets/Scenes/Hornet/Hang_17b.unity	3968	1204	FSM	ffe3a1a9c1e2bb94da3315cccccc4782	11400000	"[""Assets/PlayMaker/Templates/hornet_multi_wounder.asset""]"
Assets/Scenes/Hornet/Last_Dive.unity	435	25	Horizontal Control	3d0d24a996548b94481a445443684237	11400000	"[""Assets/PlayMaker/Templates/hornet_last_dive_control.asset""]"
Assets/Scenes/Hornet/Last_Dive_Return.unity	406	18	FSM	3d0d24a996548b94481a445443684237	11400000	"[""Assets/PlayMaker/Templates/hornet_last_dive_control.asset""]"
Assets/Scenes/Hornet/Library_01.unity	11341	111	breakable_wall_v2	49ae76d885d76f0409f5e87241c2e88a	11400000	"[""Assets/PlayMaker/Templates/breakable_wall_v2.asset""]"
Assets/Scenes/Hornet/Library_01.unity	11344	176	map_isroom	0fa874bd0a265424880fbf25a2b42b4c	11400000	"[""Assets/PlayMaker/Templates/map_isroom.asset""]"
Assets/Scenes/Hornet/Library_01.unity	11996	1855	multi wounder	ffe3a1a9c1e2bb94da3315cccccc4782	11400000	"[""Assets/PlayMaker/Templates/hornet_multi_wounder.asset""]"
Assets/Scenes/Hornet/Library_01.unity	11997	1856	multi wounder	ffe3a1a9c1e2bb94da3315cccccc4782	11400000	"[""Assets/PlayMaker/Templates/hornet_multi_wounder.asset""]"
Assets/Scenes/Hornet/Library_02.unity	12380	371	map_isroom	0fa874bd0a265424880fbf25a2b42b4c	11400000	"[""Assets/PlayMaker/Templates/map_isroom.asset""]"
Assets/Scenes/Hornet/Library_02.unity	12405	993	FSM	1686fa2f54abca14ea6969b774a733fb	11400000	"[""Assets/PlayMaker/Templates/depress_plat.asset""]"
Assets/Scenes/Hornet/Library_02.unity	12534	2455	hornet_multi_wounder	ffe3a1a9c1e2bb94da3315cccccc4782	11400000	"[""Assets/PlayMaker/Templates/hornet_multi_wounder.asset""]"
Assets/Scenes/Hornet/Library_02.unity	12535	2454	hornet_multi_wounder	ffe3a1a9c1e2bb94da3315cccccc4782	11400000	"[""Assets/PlayMaker/Templates/hornet_multi_wounder.asset""]"
Assets/Scenes/Hornet/Library_02.unity	12746	3627	hornet_multi_wounder	ffe3a1a9c1e2bb94da3315cccccc4782	11400000	"[""Assets/PlayMaker/Templates/hornet_multi_wounder.asset""]"
Assets/Scenes/Hornet/Library_02.unity	12747	3628	hornet_multi_wounder	ffe3a1a9c1e2bb94da3315cccccc4782	11400000	"[""Assets/PlayMaker/Templates/hornet_multi_wounder.asset""]"
Assets/Scenes/Hornet/Library_02.unity	12765	3579	pilgrim_behaviour	5d4d1c36f09a17949a8eb0175e50b0b4	11400000	"[""Assets/PlayMaker/Templates/pilgrim_behaviour.asset""]"
Assets/Scenes/Hornet/Library_02.unity	12766	3578	pilgrim_behaviour	5d4d1c36f09a17949a8eb0175e50b0b4	11400000	"[""Assets/PlayMaker/Templates/pilgrim_behaviour.asset""]"
Assets/Scenes/Hornet/Library_02.unity	12775	3070	hornet_multi_wounder	ffe3a1a9c1e2bb94da3315cccccc4782	11400000	"[""Assets/PlayMaker/Templates/hornet_multi_wounder.asset""]"
Assets/Scenes/Hornet/Library_02.unity	12776	3071	hornet_multi_wounder	ffe3a1a9c1e2bb94da3315cccccc4782	11400000	"[""Assets/PlayMaker/Templates/hornet_multi_wounder.asset""]"
Assets/Scenes/Hornet/Library_02.unity	12954	2534	hornet_multi_wounder	ffe3a1a9c1e2bb94da3315cccccc4782	11400000	"[""Assets/PlayMaker/Templates/hornet_multi_wounder.asset""]"
Assets/Scenes/Hornet/Library_02.unity	12955	2535	hornet_multi_wounder	ffe3a1a9c1e2bb94da3315cccccc4782	11400000	"[""Assets/PlayMaker/Templates/hornet_multi_wounder.asset""]"
Assets/Scenes/Hornet/Library_02.unity	13079	3121	steam_slash_effect	1f84846daa21b104a97207aebc9242c6	11400000	"[""Assets/PlayMaker/Templates/steam_slash_effect.asset""]"
Assets/Scenes/Hornet/Library_02.unity	13080	3122	steam_slash_effect	1f84846daa21b104a97207aebc9242c6	11400000	"[""Assets/PlayMaker/Templates/steam_slash_effect.asset""]"
Assets/Scenes/Hornet/Library_02.unity	13149	3206	hornet_multi_wounder	ffe3a1a9c1e2bb94da3315cccccc4782	11400000	"[""Assets/PlayMaker/Templates/hornet_multi_wounder.asset""]"
Assets/Scenes/Hornet/Library_02.unity	13150	3207	hornet_multi_wounder	ffe3a1a9c1e2bb94da3315cccccc4782	11400000	"[""Assets/PlayMaker/Templates/hornet_multi_wounder.asset""]"
Assets/Scenes/Hornet/Library_02.unity	13165	3613	hornet_multi_wounder	ffe3a1a9c1e2bb94da3315cccccc4782	11400000	"[""Assets/PlayMaker/Templates/hornet_multi_wounder.asset""]"
Assets/Scenes/Hornet/Library_02.unity	13166	3612	hornet_multi_wounder	ffe3a1a9c1e2bb94da3315cccccc4782	11400000	"[""Assets/PlayMaker/Templates/hornet_multi_wounder.asset""]"
Assets/Scenes/Hornet/Library_02.unity	13212	3333	hornet_multi_wounder	ffe3a1a9c1e2bb94da3315cccccc4782	11400000	"[""Assets/PlayMaker/Templates/hornet_multi_wounder.asset""]"
Assets/Scenes/Hornet/Library_02.unity	13274	2621	multi wounder	ffe3a1a9c1e2bb94da3315cccccc4782	11400000	"[""Assets/PlayMaker/Templates/hornet_multi_wounder.asset""]"
Assets/Scenes/Hornet/Library_02.unity	13291	2482	pilgrim_behaviour	5d4d1c36f09a17949a8eb0175e50b0b4	11400000	"[""Assets/PlayMaker/Templates/pilgrim_behaviour.asset""]"
Assets/Scenes/Hornet/Library_02.unity	13292	2486	pilgrim_behaviour	5d4d1c36f09a17949a8eb0175e50b0b4	11400000	"[""Assets/PlayMaker/Templates/pilgrim_behaviour.asset""]"
Assets/Scenes/Hornet/Library_02.unity	13472	3147	steam_slash_effect	1f84846daa21b104a97207aebc9242c6	11400000	"[""Assets/PlayMaker/Templates/steam_slash_effect.asset""]"
Assets/Scenes/Hornet/Library_02.unity	13473	3148	steam_slash_effect	1f84846daa21b104a97207aebc9242c6	11400000	"[""Assets/PlayMaker/Templates/steam_slash_effect.asset""]"
Assets/Scenes/Hornet/Library_02.unity	13474	3149	steam_slash_effect	1f84846daa21b104a97207aebc9242c6	11400000	"[""Assets/PlayMaker/Templates/steam_slash_effect.asset""]"
Assets/Scenes/Hornet/Library_02.unity	13709	2694	FSM	ffe3a1a9c1e2bb94da3315cccccc4782	11400000	"[""Assets/PlayMaker/Templates/hornet_multi_wounder.asset""]"
Assets/Scenes/Hornet/Library_02.unity	13711	2695	FSM	ffe3a1a9c1e2bb94da3315cccccc4782	11400000	"[""Assets/PlayMaker/Templates/hornet_multi_wounder.asset""]"
Assets/Scenes/Hornet/Library_02.unity	13713	2696	FSM	ffe3a1a9c1e2bb94da3315cccccc4782	11400000	"[""Assets/PlayMaker/Templates/hornet_multi_wounder.asset""]"
Assets/Scenes/Hornet/Library_02.unity	13721	2459	FSM	6f0839127750b164ebb46ddbae600e15	11400000	"[""Assets/PlayMaker/Templates/flyer_go_up_response.asset""]"
Assets/Scenes/Hornet/Library_02.unity	13722	2458	FSM	6f0839127750b164ebb46ddbae600e15	11400000	"[""Assets/PlayMaker/Templates/flyer_go_up_response.asset""]"
Assets/Scenes/Hornet/Library_03.unity	10668	323	map_isroom	0fa874bd0a265424880fbf25a2b42b4c	11400000	"[""Assets/PlayMaker/Templates/map_isroom.asset""]"
Assets/Scenes/Hornet/Library_04.unity	25879	727	map_isroom	0fa874bd0a265424880fbf25a2b42b4c	11400000	"[""Assets/PlayMaker/Templates/map_isroom.asset""]"
Assets/Scenes/Hornet/Library_04.unity	27433	5577	multi wounder	ffe3a1a9c1e2bb94da3315cccccc4782	11400000	"[""Assets/PlayMaker/Templates/hornet_multi_wounder.asset""]"
Assets/Scenes/Hornet/Library_04.unity	27434	5578	multi wounder	ffe3a1a9c1e2bb94da3315cccccc4782	11400000	"[""Assets/PlayMaker/Templates/hornet_multi_wounder.asset""]"
Assets/Scenes/Hornet/Library_04.unity	27435	5580	multi wounder	ffe3a1a9c1e2bb94da3315cccccc4782	11400000	"[""Assets/PlayMaker/Templates/hornet_multi_wounder.asset""]"
Assets/Scenes/Hornet/Library_04.unity	27436	5579	multi wounder	ffe3a1a9c1e2bb94da3315cccccc4782	11400000	"[""Assets/PlayMaker/Templates/hornet_multi_wounder.asset""]"
Assets/Scenes/Hornet/Library_04.unity	28101	5767	FSM	ffe3a1a9c1e2bb94da3315cccccc4782	11400000	"[""Assets/PlayMaker/Templates/hornet_multi_wounder.asset""]"
Assets/Scenes/Hornet/Library_04.unity	28103	5768	FSM	ffe3a1a9c1e2bb94da3315cccccc4782	11400000	"[""Assets/PlayMaker/Templates/hornet_multi_wounder.asset""]"
Assets/Scenes/Hornet/Library_04.unity	28541	8049	hornet_multi_wounder	ffe3a1a9c1e2bb94da3315cccccc4782	11400000	"[""Assets/PlayMaker/Templates/hornet_multi_wounder.asset""]"
Assets/Scenes/Hornet/Library_04.unity	28543	8048	hornet_multi_wounder	ffe3a1a9c1e2bb94da3315cccccc4782	11400000	"[""Assets/PlayMaker/Templates/hornet_multi_wounder.asset""]"
Assets/Scenes/Hornet/Library_05.unity	7316	729	destroy_after_anim	2a3836a243fdb7846887c672bc1ca3c3	11400000	"[""Assets/PlayMaker/Templates/destroy_after_anim.asset""]"
Assets/Scenes/Hornet/Library_05.unity	7909	1766	multi wounder	ffe3a1a9c1e2bb94da3315cccccc4782	11400000	"[""Assets/PlayMaker/Templates/hornet_multi_wounder.asset""]"
Assets/Scenes/Hornet/Library_05.unity	7910	1767	multi wounder	ffe3a1a9c1e2bb94da3315cccccc4782	11400000	"[""Assets/PlayMaker/Templates/hornet_multi_wounder.asset""]"
Assets/Scenes/Hornet/Library_06.unity	8325	233	map_isroom	0fa874bd0a265424880fbf25a2b42b4c	11400000	"[""Assets/PlayMaker/Templates/map_isroom.asset""]"
Assets/Scenes/Hornet/Library_06.unity	8416	2311	hornet_multi_wounder	ffe3a1a9c1e2bb94da3315cccccc4782	11400000	"[""Assets/PlayMaker/Templates/hornet_multi_wounder.asset""]"
Assets/Scenes/Hornet/Library_06.unity	8774	1500	hornet_multi_wounder	ffe3a1a9c1e2bb94da3315cccccc4782	11400000	"[""Assets/PlayMaker/Templates/hornet_multi_wounder.asset""]"
Assets/Scenes/Hornet/Library_06.unity	8880	1761	multi wounder	ffe3a1a9c1e2bb94da3315cccccc4782	11400000	"[""Assets/PlayMaker/Templates/hornet_multi_wounder.asset""]"
Assets/Scenes/Hornet/Library_06.unity	9105	1818	FSM	ffe3a1a9c1e2bb94da3315cccccc4782	11400000	"[""Assets/PlayMaker/Templates/hornet_multi_wounder.asset""]"
Assets/Scenes/Hornet/Library_06.unity	9230	2591	hornet_multi_wounder	ffe3a1a9c1e2bb94da3315cccccc4782	11400000	"[""Assets/PlayMaker/Templates/hornet_multi_wounder.asset""]"
Assets/Scenes/Hornet/Library_07.unity	11822	515	map_isroom	0fa874bd0a265424880fbf25a2b42b4c	11400000	"[""Assets/PlayMaker/Templates/map_isroom.asset""]"
Assets/Scenes/Hornet/Library_07.unity	12254	2820	Control	0a90bbd7d59385641a93fc8723ca8247	11400000	"[""Assets/PlayMaker/Templates/updraft_region.asset""]"
Assets/Scenes/Hornet/Library_07.unity	12255	2819	Control	0a90bbd7d59385641a93fc8723ca8247	11400000	"[""Assets/PlayMaker/Templates/updraft_region.asset""]"
Assets/Scenes/Hornet/Library_07.unity	12256	2818	Control	0a90bbd7d59385641a93fc8723ca8247	11400000	"[""Assets/PlayMaker/Templates/updraft_region.asset""]"
Assets/Scenes/Hornet/Library_07.unity	12966	3864	Control	0a90bbd7d59385641a93fc8723ca8247	11400000	"[""Assets/PlayMaker/Templates/updraft_region.asset""]"
Assets/Scenes/Hornet/Library_08.unity	8535	29	Bench Control	30022a57d0796134fbc5d49b1decd4f9	11400000	"[""Assets/PlayMaker/Templates/bench_control.asset""]"
Assets/Scenes/Hornet/Library_08.unity	8562	256	map_isroom	0fa874bd0a265424880fbf25a2b42b4c	11400000	"[""Assets/PlayMaker/Templates/map_isroom.asset""]"
Assets/Scenes/Hornet/Library_08.unity	8590	2084	FSM	2822d5f0a56d5274594c3ab82acbe0d6	11400000	"[""Assets/PlayMaker/Templates/lowpass_audio_by_area.asset""]"
Assets/Scenes/Hornet/Library_08.unity	8953	2589	Inventory Proxy	a1325dc212777ad41a004c4d0442f194	11400000	"[""Assets/PlayMaker/Templates/inventory_proxy.asset""]"
Assets/Scenes/Hornet/Library_08.unity	9003	1760	Animation	c60b262fa34810449be4e50248f3c6f0	11400000	"[""Assets/PlayMaker/Templates/librarian_tentancles_animation.asset""]"
Assets/Scenes/Hornet/Library_08.unity	9004	1764	Animation	c60b262fa34810449be4e50248f3c6f0	11400000	"[""Assets/PlayMaker/Templates/librarian_tentancles_animation.asset""]"
Assets/Scenes/Hornet/Library_08.unity	9005	1763	Animation	c60b262fa34810449be4e50248f3c6f0	11400000	"[""Assets/PlayMaker/Templates/librarian_tentancles_animation.asset""]"
Assets/Scenes/Hornet/Library_08.unity	9006	1761	Animation	c60b262fa34810449be4e50248f3c6f0	11400000	"[""Assets/PlayMaker/Templates/librarian_tentancles_animation.asset""]"
Assets/Scenes/Hornet/Library_08.unity	9007	1762	Animation	c60b262fa34810449be4e50248f3c6f0	11400000	"[""Assets/PlayMaker/Templates/librarian_tentancles_animation.asset""]"
Assets/Scenes/Hornet/Library_08.unity	9320	1890	Animation	c60b262fa34810449be4e50248f3c6f0	11400000	"[""Assets/PlayMaker/Templates/librarian_tentancles_animation.asset""]"
Assets/Scenes/Hornet/Library_08.unity	9321	1891	Animation	c60b262fa34810449be4e50248f3c6f0	11400000	"[""Assets/PlayMaker/Templates/librarian_tentancles_animation.asset""]"
Assets/Scenes/Hornet/Library_09.unity	11605	89	FSM	c332780cbeb3a264fb2eff442248d6cd	11400000	"[""Assets/PlayMaker/Templates/follow_camera_bound.asset""]"
Assets/Scenes/Hornet/Library_09.unity	11643	500	map_isroom	0fa874bd0a265424880fbf25a2b42b4c	11400000	"[""Assets/PlayMaker/Templates/map_isroom.asset""]"
Assets/Scenes/Hornet/Library_09.unity	11683	2748	Stun Control	2e4b6e573032075449b2ab0adc00c0b8	11400000	"[""Assets/PlayMaker/Templates/stun_control.asset""]"
Assets/Scenes/Hornet/Library_09.unity	11876	2885	hornet_multi_wounder	ffe3a1a9c1e2bb94da3315cccccc4782	11400000	"[""Assets/PlayMaker/Templates/hornet_multi_wounder.asset""]"
Assets/Scenes/Hornet/Library_09.unity	11877	2884	hornet_multi_wounder	ffe3a1a9c1e2bb94da3315cccccc4782	11400000	"[""Assets/PlayMaker/Templates/hornet_multi_wounder.asset""]"
Assets/Scenes/Hornet/Library_09.unity	11878	2883	hornet_multi_wounder	ffe3a1a9c1e2bb94da3315cccccc4782	11400000	"[""Assets/PlayMaker/Templates/hornet_multi_wounder.asset""]"
Assets/Scenes/Hornet/Library_09.unity	12005	3552	hornet_multi_wounder	ffe3a1a9c1e2bb94da3315cccccc4782	11400000	"[""Assets/PlayMaker/Templates/hornet_multi_wounder.asset""]"
Assets/Scenes/Hornet/Library_09.unity	12006	3553	hornet_multi_wounder	ffe3a1a9c1e2bb94da3315cccccc4782	11400000	"[""Assets/PlayMaker/Templates/hornet_multi_wounder.asset""]"
Assets/Scenes/Hornet/Library_09.unity	12007	3551	hornet_multi_wounder	ffe3a1a9c1e2bb94da3315cccccc4782	11400000	"[""Assets/PlayMaker/Templates/hornet_multi_wounder.asset""]"
Assets/Scenes/Hornet/Library_09.unity	12030	3259	hornet_multi_wounder	ffe3a1a9c1e2bb94da3315cccccc4782	11400000	"[""Assets/PlayMaker/Templates/hornet_multi_wounder.asset""]"
Assets/Scenes/Hornet/Library_09.unity	12031	3260	hornet_multi_wounder	ffe3a1a9c1e2bb94da3315cccccc4782	11400000	"[""Assets/PlayMaker/Templates/hornet_multi_wounder.asset""]"
Assets/Scenes/Hornet/Library_09.unity	12032	3258	hornet_multi_wounder	ffe3a1a9c1e2bb94da3315cccccc4782	11400000	"[""Assets/PlayMaker/Templates/hornet_multi_wounder.asset""]"
Assets/Scenes/Hornet/Library_09.unity	12145	2945	hornet_multi_wounder	ffe3a1a9c1e2bb94da3315cccccc4782	11400000	"[""Assets/PlayMaker/Templates/hornet_multi_wounder.asset""]"
Assets/Scenes/Hornet/Library_09.unity	12146	2946	hornet_multi_wounder	ffe3a1a9c1e2bb94da3315cccccc4782	11400000	"[""Assets/PlayMaker/Templates/hornet_multi_wounder.asset""]"
Assets/Scenes/Hornet/Library_09.unity	12147	2944	hornet_multi_wounder	ffe3a1a9c1e2bb94da3315cccccc4782	11400000	"[""Assets/PlayMaker/Templates/hornet_multi_wounder.asset""]"
Assets/Scenes/Hornet/Library_09.unity	12249	3331	hornet_multi_wounder	ffe3a1a9c1e2bb94da3315cccccc4782	11400000	"[""Assets/PlayMaker/Templates/hornet_multi_wounder.asset""]"
Assets/Scenes/Hornet/Library_09.unity	12250	3332	hornet_multi_wounder	ffe3a1a9c1e2bb94da3315cccccc4782	11400000	"[""Assets/PlayMaker/Templates/hornet_multi_wounder.asset""]"
Assets/Scenes/Hornet/Library_09.unity	12251	3330	hornet_multi_wounder	ffe3a1a9c1e2bb94da3315cccccc4782	11400000	"[""Assets/PlayMaker/Templates/hornet_multi_wounder.asset""]"
Assets/Scenes/Hornet/Library_09.unity	12258	3533	hornet_multi_wounder	ffe3a1a9c1e2bb94da3315cccccc4782	11400000	"[""Assets/PlayMaker/Templates/hornet_multi_wounder.asset""]"
Assets/Scenes/Hornet/Library_09.unity	12259	3532	hornet_multi_wounder	ffe3a1a9c1e2bb94da3315cccccc4782	11400000	"[""Assets/PlayMaker/Templates/hornet_multi_wounder.asset""]"
Assets/Scenes/Hornet/Library_09.unity	12260	3534	hornet_multi_wounder	ffe3a1a9c1e2bb94da3315cccccc4782	11400000	"[""Assets/PlayMaker/Templates/hornet_multi_wounder.asset""]"
Assets/Scenes/Hornet/Library_09.unity	12288	3382	hornet_multi_wounder	ffe3a1a9c1e2bb94da3315cccccc4782	11400000	"[""Assets/PlayMaker/Templates/hornet_multi_wounder.asset""]"
Assets/Scenes/Hornet/Library_09.unity	12480	2748	Control	04b9a40fa5ae75c47a5cdd4b0998c7ac	11400000	"[""Assets/PlayMaker/Templates/garmond_control.asset""]"
Assets/Scenes/Hornet/Library_09.unity	12572	2757	hornet_multi_wounder	ffe3a1a9c1e2bb94da3315cccccc4782	11400000	"[""Assets/PlayMaker/Templates/hornet_multi_wounder.asset""]"
Assets/Scenes/Hornet/Library_09.unity	12632	3378	FSM	ffe3a1a9c1e2bb94da3315cccccc4782	11400000	"[""Assets/PlayMaker/Templates/hornet_multi_wounder.asset""]"
Assets/Scenes/Hornet/Library_09.unity	12671	2889	FSM	6f0839127750b164ebb46ddbae600e15	11400000	"[""Assets/PlayMaker/Templates/flyer_go_up_response.asset""]"
Assets/Scenes/Hornet/Library_10.unity	5098	160	breakable_wall_v2	49ae76d885d76f0409f5e87241c2e88a	11400000	"[""Assets/PlayMaker/Templates/breakable_wall_v2.asset""]"
Assets/Scenes/Hornet/Library_10.unity	5099	187	map_isroom	0fa874bd0a265424880fbf25a2b42b4c	11400000	"[""Assets/PlayMaker/Templates/map_isroom.asset""]"
Assets/Scenes/Hornet/Library_10.unity	5149	665	Bench Control	30022a57d0796134fbc5d49b1decd4f9	11400000	"[""Assets/PlayMaker/Templates/bench_control.asset""]"
Assets/Scenes/Hornet/Library_11.unity	6135	315	map_isroom	0fa874bd0a265424880fbf25a2b42b4c	11400000	"[""Assets/PlayMaker/Templates/map_isroom.asset""]"
Assets/Scenes/Hornet/Library_11b.unity	19449	49	memory_font	1149e4704ba0dda4f9285f37a96bb6b2	11400000	"[""Assets/PlayMaker/Templates/memory_font.asset""]"
Assets/Scenes/Hornet/Library_11b.unity	19461	400	map_isroom	0fa874bd0a265424880fbf25a2b42b4c	11400000	"[""Assets/PlayMaker/Templates/map_isroom.asset""]"
Assets/Scenes/Hornet/Library_11b.unity	19521	3854	FSM	c332780cbeb3a264fb2eff442248d6cd	11400000	"[""Assets/PlayMaker/Templates/follow_camera_bound.asset""]"
Assets/Scenes/Hornet/Library_11b.unity	20309	4188	Damage Hero	3ff80959024b2774c802f818564e033e	11400000	"[""Assets/PlayMaker/Templates/coal_region.asset""]"
Assets/Scenes/Hornet/Library_11b.unity	20521	2259	Control	8b56ec0cfd65cc947973c77e650d446d	11400000	"[""Assets/PlayMaker/Templates/harpoon_ring.asset""]"
Assets/Scenes/Hornet/Library_11b.unity	21082	3330	FSM	ffe3a1a9c1e2bb94da3315cccccc4782	11400000	"[""Assets/PlayMaker/Templates/hornet_multi_wounder.asset""]"
Assets/Scenes/Hornet/Library_11b.unity	21084	3329	FSM	ffe3a1a9c1e2bb94da3315cccccc4782	11400000	"[""Assets/PlayMaker/Templates/hornet_multi_wounder.asset""]"
Assets/Scenes/Hornet/Library_12.unity	14334	573	map_isroom	0fa874bd0a265424880fbf25a2b42b4c	11400000	"[""Assets/PlayMaker/Templates/map_isroom.asset""]"
Assets/Scenes/Hornet/Library_12.unity	14336	683	Sway	611750e4cd2b0fc488c94b4d4a747bec	11400000	"[""Assets/PlayMaker/Templates/sway_plat_art.asset""]"
Assets/Scenes/Hornet/Library_12.unity	14351	932	Sway	611750e4cd2b0fc488c94b4d4a747bec	11400000	"[""Assets/PlayMaker/Templates/sway_plat_art.asset""]"
Assets/Scenes/Hornet/Library_12.unity	14417	2091	Sway	611750e4cd2b0fc488c94b4d4a747bec	11400000	"[""Assets/PlayMaker/Templates/sway_plat_art.asset""]"
Assets/Scenes/Hornet/Library_12.unity	14463	3228	Sway	611750e4cd2b0fc488c94b4d4a747bec	11400000	"[""Assets/PlayMaker/Templates/sway_plat_art.asset""]"
Assets/Scenes/Hornet/Library_12.unity	14512	3664	Detect Landing	c9d78aec9d8dd8a419833f8f977ce120	11400000	"[""Assets/PlayMaker/Templates/sway_plat_collider.asset""]"
Assets/Scenes/Hornet/Library_12.unity	14513	3663	Detect Landing	c9d78aec9d8dd8a419833f8f977ce120	11400000	"[""Assets/PlayMaker/Templates/sway_plat_collider.asset""]"
Assets/Scenes/Hornet/Library_12.unity	14514	3666	Detect Landing	c9d78aec9d8dd8a419833f8f977ce120	11400000	"[""Assets/PlayMaker/Templates/sway_plat_collider.asset""]"
Assets/Scenes/Hornet/Library_12.unity	14515	3665	Detect Landing	c9d78aec9d8dd8a419833f8f977ce120	11400000	"[""Assets/PlayMaker/Templates/sway_plat_collider.asset""]"
Assets/Scenes/Hornet/Library_12.unity	14516	3667	Detect Landing	c9d78aec9d8dd8a419833f8f977ce120	11400000	"[""Assets/PlayMaker/Templates/sway_plat_collider.asset""]"
Assets/Scenes/Hornet/Library_12.unity	14543	4017	Sway	611750e4cd2b0fc488c94b4d4a747bec	11400000	"[""Assets/PlayMaker/Templates/sway_plat_art.asset""]"
Assets/Scenes/Hornet/Library_12.unity	14544	4018	Sway	611750e4cd2b0fc488c94b4d4a747bec	11400000	"[""Assets/PlayMaker/Templates/sway_plat_art.asset""]"
Assets/Scenes/Hornet/Library_12.unity	14545	4019	Sway	611750e4cd2b0fc488c94b4d4a747bec	11400000	"[""Assets/PlayMaker/Templates/sway_plat_art.asset""]"
Assets/Scenes/Hornet/Library_12.unity	14546	4020	Sway	611750e4cd2b0fc488c94b4d4a747bec	11400000	"[""Assets/PlayMaker/Templates/sway_plat_art.asset""]"
Assets/Scenes/Hornet/Library_12.unity	14547	4021	Sway	611750e4cd2b0fc488c94b4d4a747bec	11400000	"[""Assets/PlayMaker/Templates/sway_plat_art.asset""]"
Assets/Scenes/Hornet/Library_12.unity	15317	3676	hornet_multi_wounder	ffe3a1a9c1e2bb94da3315cccccc4782	11400000	"[""Assets/PlayMaker/Templates/hornet_multi_wounder.asset""]"
Assets/Scenes/Hornet/Library_12.unity	15318	3677	hornet_multi_wounder	ffe3a1a9c1e2bb94da3315cccccc4782	11400000	"[""Assets/PlayMaker/Templates/hornet_multi_wounder.asset""]"
Assets/Scenes/Hornet/Library_12.unity	15319	3678	hornet_multi_wounder	ffe3a1a9c1e2bb94da3315cccccc4782	11400000	"[""Assets/PlayMaker/Templates/hornet_multi_wounder.asset""]"
Assets/Scenes/Hornet/Library_12.unity	15380	4348	FSM	ffe3a1a9c1e2bb94da3315cccccc4782	11400000	"[""Assets/PlayMaker/Templates/hornet_multi_wounder.asset""]"
Assets/Scenes/Hornet/Library_12.unity	15382	4347	FSM	ffe3a1a9c1e2bb94da3315cccccc4782	11400000	"[""Assets/PlayMaker/Templates/hornet_multi_wounder.asset""]"
Assets/Scenes/Hornet/Library_12.unity	15384	4346	FSM	ffe3a1a9c1e2bb94da3315cccccc4782	11400000	"[""Assets/PlayMaker/Templates/hornet_multi_wounder.asset""]"
Assets/Scenes/Hornet/Library_12b.unity	5884	310	map_isroom	0fa874bd0a265424880fbf25a2b42b4c	11400000	"[""Assets/PlayMaker/Templates/map_isroom.asset""]"
Assets/Scenes/Hornet/Library_12b.unity	5891	487	FSM	c332780cbeb3a264fb2eff442248d6cd	11400000	"[""Assets/PlayMaker/Templates/follow_camera_bound.asset""]"
Assets/Scenes/Hornet/Library_12b.unity	5908	1272	FSM	c332780cbeb3a264fb2eff442248d6cd	11400000	"[""Assets/PlayMaker/Templates/follow_camera_bound.asset""]"
Assets/Scenes/Hornet/Library_12b.unity	5911	1358	FSM	c332780cbeb3a264fb2eff442248d6cd	11400000	"[""Assets/PlayMaker/Templates/follow_camera_bound.asset""]"
Assets/Scenes/Hornet/Library_12b.unity	5928	1555	FSM	c332780cbeb3a264fb2eff442248d6cd	11400000	"[""Assets/PlayMaker/Templates/follow_camera_bound.asset""]"
Assets/Scenes/Hornet/Library_12b.unity	6200	1881	steam_slash_effect	1f84846daa21b104a97207aebc9242c6	11400000	"[""Assets/PlayMaker/Templates/steam_slash_effect.asset""]"
Assets/Scenes/Hornet/Library_12b.unity	6201	1880	steam_slash_effect	1f84846daa21b104a97207aebc9242c6	11400000	"[""Assets/PlayMaker/Templates/steam_slash_effect.asset""]"
Assets/Scenes/Hornet/Library_12b.unity	6202	1879	steam_slash_effect	1f84846daa21b104a97207aebc9242c6	11400000	"[""Assets/PlayMaker/Templates/steam_slash_effect.asset""]"
Assets/Scenes/Hornet/Library_12b.unity	6203	1878	steam_slash_effect	1f84846daa21b104a97207aebc9242c6	11400000	"[""Assets/PlayMaker/Templates/steam_slash_effect.asset""]"
Assets/Scenes/Hornet/Library_12b.unity	6204	1895	steam_slash_effect	1f84846daa21b104a97207aebc9242c6	11400000	"[""Assets/PlayMaker/Templates/steam_slash_effect.asset""]"
Assets/Scenes/Hornet/Library_12b.unity	6205	1894	steam_slash_effect	1f84846daa21b104a97207aebc9242c6	11400000	"[""Assets/PlayMaker/Templates/steam_slash_effect.asset""]"
Assets/Scenes/Hornet/Library_12b.unity	6206	1893	steam_slash_effect	1f84846daa21b104a97207aebc9242c6	11400000	"[""Assets/PlayMaker/Templates/steam_slash_effect.asset""]"
Assets/Scenes/Hornet/Library_12b.unity	6207	1892	steam_slash_effect	1f84846daa21b104a97207aebc9242c6	11400000	"[""Assets/PlayMaker/Templates/steam_slash_effect.asset""]"
Assets/Scenes/Hornet/Library_13.unity	12797	124	spotlight_control	51250bbe3a8258443bfe54efdd4fc716	11400000	"[""Assets/PlayMaker/Templates/spotlight_control.asset""]"
Assets/Scenes/Hornet/Library_13.unity	12806	279	FSM	51250bbe3a8258443bfe54efdd4fc716	11400000	"[""Assets/PlayMaker/Templates/spotlight_control.asset""]"
Assets/Scenes/Hornet/Library_13.unity	12832	424	spotlight_control	51250bbe3a8258443bfe54efdd4fc716	11400000	"[""Assets/PlayMaker/Templates/spotlight_control.asset""]"
Assets/Scenes/Hornet/Library_13.unity	12926	1168	FSM	51250bbe3a8258443bfe54efdd4fc716	11400000	"[""Assets/PlayMaker/Templates/spotlight_control.asset""]"
Assets/Scenes/Hornet/Library_13.unity	13097	2472	Stun Control	2e4b6e573032075449b2ab0adc00c0b8	11400000	"[""Assets/PlayMaker/Templates/stun_control.asset""]"
Assets/Scenes/Hornet/Library_13.unity	13478	1684	Stun Control	2e4b6e573032075449b2ab0adc00c0b8	11400000	"[""Assets/PlayMaker/Templates/stun_control.asset""]"
Assets/Scenes/Hornet/Library_13.unity	14369	2844	FSM	ffe3a1a9c1e2bb94da3315cccccc4782	11400000	"[""Assets/PlayMaker/Templates/hornet_multi_wounder.asset""]"
Assets/Scenes/Hornet/Library_13.unity	14382	1918	Tornado Event Sender	5e99e452d0f5bee41aaac7f986cafa64	11400000	"[""Assets/PlayMaker/Templates/tornado_event_sender.asset""]"
Assets/Scenes/Hornet/Library_13.unity	14721	3881	Tornado Event Sender	5e99e452d0f5bee41aaac7f986cafa64	11400000	"[""Assets/PlayMaker/Templates/tornado_event_sender.asset""]"
Assets/Scenes/Hornet/Library_13.unity	14759	1831	FSM	ffe3a1a9c1e2bb94da3315cccccc4782	11400000	"[""Assets/PlayMaker/Templates/hornet_multi_wounder.asset""]"
Assets/Scenes/Hornet/Library_13.unity	14810	3484	Tornado Event Sender	5e99e452d0f5bee41aaac7f986cafa64	11400000	"[""Assets/PlayMaker/Templates/tornado_event_sender.asset""]"
Assets/Scenes/Hornet/Library_13.unity	14830	1918	FSM	ffe3a1a9c1e2bb94da3315cccccc4782	11400000	"[""Assets/PlayMaker/Templates/hornet_multi_wounder.asset""]"
Assets/Scenes/Hornet/Library_13b.unity	3554	357	FSM	2822d5f0a56d5274594c3ab82acbe0d6	11400000	"[""Assets/PlayMaker/Templates/lowpass_audio_by_area.asset""]"
Assets/Scenes/Hornet/Library_14.unity	3125	323	breakable_wall_v2	49ae76d885d76f0409f5e87241c2e88a	11400000	"[""Assets/PlayMaker/Templates/breakable_wall_v2.asset""]"
Assets/Scenes/Hornet/Library_14.unity	3390	746	FSM	ffe3a1a9c1e2bb94da3315cccccc4782	11400000	"[""Assets/PlayMaker/Templates/hornet_multi_wounder.asset""]"
Assets/Scenes/Hornet/Library_14.unity	3392	747	FSM	ffe3a1a9c1e2bb94da3315cccccc4782	11400000	"[""Assets/PlayMaker/Templates/hornet_multi_wounder.asset""]"
Assets/Scenes/Hornet/Library_16.unity	1904	60	map_isroom	0fa874bd0a265424880fbf25a2b42b4c	11400000	"[""Assets/PlayMaker/Templates/map_isroom.asset""]"
Assets/Scenes/Hornet/Memory_Ant_Queen.unity	8846	1170	FSM	2822d5f0a56d5274594c3ab82acbe0d6	11400000	"[""Assets/PlayMaker/Templates/lowpass_audio_by_area.asset""]"
Assets/Scenes/Hornet/Memory_Ant_Queen.unity	9358	1724	Stun Control	2e4b6e573032075449b2ab0adc00c0b8	11400000	"[""Assets/PlayMaker/Templates/stun_control.asset""]"
Assets/Scenes/Hornet/Memory_Ant_Queen.unity	9428	1489	FSM	ffe3a1a9c1e2bb94da3315cccccc4782	11400000	"[""Assets/PlayMaker/Templates/hornet_multi_wounder.asset""]"
Assets/Scenes/Hornet/Memory_Ant_Queen.unity	9451	1524	FSM	ffe3a1a9c1e2bb94da3315cccccc4782	11400000	"[""Assets/PlayMaker/Templates/hornet_multi_wounder.asset""]"
Assets/Scenes/Hornet/Memory_Ant_Queen.unity	9638	1914	FSM	ffe3a1a9c1e2bb94da3315cccccc4782	11400000	"[""Assets/PlayMaker/Templates/hornet_multi_wounder.asset""]"
Assets/Scenes/Hornet/Memory_Ant_Queen.unity	9819	2478	FSM	ffe3a1a9c1e2bb94da3315cccccc4782	11400000	"[""Assets/PlayMaker/Templates/hornet_multi_wounder.asset""]"
Assets/Scenes/Hornet/Memory_Coral_Tower.unity	59747	762	FSM	35101b11ff7e15b4a878991793ea8498	11400000	"[""Assets/PlayMaker/Templates/coral_tower_haz_respawn.asset""]"
Assets/Scenes/Hornet/Memory_Coral_Tower.unity	59789	1212	Control	386035e8a47486d4f847df8410b37d41	11400000	"[""Assets/PlayMaker/Templates/coral_tower_spike_floor.asset""]"
Assets/Scenes/Hornet/Memory_Coral_Tower.unity	59802	1299	coral_tower_outro_roar	cf1edb0bdb76a4743834d8ad3fc41f28	11400000	"[""Assets/PlayMaker/Templates/coral_tower_outro_roar.asset""]"
Assets/Scenes/Hornet/Memory_Coral_Tower.unity	59837	1676	coral_tower_outro_roar	cf1edb0bdb76a4743834d8ad3fc41f28	11400000	"[""Assets/PlayMaker/Templates/coral_tower_outro_roar.asset""]"
Assets/Scenes/Hornet/Memory_Coral_Tower.unity	59841	1713	coral_tower_intro_roar	f03c5cfb2e2547145b36db1b824a433b	11400000	"[""Assets/PlayMaker/Templates/coral_tower_intro_roar.asset""]"
Assets/Scenes/Hornet/Memory_Coral_Tower.unity	59861	1952	Control	386035e8a47486d4f847df8410b37d41	11400000	"[""Assets/PlayMaker/Templates/coral_tower_spike_floor.asset""]"
Assets/Scenes/Hornet/Memory_Coral_Tower.unity	59865	1994	Control	386035e8a47486d4f847df8410b37d41	11400000	"[""Assets/PlayMaker/Templates/coral_tower_spike_floor.asset""]"
Assets/Scenes/Hornet/Memory_Coral_Tower.unity	59877	2218	FSM	35101b11ff7e15b4a878991793ea8498	11400000	"[""Assets/PlayMaker/Templates/coral_tower_haz_respawn.asset""]"
Assets/Scenes/Hornet/Memory_Coral_Tower.unity	59896	16190	FSM	e8049b01a822435419c0151ce48dc151	11400000	"[""Assets/PlayMaker/Templates/coral_spike_floor_respawn_cleanup.asset""]"
Assets/Scenes/Hornet/Memory_Coral_Tower.unity	59946	2856	FSM	35101b11ff7e15b4a878991793ea8498	11400000	"[""Assets/PlayMaker/Templates/coral_tower_haz_respawn.asset""]"
Assets/Scenes/Hornet/Memory_Coral_Tower.unity	59952	2907	FSM	c332780cbeb3a264fb2eff442248d6cd	11400000	"[""Assets/PlayMaker/Templates/follow_camera_bound.asset""]"
Assets/Scenes/Hornet/Memory_Coral_Tower.unity	59988	3222	FSM	35101b11ff7e15b4a878991793ea8498	11400000	"[""Assets/PlayMaker/Templates/coral_tower_haz_respawn.asset""]"
Assets/Scenes/Hornet/Memory_Coral_Tower.unity	60031	3687	coral_tower_intro_roar	f03c5cfb2e2547145b36db1b824a433b	11400000	"[""Assets/PlayMaker/Templates/coral_tower_intro_roar.asset""]"
Assets/Scenes/Hornet/Memory_Coral_Tower.unity	60037	3759	Control	386035e8a47486d4f847df8410b37d41	11400000	"[""Assets/PlayMaker/Templates/coral_tower_spike_floor.asset""]"
Assets/Scenes/Hornet/Memory_Coral_Tower.unity	60058	3998	coral_tower_intro_roar	f03c5cfb2e2547145b36db1b824a433b	11400000	"[""Assets/PlayMaker/Templates/coral_tower_intro_roar.asset""]"
Assets/Scenes/Hornet/Memory_Coral_Tower.unity	60062	4055	FSM	35101b11ff7e15b4a878991793ea8498	11400000	"[""Assets/PlayMaker/Templates/coral_tower_haz_respawn.asset""]"
Assets/Scenes/Hornet/Memory_Coral_Tower.unity	60065	4066	coral_tower_outro_roar	cf1edb0bdb76a4743834d8ad3fc41f28	11400000	"[""Assets/PlayMaker/Templates/coral_tower_outro_roar.asset""]"
Assets/Scenes/Hornet/Memory_Coral_Tower.unity	60067	4085	Control	386035e8a47486d4f847df8410b37d41	11400000	"[""Assets/PlayMaker/Templates/coral_tower_spike_floor.asset""]"
Assets/Scenes/Hornet/Memory_Coral_Tower.unity	60075	4171	coral_tower_intro_roar	f03c5cfb2e2547145b36db1b824a433b	11400000	"[""Assets/PlayMaker/Templates/coral_tower_intro_roar.asset""]"
Assets/Scenes/Hornet/Memory_Coral_Tower.unity	60083	4225	Control	386035e8a47486d4f847df8410b37d41	11400000	"[""Assets/PlayMaker/Templates/coral_tower_spike_floor.asset""]"
Assets/Scenes/Hornet/Memory_Coral_Tower.unity	60100	16161	FSM	e8049b01a822435419c0151ce48dc151	11400000	"[""Assets/PlayMaker/Templates/coral_spike_floor_respawn_cleanup.asset""]"
Assets/Scenes/Hornet/Memory_Coral_Tower.unity	60138	4800	FSM	35101b11ff7e15b4a878991793ea8498	11400000	"[""Assets/PlayMaker/Templates/coral_tower_haz_respawn.asset""]"
Assets/Scenes/Hornet/Memory_Coral_Tower.unity	60161	5069	coral_tower_outro_roar	cf1edb0bdb76a4743834d8ad3fc41f28	11400000	"[""Assets/PlayMaker/Templates/coral_tower_outro_roar.asset""]"
Assets/Scenes/Hornet/Memory_Coral_Tower.unity	61951	10767	Behaviour	d80015536c717a24a9028c8418f1ef6a	11400000	"[""Assets/PlayMaker/Templates/coral_goomba_behaviour.asset""]"
Assets/Scenes/Hornet/Memory_Coral_Tower.unity	61952	10766	Behaviour	d80015536c717a24a9028c8418f1ef6a	11400000	"[""Assets/PlayMaker/Templates/coral_goomba_behaviour.asset""]"
Assets/Scenes/Hornet/Memory_Coral_Tower.unity	62164	10733	Stun Control	2e4b6e573032075449b2ab0adc00c0b8	11400000	"[""Assets/PlayMaker/Templates/stun_control.asset""]"
Assets/Scenes/Hornet/Memory_Coral_Tower.unity	62330	12152	flyer_go_up_response	6f0839127750b164ebb46ddbae600e15	11400000	"[""Assets/PlayMaker/Templates/flyer_go_up_response.asset""]"
Assets/Scenes/Hornet/Memory_Coral_Tower.unity	62331	12150	flyer_go_up_response	6f0839127750b164ebb46ddbae600e15	11400000	"[""Assets/PlayMaker/Templates/flyer_go_up_response.asset""]"
Assets/Scenes/Hornet/Memory_Coral_Tower.unity	62332	12151	flyer_go_up_response	6f0839127750b164ebb46ddbae600e15	11400000	"[""Assets/PlayMaker/Templates/flyer_go_up_response.asset""]"
Assets/Scenes/Hornet/Memory_Coral_Tower.unity	62333	12153	flyer_go_up_response	6f0839127750b164ebb46ddbae600e15	11400000	"[""Assets/PlayMaker/Templates/flyer_go_up_response.asset""]"
Assets/Scenes/Hornet/Memory_Coral_Tower.unity	62334	12154	flyer_go_up_response	6f0839127750b164ebb46ddbae600e15	11400000	"[""Assets/PlayMaker/Templates/flyer_go_up_response.asset""]"
Assets/Scenes/Hornet/Memory_Coral_Tower.unity	62335	12155	flyer_go_up_response	6f0839127750b164ebb46ddbae600e15	11400000	"[""Assets/PlayMaker/Templates/flyer_go_up_response.asset""]"
Assets/Scenes/Hornet/Memory_Coral_Tower.unity	63305	15882	Behaviour	d80015536c717a24a9028c8418f1ef6a	11400000	"[""Assets/PlayMaker/Templates/coral_goomba_behaviour.asset""]"
Assets/Scenes/Hornet/Memory_Coral_Tower.unity	63306	15881	Behaviour	d80015536c717a24a9028c8418f1ef6a	11400000	"[""Assets/PlayMaker/Templates/coral_goomba_behaviour.asset""]"
Assets/Scenes/Hornet/Memory_Coral_Tower.unity	63383	16608	hornet_multi_wounder	ffe3a1a9c1e2bb94da3315cccccc4782	11400000	"[""Assets/PlayMaker/Templates/hornet_multi_wounder.asset""]"
Assets/Scenes/Hornet/Memory_Coral_Tower.unity	63384	16607	hornet_multi_wounder	ffe3a1a9c1e2bb94da3315cccccc4782	11400000	"[""Assets/PlayMaker/Templates/hornet_multi_wounder.asset""]"
Assets/Scenes/Hornet/Memory_Coral_Tower.unity	63385	16606	hornet_multi_wounder	ffe3a1a9c1e2bb94da3315cccccc4782	11400000	"[""Assets/PlayMaker/Templates/hornet_multi_wounder.asset""]"
Assets/Scenes/Hornet/Memory_Coral_Tower.unity	63386	16605	hornet_multi_wounder	ffe3a1a9c1e2bb94da3315cccccc4782	11400000	"[""Assets/PlayMaker/Templates/hornet_multi_wounder.asset""]"
Assets/Scenes/Hornet/Memory_Coral_Tower.unity	63387	16604	hornet_multi_wounder	ffe3a1a9c1e2bb94da3315cccccc4782	11400000	"[""Assets/PlayMaker/Templates/hornet_multi_wounder.asset""]"
Assets/Scenes/Hornet/Memory_Coral_Tower.unity	63388	16603	hornet_multi_wounder	ffe3a1a9c1e2bb94da3315cccccc4782	11400000	"[""Assets/PlayMaker/Templates/hornet_multi_wounder.asset""]"
Assets/Scenes/Hornet/Memory_Coral_Tower.unity	63389	16602	hornet_multi_wounder	ffe3a1a9c1e2bb94da3315cccccc4782	11400000	"[""Assets/PlayMaker/Templates/hornet_multi_wounder.asset""]"
Assets/Scenes/Hornet/Memory_Coral_Tower.unity	63558	12585	flyer_go_up_response	6f0839127750b164ebb46ddbae600e15	11400000	"[""Assets/PlayMaker/Templates/flyer_go_up_response.asset""]"
Assets/Scenes/Hornet/Memory_Coral_Tower.unity	63559	12577	flyer_go_up_response	6f0839127750b164ebb46ddbae600e15	11400000	"[""Assets/PlayMaker/Templates/flyer_go_up_response.asset""]"
Assets/Scenes/Hornet/Memory_Coral_Tower.unity	63560	12549	flyer_go_up_response	6f0839127750b164ebb46ddbae600e15	11400000	"[""Assets/PlayMaker/Templates/flyer_go_up_response.asset""]"
Assets/Scenes/Hornet/Memory_Coral_Tower.unity	63561	12548	flyer_go_up_response	6f0839127750b164ebb46ddbae600e15	11400000	"[""Assets/PlayMaker/Templates/flyer_go_up_response.asset""]"
Assets/Scenes/Hornet/Memory_Coral_Tower.unity	63562	12545	flyer_go_up_response	6f0839127750b164ebb46ddbae600e15	11400000	"[""Assets/PlayMaker/Templates/flyer_go_up_response.asset""]"
Assets/Scenes/Hornet/Memory_Coral_Tower.unity	63563	12547	flyer_go_up_response	6f0839127750b164ebb46ddbae600e15	11400000	"[""Assets/PlayMaker/Templates/flyer_go_up_response.asset""]"
Assets/Scenes/Hornet/Memory_Coral_Tower.unity	63564	12556	flyer_go_up_response	6f0839127750b164ebb46ddbae600e15	11400000	"[""Assets/PlayMaker/Templates/flyer_go_up_response.asset""]"
Assets/Scenes/Hornet/Memory_Coral_Tower.unity	63565	12561	flyer_go_up_response	6f0839127750b164ebb46ddbae600e15	11400000	"[""Assets/PlayMaker/Templates/flyer_go_up_response.asset""]"
Assets/Scenes/Hornet/Memory_Coral_Tower.unity	63615	13096	hornet_multi_wounder	ffe3a1a9c1e2bb94da3315cccccc4782	11400000	"[""Assets/PlayMaker/Templates/hornet_multi_wounder.asset""]"
Assets/Scenes/Hornet/Memory_Coral_Tower.unity	63617	13097	hornet_multi_wounder	ffe3a1a9c1e2bb94da3315cccccc4782	11400000	"[""Assets/PlayMaker/Templates/hornet_multi_wounder.asset""]"
Assets/Scenes/Hornet/Memory_Coral_Tower.unity	63619	13094	hornet_multi_wounder	ffe3a1a9c1e2bb94da3315cccccc4782	11400000	"[""Assets/PlayMaker/Templates/hornet_multi_wounder.asset""]"
Assets/Scenes/Hornet/Memory_Coral_Tower.unity	63621	13095	hornet_multi_wounder	ffe3a1a9c1e2bb94da3315cccccc4782	11400000	"[""Assets/PlayMaker/Templates/hornet_multi_wounder.asset""]"
Assets/Scenes/Hornet/Memory_Coral_Tower.unity	63623	13092	hornet_multi_wounder	ffe3a1a9c1e2bb94da3315cccccc4782	11400000	"[""Assets/PlayMaker/Templates/hornet_multi_wounder.asset""]"
Assets/Scenes/Hornet/Memory_Coral_Tower.unity	63625	13093	hornet_multi_wounder	ffe3a1a9c1e2bb94da3315cccccc4782	11400000	"[""Assets/PlayMaker/Templates/hornet_multi_wounder.asset""]"
Assets/Scenes/Hornet/Memory_Coral_Tower.unity	63627	13091	hornet_multi_wounder	ffe3a1a9c1e2bb94da3315cccccc4782	11400000	"[""Assets/PlayMaker/Templates/hornet_multi_wounder.asset""]"
Assets/Scenes/Hornet/Memory_Coral_Tower.unity	63890	8986	flyer_go_up_response	6f0839127750b164ebb46ddbae600e15	11400000	"[""Assets/PlayMaker/Templates/flyer_go_up_response.asset""]"
Assets/Scenes/Hornet/Memory_Coral_Tower.unity	63892	8990	flyer_go_up_response	6f0839127750b164ebb46ddbae600e15	11400000	"[""Assets/PlayMaker/Templates/flyer_go_up_response.asset""]"
Assets/Scenes/Hornet/Memory_Coral_Tower.unity	63894	8991	flyer_go_up_response	6f0839127750b164ebb46ddbae600e15	11400000	"[""Assets/PlayMaker/Templates/flyer_go_up_response.asset""]"
Assets/Scenes/Hornet/Memory_Coral_Tower.unity	63896	8994	flyer_go_up_response	6f0839127750b164ebb46ddbae600e15	11400000	"[""Assets/PlayMaker/Templates/flyer_go_up_response.asset""]"
Assets/Scenes/Hornet/Memory_Coral_Tower.unity	63949	17047	hornet_multi_wounder	ffe3a1a9c1e2bb94da3315cccccc4782	11400000	"[""Assets/PlayMaker/Templates/hornet_multi_wounder.asset""]"
Assets/Scenes/Hornet/Memory_Coral_Tower.unity	63950	17048	hornet_multi_wounder	ffe3a1a9c1e2bb94da3315cccccc4782	11400000	"[""Assets/PlayMaker/Templates/hornet_multi_wounder.asset""]"
Assets/Scenes/Hornet/Memory_Coral_Tower.unity	63951	17050	hornet_multi_wounder	ffe3a1a9c1e2bb94da3315cccccc4782	11400000	"[""Assets/PlayMaker/Templates/hornet_multi_wounder.asset""]"
Assets/Scenes/Hornet/Memory_Coral_Tower.unity	63952	17049	hornet_multi_wounder	ffe3a1a9c1e2bb94da3315cccccc4782	11400000	"[""Assets/PlayMaker/Templates/hornet_multi_wounder.asset""]"
Assets/Scenes/Hornet/Memory_Coral_Tower.unity	63953	17044	hornet_multi_wounder	ffe3a1a9c1e2bb94da3315cccccc4782	11400000	"[""Assets/PlayMaker/Templates/hornet_multi_wounder.asset""]"
Assets/Scenes/Hornet/Memory_Coral_Tower.unity	63954	17045	hornet_multi_wounder	ffe3a1a9c1e2bb94da3315cccccc4782	11400000	"[""Assets/PlayMaker/Templates/hornet_multi_wounder.asset""]"
Assets/Scenes/Hornet/Memory_Coral_Tower.unity	63955	17046	hornet_multi_wounder	ffe3a1a9c1e2bb94da3315cccccc4782	11400000	"[""Assets/PlayMaker/Templates/hornet_multi_wounder.asset""]"
Assets/Scenes/Hornet/Memory_Coral_Tower.unity	64263	18565	hornet_multi_wounder	ffe3a1a9c1e2bb94da3315cccccc4782	11400000	"[""Assets/PlayMaker/Templates/hornet_multi_wounder.asset""]"
Assets/Scenes/Hornet/Memory_Coral_Tower.unity	64264	18564	hornet_multi_wounder	ffe3a1a9c1e2bb94da3315cccccc4782	11400000	"[""Assets/PlayMaker/Templates/hornet_multi_wounder.asset""]"
Assets/Scenes/Hornet/Memory_Coral_Tower.unity	64265	18566	hornet_multi_wounder	ffe3a1a9c1e2bb94da3315cccccc4782	11400000	"[""Assets/PlayMaker/Templates/hornet_multi_wounder.asset""]"
Assets/Scenes/Hornet/Memory_Coral_Tower.unity	64266	18567	hornet_multi_wounder	ffe3a1a9c1e2bb94da3315cccccc4782	11400000	"[""Assets/PlayMaker/Templates/hornet_multi_wounder.asset""]"
Assets/Scenes/Hornet/Memory_Coral_Tower.unity	64267	18562	hornet_multi_wounder	ffe3a1a9c1e2bb94da3315cccccc4782	11400000	"[""Assets/PlayMaker/Templates/hornet_multi_wounder.asset""]"
Assets/Scenes/Hornet/Memory_Coral_Tower.unity	64268	18563	hornet_multi_wounder	ffe3a1a9c1e2bb94da3315cccccc4782	11400000	"[""Assets/PlayMaker/Templates/hornet_multi_wounder.asset""]"
Assets/Scenes/Hornet/Memory_Coral_Tower.unity	64269	18568	hornet_multi_wounder	ffe3a1a9c1e2bb94da3315cccccc4782	11400000	"[""Assets/PlayMaker/Templates/hornet_multi_wounder.asset""]"
Assets/Scenes/Hornet/Memory_Coral_Tower.unity	64270	18569	hornet_multi_wounder	ffe3a1a9c1e2bb94da3315cccccc4782	11400000	"[""Assets/PlayMaker/Templates/hornet_multi_wounder.asset""]"
Assets/Scenes/Hornet/Memory_Coral_Tower.unity	64271	19098	hornet_multi_wounder	ffe3a1a9c1e2bb94da3315cccccc4782	11400000	"[""Assets/PlayMaker/Templates/hornet_multi_wounder.asset""]"
Assets/Scenes/Hornet/Memory_Coral_Tower.unity	64272	19099	hornet_multi_wounder	ffe3a1a9c1e2bb94da3315cccccc4782	11400000	"[""Assets/PlayMaker/Templates/hornet_multi_wounder.asset""]"
Assets/Scenes/Hornet/Memory_Coral_Tower.unity	64273	19096	hornet_multi_wounder	ffe3a1a9c1e2bb94da3315cccccc4782	11400000	"[""Assets/PlayMaker/Templates/hornet_multi_wounder.asset""]"
Assets/Scenes/Hornet/Memory_Coral_Tower.unity	64274	19097	hornet_multi_wounder	ffe3a1a9c1e2bb94da3315cccccc4782	11400000	"[""Assets/PlayMaker/Templates/hornet_multi_wounder.asset""]"
Assets/Scenes/Hornet/Memory_Coral_Tower.unity	64275	19100	hornet_multi_wounder	ffe3a1a9c1e2bb94da3315cccccc4782	11400000	"[""Assets/PlayMaker/Templates/hornet_multi_wounder.asset""]"
Assets/Scenes/Hornet/Memory_Coral_Tower.unity	64276	19101	hornet_multi_wounder	ffe3a1a9c1e2bb94da3315cccccc4782	11400000	"[""Assets/PlayMaker/Templates/hornet_multi_wounder.asset""]"
Assets/Scenes/Hornet/Memory_Coral_Tower.unity	64277	19103	hornet_multi_wounder	ffe3a1a9c1e2bb94da3315cccccc4782	11400000	"[""Assets/PlayMaker/Templates/hornet_multi_wounder.asset""]"
Assets/Scenes/Hornet/Memory_Coral_Tower.unity	64278	19102	hornet_multi_wounder	ffe3a1a9c1e2bb94da3315cccccc4782	11400000	"[""Assets/PlayMaker/Templates/hornet_multi_wounder.asset""]"
Assets/Scenes/Hornet/Memory_Coral_Tower.unity	64715	12542	flyer_go_up_response	6f0839127750b164ebb46ddbae600e15	11400000	"[""Assets/PlayMaker/Templates/flyer_go_up_response.asset""]"
Assets/Scenes/Hornet/Memory_Coral_Tower.unity	64717	12558	flyer_go_up_response	6f0839127750b164ebb46ddbae600e15	11400000	"[""Assets/PlayMaker/Templates/flyer_go_up_response.asset""]"
Assets/Scenes/Hornet/Memory_Coral_Tower.unity	64719	12562	flyer_go_up_response	6f0839127750b164ebb46ddbae600e15	11400000	"[""Assets/PlayMaker/Templates/flyer_go_up_response.asset""]"
Assets/Scenes/Hornet/Memory_Coral_Tower.unity	64721	12567	flyer_go_up_response	6f0839127750b164ebb46ddbae600e15	11400000	"[""Assets/PlayMaker/Templates/flyer_go_up_response.asset""]"
Assets/Scenes/Hornet/Memory_Coral_Tower.unity	64723	12575	flyer_go_up_response	6f0839127750b164ebb46ddbae600e15	11400000	"[""Assets/PlayMaker/Templates/flyer_go_up_response.asset""]"
Assets/Scenes/Hornet/Memory_Coral_Tower.unity	64725	12587	flyer_go_up_response	6f0839127750b164ebb46ddbae600e15	11400000	"[""Assets/PlayMaker/Templates/flyer_go_up_response.asset""]"
Assets/Scenes/Hornet/Memory_Coral_Tower.unity	64727	12590	flyer_go_up_response	6f0839127750b164ebb46ddbae600e15	11400000	"[""Assets/PlayMaker/Templates/flyer_go_up_response.asset""]"
Assets/Scenes/Hornet/Memory_Coral_Tower.unity	64792	14973	hornet_multi_wounder	ffe3a1a9c1e2bb94da3315cccccc4782	11400000	"[""Assets/PlayMaker/Templates/hornet_multi_wounder.asset""]"
Assets/Scenes/Hornet/Memory_Coral_Tower.unity	64794	14974	hornet_multi_wounder	ffe3a1a9c1e2bb94da3315cccccc4782	11400000	"[""Assets/PlayMaker/Templates/hornet_multi_wounder.asset""]"
Assets/Scenes/Hornet/Memory_Coral_Tower.unity	64796	14971	hornet_multi_wounder	ffe3a1a9c1e2bb94da3315cccccc4782	11400000	"[""Assets/PlayMaker/Templates/hornet_multi_wounder.asset""]"
Assets/Scenes/Hornet/Memory_Coral_Tower.unity	64798	14972	hornet_multi_wounder	ffe3a1a9c1e2bb94da3315cccccc4782	11400000	"[""Assets/PlayMaker/Templates/hornet_multi_wounder.asset""]"
Assets/Scenes/Hornet/Memory_Coral_Tower.unity	64800	14977	hornet_multi_wounder	ffe3a1a9c1e2bb94da3315cccccc4782	11400000	"[""Assets/PlayMaker/Templates/hornet_multi_wounder.asset""]"
Assets/Scenes/Hornet/Memory_Coral_Tower.unity	64802	14975	hornet_multi_wounder	ffe3a1a9c1e2bb94da3315cccccc4782	11400000	"[""Assets/PlayMaker/Templates/hornet_multi_wounder.asset""]"
Assets/Scenes/Hornet/Memory_Coral_Tower.unity	64804	14976	hornet_multi_wounder	ffe3a1a9c1e2bb94da3315cccccc4782	11400000	"[""Assets/PlayMaker/Templates/hornet_multi_wounder.asset""]"
Assets/Scenes/Hornet/Memory_Coral_Tower.unity	64806	7268	FSM	6f0839127750b164ebb46ddbae600e15	11400000	"[""Assets/PlayMaker/Templates/flyer_go_up_response.asset""]"
Assets/Scenes/Hornet/Memory_Coral_Tower.unity	64807	7267	FSM	6f0839127750b164ebb46ddbae600e15	11400000	"[""Assets/PlayMaker/Templates/flyer_go_up_response.asset""]"
Assets/Scenes/Hornet/Memory_Coral_Tower.unity	64808	7265	FSM	6f0839127750b164ebb46ddbae600e15	11400000	"[""Assets/PlayMaker/Templates/flyer_go_up_response.asset""]"
Assets/Scenes/Hornet/Memory_Coral_Tower.unity	64809	7266	FSM	6f0839127750b164ebb46ddbae600e15	11400000	"[""Assets/PlayMaker/Templates/flyer_go_up_response.asset""]"
Assets/Scenes/Hornet/Memory_Coral_Tower.unity	64810	7263	FSM	6f0839127750b164ebb46ddbae600e15	11400000	"[""Assets/PlayMaker/Templates/flyer_go_up_response.asset""]"
Assets/Scenes/Hornet/Memory_Coral_Tower.unity	64811	7264	FSM	6f0839127750b164ebb46ddbae600e15	11400000	"[""Assets/PlayMaker/Templates/flyer_go_up_response.asset""]"
Assets/Scenes/Hornet/Memory_Coral_Tower.unity	64812	7262	FSM	6f0839127750b164ebb46ddbae600e15	11400000	"[""Assets/PlayMaker/Templates/flyer_go_up_response.asset""]"
Assets/Scenes/Hornet/Memory_Coral_Tower.unity	64830	8995	flyer_go_up_response	6f0839127750b164ebb46ddbae600e15	11400000	"[""Assets/PlayMaker/Templates/flyer_go_up_response.asset""]"
Assets/Scenes/Hornet/Memory_Coral_Tower.unity	64832	8988	flyer_go_up_response	6f0839127750b164ebb46ddbae600e15	11400000	"[""Assets/PlayMaker/Templates/flyer_go_up_response.asset""]"
Assets/Scenes/Hornet/Memory_Coral_Tower.unity	64834	8980	flyer_go_up_response	6f0839127750b164ebb46ddbae600e15	11400000	"[""Assets/PlayMaker/Templates/flyer_go_up_response.asset""]"
Assets/Scenes/Hornet/Memory_Coral_Tower.unity	64836	8975	flyer_go_up_response	6f0839127750b164ebb46ddbae600e15	11400000	"[""Assets/PlayMaker/Templates/flyer_go_up_response.asset""]"
Assets/Scenes/Hornet/Memory_Coral_Tower.unity	64853	16805	hornet_multi_wounder	ffe3a1a9c1e2bb94da3315cccccc4782	11400000	"[""Assets/PlayMaker/Templates/hornet_multi_wounder.asset""]"
Assets/Scenes/Hornet/Memory_Coral_Tower.unity	64854	16806	hornet_multi_wounder	ffe3a1a9c1e2bb94da3315cccccc4782	11400000	"[""Assets/PlayMaker/Templates/hornet_multi_wounder.asset""]"
Assets/Scenes/Hornet/Memory_Coral_Tower.unity	64855	16802	hornet_multi_wounder	ffe3a1a9c1e2bb94da3315cccccc4782	11400000	"[""Assets/PlayMaker/Templates/hornet_multi_wounder.asset""]"
Assets/Scenes/Hornet/Memory_Coral_Tower.unity	64856	16801	hornet_multi_wounder	ffe3a1a9c1e2bb94da3315cccccc4782	11400000	"[""Assets/PlayMaker/Templates/hornet_multi_wounder.asset""]"
Assets/Scenes/Hornet/Memory_Coral_Tower.unity	64857	16803	hornet_multi_wounder	ffe3a1a9c1e2bb94da3315cccccc4782	11400000	"[""Assets/PlayMaker/Templates/hornet_multi_wounder.asset""]"
Assets/Scenes/Hornet/Memory_Coral_Tower.unity	64858	16804	hornet_multi_wounder	ffe3a1a9c1e2bb94da3315cccccc4782	11400000	"[""Assets/PlayMaker/Templates/hornet_multi_wounder.asset""]"
Assets/Scenes/Hornet/Memory_Coral_Tower.unity	64859	16799	hornet_multi_wounder	ffe3a1a9c1e2bb94da3315cccccc4782	11400000	"[""Assets/PlayMaker/Templates/hornet_multi_wounder.asset""]"
Assets/Scenes/Hornet/Memory_Coral_Tower.unity	64860	16800	hornet_multi_wounder	ffe3a1a9c1e2bb94da3315cccccc4782	11400000	"[""Assets/PlayMaker/Templates/hornet_multi_wounder.asset""]"
Assets/Scenes/Hornet/Memory_Coral_Tower.unity	64922	19002	hornet_multi_wounder	ffe3a1a9c1e2bb94da3315cccccc4782	11400000	"[""Assets/PlayMaker/Templates/hornet_multi_wounder.asset""]"
Assets/Scenes/Hornet/Memory_Coral_Tower.unity	64923	19003	hornet_multi_wounder	ffe3a1a9c1e2bb94da3315cccccc4782	11400000	"[""Assets/PlayMaker/Templates/hornet_multi_wounder.asset""]"
Assets/Scenes/Hornet/Memory_Coral_Tower.unity	64924	19000	hornet_multi_wounder	ffe3a1a9c1e2bb94da3315cccccc4782	11400000	"[""Assets/PlayMaker/Templates/hornet_multi_wounder.asset""]"
Assets/Scenes/Hornet/Memory_Coral_Tower.unity	64925	19001	hornet_multi_wounder	ffe3a1a9c1e2bb94da3315cccccc4782	11400000	"[""Assets/PlayMaker/Templates/hornet_multi_wounder.asset""]"
Assets/Scenes/Hornet/Memory_Coral_Tower.unity	64926	19005	hornet_multi_wounder	ffe3a1a9c1e2bb94da3315cccccc4782	11400000	"[""Assets/PlayMaker/Templates/hornet_multi_wounder.asset""]"
Assets/Scenes/Hornet/Memory_Coral_Tower.unity	64927	19006	hornet_multi_wounder	ffe3a1a9c1e2bb94da3315cccccc4782	11400000	"[""Assets/PlayMaker/Templates/hornet_multi_wounder.asset""]"
Assets/Scenes/Hornet/Memory_Coral_Tower.unity	64928	19004	hornet_multi_wounder	ffe3a1a9c1e2bb94da3315cccccc4782	11400000	"[""Assets/PlayMaker/Templates/hornet_multi_wounder.asset""]"
Assets/Scenes/Hornet/Memory_Coral_Tower.unity	65007	17234	hornet_multi_wounder	ffe3a1a9c1e2bb94da3315cccccc4782	11400000	"[""Assets/PlayMaker/Templates/hornet_multi_wounder.asset""]"
Assets/Scenes/Hornet/Memory_Coral_Tower.unity	65008	17235	hornet_multi_wounder	ffe3a1a9c1e2bb94da3315cccccc4782	11400000	"[""Assets/PlayMaker/Templates/hornet_multi_wounder.asset""]"
Assets/Scenes/Hornet/Memory_Coral_Tower.unity	65009	17236	hornet_multi_wounder	ffe3a1a9c1e2bb94da3315cccccc4782	11400000	"[""Assets/PlayMaker/Templates/hornet_multi_wounder.asset""]"
Assets/Scenes/Hornet/Memory_Coral_Tower.unity	65010	17237	hornet_multi_wounder	ffe3a1a9c1e2bb94da3315cccccc4782	11400000	"[""Assets/PlayMaker/Templates/hornet_multi_wounder.asset""]"
Assets/Scenes/Hornet/Memory_Coral_Tower.unity	65011	17238	hornet_multi_wounder	ffe3a1a9c1e2bb94da3315cccccc4782	11400000	"[""Assets/PlayMaker/Templates/hornet_multi_wounder.asset""]"
Assets/Scenes/Hornet/Memory_Coral_Tower.unity	65012	17239	hornet_multi_wounder	ffe3a1a9c1e2bb94da3315cccccc4782	11400000	"[""Assets/PlayMaker/Templates/hornet_multi_wounder.asset""]"
Assets/Scenes/Hornet/Memory_Coral_Tower.unity	65013	17240	hornet_multi_wounder	ffe3a1a9c1e2bb94da3315cccccc4782	11400000	"[""Assets/PlayMaker/Templates/hornet_multi_wounder.asset""]"
Assets/Scenes/Hornet/Memory_Coral_Tower.unity	65014	17241	hornet_multi_wounder	ffe3a1a9c1e2bb94da3315cccccc4782	11400000	"[""Assets/PlayMaker/Templates/hornet_multi_wounder.asset""]"
Assets/Scenes/Hornet/Memory_First_Sinner.unity	9104	889	FSM	fbc544a3cf9e4d64ea8e1182aa4598ae	11400000	"[""Assets/PlayMaker/Templates/disallow_dreamgate_set.asset""]"
Assets/Scenes/Hornet/Memory_First_Sinner.unity	9366	1929	Wake Up	7772456c8604773418d7d58db14b3da0	11400000	"[""Assets/PlayMaker/Templates/wake_on_ground_silkheart.asset""]"
Assets/Scenes/Hornet/Memory_First_Sinner.unity	9730	2598	tilt_plat	a40d78acbe179ad4a90e9b9d77d082be	11400000	"[""Assets/PlayMaker/Templates/tilt_plat.asset""]"
Assets/Scenes/Hornet/Memory_First_Sinner.unity	9731	2599	tilt_plat	a40d78acbe179ad4a90e9b9d77d082be	11400000	"[""Assets/PlayMaker/Templates/tilt_plat.asset""]"
Assets/Scenes/Hornet/Memory_First_Sinner.unity	9732	2602	tilt_plat	a40d78acbe179ad4a90e9b9d77d082be	11400000	"[""Assets/PlayMaker/Templates/tilt_plat.asset""]"
Assets/Scenes/Hornet/Memory_First_Sinner.unity	9733	2600	tilt_plat	a40d78acbe179ad4a90e9b9d77d082be	11400000	"[""Assets/PlayMaker/Templates/tilt_plat.asset""]"
Assets/Scenes/Hornet/Memory_First_Sinner.unity	9734	2601	tilt_plat	a40d78acbe179ad4a90e9b9d77d082be	11400000	"[""Assets/PlayMaker/Templates/tilt_plat.asset""]"
Assets/Scenes/Hornet/Memory_First_Sinner.unity	9735	2603	tilt_plat	a40d78acbe179ad4a90e9b9d77d082be	11400000	"[""Assets/PlayMaker/Templates/tilt_plat.asset""]"
Assets/Scenes/Hornet/Memory_First_Sinner.unity	9736	2605	tilt_plat	a40d78acbe179ad4a90e9b9d77d082be	11400000	"[""Assets/PlayMaker/Templates/tilt_plat.asset""]"
Assets/Scenes/Hornet/Memory_First_Sinner.unity	9737	2604	tilt_plat	a40d78acbe179ad4a90e9b9d77d082be	11400000	"[""Assets/PlayMaker/Templates/tilt_plat.asset""]"
Assets/Scenes/Hornet/Memory_First_Sinner.unity	9738	2594	tilt_plat	a40d78acbe179ad4a90e9b9d77d082be	11400000	"[""Assets/PlayMaker/Templates/tilt_plat.asset""]"
Assets/Scenes/Hornet/Memory_First_Sinner.unity	9739	2595	tilt_plat	a40d78acbe179ad4a90e9b9d77d082be	11400000	"[""Assets/PlayMaker/Templates/tilt_plat.asset""]"
Assets/Scenes/Hornet/Memory_First_Sinner.unity	9740	2596	tilt_plat	a40d78acbe179ad4a90e9b9d77d082be	11400000	"[""Assets/PlayMaker/Templates/tilt_plat.asset""]"
Assets/Scenes/Hornet/Memory_First_Sinner.unity	9741	2597	tilt_plat	a40d78acbe179ad4a90e9b9d77d082be	11400000	"[""Assets/PlayMaker/Templates/tilt_plat.asset""]"
Assets/Scenes/Hornet/Memory_Needolin.unity	8509	690	FSM	fbc544a3cf9e4d64ea8e1182aa4598ae	11400000	"[""Assets/PlayMaker/Templates/disallow_dreamgate_set.asset""]"
Assets/Scenes/Hornet/Memory_Needolin.unity	8792	1568	Wake Up	7772456c8604773418d7d58db14b3da0	11400000	"[""Assets/PlayMaker/Templates/wake_on_ground_silkheart.asset""]"
Assets/Scenes/Hornet/Memory_Needolin.unity	9142	2230	tilt_plat	a40d78acbe179ad4a90e9b9d77d082be	11400000	"[""Assets/PlayMaker/Templates/tilt_plat.asset""]"
Assets/Scenes/Hornet/Memory_Needolin.unity	9143	2231	tilt_plat	a40d78acbe179ad4a90e9b9d77d082be	11400000	"[""Assets/PlayMaker/Templates/tilt_plat.asset""]"
Assets/Scenes/Hornet/Memory_Needolin.unity	9144	2232	tilt_plat	a40d78acbe179ad4a90e9b9d77d082be	11400000	"[""Assets/PlayMaker/Templates/tilt_plat.asset""]"
Assets/Scenes/Hornet/Memory_Needolin.unity	9145	2233	tilt_plat	a40d78acbe179ad4a90e9b9d77d082be	11400000	"[""Assets/PlayMaker/Templates/tilt_plat.asset""]"
Assets/Scenes/Hornet/Memory_Needolin.unity	9146	2234	tilt_plat	a40d78acbe179ad4a90e9b9d77d082be	11400000	"[""Assets/PlayMaker/Templates/tilt_plat.asset""]"
Assets/Scenes/Hornet/Memory_Needolin.unity	9147	2235	tilt_plat	a40d78acbe179ad4a90e9b9d77d082be	11400000	"[""Assets/PlayMaker/Templates/tilt_plat.asset""]"
Assets/Scenes/Hornet/Memory_Needolin.unity	9148	2237	tilt_plat	a40d78acbe179ad4a90e9b9d77d082be	11400000	"[""Assets/PlayMaker/Templates/tilt_plat.asset""]"
Assets/Scenes/Hornet/Memory_Needolin.unity	9149	2236	tilt_plat	a40d78acbe179ad4a90e9b9d77d082be	11400000	"[""Assets/PlayMaker/Templates/tilt_plat.asset""]"
Assets/Scenes/Hornet/Memory_Needolin.unity	9150	2226	tilt_plat	a40d78acbe179ad4a90e9b9d77d082be	11400000	"[""Assets/PlayMaker/Templates/tilt_plat.asset""]"
Assets/Scenes/Hornet/Memory_Needolin.unity	9151	2227	tilt_plat	a40d78acbe179ad4a90e9b9d77d082be	11400000	"[""Assets/PlayMaker/Templates/tilt_plat.asset""]"
Assets/Scenes/Hornet/Memory_Needolin.unity	9152	2228	tilt_plat	a40d78acbe179ad4a90e9b9d77d082be	11400000	"[""Assets/PlayMaker/Templates/tilt_plat.asset""]"
Assets/Scenes/Hornet/Memory_Needolin.unity	9153	2229	tilt_plat	a40d78acbe179ad4a90e9b9d77d082be	11400000	"[""Assets/PlayMaker/Templates/tilt_plat.asset""]"
Assets/Scenes/Hornet/Memory_Red.unity	40239	3754	Smash	7dab880cd569f994db4f26d48fcf5040	11400000	"[""Assets/PlayMaker/Templates/hive_smash_platform.asset""]"
Assets/Scenes/Hornet/Memory_Red.unity	40306	4223	Smash	7dab880cd569f994db4f26d48fcf5040	11400000	"[""Assets/PlayMaker/Templates/hive_smash_platform.asset""]"
Assets/Scenes/Hornet/Memory_Red.unity	40318	4315	Smash	7dab880cd569f994db4f26d48fcf5040	11400000	"[""Assets/PlayMaker/Templates/hive_smash_platform.asset""]"
Assets/Scenes/Hornet/Memory_Red.unity	40696	7462	Smash	7dab880cd569f994db4f26d48fcf5040	11400000	"[""Assets/PlayMaker/Templates/hive_smash_platform.asset""]"
Assets/Scenes/Hornet/Memory_Red.unity	40707	5615	FSM	fbc544a3cf9e4d64ea8e1182aa4598ae	11400000	"[""Assets/PlayMaker/Templates/disallow_dreamgate_set.asset""]"
Assets/Scenes/Hornet/Memory_Red.unity	40933	9471	Smash	7dab880cd569f994db4f26d48fcf5040	11400000	"[""Assets/PlayMaker/Templates/hive_smash_platform.asset""]"
Assets/Scenes/Hornet/Memory_Red.unity	42550	12380	tilt_plat	a40d78acbe179ad4a90e9b9d77d082be	11400000	"[""Assets/PlayMaker/Templates/tilt_plat.asset""]"
Assets/Scenes/Hornet/Memory_Red.unity	42551	12381	tilt_plat	a40d78acbe179ad4a90e9b9d77d082be	11400000	"[""Assets/PlayMaker/Templates/tilt_plat.asset""]"
Assets/Scenes/Hornet/Memory_Red.unity	42552	12378	tilt_plat	a40d78acbe179ad4a90e9b9d77d082be	11400000	"[""Assets/PlayMaker/Templates/tilt_plat.asset""]"
Assets/Scenes/Hornet/Memory_Red.unity	42553	12379	tilt_plat	a40d78acbe179ad4a90e9b9d77d082be	11400000	"[""Assets/PlayMaker/Templates/tilt_plat.asset""]"
Assets/Scenes/Hornet/Memory_Red.unity	42909	12785	FSM	c38944b97c33a0846a2b39f1c543d49e	11400000	"[""Assets/PlayMaker/Templates/hero_detect_bool.asset""]"
Assets/Scenes/Hornet/Memory_Silk_Heart_BellBeast.unity	2417	399	Wake Up	7772456c8604773418d7d58db14b3da0	11400000	"[""Assets/PlayMaker/Templates/wake_on_ground_silkheart.asset""]"
Assets/Scenes/Hornet/Memory_Silk_Heart_BellBeast.unity	2558	672	tilt_plat	a40d78acbe179ad4a90e9b9d77d082be	11400000	"[""Assets/PlayMaker/Templates/tilt_plat.asset""]"
Assets/Scenes/Hornet/Memory_Silk_Heart_BellBeast.unity	2559	673	tilt_plat	a40d78acbe179ad4a90e9b9d77d082be	11400000	"[""Assets/PlayMaker/Templates/tilt_plat.asset""]"
Assets/Scenes/Hornet/Memory_Silk_Heart_BellBeast.unity	2560	674	tilt_plat	a40d78acbe179ad4a90e9b9d77d082be	11400000	"[""Assets/PlayMaker/Templates/tilt_plat.asset""]"
Assets/Scenes/Hornet/Memory_Silk_Heart_BellBeast.unity	2561	669	tilt_plat	a40d78acbe179ad4a90e9b9d77d082be	11400000	"[""Assets/PlayMaker/Templates/tilt_plat.asset""]"
Assets/Scenes/Hornet/Memory_Silk_Heart_BellBeast.unity	2562	670	tilt_plat	a40d78acbe179ad4a90e9b9d77d082be	11400000	"[""Assets/PlayMaker/Templates/tilt_plat.asset""]"
Assets/Scenes/Hornet/Memory_Silk_Heart_BellBeast.unity	2563	671	tilt_plat	a40d78acbe179ad4a90e9b9d77d082be	11400000	"[""Assets/PlayMaker/Templates/tilt_plat.asset""]"
Assets/Scenes/Hornet/Memory_Silk_Heart_LaceTower.unity	2437	445	Wake Up	7772456c8604773418d7d58db14b3da0	11400000	"[""Assets/PlayMaker/Templates/wake_on_ground_silkheart.asset""]"
Assets/Scenes/Hornet/Memory_Silk_Heart_LaceTower.unity	2596	702	tilt_plat	a40d78acbe179ad4a90e9b9d77d082be	11400000	"[""Assets/PlayMaker/Templates/tilt_plat.asset""]"
Assets/Scenes/Hornet/Memory_Silk_Heart_LaceTower.unity	2597	700	tilt_plat	a40d78acbe179ad4a90e9b9d77d082be	11400000	"[""Assets/PlayMaker/Templates/tilt_plat.asset""]"
Assets/Scenes/Hornet/Memory_Silk_Heart_LaceTower.unity	2598	701	tilt_plat	a40d78acbe179ad4a90e9b9d77d082be	11400000	"[""Assets/PlayMaker/Templates/tilt_plat.asset""]"
Assets/Scenes/Hornet/Memory_Silk_Heart_WardBoss.unity	2442	407	Wake Up	7772456c8604773418d7d58db14b3da0	11400000	"[""Assets/PlayMaker/Templates/wake_on_ground_silkheart.asset""]"
Assets/Scenes/Hornet/Memory_Silk_Heart_WardBoss.unity	2582	679	tilt_plat	a40d78acbe179ad4a90e9b9d77d082be	11400000	"[""Assets/PlayMaker/Templates/tilt_plat.asset""]"
Assets/Scenes/Hornet/Memory_Silk_Heart_WardBoss.unity	2583	680	tilt_plat	a40d78acbe179ad4a90e9b9d77d082be	11400000	"[""Assets/PlayMaker/Templates/tilt_plat.asset""]"
Assets/Scenes/Hornet/Memory_Silk_Heart_WardBoss.unity	2584	681	tilt_plat	a40d78acbe179ad4a90e9b9d77d082be	11400000	"[""Assets/PlayMaker/Templates/tilt_plat.asset""]"
Assets/Scenes/Hornet/Memory_Silk_Heart_WardBoss.unity	2585	682	tilt_plat	a40d78acbe179ad4a90e9b9d77d082be	11400000	"[""Assets/PlayMaker/Templates/tilt_plat.asset""]"
Assets/Scenes/Hornet/Memory_Silk_Heart_WardBoss.unity	2586	677	tilt_plat	a40d78acbe179ad4a90e9b9d77d082be	11400000	"[""Assets/PlayMaker/Templates/tilt_plat.asset""]"
Assets/Scenes/Hornet/Memory_Silk_Heart_WardBoss.unity	2587	678	tilt_plat	a40d78acbe179ad4a90e9b9d77d082be	11400000	"[""Assets/PlayMaker/Templates/tilt_plat.asset""]"
Assets/Scenes/Hornet/Mosstown_01.unity	7064	1540	pilgrim_behaviour	5d4d1c36f09a17949a8eb0175e50b0b4	11400000	"[""Assets/PlayMaker/Templates/pilgrim_behaviour.asset""]"
Assets/Scenes/Hornet/Mosstown_01.unity	7126	1541	pilgrim_behaviour	5d4d1c36f09a17949a8eb0175e50b0b4	11400000	"[""Assets/PlayMaker/Templates/pilgrim_behaviour.asset""]"
Assets/Scenes/Hornet/Mosstown_02.unity	12142	619	breakable_wall_v2	49ae76d885d76f0409f5e87241c2e88a	11400000	"[""Assets/PlayMaker/Templates/breakable_wall_v2.asset""]"
Assets/Scenes/Hornet/Mosstown_02.unity	12233	1850	thick_silk_vine	ccfd3e5f8685c2b4dbc6b1abb65456b8	11400000	"[""Assets/PlayMaker/Templates/thick_silk_vine.asset""]"
Assets/Scenes/Hornet/Mosstown_02.unity	12248	2124	unmasker	acbea5ca792e442418858572af615104	11400000	"[""Assets/PlayMaker/Templates/unmasker.asset""]"
Assets/Scenes/Hornet/Mosstown_02.unity	12372	3194	thick_silk_vine	ccfd3e5f8685c2b4dbc6b1abb65456b8	11400000	"[""Assets/PlayMaker/Templates/thick_silk_vine.asset""]"
Assets/Scenes/Hornet/Mosstown_02.unity	12373	3195	thick_silk_vine	ccfd3e5f8685c2b4dbc6b1abb65456b8	11400000	"[""Assets/PlayMaker/Templates/thick_silk_vine.asset""]"
Assets/Scenes/Hornet/Mosstown_02.unity	12419	2423	thick_silk_vine	ccfd3e5f8685c2b4dbc6b1abb65456b8	11400000	"[""Assets/PlayMaker/Templates/thick_silk_vine.asset""]"
Assets/Scenes/Hornet/Mosstown_02.unity	12420	2422	thick_silk_vine	ccfd3e5f8685c2b4dbc6b1abb65456b8	11400000	"[""Assets/PlayMaker/Templates/thick_silk_vine.asset""]"
Assets/Scenes/Hornet/Mosstown_02.unity	12484	2895	thick_silk_vine	ccfd3e5f8685c2b4dbc6b1abb65456b8	11400000	"[""Assets/PlayMaker/Templates/thick_silk_vine.asset""]"
Assets/Scenes/Hornet/Mosstown_02.unity	12485	2896	thick_silk_vine	ccfd3e5f8685c2b4dbc6b1abb65456b8	11400000	"[""Assets/PlayMaker/Templates/thick_silk_vine.asset""]"
Assets/Scenes/Hornet/Mosstown_02.unity	12875	2705	pilgrim_behaviour	5d4d1c36f09a17949a8eb0175e50b0b4	11400000	"[""Assets/PlayMaker/Templates/pilgrim_behaviour.asset""]"
Assets/Scenes/Hornet/Mosstown_02.unity	12876	2709	pilgrim_behaviour	5d4d1c36f09a17949a8eb0175e50b0b4	11400000	"[""Assets/PlayMaker/Templates/pilgrim_behaviour.asset""]"
Assets/Scenes/Hornet/Mosstown_02.unity	12877	2714	pilgrim_behaviour	5d4d1c36f09a17949a8eb0175e50b0b4	11400000	"[""Assets/PlayMaker/Templates/pilgrim_behaviour.asset""]"
Assets/Scenes/Hornet/Mosstown_02.unity	12888	3131	thick_silk_vine	ccfd3e5f8685c2b4dbc6b1abb65456b8	11400000	"[""Assets/PlayMaker/Templates/thick_silk_vine.asset""]"
Assets/Scenes/Hornet/Mosstown_02.unity	12889	3132	thick_silk_vine	ccfd3e5f8685c2b4dbc6b1abb65456b8	11400000	"[""Assets/PlayMaker/Templates/thick_silk_vine.asset""]"
Assets/Scenes/Hornet/Mosstown_02.unity	12949	2713	pilgrim_behaviour	5d4d1c36f09a17949a8eb0175e50b0b4	11400000	"[""Assets/PlayMaker/Templates/pilgrim_behaviour.asset""]"
Assets/Scenes/Hornet/Mosstown_02.unity	12950	2706	pilgrim_behaviour	5d4d1c36f09a17949a8eb0175e50b0b4	11400000	"[""Assets/PlayMaker/Templates/pilgrim_behaviour.asset""]"
Assets/Scenes/Hornet/Mosstown_02.unity	12951	2710	pilgrim_behaviour	5d4d1c36f09a17949a8eb0175e50b0b4	11400000	"[""Assets/PlayMaker/Templates/pilgrim_behaviour.asset""]"
Assets/Scenes/Hornet/Mosstown_02.unity	13145	3725	hornet_multi_wounder	ffe3a1a9c1e2bb94da3315cccccc4782	11400000	"[""Assets/PlayMaker/Templates/hornet_multi_wounder.asset""]"
Assets/Scenes/Hornet/Mosstown_02c.unity	1834	169	Bench Control	30022a57d0796134fbc5d49b1decd4f9	11400000	"[""Assets/PlayMaker/Templates/bench_control.asset""]"
Assets/Scenes/Hornet/Mosstown_03.unity	6850	59	enemy_message	40a9c40cac6976f43979028f936c4871	11400000	"[""Assets/PlayMaker/Templates/enemy_message.asset""]"
Assets/Scenes/Hornet/Mosstown_03.unity	6862	365	enemy_message	40a9c40cac6976f43979028f936c4871	11400000	"[""Assets/PlayMaker/Templates/enemy_message.asset""]"
Assets/Scenes/Hornet/Mosstown_03.unity	6864	409	enemy_message	40a9c40cac6976f43979028f936c4871	11400000	"[""Assets/PlayMaker/Templates/enemy_message.asset""]"
Assets/Scenes/Hornet/Mosstown_03.unity	6870	621	enemy_message	40a9c40cac6976f43979028f936c4871	11400000	"[""Assets/PlayMaker/Templates/enemy_message.asset""]"
Assets/Scenes/Hornet/Mosstown_03.unity	6874	787	Sway	611750e4cd2b0fc488c94b4d4a747bec	11400000	"[""Assets/PlayMaker/Templates/sway_plat_art.asset""]"
Assets/Scenes/Hornet/Mosstown_03.unity	6880	979	enemy_message	40a9c40cac6976f43979028f936c4871	11400000	"[""Assets/PlayMaker/Templates/enemy_message.asset""]"
Assets/Scenes/Hornet/Mosstown_03.unity	6881	993	enemy_message	40a9c40cac6976f43979028f936c4871	11400000	"[""Assets/PlayMaker/Templates/enemy_message.asset""]"
Assets/Scenes/Hornet/Mosstown_03.unity	6884	1035	enemy_message	40a9c40cac6976f43979028f936c4871	11400000	"[""Assets/PlayMaker/Templates/enemy_message.asset""]"
Assets/Scenes/Hornet/Mosstown_03.unity	6886	1138	enemy_message	40a9c40cac6976f43979028f936c4871	11400000	"[""Assets/PlayMaker/Templates/enemy_message.asset""]"
Assets/Scenes/Hornet/Mosstown_03.unity	6894	1268	enemy_message	40a9c40cac6976f43979028f936c4871	11400000	"[""Assets/PlayMaker/Templates/enemy_message.asset""]"
Assets/Scenes/Hornet/Mosstown_03.unity	6900	1336	Bench Control	30022a57d0796134fbc5d49b1decd4f9	11400000	"[""Assets/PlayMaker/Templates/bench_control.asset""]"
Assets/Scenes/Hornet/Mosstown_03.unity	6955	1439	Detect Landing	c9d78aec9d8dd8a419833f8f977ce120	11400000	"[""Assets/PlayMaker/Templates/sway_plat_collider.asset""]"
Assets/Scenes/Hornet/Mosstown_03.unity	6956	1440	Detect Landing	c9d78aec9d8dd8a419833f8f977ce120	11400000	"[""Assets/PlayMaker/Templates/sway_plat_collider.asset""]"
Assets/Scenes/Hornet/Mosstown_03.unity	6957	1442	Detect Landing	c9d78aec9d8dd8a419833f8f977ce120	11400000	"[""Assets/PlayMaker/Templates/sway_plat_collider.asset""]"
Assets/Scenes/Hornet/Mosstown_03.unity	6958	1443	Detect Landing	c9d78aec9d8dd8a419833f8f977ce120	11400000	"[""Assets/PlayMaker/Templates/sway_plat_collider.asset""]"
Assets/Scenes/Hornet/Mosstown_03.unity	6959	1441	Detect Landing	c9d78aec9d8dd8a419833f8f977ce120	11400000	"[""Assets/PlayMaker/Templates/sway_plat_collider.asset""]"
Assets/Scenes/Hornet/Mosstown_03.unity	6960	1444	Detect Landing	c9d78aec9d8dd8a419833f8f977ce120	11400000	"[""Assets/PlayMaker/Templates/sway_plat_collider.asset""]"
Assets/Scenes/Hornet/Mosstown_03.unity	6985	1636	Sway	611750e4cd2b0fc488c94b4d4a747bec	11400000	"[""Assets/PlayMaker/Templates/sway_plat_art.asset""]"
Assets/Scenes/Hornet/Mosstown_03.unity	6986	1638	Sway	611750e4cd2b0fc488c94b4d4a747bec	11400000	"[""Assets/PlayMaker/Templates/sway_plat_art.asset""]"
Assets/Scenes/Hornet/Mosstown_03.unity	6987	1637	Sway	611750e4cd2b0fc488c94b4d4a747bec	11400000	"[""Assets/PlayMaker/Templates/sway_plat_art.asset""]"
Assets/Scenes/Hornet/Mosstown_03.unity	6988	1639	Sway	611750e4cd2b0fc488c94b4d4a747bec	11400000	"[""Assets/PlayMaker/Templates/sway_plat_art.asset""]"
Assets/Scenes/Hornet/Mosstown_03.unity	6989	1640	Sway	611750e4cd2b0fc488c94b4d4a747bec	11400000	"[""Assets/PlayMaker/Templates/sway_plat_art.asset""]"
Assets/Scenes/Hornet/Mosstown_03.unity	6990	1641	Sway	611750e4cd2b0fc488c94b4d4a747bec	11400000	"[""Assets/PlayMaker/Templates/sway_plat_art.asset""]"
Assets/Scenes/Hornet/Mosstown_03.unity	7135	1588	tilt_plat	a40d78acbe179ad4a90e9b9d77d082be	11400000	"[""Assets/PlayMaker/Templates/tilt_plat.asset""]"
Assets/Scenes/Hornet/Organ_01.unity	19394	870	FSM	ffe3a1a9c1e2bb94da3315cccccc4782	11400000	"[""Assets/PlayMaker/Templates/hornet_multi_wounder.asset""]"
Assets/Scenes/Hornet/Organ_01.unity	19407	1013	Bench Control	30022a57d0796134fbc5d49b1decd4f9	11400000	"[""Assets/PlayMaker/Templates/bench_control.asset""]"
Assets/Scenes/Hornet/Organ_01.unity	19777	5472	Stun Control	2e4b6e573032075449b2ab0adc00c0b8	11400000	"[""Assets/PlayMaker/Templates/stun_control.asset""]"
Assets/Scenes/Hornet/Organ_01.unity	20446	5657	steam_slash_effect	1f84846daa21b104a97207aebc9242c6	11400000	"[""Assets/PlayMaker/Templates/steam_slash_effect.asset""]"
Assets/Scenes/Hornet/Organ_01.unity	20447	5658	steam_slash_effect	1f84846daa21b104a97207aebc9242c6	11400000	"[""Assets/PlayMaker/Templates/steam_slash_effect.asset""]"
Assets/Scenes/Hornet/Organ_01.unity	20448	5656	steam_slash_effect	1f84846daa21b104a97207aebc9242c6	11400000	"[""Assets/PlayMaker/Templates/steam_slash_effect.asset""]"
Assets/Scenes/Hornet/Organ_01.unity	20449	5655	steam_slash_effect	1f84846daa21b104a97207aebc9242c6	11400000	"[""Assets/PlayMaker/Templates/steam_slash_effect.asset""]"
Assets/Scenes/Hornet/Organ_01.unity	20450	5680	steam_slash_effect	1f84846daa21b104a97207aebc9242c6	11400000	"[""Assets/PlayMaker/Templates/steam_slash_effect.asset""]"
Assets/Scenes/Hornet/Organ_01.unity	20451	5679	steam_slash_effect	1f84846daa21b104a97207aebc9242c6	11400000	"[""Assets/PlayMaker/Templates/steam_slash_effect.asset""]"
Assets/Scenes/Hornet/Organ_01.unity	20452	5678	steam_slash_effect	1f84846daa21b104a97207aebc9242c6	11400000	"[""Assets/PlayMaker/Templates/steam_slash_effect.asset""]"
Assets/Scenes/Hornet/Organ_01.unity	20453	5677	steam_slash_effect	1f84846daa21b104a97207aebc9242c6	11400000	"[""Assets/PlayMaker/Templates/steam_slash_effect.asset""]"
Assets/Scenes/Hornet/Organ_01.unity	20865	5983	hornet_multi_wounder	ffe3a1a9c1e2bb94da3315cccccc4782	11400000	"[""Assets/PlayMaker/Templates/hornet_multi_wounder.asset""]"
Assets/Scenes/Hornet/Organ_01.unity	21047	5472	hero_binding_check	8d9d9a2db876e3d44b23ba7abf03f43f	11400000	"[""Assets/PlayMaker/Templates/hero_binding_check.asset""]"
Assets/Scenes/Hornet/Peak_01.unity	15209	4307	Control	ebb7f868f778b6f4aae2a069121a4374	11400000	"[""Assets/PlayMaker/Templates/tracking_object.asset""]"
Assets/Scenes/Hornet/Peak_01.unity	15210	4305	Control	ebb7f868f778b6f4aae2a069121a4374	11400000	"[""Assets/PlayMaker/Templates/tracking_object.asset""]"
Assets/Scenes/Hornet/Peak_01.unity	15211	4306	Control	ebb7f868f778b6f4aae2a069121a4374	11400000	"[""Assets/PlayMaker/Templates/tracking_object.asset""]"
Assets/Scenes/Hornet/Peak_01.unity	15222	3577	bone_crumble_plat	db45ee5f0ebe350428ecbbe747e29ec7	11400000	"[""Assets/PlayMaker/Templates/bone_crumble_plat.asset""]"
Assets/Scenes/Hornet/Peak_01.unity	15223	3578	bone_crumble_plat	db45ee5f0ebe350428ecbbe747e29ec7	11400000	"[""Assets/PlayMaker/Templates/bone_crumble_plat.asset""]"
Assets/Scenes/Hornet/Peak_01.unity	15414	3235	Control	db45ee5f0ebe350428ecbbe747e29ec7	11400000	"[""Assets/PlayMaker/Templates/bone_crumble_plat.asset""]"
Assets/Scenes/Hornet/Peak_01.unity	15415	3236	Control	db45ee5f0ebe350428ecbbe747e29ec7	11400000	"[""Assets/PlayMaker/Templates/bone_crumble_plat.asset""]"
Assets/Scenes/Hornet/Peak_01.unity	15467	3245	Control	8b56ec0cfd65cc947973c77e650d446d	11400000	"[""Assets/PlayMaker/Templates/harpoon_ring.asset""]"
Assets/Scenes/Hornet/Peak_01.unity	15469	3243	Control	8b56ec0cfd65cc947973c77e650d446d	11400000	"[""Assets/PlayMaker/Templates/harpoon_ring.asset""]"
Assets/Scenes/Hornet/Peak_01.unity	15471	3244	Control	8b56ec0cfd65cc947973c77e650d446d	11400000	"[""Assets/PlayMaker/Templates/harpoon_ring.asset""]"
Assets/Scenes/Hornet/Peak_02.unity	11536	104	Bench Control	30022a57d0796134fbc5d49b1decd4f9	11400000	"[""Assets/PlayMaker/Templates/bench_control.asset""]"
Assets/Scenes/Hornet/Peak_02.unity	11546	2498	FSM	42cf121674cfee9448897cce5955c148	11400000	"[""Assets/PlayMaker/Templates/weaver_drop_death.asset""]"
Assets/Scenes/Hornet/Peak_02.unity	11549	696	Control	feb98bdb6d3acf14c9618a2f26eb7b3f	11400000	"[""Assets/PlayMaker/Templates/snowflake_spawn.asset""]"
Assets/Scenes/Hornet/Peak_02.unity	12059	1955	Attack Enemies	caafb23d9ce46d04e95abb72c7771eb4	11400000	"[""Assets/PlayMaker/Templates/mapper_battle.asset""]"
Assets/Scenes/Hornet/Peak_02.unity	12060	2195	Control	a5d1d902fa29fde4a8ce1757e4f6b0a3	11400000	"[""Assets/PlayMaker/Templates/floating_object.asset""]"
Assets/Scenes/Hornet/Peak_02.unity	12061	2194	Control	a5d1d902fa29fde4a8ce1757e4f6b0a3	11400000	"[""Assets/PlayMaker/Templates/floating_object.asset""]"
Assets/Scenes/Hornet/Peak_04.unity	5672	1279	Control	a5d1d902fa29fde4a8ce1757e4f6b0a3	11400000	"[""Assets/PlayMaker/Templates/floating_object.asset""]"
Assets/Scenes/Hornet/Peak_04.unity	5673	1278	Control	a5d1d902fa29fde4a8ce1757e4f6b0a3	11400000	"[""Assets/PlayMaker/Templates/floating_object.asset""]"
Assets/Scenes/Hornet/Peak_04.unity	5674	1277	Control	a5d1d902fa29fde4a8ce1757e4f6b0a3	11400000	"[""Assets/PlayMaker/Templates/floating_object.asset""]"
Assets/Scenes/Hornet/Peak_04.unity	5675	1276	Control	a5d1d902fa29fde4a8ce1757e4f6b0a3	11400000	"[""Assets/PlayMaker/Templates/floating_object.asset""]"
Assets/Scenes/Hornet/Peak_04.unity	5819	1643	tilt_plat	a40d78acbe179ad4a90e9b9d77d082be	11400000	"[""Assets/PlayMaker/Templates/tilt_plat.asset""]"
Assets/Scenes/Hornet/Peak_04.unity	5820	1644	tilt_plat	a40d78acbe179ad4a90e9b9d77d082be	11400000	"[""Assets/PlayMaker/Templates/tilt_plat.asset""]"
Assets/Scenes/Hornet/Peak_04.unity	5881	1615	bobbing_platform	2875ec483cf83e2479534d846fa2ce88	11400000	"[""Assets/PlayMaker/Templates/bobbing_platform_heavy.asset""]"
Assets/Scenes/Hornet/Peak_04.unity	5882	1614	bobbing_platform	2875ec483cf83e2479534d846fa2ce88	11400000	"[""Assets/PlayMaker/Templates/bobbing_platform_heavy.asset""]"
Assets/Scenes/Hornet/Peak_04c.unity	2992	84	destroy_after_anim	2a3836a243fdb7846887c672bc1ca3c3	11400000	"[""Assets/PlayMaker/Templates/destroy_after_anim.asset""]"
Assets/Scenes/Hornet/Peak_05.unity	10479	2908	Control	8b56ec0cfd65cc947973c77e650d446d	11400000	"[""Assets/PlayMaker/Templates/harpoon_ring.asset""]"
Assets/Scenes/Hornet/Peak_05.unity	10761	3168	FSM	c332780cbeb3a264fb2eff442248d6cd	11400000	"[""Assets/PlayMaker/Templates/follow_camera_bound.asset""]"
Assets/Scenes/Hornet/Peak_05c.unity	7095	1119	Control	db45ee5f0ebe350428ecbbe747e29ec7	11400000	"[""Assets/PlayMaker/Templates/bone_crumble_plat.asset""]"
Assets/Scenes/Hornet/Peak_05c.unity	7096	1118	Control	db45ee5f0ebe350428ecbbe747e29ec7	11400000	"[""Assets/PlayMaker/Templates/bone_crumble_plat.asset""]"
Assets/Scenes/Hornet/Peak_05c.unity	7148	1423	Control	a5d1d902fa29fde4a8ce1757e4f6b0a3	11400000	"[""Assets/PlayMaker/Templates/floating_object.asset""]"
Assets/Scenes/Hornet/Peak_05c.unity	7149	1422	Control	a5d1d902fa29fde4a8ce1757e4f6b0a3	11400000	"[""Assets/PlayMaker/Templates/floating_object.asset""]"
Assets/Scenes/Hornet/Peak_05c.unity	7150	1421	Control	a5d1d902fa29fde4a8ce1757e4f6b0a3	11400000	"[""Assets/PlayMaker/Templates/floating_object.asset""]"
Assets/Scenes/Hornet/Peak_05c.unity	7151	1420	Control	a5d1d902fa29fde4a8ce1757e4f6b0a3	11400000	"[""Assets/PlayMaker/Templates/floating_object.asset""]"
Assets/Scenes/Hornet/Peak_05d.unity	3079	927	FSM	472f57d305c90f24d8d9572c90f30910	11400000	"[""Assets/PlayMaker/Templates/follow_camera.asset""]"
Assets/Scenes/Hornet/Peak_05e.unity	8015	1434	Control	a5d1d902fa29fde4a8ce1757e4f6b0a3	11400000	"[""Assets/PlayMaker/Templates/floating_object.asset""]"
Assets/Scenes/Hornet/Peak_05e.unity	8016	1433	Control	a5d1d902fa29fde4a8ce1757e4f6b0a3	11400000	"[""Assets/PlayMaker/Templates/floating_object.asset""]"
Assets/Scenes/Hornet/Peak_05e.unity	8544	2355	tilt_plat	a40d78acbe179ad4a90e9b9d77d082be	11400000	"[""Assets/PlayMaker/Templates/tilt_plat.asset""]"
Assets/Scenes/Hornet/Peak_05e.unity	8659	2316	bobbing_platform	2875ec483cf83e2479534d846fa2ce88	11400000	"[""Assets/PlayMaker/Templates/bobbing_platform_heavy.asset""]"
Assets/Scenes/Hornet/Peak_06.unity	7744	855	destroy_after_anim	2a3836a243fdb7846887c672bc1ca3c3	11400000	"[""Assets/PlayMaker/Templates/destroy_after_anim.asset""]"
Assets/Scenes/Hornet/Peak_06.unity	8065	1713	Control	a5d1d902fa29fde4a8ce1757e4f6b0a3	11400000	"[""Assets/PlayMaker/Templates/floating_object.asset""]"
Assets/Scenes/Hornet/Peak_06.unity	8066	1712	Control	a5d1d902fa29fde4a8ce1757e4f6b0a3	11400000	"[""Assets/PlayMaker/Templates/floating_object.asset""]"
Assets/Scenes/Hornet/Peak_07.unity	8683	627	Bench Control	30022a57d0796134fbc5d49b1decd4f9	11400000	"[""Assets/PlayMaker/Templates/bench_control.asset""]"
Assets/Scenes/Hornet/Peak_07.unity	8910	2440	Control	ebb7f868f778b6f4aae2a069121a4374	11400000	"[""Assets/PlayMaker/Templates/tracking_object.asset""]"
Assets/Scenes/Hornet/Peak_07.unity	8917	1877	bone_crumble_plat	db45ee5f0ebe350428ecbbe747e29ec7	11400000	"[""Assets/PlayMaker/Templates/bone_crumble_plat.asset""]"
Assets/Scenes/Hornet/Peak_07.unity	9056	1626	Control	db45ee5f0ebe350428ecbbe747e29ec7	11400000	"[""Assets/PlayMaker/Templates/bone_crumble_plat.asset""]"
Assets/Scenes/Hornet/Peak_07.unity	9057	1617	Control	db45ee5f0ebe350428ecbbe747e29ec7	11400000	"[""Assets/PlayMaker/Templates/bone_crumble_plat.asset""]"
Assets/Scenes/Hornet/Peak_07.unity	9058	1620	bone_crumble_plat	db45ee5f0ebe350428ecbbe747e29ec7	11400000	"[""Assets/PlayMaker/Templates/bone_crumble_plat.asset""]"
Assets/Scenes/Hornet/Peak_07.unity	9059	1619	Control	db45ee5f0ebe350428ecbbe747e29ec7	11400000	"[""Assets/PlayMaker/Templates/bone_crumble_plat.asset""]"
Assets/Scenes/Hornet/Peak_07.unity	9170	2153	Stun Control	2e4b6e573032075449b2ab0adc00c0b8	11400000	"[""Assets/PlayMaker/Templates/stun_control.asset""]"
Assets/Scenes/Hornet/Peak_08.unity	11842	1418	FSM	c332780cbeb3a264fb2eff442248d6cd	11400000	"[""Assets/PlayMaker/Templates/follow_camera_bound.asset""]"
Assets/Scenes/Hornet/Peak_08.unity	11852	2470	FSM	c332780cbeb3a264fb2eff442248d6cd	11400000	"[""Assets/PlayMaker/Templates/follow_camera_bound.asset""]"
Assets/Scenes/Hornet/Peak_08.unity	12148	3633	corpse_chunk_flinger	429ae6481c98af540bee734835f196bb	11400000	"[""Assets/PlayMaker/Templates/corpse_chunk_flinger.asset""]"
Assets/Scenes/Hornet/Peak_08.unity	12155	3541	Control	dba5d81215f5bce4b92a0fe346508b97	11400000	"[""Assets/PlayMaker/Templates/corpse_servitor_chunk.asset""]"
Assets/Scenes/Hornet/Peak_08.unity	12196	3654	Control	dba5d81215f5bce4b92a0fe346508b97	11400000	"[""Assets/PlayMaker/Templates/corpse_servitor_chunk.asset""]"
Assets/Scenes/Hornet/Peak_08.unity	12208	3527	Control	dba5d81215f5bce4b92a0fe346508b97	11400000	"[""Assets/PlayMaker/Templates/corpse_servitor_chunk.asset""]"
Assets/Scenes/Hornet/Peak_08.unity	12230	3589	Control	dba5d81215f5bce4b92a0fe346508b97	11400000	"[""Assets/PlayMaker/Templates/corpse_servitor_chunk.asset""]"
Assets/Scenes/Hornet/Peak_08.unity	12270	3629	Control	dba5d81215f5bce4b92a0fe346508b97	11400000	"[""Assets/PlayMaker/Templates/corpse_servitor_chunk.asset""]"
Assets/Scenes/Hornet/Peak_08.unity	12504	3542	corpse_chunk_flinger	429ae6481c98af540bee734835f196bb	11400000	"[""Assets/PlayMaker/Templates/corpse_chunk_flinger.asset""]"
Assets/Scenes/Hornet/Peak_08.unity	12522	3640	Control	dba5d81215f5bce4b92a0fe346508b97	11400000	"[""Assets/PlayMaker/Templates/corpse_servitor_chunk.asset""]"
Assets/Scenes/Hornet/Peak_08b.unity	8384	139	color_fader	6d6797e906b8e734cbee4d3a9df9acbc	11400000	"[""Assets/PlayMaker/Templates/color_fader.asset""]"
Assets/Scenes/Hornet/Peak_08b.unity	8387	171	color_fader	6d6797e906b8e734cbee4d3a9df9acbc	11400000	"[""Assets/PlayMaker/Templates/color_fader.asset""]"
Assets/Scenes/Hornet/Peak_08b.unity	8393	263	color_fader	6d6797e906b8e734cbee4d3a9df9acbc	11400000	"[""Assets/PlayMaker/Templates/color_fader.asset""]"
Assets/Scenes/Hornet/Peak_08b.unity	8396	316	color_fader	6d6797e906b8e734cbee4d3a9df9acbc	11400000	"[""Assets/PlayMaker/Templates/color_fader.asset""]"
Assets/Scenes/Hornet/Peak_08b.unity	8405	454	color_fader	6d6797e906b8e734cbee4d3a9df9acbc	11400000	"[""Assets/PlayMaker/Templates/color_fader.asset""]"
Assets/Scenes/Hornet/Peak_08b.unity	8410	562	color_fader	6d6797e906b8e734cbee4d3a9df9acbc	11400000	"[""Assets/PlayMaker/Templates/color_fader.asset""]"
Assets/Scenes/Hornet/Peak_08b.unity	8414	695	color_fader	6d6797e906b8e734cbee4d3a9df9acbc	11400000	"[""Assets/PlayMaker/Templates/color_fader.asset""]"
Assets/Scenes/Hornet/Peak_08b.unity	8418	711	color_fader	6d6797e906b8e734cbee4d3a9df9acbc	11400000	"[""Assets/PlayMaker/Templates/color_fader.asset""]"
Assets/Scenes/Hornet/Peak_08b.unity	8419	770	color_fader	6d6797e906b8e734cbee4d3a9df9acbc	11400000	"[""Assets/PlayMaker/Templates/color_fader.asset""]"
Assets/Scenes/Hornet/Peak_08b.unity	8420	774	color_fader	6d6797e906b8e734cbee4d3a9df9acbc	11400000	"[""Assets/PlayMaker/Templates/color_fader.asset""]"
Assets/Scenes/Hornet/Peak_08b.unity	8421	789	color_fader	6d6797e906b8e734cbee4d3a9df9acbc	11400000	"[""Assets/PlayMaker/Templates/color_fader.asset""]"
Assets/Scenes/Hornet/Peak_08b.unity	8431	976	color_fader	6d6797e906b8e734cbee4d3a9df9acbc	11400000	"[""Assets/PlayMaker/Templates/color_fader.asset""]"
Assets/Scenes/Hornet/Peak_08b.unity	8454	1272	color_fader	6d6797e906b8e734cbee4d3a9df9acbc	11400000	"[""Assets/PlayMaker/Templates/color_fader.asset""]"
Assets/Scenes/Hornet/Peak_08b.unity	8456	1294	color_fader	6d6797e906b8e734cbee4d3a9df9acbc	11400000	"[""Assets/PlayMaker/Templates/color_fader.asset""]"
Assets/Scenes/Hornet/Peak_08b.unity	8462	1387	color_fader	6d6797e906b8e734cbee4d3a9df9acbc	11400000	"[""Assets/PlayMaker/Templates/color_fader.asset""]"
Assets/Scenes/Hornet/Peak_08b.unity	8470	1463	color_fader	6d6797e906b8e734cbee4d3a9df9acbc	11400000	"[""Assets/PlayMaker/Templates/color_fader.asset""]"
Assets/Scenes/Hornet/Peak_08b.unity	8479	1627	color_fader	6d6797e906b8e734cbee4d3a9df9acbc	11400000	"[""Assets/PlayMaker/Templates/color_fader.asset""]"
Assets/Scenes/Hornet/Peak_08b.unity	8482	1647	color_fader	6d6797e906b8e734cbee4d3a9df9acbc	11400000	"[""Assets/PlayMaker/Templates/color_fader.asset""]"
Assets/Scenes/Hornet/Peak_08b.unity	8610	1772	Control	0a90bbd7d59385641a93fc8723ca8247	11400000	"[""Assets/PlayMaker/Templates/updraft_region.asset""]"
Assets/Scenes/Hornet/Peak_12.unity	1118	264	Bench Control	30022a57d0796134fbc5d49b1decd4f9	11400000	"[""Assets/PlayMaker/Templates/bench_control.asset""]"
Assets/Scenes/Hornet/Peak_Mask_Maker.unity	401	64	map_isroom	0fa874bd0a265424880fbf25a2b42b4c	11400000	"[""Assets/PlayMaker/Templates/map_isroom.asset""]"
Assets/Scenes/Hornet/Room_Caravan_Interior.unity	272	79	NPC Title	7106fa1276c17ec4d859b5666d975338	11400000	"[""Assets/PlayMaker/Templates/npc_title_show.asset""]"
Assets/Scenes/Hornet/Room_Caravan_Interior_Travel.unity	394	58	map_isroom	0fa874bd0a265424880fbf25a2b42b4c	11400000	"[""Assets/PlayMaker/Templates/map_isroom.asset""]"
Assets/Scenes/Hornet/Room_Caravan_Interior_Travel.unity	397	58	Cutscene Control	f257e27d8d0cc8d47a30a7e63f37e5f4	11400000	"[""Assets/PlayMaker/Templates/flea_caravan_travel_cutscene_control.asset""]"
Assets/Scenes/Hornet/Room_Caravan_Spa.unity	457	93	Destroy on Level Load	a349164329b1bad4697a405b87c19587	11400000	"[""Assets/PlayMaker/Templates/destroy_on_level_load.asset""]"
Assets/Scenes/Hornet/Room_Caravan_Spa.unity	459	99	Destroy on Level Load	a349164329b1bad4697a405b87c19587	11400000	"[""Assets/PlayMaker/Templates/destroy_on_level_load.asset""]"
Assets/Scenes/Hornet/Room_Caravan_Spa.unity	494	129	Destroy on Level Load	a349164329b1bad4697a405b87c19587	11400000	"[""Assets/PlayMaker/Templates/destroy_on_level_load.asset""]"
Assets/Scenes/Hornet/Room_CrowCourt.unity	10952	111	Deactivate?	17efcc4d9bfc6504ea8f4d4d07d969c5	11400000	"[""Assets/PlayMaker/Templates/craw_summons_got_active.asset""]"
Assets/Scenes/Hornet/Room_CrowCourt.unity	10985	714	FSM	472f57d305c90f24d8d9572c90f30910	11400000	"[""Assets/PlayMaker/Templates/follow_camera.asset""]"
Assets/Scenes/Hornet/Room_CrowCourt.unity	10994	825	Deactivate?	17efcc4d9bfc6504ea8f4d4d07d969c5	11400000	"[""Assets/PlayMaker/Templates/craw_summons_got_active.asset""]"
Assets/Scenes/Hornet/Room_CrowCourt.unity	11014	1115	Is Room	0fa874bd0a265424880fbf25a2b42b4c	11400000	"[""Assets/PlayMaker/Templates/map_isroom.asset""]"
Assets/Scenes/Hornet/Room_CrowCourt.unity	11153	3175	depress_plat	a40d78acbe179ad4a90e9b9d77d082be	11400000	"[""Assets/PlayMaker/Templates/tilt_plat.asset""]"
Assets/Scenes/Hornet/Room_CrowCourt.unity	11217	3125	Detect Landing	c9d78aec9d8dd8a419833f8f977ce120	11400000	"[""Assets/PlayMaker/Templates/sway_plat_collider.asset""]"
Assets/Scenes/Hornet/Room_CrowCourt.unity	11218	3126	Detect Landing	c9d78aec9d8dd8a419833f8f977ce120	11400000	"[""Assets/PlayMaker/Templates/sway_plat_collider.asset""]"
Assets/Scenes/Hornet/Room_CrowCourt.unity	11351	1995	Sway	611750e4cd2b0fc488c94b4d4a747bec	11400000	"[""Assets/PlayMaker/Templates/sway_plat_art.asset""]"
Assets/Scenes/Hornet/Room_CrowCourt.unity	11352	1994	Sway	611750e4cd2b0fc488c94b4d4a747bec	11400000	"[""Assets/PlayMaker/Templates/sway_plat_art.asset""]"
Assets/Scenes/Hornet/Room_CrowCourt.unity	11404	2414	hornet_multi_wounder	ffe3a1a9c1e2bb94da3315cccccc4782	11400000	"[""Assets/PlayMaker/Templates/hornet_multi_wounder.asset""]"
Assets/Scenes/Hornet/Room_CrowCourt.unity	11405	2413	hornet_multi_wounder	ffe3a1a9c1e2bb94da3315cccccc4782	11400000	"[""Assets/PlayMaker/Templates/hornet_multi_wounder.asset""]"
Assets/Scenes/Hornet/Room_CrowCourt.unity	11406	2412	hornet_multi_wounder	ffe3a1a9c1e2bb94da3315cccccc4782	11400000	"[""Assets/PlayMaker/Templates/hornet_multi_wounder.asset""]"
Assets/Scenes/Hornet/Room_CrowCourt.unity	11528	2905	hornet_multi_wounder	ffe3a1a9c1e2bb94da3315cccccc4782	11400000	"[""Assets/PlayMaker/Templates/hornet_multi_wounder.asset""]"
Assets/Scenes/Hornet/Room_CrowCourt.unity	11529	2907	hornet_multi_wounder	ffe3a1a9c1e2bb94da3315cccccc4782	11400000	"[""Assets/PlayMaker/Templates/hornet_multi_wounder.asset""]"
Assets/Scenes/Hornet/Room_CrowCourt.unity	11530	2906	hornet_multi_wounder	ffe3a1a9c1e2bb94da3315cccccc4782	11400000	"[""Assets/PlayMaker/Templates/hornet_multi_wounder.asset""]"
Assets/Scenes/Hornet/Room_CrowCourt.unity	11576	2858	hornet_multi_wounder	ffe3a1a9c1e2bb94da3315cccccc4782	11400000	"[""Assets/PlayMaker/Templates/hornet_multi_wounder.asset""]"
Assets/Scenes/Hornet/Room_CrowCourt.unity	11578	2857	hornet_multi_wounder	ffe3a1a9c1e2bb94da3315cccccc4782	11400000	"[""Assets/PlayMaker/Templates/hornet_multi_wounder.asset""]"
Assets/Scenes/Hornet/Room_CrowCourt.unity	11580	2856	hornet_multi_wounder	ffe3a1a9c1e2bb94da3315cccccc4782	11400000	"[""Assets/PlayMaker/Templates/hornet_multi_wounder.asset""]"
Assets/Scenes/Hornet/Room_CrowCourt.unity	11613	2659	hornet_multi_wounder	ffe3a1a9c1e2bb94da3315cccccc4782	11400000	"[""Assets/PlayMaker/Templates/hornet_multi_wounder.asset""]"
Assets/Scenes/Hornet/Room_CrowCourt.unity	11615	2660	hornet_multi_wounder	ffe3a1a9c1e2bb94da3315cccccc4782	11400000	"[""Assets/PlayMaker/Templates/hornet_multi_wounder.asset""]"
Assets/Scenes/Hornet/Room_CrowCourt.unity	11617	2658	hornet_multi_wounder	ffe3a1a9c1e2bb94da3315cccccc4782	11400000	"[""Assets/PlayMaker/Templates/hornet_multi_wounder.asset""]"
Assets/Scenes/Hornet/Room_CrowCourt.unity	11728	2393	hornet_multi_wounder	ffe3a1a9c1e2bb94da3315cccccc4782	11400000	"[""Assets/PlayMaker/Templates/hornet_multi_wounder.asset""]"
Assets/Scenes/Hornet/Room_CrowCourt.unity	11729	2395	hornet_multi_wounder	ffe3a1a9c1e2bb94da3315cccccc4782	11400000	"[""Assets/PlayMaker/Templates/hornet_multi_wounder.asset""]"
Assets/Scenes/Hornet/Room_CrowCourt.unity	11730	2394	hornet_multi_wounder	ffe3a1a9c1e2bb94da3315cccccc4782	11400000	"[""Assets/PlayMaker/Templates/hornet_multi_wounder.asset""]"
Assets/Scenes/Hornet/Room_CrowCourt.unity	11782	2519	hornet_multi_wounder	ffe3a1a9c1e2bb94da3315cccccc4782	11400000	"[""Assets/PlayMaker/Templates/hornet_multi_wounder.asset""]"
Assets/Scenes/Hornet/Room_CrowCourt.unity	11784	2520	hornet_multi_wounder	ffe3a1a9c1e2bb94da3315cccccc4782	11400000	"[""Assets/PlayMaker/Templates/hornet_multi_wounder.asset""]"
Assets/Scenes/Hornet/Room_CrowCourt.unity	11786	2521	hornet_multi_wounder	ffe3a1a9c1e2bb94da3315cccccc4782	11400000	"[""Assets/PlayMaker/Templates/hornet_multi_wounder.asset""]"
Assets/Scenes/Hornet/Room_CrowCourt_02.unity	6931	1924	depress_plat	a40d78acbe179ad4a90e9b9d77d082be	11400000	"[""Assets/PlayMaker/Templates/tilt_plat.asset""]"
Assets/Scenes/Hornet/Room_CrowCourt_02.unity	7269	1766	Stun Control	2e4b6e573032075449b2ab0adc00c0b8	11400000	"[""Assets/PlayMaker/Templates/stun_control.asset""]"
Assets/Scenes/Hornet/Room_CrowCourt_02.unity	7457	2074	fornet_multi_wounder	ffe3a1a9c1e2bb94da3315cccccc4782	11400000	"[""Assets/PlayMaker/Templates/hornet_multi_wounder.asset""]"
Assets/Scenes/Hornet/Room_CrowCourt_02.unity	7491	2056	fornet_multi_wounder	ffe3a1a9c1e2bb94da3315cccccc4782	11400000	"[""Assets/PlayMaker/Templates/hornet_multi_wounder.asset""]"
Assets/Scenes/Hornet/Room_CrowCourt_02.unity	7525	2032	fornet_multi_wounder	ffe3a1a9c1e2bb94da3315cccccc4782	11400000	"[""Assets/PlayMaker/Templates/hornet_multi_wounder.asset""]"
Assets/Scenes/Hornet/Room_CrowCourt_02.unity	7542	2047	FSM	2822d5f0a56d5274594c3ab82acbe0d6	11400000	"[""Assets/PlayMaker/Templates/lowpass_audio_by_area.asset""]"
Assets/Scenes/Hornet/Room_CrowCourt_02.unity	7543	2046	FSM	2822d5f0a56d5274594c3ab82acbe0d6	11400000	"[""Assets/PlayMaker/Templates/lowpass_audio_by_area.asset""]"
Assets/Scenes/Hornet/Room_CrowCourt_02.unity	7544	2048	FSM	2822d5f0a56d5274594c3ab82acbe0d6	11400000	"[""Assets/PlayMaker/Templates/lowpass_audio_by_area.asset""]"
Assets/Scenes/Hornet/Room_CrowCourt_02.unity	7545	2045	FSM	2822d5f0a56d5274594c3ab82acbe0d6	11400000	"[""Assets/PlayMaker/Templates/lowpass_audio_by_area.asset""]"
Assets/Scenes/Hornet/Room_CrowCourt_02.unity	7546	2044	FSM	2822d5f0a56d5274594c3ab82acbe0d6	11400000	"[""Assets/PlayMaker/Templates/lowpass_audio_by_area.asset""]"
Assets/Scenes/Hornet/Room_CrowCourt_02.unity	7547	2043	FSM	2822d5f0a56d5274594c3ab82acbe0d6	11400000	"[""Assets/PlayMaker/Templates/lowpass_audio_by_area.asset""]"
Assets/Scenes/Hornet/Room_CrowCourt_02.unity	7548	2042	FSM	2822d5f0a56d5274594c3ab82acbe0d6	11400000	"[""Assets/PlayMaker/Templates/lowpass_audio_by_area.asset""]"
Assets/Scenes/Hornet/Room_CrowCourt_02.unity	7549	2041	FSM	2822d5f0a56d5274594c3ab82acbe0d6	11400000	"[""Assets/PlayMaker/Templates/lowpass_audio_by_area.asset""]"
Assets/Scenes/Hornet/Room_CrowCourt_02.unity	7550	2037	FSM	2822d5f0a56d5274594c3ab82acbe0d6	11400000	"[""Assets/PlayMaker/Templates/lowpass_audio_by_area.asset""]"
Assets/Scenes/Hornet/Room_CrowCourt_02.unity	7551	2036	FSM	2822d5f0a56d5274594c3ab82acbe0d6	11400000	"[""Assets/PlayMaker/Templates/lowpass_audio_by_area.asset""]"
Assets/Scenes/Hornet/Room_CrowCourt_02.unity	7552	2035	FSM	2822d5f0a56d5274594c3ab82acbe0d6	11400000	"[""Assets/PlayMaker/Templates/lowpass_audio_by_area.asset""]"
Assets/Scenes/Hornet/Room_CrowCourt_02.unity	7553	2034	FSM	2822d5f0a56d5274594c3ab82acbe0d6	11400000	"[""Assets/PlayMaker/Templates/lowpass_audio_by_area.asset""]"
Assets/Scenes/Hornet/Room_CrowCourt_02.unity	7554	2033	FSM	2822d5f0a56d5274594c3ab82acbe0d6	11400000	"[""Assets/PlayMaker/Templates/lowpass_audio_by_area.asset""]"
Assets/Scenes/Hornet/Room_CrowCourt_02.unity	7555	2040	FSM	2822d5f0a56d5274594c3ab82acbe0d6	11400000	"[""Assets/PlayMaker/Templates/lowpass_audio_by_area.asset""]"
Assets/Scenes/Hornet/Room_CrowCourt_02.unity	7556	2039	FSM	2822d5f0a56d5274594c3ab82acbe0d6	11400000	"[""Assets/PlayMaker/Templates/lowpass_audio_by_area.asset""]"
Assets/Scenes/Hornet/Room_CrowCourt_02.unity	7557	2038	FSM	2822d5f0a56d5274594c3ab82acbe0d6	11400000	"[""Assets/PlayMaker/Templates/lowpass_audio_by_area.asset""]"
Assets/Scenes/Hornet/Room_CrowCourt_02.unity	7580	2157	fornet_multi_wounder	ffe3a1a9c1e2bb94da3315cccccc4782	11400000	"[""Assets/PlayMaker/Templates/hornet_multi_wounder.asset""]"
Assets/Scenes/Hornet/Room_CrowCourt_02.unity	7668	2095	fornet_multi_wounder	ffe3a1a9c1e2bb94da3315cccccc4782	11400000	"[""Assets/PlayMaker/Templates/hornet_multi_wounder.asset""]"
Assets/Scenes/Hornet/Room_CrowCourt_02.unity	7670	2094	fornet_multi_wounder	ffe3a1a9c1e2bb94da3315cccccc4782	11400000	"[""Assets/PlayMaker/Templates/hornet_multi_wounder.asset""]"
Assets/Scenes/Hornet/Room_Diving_Bell.unity	420	88	Bench Control	30022a57d0796134fbc5d49b1decd4f9	11400000	"[""Assets/PlayMaker/Templates/bench_control.asset""]"
Assets/Scenes/Hornet/Room_Diving_Bell_Abyss.unity	302	42	Bench Control	30022a57d0796134fbc5d49b1decd4f9	11400000	"[""Assets/PlayMaker/Templates/bench_control.asset""]"
Assets/Scenes/Hornet/Room_Diving_Bell_Abyss_Fixed.unity	398	90	Bench Control	30022a57d0796134fbc5d49b1decd4f9	11400000	"[""Assets/PlayMaker/Templates/bench_control.asset""]"
Assets/Scenes/Hornet/Room_Forge.unity	11579	89	Bench Control	30022a57d0796134fbc5d49b1decd4f9	11400000	"[""Assets/PlayMaker/Templates/bench_control.asset""]"
Assets/Scenes/Hornet/Room_Forge.unity	11704	1637	FSM	c332780cbeb3a264fb2eff442248d6cd	11400000	"[""Assets/PlayMaker/Templates/follow_camera_bound.asset""]"
Assets/Scenes/Hornet/Room_Forge.unity	12123	3223	Damage Hero	3ff80959024b2774c802f818564e033e	11400000	"[""Assets/PlayMaker/Templates/coal_region.asset""]"
Assets/Scenes/Hornet/Room_Forge.unity	12626	2457	Go Direction Velocity	6f0839127750b164ebb46ddbae600e15	11400000	"[""Assets/PlayMaker/Templates/flyer_go_up_response.asset""]"
Assets/Scenes/Hornet/Room_Forge.unity	12627	2458	Go Direction Velocity	6f0839127750b164ebb46ddbae600e15	11400000	"[""Assets/PlayMaker/Templates/flyer_go_up_response.asset""]"
Assets/Scenes/Hornet/Room_Forge.unity	12628	2460	Go Direction Velocity	6f0839127750b164ebb46ddbae600e15	11400000	"[""Assets/PlayMaker/Templates/flyer_go_up_response.asset""]"
Assets/Scenes/Hornet/Room_Forge.unity	12629	2459	Go Direction Velocity	6f0839127750b164ebb46ddbae600e15	11400000	"[""Assets/PlayMaker/Templates/flyer_go_up_response.asset""]"
Assets/Scenes/Hornet/Room_Huntress.unity	811	133	Bench Control	30022a57d0796134fbc5d49b1decd4f9	11400000	"[""Assets/PlayMaker/Templates/bench_control.asset""]"
Assets/Scenes/Hornet/Room_Pinstress.unity	1085	51	Bench Control	30022a57d0796134fbc5d49b1decd4f9	11400000	"[""Assets/PlayMaker/Templates/bench_control.asset""]"
Assets/Scenes/Hornet/Room_Pinstress.unity	1126	204	FSM	0fa874bd0a265424880fbf25a2b42b4c	11400000	"[""Assets/PlayMaker/Templates/map_isroom.asset""]"
Assets/Scenes/Hornet/Room_Witch.unity	809	78	map_isroom	0fa874bd0a265424880fbf25a2b42b4c	11400000	"[""Assets/PlayMaker/Templates/map_isroom.asset""]"
Assets/Scenes/Hornet/Shadow_01.unity	9034	2537	FSM	c332780cbeb3a264fb2eff442248d6cd	11400000	"[""Assets/PlayMaker/Templates/follow_camera_bound.asset""]"
Assets/Scenes/Hornet/Shadow_01.unity	9046	1708	breakable_wall_v2	49ae76d885d76f0409f5e87241c2e88a	11400000	"[""Assets/PlayMaker/Templates/breakable_wall_v2.asset""]"
Assets/Scenes/Hornet/Shadow_01.unity	9250	2745	Control	ebb7f868f778b6f4aae2a069121a4374	11400000	"[""Assets/PlayMaker/Templates/tracking_object.asset""]"
Assets/Scenes/Hornet/Shadow_02.unity	10825	2896	FSM	c332780cbeb3a264fb2eff442248d6cd	11400000	"[""Assets/PlayMaker/Templates/follow_camera_bound.asset""]"
Assets/Scenes/Hornet/Shadow_02.unity	11028	3215	Control	ebb7f868f778b6f4aae2a069121a4374	11400000	"[""Assets/PlayMaker/Templates/tracking_object.asset""]"
Assets/Scenes/Hornet/Shadow_02.unity	11029	3214	Control	ebb7f868f778b6f4aae2a069121a4374	11400000	"[""Assets/PlayMaker/Templates/tracking_object.asset""]"
Assets/Scenes/Hornet/Shadow_02.unity	11400	2289	Control	dffdfbd16b462044db08b6e5d24c8f6d	11400000	"[""Assets/PlayMaker/Templates/crumble_plat_liquid.asset""]"
Assets/Scenes/Hornet/Shadow_02.unity	11402	2290	Control	dffdfbd16b462044db08b6e5d24c8f6d	11400000	"[""Assets/PlayMaker/Templates/crumble_plat_liquid.asset""]"
Assets/Scenes/Hornet/Shadow_02.unity	11404	2291	Control	dffdfbd16b462044db08b6e5d24c8f6d	11400000	"[""Assets/PlayMaker/Templates/crumble_plat_liquid.asset""]"
Assets/Scenes/Hornet/Shadow_02.unity	11614	3381	Control	8af2ea298b8ed3d41a5eb7d1769ea37e	11400000	"[""Assets/PlayMaker/Templates/crumble_plat_hero_shover.asset""]"
Assets/Scenes/Hornet/Shadow_02.unity	11616	3383	Control	8af2ea298b8ed3d41a5eb7d1769ea37e	11400000	"[""Assets/PlayMaker/Templates/crumble_plat_hero_shover.asset""]"
Assets/Scenes/Hornet/Shadow_02.unity	11618	3382	Control	8af2ea298b8ed3d41a5eb7d1769ea37e	11400000	"[""Assets/PlayMaker/Templates/crumble_plat_hero_shover.asset""]"
Assets/Scenes/Hornet/Shadow_03.unity	7209	1606	Enemy Rattle	53f9772d9cab170449b1da978968914c	11400000	"[""Assets/PlayMaker/Templates/enemy_rattle.asset""]"
Assets/Scenes/Hornet/Shadow_03.unity	7263	1606	Detect Landing	c9d78aec9d8dd8a419833f8f977ce120	11400000	"[""Assets/PlayMaker/Templates/sway_plat_collider.asset""]"
Assets/Scenes/Hornet/Shadow_03.unity	7459	1892	Sway	611750e4cd2b0fc488c94b4d4a747bec	11400000	"[""Assets/PlayMaker/Templates/sway_plat_art.asset""]"
Assets/Scenes/Hornet/Shadow_03.unity	7517	1425	Control	dffdfbd16b462044db08b6e5d24c8f6d	11400000	"[""Assets/PlayMaker/Templates/crumble_plat_liquid.asset""]"
Assets/Scenes/Hornet/Shadow_03.unity	7519	1426	Control	dffdfbd16b462044db08b6e5d24c8f6d	11400000	"[""Assets/PlayMaker/Templates/crumble_plat_liquid.asset""]"
Assets/Scenes/Hornet/Shadow_03.unity	7819	2170	Control	8af2ea298b8ed3d41a5eb7d1769ea37e	11400000	"[""Assets/PlayMaker/Templates/crumble_plat_hero_shover.asset""]"
Assets/Scenes/Hornet/Shadow_03.unity	7821	2171	Control	8af2ea298b8ed3d41a5eb7d1769ea37e	11400000	"[""Assets/PlayMaker/Templates/crumble_plat_hero_shover.asset""]"
Assets/Scenes/Hornet/Shadow_04.unity	5986	130	enemy_message	40a9c40cac6976f43979028f936c4871	11400000	"[""Assets/PlayMaker/Templates/enemy_message.asset""]"
Assets/Scenes/Hornet/Shadow_04.unity	5997	313	breakable_wall_v2	49ae76d885d76f0409f5e87241c2e88a	11400000	"[""Assets/PlayMaker/Templates/breakable_wall_v2.asset""]"
Assets/Scenes/Hornet/Shadow_04.unity	5999	962	FSM	c332780cbeb3a264fb2eff442248d6cd	11400000	"[""Assets/PlayMaker/Templates/follow_camera_bound.asset""]"
Assets/Scenes/Hornet/Shadow_04.unity	6019	614	enemy_message	40a9c40cac6976f43979028f936c4871	11400000	"[""Assets/PlayMaker/Templates/enemy_message.asset""]"
Assets/Scenes/Hornet/Shadow_04.unity	6020	591	FSM	c332780cbeb3a264fb2eff442248d6cd	11400000	"[""Assets/PlayMaker/Templates/follow_camera_bound.asset""]"
Assets/Scenes/Hornet/Shadow_04.unity	6029	813	enemy_message	40a9c40cac6976f43979028f936c4871	11400000	"[""Assets/PlayMaker/Templates/enemy_message.asset""]"
Assets/Scenes/Hornet/Shadow_04.unity	6049	1043	node_control	9069c9eed3cd8cd43a9b364ac91fb760	11400000	"[""Assets/PlayMaker/Templates/node_control.asset""]"
Assets/Scenes/Hornet/Shadow_04.unity	6054	1119	enemy_message	40a9c40cac6976f43979028f936c4871	11400000	"[""Assets/PlayMaker/Templates/enemy_message.asset""]"
Assets/Scenes/Hornet/Shadow_04.unity	6165	1788	Control	ebb7f868f778b6f4aae2a069121a4374	11400000	"[""Assets/PlayMaker/Templates/tracking_object.asset""]"
Assets/Scenes/Hornet/Shadow_04.unity	6172	1803	tilt_plat	a40d78acbe179ad4a90e9b9d77d082be	11400000	"[""Assets/PlayMaker/Templates/tilt_plat.asset""]"
Assets/Scenes/Hornet/Shadow_04b.unity	4602	681	node_control	9069c9eed3cd8cd43a9b364ac91fb760	11400000	"[""Assets/PlayMaker/Templates/node_control.asset""]"
Assets/Scenes/Hornet/Shadow_04b.unity	4721	1280	Control	ebb7f868f778b6f4aae2a069121a4374	11400000	"[""Assets/PlayMaker/Templates/tracking_object.asset""]"
Assets/Scenes/Hornet/Shadow_05.unity	9478	54	node_control	9069c9eed3cd8cd43a9b364ac91fb760	11400000	"[""Assets/PlayMaker/Templates/node_control.asset""]"
Assets/Scenes/Hornet/Shadow_05.unity	9480	114	Geo Rock	3ce2aab20b6447d47a1b288b65263053	11400000	"[""Assets/PlayMaker/Templates/geo_rock.asset""]"
Assets/Scenes/Hornet/Shadow_05.unity	9501	453	breakable_wall_v2	49ae76d885d76f0409f5e87241c2e88a	11400000	"[""Assets/PlayMaker/Templates/breakable_wall_v2.asset""]"
Assets/Scenes/Hornet/Shadow_05.unity	9525	2307	FSM	c332780cbeb3a264fb2eff442248d6cd	11400000	"[""Assets/PlayMaker/Templates/follow_camera_bound.asset""]"
Assets/Scenes/Hornet/Shadow_05.unity	9531	2305	FSM	c332780cbeb3a264fb2eff442248d6cd	11400000	"[""Assets/PlayMaker/Templates/follow_camera_bound.asset""]"
Assets/Scenes/Hornet/Shadow_05.unity	9613	2044	Enemy Rattle	53f9772d9cab170449b1da978968914c	11400000	"[""Assets/PlayMaker/Templates/enemy_rattle.asset""]"
Assets/Scenes/Hornet/Shadow_05.unity	9667	2498	Detect Landing	c9d78aec9d8dd8a419833f8f977ce120	11400000	"[""Assets/PlayMaker/Templates/sway_plat_collider.asset""]"
Assets/Scenes/Hornet/Shadow_05.unity	9702	2045	Detect Landing	f1896f2deaace4643ac0caea5bf2217f	11400000	"[""Assets/PlayMaker/Templates/sway_plat_dropper.asset""]"
Assets/Scenes/Hornet/Shadow_05.unity	9703	2044	Detect Landing	c9d78aec9d8dd8a419833f8f977ce120	11400000	"[""Assets/PlayMaker/Templates/sway_plat_collider.asset""]"
Assets/Scenes/Hornet/Shadow_05.unity	9704	2043	Detect Landing	f1896f2deaace4643ac0caea5bf2217f	11400000	"[""Assets/PlayMaker/Templates/sway_plat_dropper.asset""]"
Assets/Scenes/Hornet/Shadow_05.unity	9929	1637	Sway	611750e4cd2b0fc488c94b4d4a747bec	11400000	"[""Assets/PlayMaker/Templates/sway_plat_art.asset""]"
Assets/Scenes/Hornet/Shadow_05.unity	9987	2450	Sway	611750e4cd2b0fc488c94b4d4a747bec	11400000	"[""Assets/PlayMaker/Templates/sway_plat_art.asset""]"
Assets/Scenes/Hornet/Shadow_05.unity	9988	2451	Sway	611750e4cd2b0fc488c94b4d4a747bec	11400000	"[""Assets/PlayMaker/Templates/sway_plat_art.asset""]"
Assets/Scenes/Hornet/Shadow_05.unity	9989	2452	Sway	611750e4cd2b0fc488c94b4d4a747bec	11400000	"[""Assets/PlayMaker/Templates/sway_plat_art.asset""]"
Assets/Scenes/Hornet/Shadow_05.unity	10140	2963	hornet_multi_wounder	ffe3a1a9c1e2bb94da3315cccccc4782	11400000	"[""Assets/PlayMaker/Templates/hornet_multi_wounder.asset""]"
Assets/Scenes/Hornet/Shadow_08.unity	5235	195	breakable_wall_v2	49ae76d885d76f0409f5e87241c2e88a	11400000	"[""Assets/PlayMaker/Templates/breakable_wall_v2.asset""]"
Assets/Scenes/Hornet/Shadow_08.unity	5288	800	Bench Control	30022a57d0796134fbc5d49b1decd4f9	11400000	"[""Assets/PlayMaker/Templates/bench_control.asset""]"
Assets/Scenes/Hornet/Shadow_08.unity	5297	929	breakable_wall_v2	49ae76d885d76f0409f5e87241c2e88a	11400000	"[""Assets/PlayMaker/Templates/breakable_wall_v2.asset""]"
Assets/Scenes/Hornet/Shadow_09.unity	6553	51	node_control	9069c9eed3cd8cd43a9b364ac91fb760	11400000	"[""Assets/PlayMaker/Templates/node_control.asset""]"
Assets/Scenes/Hornet/Shadow_09.unity	6557	1706	FSM	c332780cbeb3a264fb2eff442248d6cd	11400000	"[""Assets/PlayMaker/Templates/follow_camera_bound.asset""]"
Assets/Scenes/Hornet/Shadow_09.unity	6581	898	breakable_wall_v2	49ae76d885d76f0409f5e87241c2e88a	11400000	"[""Assets/PlayMaker/Templates/breakable_wall_v2.asset""]"
Assets/Scenes/Hornet/Shadow_09.unity	6896	1352	Control	dffdfbd16b462044db08b6e5d24c8f6d	11400000	"[""Assets/PlayMaker/Templates/crumble_plat_liquid.asset""]"
Assets/Scenes/Hornet/Shadow_09.unity	6898	1351	Control	dffdfbd16b462044db08b6e5d24c8f6d	11400000	"[""Assets/PlayMaker/Templates/crumble_plat_liquid.asset""]"
Assets/Scenes/Hornet/Shadow_09.unity	6900	1353	Control	dffdfbd16b462044db08b6e5d24c8f6d	11400000	"[""Assets/PlayMaker/Templates/crumble_plat_liquid.asset""]"
Assets/Scenes/Hornet/Shadow_09.unity	6902	1354	Control	dffdfbd16b462044db08b6e5d24c8f6d	11400000	"[""Assets/PlayMaker/Templates/crumble_plat_liquid.asset""]"
Assets/Scenes/Hornet/Shadow_09.unity	6904	1355	Control	dffdfbd16b462044db08b6e5d24c8f6d	11400000	"[""Assets/PlayMaker/Templates/crumble_plat_liquid.asset""]"
Assets/Scenes/Hornet/Shadow_09.unity	7047	1999	Control	8af2ea298b8ed3d41a5eb7d1769ea37e	11400000	"[""Assets/PlayMaker/Templates/crumble_plat_hero_shover.asset""]"
Assets/Scenes/Hornet/Shadow_09.unity	7049	1998	Control	8af2ea298b8ed3d41a5eb7d1769ea37e	11400000	"[""Assets/PlayMaker/Templates/crumble_plat_hero_shover.asset""]"
Assets/Scenes/Hornet/Shadow_09.unity	7051	2002	Control	8af2ea298b8ed3d41a5eb7d1769ea37e	11400000	"[""Assets/PlayMaker/Templates/crumble_plat_hero_shover.asset""]"
Assets/Scenes/Hornet/Shadow_09.unity	7053	2001	Control	8af2ea298b8ed3d41a5eb7d1769ea37e	11400000	"[""Assets/PlayMaker/Templates/crumble_plat_hero_shover.asset""]"
Assets/Scenes/Hornet/Shadow_09.unity	7055	2000	Control	8af2ea298b8ed3d41a5eb7d1769ea37e	11400000	"[""Assets/PlayMaker/Templates/crumble_plat_hero_shover.asset""]"
Assets/Scenes/Hornet/Shadow_10.unity	11481	3053	FSM	c332780cbeb3a264fb2eff442248d6cd	11400000	"[""Assets/PlayMaker/Templates/follow_camera_bound.asset""]"
Assets/Scenes/Hornet/Shadow_10.unity	11515	3051	FSM	c332780cbeb3a264fb2eff442248d6cd	11400000	"[""Assets/PlayMaker/Templates/follow_camera_bound.asset""]"
Assets/Scenes/Hornet/Shadow_10.unity	11521	2224	breakable_wall_v2	49ae76d885d76f0409f5e87241c2e88a	11400000	"[""Assets/PlayMaker/Templates/breakable_wall_v2.asset""]"
Assets/Scenes/Hornet/Shadow_10.unity	11690	3317	Control	ebb7f868f778b6f4aae2a069121a4374	11400000	"[""Assets/PlayMaker/Templates/tracking_object.asset""]"
Assets/Scenes/Hornet/Shadow_10.unity	11967	2485	Control	dffdfbd16b462044db08b6e5d24c8f6d	11400000	"[""Assets/PlayMaker/Templates/crumble_plat_liquid.asset""]"
Assets/Scenes/Hornet/Shadow_10.unity	11969	2486	Control	dffdfbd16b462044db08b6e5d24c8f6d	11400000	"[""Assets/PlayMaker/Templates/crumble_plat_liquid.asset""]"
Assets/Scenes/Hornet/Shadow_10.unity	11971	2487	Control	dffdfbd16b462044db08b6e5d24c8f6d	11400000	"[""Assets/PlayMaker/Templates/crumble_plat_liquid.asset""]"
Assets/Scenes/Hornet/Shadow_10.unity	12276	3479	Control	8af2ea298b8ed3d41a5eb7d1769ea37e	11400000	"[""Assets/PlayMaker/Templates/crumble_plat_hero_shover.asset""]"
Assets/Scenes/Hornet/Shadow_10.unity	12278	3478	Control	8af2ea298b8ed3d41a5eb7d1769ea37e	11400000	"[""Assets/PlayMaker/Templates/crumble_plat_hero_shover.asset""]"
Assets/Scenes/Hornet/Shadow_10.unity	12280	3480	Control	8af2ea298b8ed3d41a5eb7d1769ea37e	11400000	"[""Assets/PlayMaker/Templates/crumble_plat_hero_shover.asset""]"
Assets/Scenes/Hornet/Shadow_11.unity	4174	42	node_control	9069c9eed3cd8cd43a9b364ac91fb760	11400000	"[""Assets/PlayMaker/Templates/node_control.asset""]"
Assets/Scenes/Hornet/Shadow_11.unity	4524	830	tilt_plat	a40d78acbe179ad4a90e9b9d77d082be	11400000	"[""Assets/PlayMaker/Templates/tilt_plat.asset""]"
Assets/Scenes/Hornet/Shadow_11.unity	4525	829	tilt_plat	a40d78acbe179ad4a90e9b9d77d082be	11400000	"[""Assets/PlayMaker/Templates/tilt_plat.asset""]"
Assets/Scenes/Hornet/Shadow_11.unity	4526	828	tilt_plat	a40d78acbe179ad4a90e9b9d77d082be	11400000	"[""Assets/PlayMaker/Templates/tilt_plat.asset""]"
Assets/Scenes/Hornet/Shadow_12.unity	6523	223	node_control	9069c9eed3cd8cd43a9b364ac91fb760	11400000	"[""Assets/PlayMaker/Templates/node_control.asset""]"
Assets/Scenes/Hornet/Shadow_12.unity	6541	1499	FSM	c332780cbeb3a264fb2eff442248d6cd	11400000	"[""Assets/PlayMaker/Templates/follow_camera_bound.asset""]"
Assets/Scenes/Hornet/Shadow_12.unity	6569	1501	FSM	c332780cbeb3a264fb2eff442248d6cd	11400000	"[""Assets/PlayMaker/Templates/follow_camera_bound.asset""]"
Assets/Scenes/Hornet/Shadow_12.unity	6958	1157	Control	dffdfbd16b462044db08b6e5d24c8f6d	11400000	"[""Assets/PlayMaker/Templates/crumble_plat_liquid.asset""]"
Assets/Scenes/Hornet/Shadow_12.unity	6960	1159	Control	dffdfbd16b462044db08b6e5d24c8f6d	11400000	"[""Assets/PlayMaker/Templates/crumble_plat_liquid.asset""]"
Assets/Scenes/Hornet/Shadow_12.unity	6962	1158	Control	dffdfbd16b462044db08b6e5d24c8f6d	11400000	"[""Assets/PlayMaker/Templates/crumble_plat_liquid.asset""]"
Assets/Scenes/Hornet/Shadow_12.unity	6964	1160	Control	dffdfbd16b462044db08b6e5d24c8f6d	11400000	"[""Assets/PlayMaker/Templates/crumble_plat_liquid.asset""]"
Assets/Scenes/Hornet/Shadow_12.unity	7293	1790	Control	8af2ea298b8ed3d41a5eb7d1769ea37e	11400000	"[""Assets/PlayMaker/Templates/crumble_plat_hero_shover.asset""]"
Assets/Scenes/Hornet/Shadow_12.unity	7295	1792	Control	8af2ea298b8ed3d41a5eb7d1769ea37e	11400000	"[""Assets/PlayMaker/Templates/crumble_plat_hero_shover.asset""]"
Assets/Scenes/Hornet/Shadow_12.unity	7297	1793	Control	8af2ea298b8ed3d41a5eb7d1769ea37e	11400000	"[""Assets/PlayMaker/Templates/crumble_plat_hero_shover.asset""]"
Assets/Scenes/Hornet/Shadow_12.unity	7299	1791	Control	8af2ea298b8ed3d41a5eb7d1769ea37e	11400000	"[""Assets/PlayMaker/Templates/crumble_plat_hero_shover.asset""]"
Assets/Scenes/Hornet/Shadow_13.unity	10848	2875	FSM	c332780cbeb3a264fb2eff442248d6cd	11400000	"[""Assets/PlayMaker/Templates/follow_camera_bound.asset""]"
Assets/Scenes/Hornet/Shadow_13.unity	10856	600	destroy_after_anim	2a3836a243fdb7846887c672bc1ca3c3	11400000	"[""Assets/PlayMaker/Templates/destroy_after_anim.asset""]"
Assets/Scenes/Hornet/Shadow_13.unity	10883	2876	FSM	c332780cbeb3a264fb2eff442248d6cd	11400000	"[""Assets/PlayMaker/Templates/follow_camera_bound.asset""]"
Assets/Scenes/Hornet/Shadow_13.unity	11599	2004	Control	dffdfbd16b462044db08b6e5d24c8f6d	11400000	"[""Assets/PlayMaker/Templates/crumble_plat_liquid.asset""]"
Assets/Scenes/Hornet/Shadow_13.unity	11601	2003	Control	dffdfbd16b462044db08b6e5d24c8f6d	11400000	"[""Assets/PlayMaker/Templates/crumble_plat_liquid.asset""]"
Assets/Scenes/Hornet/Shadow_13.unity	11603	2002	Control	dffdfbd16b462044db08b6e5d24c8f6d	11400000	"[""Assets/PlayMaker/Templates/crumble_plat_liquid.asset""]"
Assets/Scenes/Hornet/Shadow_13.unity	11605	2001	Control	dffdfbd16b462044db08b6e5d24c8f6d	11400000	"[""Assets/PlayMaker/Templates/crumble_plat_liquid.asset""]"
Assets/Scenes/Hornet/Shadow_13.unity	11607	2005	Control	dffdfbd16b462044db08b6e5d24c8f6d	11400000	"[""Assets/PlayMaker/Templates/crumble_plat_liquid.asset""]"
Assets/Scenes/Hornet/Shadow_13.unity	11609	2006	Control	dffdfbd16b462044db08b6e5d24c8f6d	11400000	"[""Assets/PlayMaker/Templates/crumble_plat_liquid.asset""]"
Assets/Scenes/Hornet/Shadow_13.unity	11611	2008	Control	dffdfbd16b462044db08b6e5d24c8f6d	11400000	"[""Assets/PlayMaker/Templates/crumble_plat_liquid.asset""]"
Assets/Scenes/Hornet/Shadow_13.unity	11613	2009	Control	dffdfbd16b462044db08b6e5d24c8f6d	11400000	"[""Assets/PlayMaker/Templates/crumble_plat_liquid.asset""]"
Assets/Scenes/Hornet/Shadow_13.unity	11615	2007	Control	dffdfbd16b462044db08b6e5d24c8f6d	11400000	"[""Assets/PlayMaker/Templates/crumble_plat_liquid.asset""]"
Assets/Scenes/Hornet/Shadow_13.unity	11617	2010	Control	dffdfbd16b462044db08b6e5d24c8f6d	11400000	"[""Assets/PlayMaker/Templates/crumble_plat_liquid.asset""]"
Assets/Scenes/Hornet/Shadow_13.unity	11784	3436	Control	8af2ea298b8ed3d41a5eb7d1769ea37e	11400000	"[""Assets/PlayMaker/Templates/crumble_plat_hero_shover.asset""]"
Assets/Scenes/Hornet/Shadow_13.unity	11786	3435	Control	8af2ea298b8ed3d41a5eb7d1769ea37e	11400000	"[""Assets/PlayMaker/Templates/crumble_plat_hero_shover.asset""]"
Assets/Scenes/Hornet/Shadow_13.unity	11788	3434	Control	8af2ea298b8ed3d41a5eb7d1769ea37e	11400000	"[""Assets/PlayMaker/Templates/crumble_plat_hero_shover.asset""]"
Assets/Scenes/Hornet/Shadow_13.unity	11790	3433	Control	8af2ea298b8ed3d41a5eb7d1769ea37e	11400000	"[""Assets/PlayMaker/Templates/crumble_plat_hero_shover.asset""]"
Assets/Scenes/Hornet/Shadow_13.unity	11792	3442	Control	8af2ea298b8ed3d41a5eb7d1769ea37e	11400000	"[""Assets/PlayMaker/Templates/crumble_plat_hero_shover.asset""]"
Assets/Scenes/Hornet/Shadow_13.unity	11794	3441	Control	8af2ea298b8ed3d41a5eb7d1769ea37e	11400000	"[""Assets/PlayMaker/Templates/crumble_plat_hero_shover.asset""]"
Assets/Scenes/Hornet/Shadow_13.unity	11796	3440	Control	8af2ea298b8ed3d41a5eb7d1769ea37e	11400000	"[""Assets/PlayMaker/Templates/crumble_plat_hero_shover.asset""]"
Assets/Scenes/Hornet/Shadow_13.unity	11798	3439	Control	8af2ea298b8ed3d41a5eb7d1769ea37e	11400000	"[""Assets/PlayMaker/Templates/crumble_plat_hero_shover.asset""]"
Assets/Scenes/Hornet/Shadow_13.unity	11800	3437	Control	8af2ea298b8ed3d41a5eb7d1769ea37e	11400000	"[""Assets/PlayMaker/Templates/crumble_plat_hero_shover.asset""]"
Assets/Scenes/Hornet/Shadow_13.unity	11802	3438	Control	8af2ea298b8ed3d41a5eb7d1769ea37e	11400000	"[""Assets/PlayMaker/Templates/crumble_plat_hero_shover.asset""]"
Assets/Scenes/Hornet/Shadow_14.unity	2635	24	Geo Rock	3ce2aab20b6447d47a1b288b65263053	11400000	"[""Assets/PlayMaker/Templates/geo_rock.asset""]"
Assets/Scenes/Hornet/Shadow_15.unity	3713	121	interactive_bell	73dc0b20308b5ef42a328cd4a6827bdc	11400000	"[""Assets/PlayMaker/Templates/interactive_bell.asset""]"
Assets/Scenes/Hornet/Shadow_15.unity	3740	475	interactive_bell	73dc0b20308b5ef42a328cd4a6827bdc	11400000	"[""Assets/PlayMaker/Templates/interactive_bell.asset""]"
Assets/Scenes/Hornet/Shadow_15.unity	3749	558	interactive_bell	73dc0b20308b5ef42a328cd4a6827bdc	11400000	"[""Assets/PlayMaker/Templates/interactive_bell.asset""]"
Assets/Scenes/Hornet/Shadow_15.unity	3768	804	Bench Control	30022a57d0796134fbc5d49b1decd4f9	11400000	"[""Assets/PlayMaker/Templates/bench_control.asset""]"
Assets/Scenes/Hornet/Shadow_16.unity	5383	1079	Control	dffdfbd16b462044db08b6e5d24c8f6d	11400000	"[""Assets/PlayMaker/Templates/crumble_plat_liquid.asset""]"
Assets/Scenes/Hornet/Shadow_16.unity	5385	1080	Control	dffdfbd16b462044db08b6e5d24c8f6d	11400000	"[""Assets/PlayMaker/Templates/crumble_plat_liquid.asset""]"
Assets/Scenes/Hornet/Shadow_16.unity	5505	1540	Control	8af2ea298b8ed3d41a5eb7d1769ea37e	11400000	"[""Assets/PlayMaker/Templates/crumble_plat_hero_shover.asset""]"
Assets/Scenes/Hornet/Shadow_16.unity	5507	1541	Control	8af2ea298b8ed3d41a5eb7d1769ea37e	11400000	"[""Assets/PlayMaker/Templates/crumble_plat_hero_shover.asset""]"
Assets/Scenes/Hornet/Shadow_18.unity	6174	1334	FSM	c332780cbeb3a264fb2eff442248d6cd	11400000	"[""Assets/PlayMaker/Templates/follow_camera_bound.asset""]"
Assets/Scenes/Hornet/Shadow_18.unity	6231	518	Bench Control	30022a57d0796134fbc5d49b1decd4f9	11400000	"[""Assets/PlayMaker/Templates/bench_control.asset""]"
Assets/Scenes/Hornet/Shadow_18.unity	6947	1905	Detect Grab	03bd09fb37aa7ab45a9e013481bb999e	11400000	"[""Assets/PlayMaker/Templates/detect_grab.asset""]"
Assets/Scenes/Hornet/Shadow_18.unity	7166	1902	Stun Control	2e4b6e573032075449b2ab0adc00c0b8	11400000	"[""Assets/PlayMaker/Templates/stun_control.asset""]"
Assets/Scenes/Hornet/Shadow_19.unity	5292	192	Geo Rock	3ce2aab20b6447d47a1b288b65263053	11400000	"[""Assets/PlayMaker/Templates/geo_rock.asset""]"
Assets/Scenes/Hornet/Shadow_19.unity	5306	1432	FSM	c332780cbeb3a264fb2eff442248d6cd	11400000	"[""Assets/PlayMaker/Templates/follow_camera_bound.asset""]"
Assets/Scenes/Hornet/Shadow_19.unity	5307	507	node_control	9069c9eed3cd8cd43a9b364ac91fb760	11400000	"[""Assets/PlayMaker/Templates/node_control.asset""]"
Assets/Scenes/Hornet/Shadow_19.unity	5333	997	Geo Rock	3ce2aab20b6447d47a1b288b65263053	11400000	"[""Assets/PlayMaker/Templates/geo_rock.asset""]"
Assets/Scenes/Hornet/Shadow_19.unity	5445	1569	Control	ebb7f868f778b6f4aae2a069121a4374	11400000	"[""Assets/PlayMaker/Templates/tracking_object.asset""]"
Assets/Scenes/Hornet/Shadow_19.unity	5446	1570	Control	ebb7f868f778b6f4aae2a069121a4374	11400000	"[""Assets/PlayMaker/Templates/tracking_object.asset""]"
Assets/Scenes/Hornet/Shadow_19.unity	5663	1131	Control	dffdfbd16b462044db08b6e5d24c8f6d	11400000	"[""Assets/PlayMaker/Templates/crumble_plat_liquid.asset""]"
Assets/Scenes/Hornet/Shadow_19.unity	5665	1133	Control	dffdfbd16b462044db08b6e5d24c8f6d	11400000	"[""Assets/PlayMaker/Templates/crumble_plat_liquid.asset""]"
Assets/Scenes/Hornet/Shadow_19.unity	5667	1132	Control	dffdfbd16b462044db08b6e5d24c8f6d	11400000	"[""Assets/PlayMaker/Templates/crumble_plat_liquid.asset""]"
Assets/Scenes/Hornet/Shadow_19.unity	5669	1135	Control	dffdfbd16b462044db08b6e5d24c8f6d	11400000	"[""Assets/PlayMaker/Templates/crumble_plat_liquid.asset""]"
Assets/Scenes/Hornet/Shadow_19.unity	5671	1134	Control	dffdfbd16b462044db08b6e5d24c8f6d	11400000	"[""Assets/PlayMaker/Templates/crumble_plat_liquid.asset""]"
Assets/Scenes/Hornet/Shadow_19.unity	5776	1613	Control	8af2ea298b8ed3d41a5eb7d1769ea37e	11400000	"[""Assets/PlayMaker/Templates/crumble_plat_hero_shover.asset""]"
Assets/Scenes/Hornet/Shadow_19.unity	5778	1612	Control	8af2ea298b8ed3d41a5eb7d1769ea37e	11400000	"[""Assets/PlayMaker/Templates/crumble_plat_hero_shover.asset""]"
Assets/Scenes/Hornet/Shadow_19.unity	5780	1615	Control	8af2ea298b8ed3d41a5eb7d1769ea37e	11400000	"[""Assets/PlayMaker/Templates/crumble_plat_hero_shover.asset""]"
Assets/Scenes/Hornet/Shadow_19.unity	5782	1616	Control	8af2ea298b8ed3d41a5eb7d1769ea37e	11400000	"[""Assets/PlayMaker/Templates/crumble_plat_hero_shover.asset""]"
Assets/Scenes/Hornet/Shadow_19.unity	5784	1614	Control	8af2ea298b8ed3d41a5eb7d1769ea37e	11400000	"[""Assets/PlayMaker/Templates/crumble_plat_hero_shover.asset""]"
Assets/Scenes/Hornet/Shadow_20.unity	15093	2413	FSM	c332780cbeb3a264fb2eff442248d6cd	11400000	"[""Assets/PlayMaker/Templates/follow_camera_bound.asset""]"
Assets/Scenes/Hornet/Shadow_20.unity	15102	338	breakable_wall_v2	49ae76d885d76f0409f5e87241c2e88a	11400000	"[""Assets/PlayMaker/Templates/breakable_wall_v2.asset""]"
Assets/Scenes/Hornet/Shadow_20.unity	15106	454	Geo Rock	3ce2aab20b6447d47a1b288b65263053	11400000	"[""Assets/PlayMaker/Templates/geo_rock.asset""]"
Assets/Scenes/Hornet/Shadow_20.unity	15111	602	node_control	9069c9eed3cd8cd43a9b364ac91fb760	11400000	"[""Assets/PlayMaker/Templates/node_control.asset""]"
Assets/Scenes/Hornet/Shadow_20.unity	15122	840	Geo Rock	3ce2aab20b6447d47a1b288b65263053	11400000	"[""Assets/PlayMaker/Templates/geo_rock.asset""]"
Assets/Scenes/Hornet/Shadow_20.unity	15131	4265	FSM	c332780cbeb3a264fb2eff442248d6cd	11400000	"[""Assets/PlayMaker/Templates/follow_camera_bound.asset""]"
Assets/Scenes/Hornet/Shadow_20.unity	15145	3487	FSM	c332780cbeb3a264fb2eff442248d6cd	11400000	"[""Assets/PlayMaker/Templates/follow_camera_bound.asset""]"
Assets/Scenes/Hornet/Shadow_20.unity	15322	3553	tilt_plat	a40d78acbe179ad4a90e9b9d77d082be	11400000	"[""Assets/PlayMaker/Templates/tilt_plat.asset""]"
Assets/Scenes/Hornet/Shadow_20.unity	15323	3552	tilt_plat	a40d78acbe179ad4a90e9b9d77d082be	11400000	"[""Assets/PlayMaker/Templates/tilt_plat.asset""]"
Assets/Scenes/Hornet/Shadow_20.unity	15808	4455	steam_slash_effect	1f84846daa21b104a97207aebc9242c6	11400000	"[""Assets/PlayMaker/Templates/steam_slash_effect.asset""]"
Assets/Scenes/Hornet/Shadow_20.unity	15809	4470	steam_slash_effect	1f84846daa21b104a97207aebc9242c6	11400000	"[""Assets/PlayMaker/Templates/steam_slash_effect.asset""]"
Assets/Scenes/Hornet/Shadow_20.unity	15966	3612	Control	dffdfbd16b462044db08b6e5d24c8f6d	11400000	"[""Assets/PlayMaker/Templates/crumble_plat_liquid.asset""]"
Assets/Scenes/Hornet/Shadow_20.unity	15968	3613	Control	dffdfbd16b462044db08b6e5d24c8f6d	11400000	"[""Assets/PlayMaker/Templates/crumble_plat_liquid.asset""]"
Assets/Scenes/Hornet/Shadow_20.unity	15970	3614	Control	dffdfbd16b462044db08b6e5d24c8f6d	11400000	"[""Assets/PlayMaker/Templates/crumble_plat_liquid.asset""]"
Assets/Scenes/Hornet/Shadow_20.unity	15972	3615	Control	dffdfbd16b462044db08b6e5d24c8f6d	11400000	"[""Assets/PlayMaker/Templates/crumble_plat_liquid.asset""]"
Assets/Scenes/Hornet/Shadow_20.unity	16251	4701	Control	8af2ea298b8ed3d41a5eb7d1769ea37e	11400000	"[""Assets/PlayMaker/Templates/crumble_plat_hero_shover.asset""]"
Assets/Scenes/Hornet/Shadow_20.unity	16253	4700	Control	8af2ea298b8ed3d41a5eb7d1769ea37e	11400000	"[""Assets/PlayMaker/Templates/crumble_plat_hero_shover.asset""]"
Assets/Scenes/Hornet/Shadow_20.unity	16255	4703	Control	8af2ea298b8ed3d41a5eb7d1769ea37e	11400000	"[""Assets/PlayMaker/Templates/crumble_plat_hero_shover.asset""]"
Assets/Scenes/Hornet/Shadow_20.unity	16257	4702	Control	8af2ea298b8ed3d41a5eb7d1769ea37e	11400000	"[""Assets/PlayMaker/Templates/crumble_plat_hero_shover.asset""]"
Assets/Scenes/Hornet/Shadow_21.unity	4404	756	Control	dffdfbd16b462044db08b6e5d24c8f6d	11400000	"[""Assets/PlayMaker/Templates/crumble_plat_liquid.asset""]"
Assets/Scenes/Hornet/Shadow_21.unity	4580	1212	Control	8af2ea298b8ed3d41a5eb7d1769ea37e	11400000	"[""Assets/PlayMaker/Templates/crumble_plat_hero_shover.asset""]"
Assets/Scenes/Hornet/Shadow_22.unity	3022	860	FSM	c332780cbeb3a264fb2eff442248d6cd	11400000	"[""Assets/PlayMaker/Templates/follow_camera_bound.asset""]"
Assets/Scenes/Hornet/Shadow_22.unity	3029	673	FSM	c332780cbeb3a264fb2eff442248d6cd	11400000	"[""Assets/PlayMaker/Templates/follow_camera_bound.asset""]"
Assets/Scenes/Hornet/Shadow_24.unity	6178	329	FSM	2822d5f0a56d5274594c3ab82acbe0d6	11400000	"[""Assets/PlayMaker/Templates/lowpass_audio_by_area.asset""]"
Assets/Scenes/Hornet/Shadow_24.unity	6209	1277	FSM	2822d5f0a56d5274594c3ab82acbe0d6	11400000	"[""Assets/PlayMaker/Templates/lowpass_audio_by_area.asset""]"
Assets/Scenes/Hornet/Shadow_26.unity	4645	1374	Control	ebb7f868f778b6f4aae2a069121a4374	11400000	"[""Assets/PlayMaker/Templates/tracking_object.asset""]"
Assets/Scenes/Hornet/Shadow_Weavehome.unity	7235	1096	FSM	c332780cbeb3a264fb2eff442248d6cd	11400000	"[""Assets/PlayMaker/Templates/follow_camera_bound.asset""]"
Assets/Scenes/Hornet/Shadow_Weavehome.unity	7699	1587	tilt_plat	a40d78acbe179ad4a90e9b9d77d082be	11400000	"[""Assets/PlayMaker/Templates/tilt_plat.asset""]"
Assets/Scenes/Hornet/Shellgrave.unity	4020	823	pilgrim_behaviour	5d4d1c36f09a17949a8eb0175e50b0b4	11400000	"[""Assets/PlayMaker/Templates/pilgrim_behaviour.asset""]"
Assets/Scenes/Hornet/Shellgrave.unity	4021	822	pilgrim_behaviour	5d4d1c36f09a17949a8eb0175e50b0b4	11400000	"[""Assets/PlayMaker/Templates/pilgrim_behaviour.asset""]"
Assets/Scenes/Hornet/Shellgrave.unity	4022	819	pilgrim_behaviour	5d4d1c36f09a17949a8eb0175e50b0b4	11400000	"[""Assets/PlayMaker/Templates/pilgrim_behaviour.asset""]"
Assets/Scenes/Hornet/Shellgrave.unity	4061	1147	Control	ebb7f868f778b6f4aae2a069121a4374	11400000	"[""Assets/PlayMaker/Templates/tracking_object.asset""]"
Assets/Scenes/Hornet/Shellgrave.unity	4099	1169	pilgrim_behaviour	5d4d1c36f09a17949a8eb0175e50b0b4	11400000	"[""Assets/PlayMaker/Templates/pilgrim_behaviour.asset""]"
Assets/Scenes/Hornet/Shellgrave.unity	4100	1170	pilgrim_behaviour	5d4d1c36f09a17949a8eb0175e50b0b4	11400000	"[""Assets/PlayMaker/Templates/pilgrim_behaviour.asset""]"
Assets/Scenes/Hornet/Shellgrave.unity	4191	821	pilgrim_behaviour	5d4d1c36f09a17949a8eb0175e50b0b4	11400000	"[""Assets/PlayMaker/Templates/pilgrim_behaviour.asset""]"
Assets/Scenes/Hornet/Shellgrave.unity	4192	820	pilgrim_behaviour	5d4d1c36f09a17949a8eb0175e50b0b4	11400000	"[""Assets/PlayMaker/Templates/pilgrim_behaviour.asset""]"
Assets/Scenes/Hornet/Shellgrave.unity	4218	824	pilgrim_behaviour	5d4d1c36f09a17949a8eb0175e50b0b4	11400000	"[""Assets/PlayMaker/Templates/pilgrim_behaviour.asset""]"
Assets/Scenes/Hornet/Shellgrave.unity	4219	818	pilgrim_behaviour	5d4d1c36f09a17949a8eb0175e50b0b4	11400000	"[""Assets/PlayMaker/Templates/pilgrim_behaviour.asset""]"
Assets/Scenes/Hornet/Shellwood_01.unity	10918	30	FSM	c332780cbeb3a264fb2eff442248d6cd	11400000	"[""Assets/PlayMaker/Templates/follow_camera_bound.asset""]"
Assets/Scenes/Hornet/Shellwood_01.unity	10939	1724	Enemy Group Activation	327140d7c99f5564dba4d0687e070275	11400000	"[""Assets/PlayMaker/Templates/mapper_act3_enemy_activation.asset""]"
Assets/Scenes/Hornet/Shellwood_01.unity	10987	2264	Detect Landing	c9d78aec9d8dd8a419833f8f977ce120	11400000	"[""Assets/PlayMaker/Templates/sway_plat_collider.asset""]"
Assets/Scenes/Hornet/Shellwood_01.unity	10988	2267	Detect Landing	c9d78aec9d8dd8a419833f8f977ce120	11400000	"[""Assets/PlayMaker/Templates/sway_plat_collider.asset""]"
Assets/Scenes/Hornet/Shellwood_01.unity	10989	2266	Detect Landing	c9d78aec9d8dd8a419833f8f977ce120	11400000	"[""Assets/PlayMaker/Templates/sway_plat_collider.asset""]"
Assets/Scenes/Hornet/Shellwood_01.unity	10990	2265	Detect Landing	c9d78aec9d8dd8a419833f8f977ce120	11400000	"[""Assets/PlayMaker/Templates/sway_plat_collider.asset""]"
Assets/Scenes/Hornet/Shellwood_01.unity	10991	2268	Detect Landing	c9d78aec9d8dd8a419833f8f977ce120	11400000	"[""Assets/PlayMaker/Templates/sway_plat_collider.asset""]"
Assets/Scenes/Hornet/Shellwood_01.unity	10992	2269	Detect Landing	c9d78aec9d8dd8a419833f8f977ce120	11400000	"[""Assets/PlayMaker/Templates/sway_plat_collider.asset""]"
Assets/Scenes/Hornet/Shellwood_01.unity	11031	2592	Sway	611750e4cd2b0fc488c94b4d4a747bec	11400000	"[""Assets/PlayMaker/Templates/sway_plat_art.asset""]"
Assets/Scenes/Hornet/Shellwood_01.unity	11032	2593	Sway	611750e4cd2b0fc488c94b4d4a747bec	11400000	"[""Assets/PlayMaker/Templates/sway_plat_art.asset""]"
Assets/Scenes/Hornet/Shellwood_01.unity	11033	2594	Sway	611750e4cd2b0fc488c94b4d4a747bec	11400000	"[""Assets/PlayMaker/Templates/sway_plat_art.asset""]"
Assets/Scenes/Hornet/Shellwood_01.unity	11034	2595	Sway	611750e4cd2b0fc488c94b4d4a747bec	11400000	"[""Assets/PlayMaker/Templates/sway_plat_art.asset""]"
Assets/Scenes/Hornet/Shellwood_01.unity	11035	2596	Sway	611750e4cd2b0fc488c94b4d4a747bec	11400000	"[""Assets/PlayMaker/Templates/sway_plat_art.asset""]"
Assets/Scenes/Hornet/Shellwood_01.unity	11036	2597	Sway	611750e4cd2b0fc488c94b4d4a747bec	11400000	"[""Assets/PlayMaker/Templates/sway_plat_art.asset""]"
Assets/Scenes/Hornet/Shellwood_01b.unity	9981	1743	interactive_bell	73dc0b20308b5ef42a328cd4a6827bdc	11400000	"[""Assets/PlayMaker/Templates/interactive_bell.asset""]"
Assets/Scenes/Hornet/Shellwood_01b.unity	9999	1942	tilt_plat	a40d78acbe179ad4a90e9b9d77d082be	11400000	"[""Assets/PlayMaker/Templates/tilt_plat.asset""]"
Assets/Scenes/Hornet/Shellwood_01b.unity	10044	2094	Behaviour Base	b1b9bb5b93507da4e95076922a6eb83d	11400000	"[""Assets/PlayMaker/Templates/stick_insect_base.asset""]"
Assets/Scenes/Hornet/Shellwood_01b.unity	10045	2093	Behaviour Base	b1b9bb5b93507da4e95076922a6eb83d	11400000	"[""Assets/PlayMaker/Templates/stick_insect_base.asset""]"
Assets/Scenes/Hornet/Shellwood_01b.unity	10223	2177	tilt_plat	a40d78acbe179ad4a90e9b9d77d082be	11400000	"[""Assets/PlayMaker/Templates/tilt_plat.asset""]"
Assets/Scenes/Hornet/Shellwood_01b.unity	10224	2175	tilt_plat	a40d78acbe179ad4a90e9b9d77d082be	11400000	"[""Assets/PlayMaker/Templates/tilt_plat.asset""]"
Assets/Scenes/Hornet/Shellwood_01b.unity	10225	2176	tilt_plat	a40d78acbe179ad4a90e9b9d77d082be	11400000	"[""Assets/PlayMaker/Templates/tilt_plat.asset""]"
Assets/Scenes/Hornet/Shellwood_01b.unity	10226	2180	tilt_plat	a40d78acbe179ad4a90e9b9d77d082be	11400000	"[""Assets/PlayMaker/Templates/tilt_plat.asset""]"
Assets/Scenes/Hornet/Shellwood_01b.unity	10227	2179	tilt_plat	a40d78acbe179ad4a90e9b9d77d082be	11400000	"[""Assets/PlayMaker/Templates/tilt_plat.asset""]"
Assets/Scenes/Hornet/Shellwood_01b.unity	10228	2178	tilt_plat	a40d78acbe179ad4a90e9b9d77d082be	11400000	"[""Assets/PlayMaker/Templates/tilt_plat.asset""]"
Assets/Scenes/Hornet/Shellwood_01b.unity	10229	2174	tilt_plat	a40d78acbe179ad4a90e9b9d77d082be	11400000	"[""Assets/PlayMaker/Templates/tilt_plat.asset""]"
Assets/Scenes/Hornet/Shellwood_01b.unity	10230	2173	tilt_plat	a40d78acbe179ad4a90e9b9d77d082be	11400000	"[""Assets/PlayMaker/Templates/tilt_plat.asset""]"
Assets/Scenes/Hornet/Shellwood_01b.unity	10231	2187	tilt_plat	a40d78acbe179ad4a90e9b9d77d082be	11400000	"[""Assets/PlayMaker/Templates/tilt_plat.asset""]"
Assets/Scenes/Hornet/Shellwood_01b.unity	10232	2182	tilt_plat	a40d78acbe179ad4a90e9b9d77d082be	11400000	"[""Assets/PlayMaker/Templates/tilt_plat.asset""]"
Assets/Scenes/Hornet/Shellwood_01b.unity	10233	2183	tilt_plat	a40d78acbe179ad4a90e9b9d77d082be	11400000	"[""Assets/PlayMaker/Templates/tilt_plat.asset""]"
Assets/Scenes/Hornet/Shellwood_01b.unity	10234	2181	tilt_plat	a40d78acbe179ad4a90e9b9d77d082be	11400000	"[""Assets/PlayMaker/Templates/tilt_plat.asset""]"
Assets/Scenes/Hornet/Shellwood_01b.unity	10235	2185	tilt_plat	a40d78acbe179ad4a90e9b9d77d082be	11400000	"[""Assets/PlayMaker/Templates/tilt_plat.asset""]"
Assets/Scenes/Hornet/Shellwood_01b.unity	10236	2186	tilt_plat	a40d78acbe179ad4a90e9b9d77d082be	11400000	"[""Assets/PlayMaker/Templates/tilt_plat.asset""]"
Assets/Scenes/Hornet/Shellwood_01b.unity	10237	2184	tilt_plat	a40d78acbe179ad4a90e9b9d77d082be	11400000	"[""Assets/PlayMaker/Templates/tilt_plat.asset""]"
Assets/Scenes/Hornet/Shellwood_01b.unity	10342	1787	interactive_bell	73dc0b20308b5ef42a328cd4a6827bdc	11400000	"[""Assets/PlayMaker/Templates/interactive_bell.asset""]"
Assets/Scenes/Hornet/Shellwood_01b.unity	10343	1709	interactive_bell	73dc0b20308b5ef42a328cd4a6827bdc	11400000	"[""Assets/PlayMaker/Templates/interactive_bell.asset""]"
Assets/Scenes/Hornet/Shellwood_01b.unity	10382	2096	Behaviour Base	b1b9bb5b93507da4e95076922a6eb83d	11400000	"[""Assets/PlayMaker/Templates/stick_insect_base.asset""]"
Assets/Scenes/Hornet/Shellwood_01b.unity	10383	2095	Behaviour Base	b1b9bb5b93507da4e95076922a6eb83d	11400000	"[""Assets/PlayMaker/Templates/stick_insect_base.asset""]"
Assets/Scenes/Hornet/Shellwood_01b.unity	10384	2092	Behaviour Base	b1b9bb5b93507da4e95076922a6eb83d	11400000	"[""Assets/PlayMaker/Templates/stick_insect_base.asset""]"
Assets/Scenes/Hornet/Shellwood_01b.unity	10450	1949	hornet_multi_wounder	ffe3a1a9c1e2bb94da3315cccccc4782	11400000	"[""Assets/PlayMaker/Templates/hornet_multi_wounder.asset""]"
Assets/Scenes/Hornet/Shellwood_01b.unity	10452	1950	hornet_multi_wounder	ffe3a1a9c1e2bb94da3315cccccc4782	11400000	"[""Assets/PlayMaker/Templates/hornet_multi_wounder.asset""]"
Assets/Scenes/Hornet/Shellwood_01b.unity	10454	1948	hornet_multi_wounder	ffe3a1a9c1e2bb94da3315cccccc4782	11400000	"[""Assets/PlayMaker/Templates/hornet_multi_wounder.asset""]"
Assets/Scenes/Hornet/Shellwood_01b.unity	10562	3064	hornet_multi_wounder	ffe3a1a9c1e2bb94da3315cccccc4782	11400000	"[""Assets/PlayMaker/Templates/hornet_multi_wounder.asset""]"
Assets/Scenes/Hornet/Shellwood_01b.unity	10727	3057	Bench Control	30022a57d0796134fbc5d49b1decd4f9	11400000	"[""Assets/PlayMaker/Templates/bench_control.asset""]"
Assets/Scenes/Hornet/Shellwood_01b.unity	10739	2463	FSM	ffe3a1a9c1e2bb94da3315cccccc4782	11400000	"[""Assets/PlayMaker/Templates/hornet_multi_wounder.asset""]"
Assets/Scenes/Hornet/Shellwood_01b.unity	10741	2464	FSM	ffe3a1a9c1e2bb94da3315cccccc4782	11400000	"[""Assets/PlayMaker/Templates/hornet_multi_wounder.asset""]"
Assets/Scenes/Hornet/Shellwood_01b.unity	10809	1978	hornet_multi_wounder	ffe3a1a9c1e2bb94da3315cccccc4782	11400000	"[""Assets/PlayMaker/Templates/hornet_multi_wounder.asset""]"
Assets/Scenes/Hornet/Shellwood_01b.unity	10811	1977	hornet_multi_wounder	ffe3a1a9c1e2bb94da3315cccccc4782	11400000	"[""Assets/PlayMaker/Templates/hornet_multi_wounder.asset""]"
Assets/Scenes/Hornet/Shellwood_01b.unity	10813	1976	hornet_multi_wounder	ffe3a1a9c1e2bb94da3315cccccc4782	11400000	"[""Assets/PlayMaker/Templates/hornet_multi_wounder.asset""]"
Assets/Scenes/Hornet/Shellwood_01b.unity	10815	1975	hornet_multi_wounder	ffe3a1a9c1e2bb94da3315cccccc4782	11400000	"[""Assets/PlayMaker/Templates/hornet_multi_wounder.asset""]"
Assets/Scenes/Hornet/Shellwood_02.unity	9702	1368	FSM	c332780cbeb3a264fb2eff442248d6cd	11400000	"[""Assets/PlayMaker/Templates/follow_camera_bound.asset""]"
Assets/Scenes/Hornet/Shellwood_02.unity	9787	2179	Detect Landing	c9d78aec9d8dd8a419833f8f977ce120	11400000	"[""Assets/PlayMaker/Templates/sway_plat_collider.asset""]"
Assets/Scenes/Hornet/Shellwood_02.unity	9788	2181	Detect Landing	c9d78aec9d8dd8a419833f8f977ce120	11400000	"[""Assets/PlayMaker/Templates/sway_plat_collider.asset""]"
Assets/Scenes/Hornet/Shellwood_02.unity	9789	2180	Detect Landing	c9d78aec9d8dd8a419833f8f977ce120	11400000	"[""Assets/PlayMaker/Templates/sway_plat_collider.asset""]"
Assets/Scenes/Hornet/Shellwood_02.unity	9814	2442	Sway	611750e4cd2b0fc488c94b4d4a747bec	11400000	"[""Assets/PlayMaker/Templates/sway_plat_art.asset""]"
Assets/Scenes/Hornet/Shellwood_02.unity	9815	2443	Sway	611750e4cd2b0fc488c94b4d4a747bec	11400000	"[""Assets/PlayMaker/Templates/sway_plat_art.asset""]"
Assets/Scenes/Hornet/Shellwood_02.unity	9816	2444	Sway	611750e4cd2b0fc488c94b4d4a747bec	11400000	"[""Assets/PlayMaker/Templates/sway_plat_art.asset""]"
Assets/Scenes/Hornet/Shellwood_02.unity	9906	2298	Behaviour Base	b1b9bb5b93507da4e95076922a6eb83d	11400000	"[""Assets/PlayMaker/Templates/stick_insect_base.asset""]"
Assets/Scenes/Hornet/Shellwood_02.unity	9932	2860	Control	ebb7f868f778b6f4aae2a069121a4374	11400000	"[""Assets/PlayMaker/Templates/tracking_object.asset""]"
Assets/Scenes/Hornet/Shellwood_02.unity	10039	2346	tilt_plat	a40d78acbe179ad4a90e9b9d77d082be	11400000	"[""Assets/PlayMaker/Templates/tilt_plat.asset""]"
Assets/Scenes/Hornet/Shellwood_02.unity	10040	2345	tilt_plat	a40d78acbe179ad4a90e9b9d77d082be	11400000	"[""Assets/PlayMaker/Templates/tilt_plat.asset""]"
Assets/Scenes/Hornet/Shellwood_02.unity	10041	2344	tilt_plat	a40d78acbe179ad4a90e9b9d77d082be	11400000	"[""Assets/PlayMaker/Templates/tilt_plat.asset""]"
Assets/Scenes/Hornet/Shellwood_02.unity	10042	2343	tilt_plat	a40d78acbe179ad4a90e9b9d77d082be	11400000	"[""Assets/PlayMaker/Templates/tilt_plat.asset""]"
Assets/Scenes/Hornet/Shellwood_02.unity	10043	2349	tilt_plat	a40d78acbe179ad4a90e9b9d77d082be	11400000	"[""Assets/PlayMaker/Templates/tilt_plat.asset""]"
Assets/Scenes/Hornet/Shellwood_02.unity	10044	2351	tilt_plat	a40d78acbe179ad4a90e9b9d77d082be	11400000	"[""Assets/PlayMaker/Templates/tilt_plat.asset""]"
Assets/Scenes/Hornet/Shellwood_02.unity	10045	2352	tilt_plat	a40d78acbe179ad4a90e9b9d77d082be	11400000	"[""Assets/PlayMaker/Templates/tilt_plat.asset""]"
Assets/Scenes/Hornet/Shellwood_02.unity	10046	2350	tilt_plat	a40d78acbe179ad4a90e9b9d77d082be	11400000	"[""Assets/PlayMaker/Templates/tilt_plat.asset""]"
Assets/Scenes/Hornet/Shellwood_02.unity	10047	2348	tilt_plat	a40d78acbe179ad4a90e9b9d77d082be	11400000	"[""Assets/PlayMaker/Templates/tilt_plat.asset""]"
Assets/Scenes/Hornet/Shellwood_02.unity	10048	2347	tilt_plat	a40d78acbe179ad4a90e9b9d77d082be	11400000	"[""Assets/PlayMaker/Templates/tilt_plat.asset""]"
Assets/Scenes/Hornet/Shellwood_02.unity	10182	2297	Behaviour Base	b1b9bb5b93507da4e95076922a6eb83d	11400000	"[""Assets/PlayMaker/Templates/stick_insect_base.asset""]"
Assets/Scenes/Hornet/Shellwood_02.unity	10236	2207	hornet_multi_wounder	ffe3a1a9c1e2bb94da3315cccccc4782	11400000	"[""Assets/PlayMaker/Templates/hornet_multi_wounder.asset""]"
Assets/Scenes/Hornet/Shellwood_02.unity	10357	3112	hornet_multi_wounder	ffe3a1a9c1e2bb94da3315cccccc4782	11400000	"[""Assets/PlayMaker/Templates/hornet_multi_wounder.asset""]"
Assets/Scenes/Hornet/Shellwood_02.unity	10520	2611	FSM	ffe3a1a9c1e2bb94da3315cccccc4782	11400000	"[""Assets/PlayMaker/Templates/hornet_multi_wounder.asset""]"
Assets/Scenes/Hornet/Shellwood_03.unity	8999	1854	Detect Landing	c9d78aec9d8dd8a419833f8f977ce120	11400000	"[""Assets/PlayMaker/Templates/sway_plat_collider.asset""]"
Assets/Scenes/Hornet/Shellwood_03.unity	9000	1853	Detect Landing	c9d78aec9d8dd8a419833f8f977ce120	11400000	"[""Assets/PlayMaker/Templates/sway_plat_collider.asset""]"
Assets/Scenes/Hornet/Shellwood_03.unity	9041	2115	Sway	611750e4cd2b0fc488c94b4d4a747bec	11400000	"[""Assets/PlayMaker/Templates/sway_plat_art.asset""]"
Assets/Scenes/Hornet/Shellwood_03.unity	9042	2116	Sway	611750e4cd2b0fc488c94b4d4a747bec	11400000	"[""Assets/PlayMaker/Templates/sway_plat_art.asset""]"
Assets/Scenes/Hornet/Shellwood_03.unity	9314	2047	tilt_plat	a40d78acbe179ad4a90e9b9d77d082be	11400000	"[""Assets/PlayMaker/Templates/tilt_plat.asset""]"
Assets/Scenes/Hornet/Shellwood_03.unity	9315	2046	tilt_plat	a40d78acbe179ad4a90e9b9d77d082be	11400000	"[""Assets/PlayMaker/Templates/tilt_plat.asset""]"
Assets/Scenes/Hornet/Shellwood_03.unity	9316	2051	tilt_plat	a40d78acbe179ad4a90e9b9d77d082be	11400000	"[""Assets/PlayMaker/Templates/tilt_plat.asset""]"
Assets/Scenes/Hornet/Shellwood_03.unity	9317	2050	tilt_plat	a40d78acbe179ad4a90e9b9d77d082be	11400000	"[""Assets/PlayMaker/Templates/tilt_plat.asset""]"
Assets/Scenes/Hornet/Shellwood_03.unity	9318	2049	tilt_plat	a40d78acbe179ad4a90e9b9d77d082be	11400000	"[""Assets/PlayMaker/Templates/tilt_plat.asset""]"
Assets/Scenes/Hornet/Shellwood_03.unity	9319	2052	tilt_plat	a40d78acbe179ad4a90e9b9d77d082be	11400000	"[""Assets/PlayMaker/Templates/tilt_plat.asset""]"
Assets/Scenes/Hornet/Shellwood_03.unity	9320	2048	tilt_plat	a40d78acbe179ad4a90e9b9d77d082be	11400000	"[""Assets/PlayMaker/Templates/tilt_plat.asset""]"
Assets/Scenes/Hornet/Shellwood_03.unity	9321	2042	tilt_plat	a40d78acbe179ad4a90e9b9d77d082be	11400000	"[""Assets/PlayMaker/Templates/tilt_plat.asset""]"
Assets/Scenes/Hornet/Shellwood_03.unity	9322	2043	tilt_plat	a40d78acbe179ad4a90e9b9d77d082be	11400000	"[""Assets/PlayMaker/Templates/tilt_plat.asset""]"
Assets/Scenes/Hornet/Shellwood_03.unity	9323	2045	tilt_plat	a40d78acbe179ad4a90e9b9d77d082be	11400000	"[""Assets/PlayMaker/Templates/tilt_plat.asset""]"
Assets/Scenes/Hornet/Shellwood_03.unity	9324	2044	tilt_plat	a40d78acbe179ad4a90e9b9d77d082be	11400000	"[""Assets/PlayMaker/Templates/tilt_plat.asset""]"
Assets/Scenes/Hornet/Shellwood_03.unity	9325	2056	tilt_plat	a40d78acbe179ad4a90e9b9d77d082be	11400000	"[""Assets/PlayMaker/Templates/tilt_plat.asset""]"
Assets/Scenes/Hornet/Shellwood_03.unity	9326	2059	tilt_plat	a40d78acbe179ad4a90e9b9d77d082be	11400000	"[""Assets/PlayMaker/Templates/tilt_plat.asset""]"
Assets/Scenes/Hornet/Shellwood_03.unity	9327	2058	tilt_plat	a40d78acbe179ad4a90e9b9d77d082be	11400000	"[""Assets/PlayMaker/Templates/tilt_plat.asset""]"
Assets/Scenes/Hornet/Shellwood_03.unity	9328	2057	tilt_plat	a40d78acbe179ad4a90e9b9d77d082be	11400000	"[""Assets/PlayMaker/Templates/tilt_plat.asset""]"
Assets/Scenes/Hornet/Shellwood_03.unity	9329	2055	tilt_plat	a40d78acbe179ad4a90e9b9d77d082be	11400000	"[""Assets/PlayMaker/Templates/tilt_plat.asset""]"
Assets/Scenes/Hornet/Shellwood_03.unity	9330	2053	tilt_plat	a40d78acbe179ad4a90e9b9d77d082be	11400000	"[""Assets/PlayMaker/Templates/tilt_plat.asset""]"
Assets/Scenes/Hornet/Shellwood_03.unity	9331	2054	tilt_plat	a40d78acbe179ad4a90e9b9d77d082be	11400000	"[""Assets/PlayMaker/Templates/tilt_plat.asset""]"
Assets/Scenes/Hornet/Shellwood_03.unity	9869	1888	hornet_multi_wounder	ffe3a1a9c1e2bb94da3315cccccc4782	11400000	"[""Assets/PlayMaker/Templates/hornet_multi_wounder.asset""]"
Assets/Scenes/Hornet/Shellwood_03.unity	9871	1887	hornet_multi_wounder	ffe3a1a9c1e2bb94da3315cccccc4782	11400000	"[""Assets/PlayMaker/Templates/hornet_multi_wounder.asset""]"
Assets/Scenes/Hornet/Shellwood_03.unity	9873	1889	hornet_multi_wounder	ffe3a1a9c1e2bb94da3315cccccc4782	11400000	"[""Assets/PlayMaker/Templates/hornet_multi_wounder.asset""]"
Assets/Scenes/Hornet/Shellwood_03.unity	9875	1890	hornet_multi_wounder	ffe3a1a9c1e2bb94da3315cccccc4782	11400000	"[""Assets/PlayMaker/Templates/hornet_multi_wounder.asset""]"
Assets/Scenes/Hornet/Shellwood_03.unity	9877	1886	hornet_multi_wounder	ffe3a1a9c1e2bb94da3315cccccc4782	11400000	"[""Assets/PlayMaker/Templates/hornet_multi_wounder.asset""]"
Assets/Scenes/Hornet/Shellwood_03.unity	9879	1885	hornet_multi_wounder	ffe3a1a9c1e2bb94da3315cccccc4782	11400000	"[""Assets/PlayMaker/Templates/hornet_multi_wounder.asset""]"
Assets/Scenes/Hornet/Shellwood_04b.unity	8570	2071	FSM	c332780cbeb3a264fb2eff442248d6cd	11400000	"[""Assets/PlayMaker/Templates/follow_camera_bound.asset""]"
Assets/Scenes/Hornet/Shellwood_04b.unity	8636	1625	Detect Landing	c9d78aec9d8dd8a419833f8f977ce120	11400000	"[""Assets/PlayMaker/Templates/sway_plat_collider.asset""]"
Assets/Scenes/Hornet/Shellwood_04b.unity	8637	1626	Detect Landing	c9d78aec9d8dd8a419833f8f977ce120	11400000	"[""Assets/PlayMaker/Templates/sway_plat_collider.asset""]"
Assets/Scenes/Hornet/Shellwood_04b.unity	8656	1912	Sway	611750e4cd2b0fc488c94b4d4a747bec	11400000	"[""Assets/PlayMaker/Templates/sway_plat_art.asset""]"
Assets/Scenes/Hornet/Shellwood_04b.unity	8657	1913	Sway	611750e4cd2b0fc488c94b4d4a747bec	11400000	"[""Assets/PlayMaker/Templates/sway_plat_art.asset""]"
Assets/Scenes/Hornet/Shellwood_04b.unity	8737	2405	Control	ebb7f868f778b6f4aae2a069121a4374	11400000	"[""Assets/PlayMaker/Templates/tracking_object.asset""]"
Assets/Scenes/Hornet/Shellwood_04b.unity	8742	2432	tilt_plat	a40d78acbe179ad4a90e9b9d77d082be	11400000	"[""Assets/PlayMaker/Templates/tilt_plat.asset""]"
Assets/Scenes/Hornet/Shellwood_04b.unity	9049	1623	Control	04b9a40fa5ae75c47a5cdd4b0998c7ac	11400000	"[""Assets/PlayMaker/Templates/garmond_control.asset""]"
Assets/Scenes/Hornet/Shellwood_04b.unity	9107	2660	hornet_multi_wounder	ffe3a1a9c1e2bb94da3315cccccc4782	11400000	"[""Assets/PlayMaker/Templates/hornet_multi_wounder.asset""]"
Assets/Scenes/Hornet/Shellwood_04c.unity	4151	889	depress_plat	1686fa2f54abca14ea6969b774a733fb	11400000	"[""Assets/PlayMaker/Templates/depress_plat.asset""]"
Assets/Scenes/Hornet/Shellwood_08.unity	3355	61	Sway	611750e4cd2b0fc488c94b4d4a747bec	11400000	"[""Assets/PlayMaker/Templates/sway_plat_art.asset""]"
Assets/Scenes/Hornet/Shellwood_08.unity	3379	639	Sway	611750e4cd2b0fc488c94b4d4a747bec	11400000	"[""Assets/PlayMaker/Templates/sway_plat_art.asset""]"
Assets/Scenes/Hornet/Shellwood_08.unity	3655	772	hornet_multi_wounder	ffe3a1a9c1e2bb94da3315cccccc4782	11400000	"[""Assets/PlayMaker/Templates/hornet_multi_wounder.asset""]"
Assets/Scenes/Hornet/Shellwood_08.unity	3657	771	hornet_multi_wounder	ffe3a1a9c1e2bb94da3315cccccc4782	11400000	"[""Assets/PlayMaker/Templates/hornet_multi_wounder.asset""]"
Assets/Scenes/Hornet/Shellwood_08c.unity	1719	321	interactive_bell	73dc0b20308b5ef42a328cd4a6827bdc	11400000	"[""Assets/PlayMaker/Templates/interactive_bell.asset""]"
Assets/Scenes/Hornet/Shellwood_08c.unity	1740	459	Control	ebb7f868f778b6f4aae2a069121a4374	11400000	"[""Assets/PlayMaker/Templates/tracking_object.asset""]"
Assets/Scenes/Hornet/Shellwood_08c.unity	1776	325	interactive_bell	73dc0b20308b5ef42a328cd4a6827bdc	11400000	"[""Assets/PlayMaker/Templates/interactive_bell.asset""]"
Assets/Scenes/Hornet/Shellwood_08c.unity	1777	314	interactive_bell	73dc0b20308b5ef42a328cd4a6827bdc	11400000	"[""Assets/PlayMaker/Templates/interactive_bell.asset""]"
Assets/Scenes/Hornet/Shellwood_08c.unity	1895	533	Bench Control	30022a57d0796134fbc5d49b1decd4f9	11400000	"[""Assets/PlayMaker/Templates/bench_control.asset""]"
Assets/Scenes/Hornet/Shellwood_10.unity	10825	2545	tilt_plat	a40d78acbe179ad4a90e9b9d77d082be	11400000	"[""Assets/PlayMaker/Templates/tilt_plat.asset""]"
Assets/Scenes/Hornet/Shellwood_10.unity	11215	2395	hornet_multi_wounder	ffe3a1a9c1e2bb94da3315cccccc4782	11400000	"[""Assets/PlayMaker/Templates/hornet_multi_wounder.asset""]"
Assets/Scenes/Hornet/Shellwood_10.unity	11217	2394	hornet_multi_wounder	ffe3a1a9c1e2bb94da3315cccccc4782	11400000	"[""Assets/PlayMaker/Templates/hornet_multi_wounder.asset""]"
Assets/Scenes/Hornet/Shellwood_10.unity	11219	2396	hornet_multi_wounder	ffe3a1a9c1e2bb94da3315cccccc4782	11400000	"[""Assets/PlayMaker/Templates/hornet_multi_wounder.asset""]"
Assets/Scenes/Hornet/Shellwood_11.unity	5750	280	FSM	c332780cbeb3a264fb2eff442248d6cd	11400000	"[""Assets/PlayMaker/Templates/follow_camera_bound.asset""]"
Assets/Scenes/Hornet/Shellwood_11.unity	6184	1246	hornet_multi_wounder	ffe3a1a9c1e2bb94da3315cccccc4782	11400000	"[""Assets/PlayMaker/Templates/hornet_multi_wounder.asset""]"
Assets/Scenes/Hornet/Shellwood_11.unity	6186	1245	hornet_multi_wounder	ffe3a1a9c1e2bb94da3315cccccc4782	11400000	"[""Assets/PlayMaker/Templates/hornet_multi_wounder.asset""]"
Assets/Scenes/Hornet/Shellwood_11b.unity	3506	502	To Memory	805180b1be25c6143912b68f98163de0	11400000	"[""Assets/PlayMaker/Templates/thread_memory_scene_transition.asset""]"
Assets/Scenes/Hornet/Shellwood_11b_Memory.unity	6550	1790	Stun Control	2e4b6e573032075449b2ab0adc00c0b8	11400000	"[""Assets/PlayMaker/Templates/stun_control.asset""]"
Assets/Scenes/Hornet/Shellwood_11b_Memory.unity	6676	1850	FSM	ffe3a1a9c1e2bb94da3315cccccc4782	11400000	"[""Assets/PlayMaker/Templates/hornet_multi_wounder.asset""]"
Assets/Scenes/Hornet/Shellwood_11b_Memory.unity	6679	1844	FSM	ffe3a1a9c1e2bb94da3315cccccc4782	11400000	"[""Assets/PlayMaker/Templates/hornet_multi_wounder.asset""]"
Assets/Scenes/Hornet/Shellwood_11b_Memory.unity	6680	1643	FSM	ffe3a1a9c1e2bb94da3315cccccc4782	11400000	"[""Assets/PlayMaker/Templates/hornet_multi_wounder.asset""]"
Assets/Scenes/Hornet/Shellwood_11b_Memory.unity	6683	1737	FSM	ffe3a1a9c1e2bb94da3315cccccc4782	11400000	"[""Assets/PlayMaker/Templates/hornet_multi_wounder.asset""]"
Assets/Scenes/Hornet/Shellwood_11b_Memory.unity	6689	1848	hornet_multi_wounder	ffe3a1a9c1e2bb94da3315cccccc4782	11400000	"[""Assets/PlayMaker/Templates/hornet_multi_wounder.asset""]"
Assets/Scenes/Hornet/Shellwood_11b_Memory.unity	6700	1839	FSM	ffe3a1a9c1e2bb94da3315cccccc4782	11400000	"[""Assets/PlayMaker/Templates/hornet_multi_wounder.asset""]"
Assets/Scenes/Hornet/Shellwood_11b_Memory.unity	6703	1871	FSM	ffe3a1a9c1e2bb94da3315cccccc4782	11400000	"[""Assets/PlayMaker/Templates/hornet_multi_wounder.asset""]"
Assets/Scenes/Hornet/Shellwood_11b_Memory.unity	6710	1573	FSM	ffe3a1a9c1e2bb94da3315cccccc4782	11400000	"[""Assets/PlayMaker/Templates/hornet_multi_wounder.asset""]"
Assets/Scenes/Hornet/Shellwood_11b_Memory.unity	6713	1869	FSM	ffe3a1a9c1e2bb94da3315cccccc4782	11400000	"[""Assets/PlayMaker/Templates/hornet_multi_wounder.asset""]"
Assets/Scenes/Hornet/Shellwood_13.unity	7826	1734	Detect Landing	c9d78aec9d8dd8a419833f8f977ce120	11400000	"[""Assets/PlayMaker/Templates/sway_plat_collider.asset""]"
Assets/Scenes/Hornet/Shellwood_13.unity	7827	1735	Detect Landing	c9d78aec9d8dd8a419833f8f977ce120	11400000	"[""Assets/PlayMaker/Templates/sway_plat_collider.asset""]"
Assets/Scenes/Hornet/Shellwood_13.unity	7839	1983	Sway	611750e4cd2b0fc488c94b4d4a747bec	11400000	"[""Assets/PlayMaker/Templates/sway_plat_art.asset""]"
Assets/Scenes/Hornet/Shellwood_13.unity	7840	1984	Sway	611750e4cd2b0fc488c94b4d4a747bec	11400000	"[""Assets/PlayMaker/Templates/sway_plat_art.asset""]"
Assets/Scenes/Hornet/Shellwood_13.unity	7975	2094	Control	d13141ace76d6cc4e913c2aeb23075ea	11400000	"[""Assets/PlayMaker/Templates/coral_crust_wall.asset""]"
Assets/Scenes/Hornet/Shellwood_13.unity	7976	2093	Control	d13141ace76d6cc4e913c2aeb23075ea	11400000	"[""Assets/PlayMaker/Templates/coral_crust_wall.asset""]"
Assets/Scenes/Hornet/Shellwood_13.unity	7977	2095	Control	d13141ace76d6cc4e913c2aeb23075ea	11400000	"[""Assets/PlayMaker/Templates/coral_crust_wall.asset""]"
Assets/Scenes/Hornet/Shellwood_14.unity	5739	143	destroy_after_anim	2a3836a243fdb7846887c672bc1ca3c3	11400000	"[""Assets/PlayMaker/Templates/destroy_after_anim.asset""]"
Assets/Scenes/Hornet/Shellwood_14.unity	6020	1231	Detect Landing	c9d78aec9d8dd8a419833f8f977ce120	11400000	"[""Assets/PlayMaker/Templates/sway_plat_collider.asset""]"
Assets/Scenes/Hornet/Shellwood_14.unity	6021	1230	Detect Landing	c9d78aec9d8dd8a419833f8f977ce120	11400000	"[""Assets/PlayMaker/Templates/sway_plat_collider.asset""]"
Assets/Scenes/Hornet/Shellwood_14.unity	6022	1234	Detect Landing	c9d78aec9d8dd8a419833f8f977ce120	11400000	"[""Assets/PlayMaker/Templates/sway_plat_collider.asset""]"
Assets/Scenes/Hornet/Shellwood_14.unity	6023	1233	Detect Landing	c9d78aec9d8dd8a419833f8f977ce120	11400000	"[""Assets/PlayMaker/Templates/sway_plat_collider.asset""]"
Assets/Scenes/Hornet/Shellwood_14.unity	6024	1232	Detect Landing	c9d78aec9d8dd8a419833f8f977ce120	11400000	"[""Assets/PlayMaker/Templates/sway_plat_collider.asset""]"
Assets/Scenes/Hornet/Shellwood_14.unity	6052	1380	Sway	611750e4cd2b0fc488c94b4d4a747bec	11400000	"[""Assets/PlayMaker/Templates/sway_plat_art.asset""]"
Assets/Scenes/Hornet/Shellwood_14.unity	6053	1381	Sway	611750e4cd2b0fc488c94b4d4a747bec	11400000	"[""Assets/PlayMaker/Templates/sway_plat_art.asset""]"
Assets/Scenes/Hornet/Shellwood_14.unity	6054	1382	Sway	611750e4cd2b0fc488c94b4d4a747bec	11400000	"[""Assets/PlayMaker/Templates/sway_plat_art.asset""]"
Assets/Scenes/Hornet/Shellwood_14.unity	6055	1383	Sway	611750e4cd2b0fc488c94b4d4a747bec	11400000	"[""Assets/PlayMaker/Templates/sway_plat_art.asset""]"
Assets/Scenes/Hornet/Shellwood_14.unity	6056	1384	Sway	611750e4cd2b0fc488c94b4d4a747bec	11400000	"[""Assets/PlayMaker/Templates/sway_plat_art.asset""]"
Assets/Scenes/Hornet/Shellwood_14.unity	6481	1273	hornet_multi_wounder	ffe3a1a9c1e2bb94da3315cccccc4782	11400000	"[""Assets/PlayMaker/Templates/hornet_multi_wounder.asset""]"
Assets/Scenes/Hornet/Shellwood_14.unity	6483	1274	hornet_multi_wounder	ffe3a1a9c1e2bb94da3315cccccc4782	11400000	"[""Assets/PlayMaker/Templates/hornet_multi_wounder.asset""]"
Assets/Scenes/Hornet/Shellwood_14.unity	6485	1270	hornet_multi_wounder	ffe3a1a9c1e2bb94da3315cccccc4782	11400000	"[""Assets/PlayMaker/Templates/hornet_multi_wounder.asset""]"
Assets/Scenes/Hornet/Shellwood_14.unity	6487	1272	hornet_multi_wounder	ffe3a1a9c1e2bb94da3315cccccc4782	11400000	"[""Assets/PlayMaker/Templates/hornet_multi_wounder.asset""]"
Assets/Scenes/Hornet/Shellwood_14.unity	6489	1271	hornet_multi_wounder	ffe3a1a9c1e2bb94da3315cccccc4782	11400000	"[""Assets/PlayMaker/Templates/hornet_multi_wounder.asset""]"
Assets/Scenes/Hornet/Shellwood_15.unity	5811	1140	Detect Landing	c9d78aec9d8dd8a419833f8f977ce120	11400000	"[""Assets/PlayMaker/Templates/sway_plat_collider.asset""]"
Assets/Scenes/Hornet/Shellwood_15.unity	5812	1141	Detect Landing	c9d78aec9d8dd8a419833f8f977ce120	11400000	"[""Assets/PlayMaker/Templates/sway_plat_collider.asset""]"
Assets/Scenes/Hornet/Shellwood_15.unity	5813	1143	Detect Landing	c9d78aec9d8dd8a419833f8f977ce120	11400000	"[""Assets/PlayMaker/Templates/sway_plat_collider.asset""]"
Assets/Scenes/Hornet/Shellwood_15.unity	5814	1142	Detect Landing	c9d78aec9d8dd8a419833f8f977ce120	11400000	"[""Assets/PlayMaker/Templates/sway_plat_collider.asset""]"
Assets/Scenes/Hornet/Shellwood_15.unity	5830	1317	Sway	611750e4cd2b0fc488c94b4d4a747bec	11400000	"[""Assets/PlayMaker/Templates/sway_plat_art.asset""]"
Assets/Scenes/Hornet/Shellwood_15.unity	5831	1318	Sway	611750e4cd2b0fc488c94b4d4a747bec	11400000	"[""Assets/PlayMaker/Templates/sway_plat_art.asset""]"
Assets/Scenes/Hornet/Shellwood_15.unity	5832	1319	Sway	611750e4cd2b0fc488c94b4d4a747bec	11400000	"[""Assets/PlayMaker/Templates/sway_plat_art.asset""]"
Assets/Scenes/Hornet/Shellwood_15.unity	5833	1320	Sway	611750e4cd2b0fc488c94b4d4a747bec	11400000	"[""Assets/PlayMaker/Templates/sway_plat_art.asset""]"
Assets/Scenes/Hornet/Shellwood_15.unity	5995	1239	Behaviour Base	b1b9bb5b93507da4e95076922a6eb83d	11400000	"[""Assets/PlayMaker/Templates/stick_insect_base.asset""]"
Assets/Scenes/Hornet/Shellwood_15.unity	5996	1238	Behaviour Base	b1b9bb5b93507da4e95076922a6eb83d	11400000	"[""Assets/PlayMaker/Templates/stick_insect_base.asset""]"
Assets/Scenes/Hornet/Shellwood_15.unity	6028	1159	hornet_multi_wounder	ffe3a1a9c1e2bb94da3315cccccc4782	11400000	"[""Assets/PlayMaker/Templates/hornet_multi_wounder.asset""]"
Assets/Scenes/Hornet/Shellwood_15.unity	6030	1160	hornet_multi_wounder	ffe3a1a9c1e2bb94da3315cccccc4782	11400000	"[""Assets/PlayMaker/Templates/hornet_multi_wounder.asset""]"
Assets/Scenes/Hornet/Shellwood_15.unity	6100	1796	hornet_multi_wounder	ffe3a1a9c1e2bb94da3315cccccc4782	11400000	"[""Assets/PlayMaker/Templates/hornet_multi_wounder.asset""]"
Assets/Scenes/Hornet/Shellwood_16.unity	3048	887	Control	ebb7f868f778b6f4aae2a069121a4374	11400000	"[""Assets/PlayMaker/Templates/tracking_object.asset""]"
Assets/Scenes/Hornet/Shellwood_16.unity	3119	755	Attack Enemies	caafb23d9ce46d04e95abb72c7771eb4	11400000	"[""Assets/PlayMaker/Templates/mapper_battle.asset""]"
Assets/Scenes/Hornet/Shellwood_18.unity	10435	2173	FSM	c332780cbeb3a264fb2eff442248d6cd	11400000	"[""Assets/PlayMaker/Templates/follow_camera_bound.asset""]"
Assets/Scenes/Hornet/Shellwood_18.unity	10919	1564	Stun Control	2e4b6e573032075449b2ab0adc00c0b8	11400000	"[""Assets/PlayMaker/Templates/stun_control.asset""]"
Assets/Scenes/Hornet/Shellwood_18.unity	11506	2275	FSM	ffe3a1a9c1e2bb94da3315cccccc4782	11400000	"[""Assets/PlayMaker/Templates/hornet_multi_wounder.asset""]"
Assets/Scenes/Hornet/Shellwood_18.unity	11508	2274	FSM	ffe3a1a9c1e2bb94da3315cccccc4782	11400000	"[""Assets/PlayMaker/Templates/hornet_multi_wounder.asset""]"
Assets/Scenes/Hornet/Shellwood_19.unity	4385	673	bellbeast_children_control	f2fe5cfb94f086d429299e35587784d6	11400000	"[""Assets/PlayMaker/Templates/bellbeast_children_control.asset""]"
Assets/Scenes/Hornet/Shellwood_19.unity	4415	870	Detect Landing	c9d78aec9d8dd8a419833f8f977ce120	11400000	"[""Assets/PlayMaker/Templates/sway_plat_collider.asset""]"
Assets/Scenes/Hornet/Shellwood_19.unity	4426	982	Sway	611750e4cd2b0fc488c94b4d4a747bec	11400000	"[""Assets/PlayMaker/Templates/sway_plat_art.asset""]"
Assets/Scenes/Hornet/Shellwood_19.unity	4584	1068	Set Compass Point	50c4ce611f2eeac40a7c0f864becbd3e	11400000	"[""Assets/PlayMaker/Templates/map_set_room_compass.asset""]"
Assets/Scenes/Hornet/Shellwood_20.unity	4206	922	Behaviour Base	b1b9bb5b93507da4e95076922a6eb83d	11400000	"[""Assets/PlayMaker/Templates/stick_insect_base.asset""]"
Assets/Scenes/Hornet/Shellwood_20.unity	4400	1093	FSM	ffe3a1a9c1e2bb94da3315cccccc4782	11400000	"[""Assets/PlayMaker/Templates/hornet_multi_wounder.asset""]"
Assets/Scenes/Hornet/Shellwood_20.unity	4412	1321	Location	dc68adf8742b5ff44be317b456a1b2e3	11400000	"[""Assets/PlayMaker/Templates/seth_location_evaluate.asset""]"
Assets/Scenes/Hornet/Shellwood_22.unity	4509	1156	Stun	2e4b6e573032075449b2ab0adc00c0b8	11400000	"[""Assets/PlayMaker/Templates/stun_control.asset""]"
Assets/Scenes/Hornet/Shellwood_22.unity	4525	1345	FSM	ffe3a1a9c1e2bb94da3315cccccc4782	11400000	"[""Assets/PlayMaker/Templates/hornet_multi_wounder.asset""]"
Assets/Scenes/Hornet/Shellwood_22.unity	4539	1196	FSM	ffe3a1a9c1e2bb94da3315cccccc4782	11400000	"[""Assets/PlayMaker/Templates/hornet_multi_wounder.asset""]"
Assets/Scenes/Hornet/Shellwood_22.unity	4564	1053	FSM	ffe3a1a9c1e2bb94da3315cccccc4782	11400000	"[""Assets/PlayMaker/Templates/hornet_multi_wounder.asset""]"
Assets/Scenes/Hornet/Shellwood_22.unity	4606	1156	Circle Slash Catch	b2e2c0c027728d04cbe715384d52c5bc	11400000	"[""Assets/PlayMaker/Templates/song_knight_catch_hero.asset""]"
Assets/Scenes/Hornet/Shellwood_22.unity	4610	1201	FSM	ffe3a1a9c1e2bb94da3315cccccc4782	11400000	"[""Assets/PlayMaker/Templates/hornet_multi_wounder.asset""]"
Assets/Scenes/Hornet/Shellwood_22.unity	4625	1220	FSM	ffe3a1a9c1e2bb94da3315cccccc4782	11400000	"[""Assets/PlayMaker/Templates/hornet_multi_wounder.asset""]"
Assets/Scenes/Hornet/Shellwood_22.unity	4629	1421	FSM	ffe3a1a9c1e2bb94da3315cccccc4782	11400000	"[""Assets/PlayMaker/Templates/hornet_multi_wounder.asset""]"
Assets/Scenes/Hornet/Shellwood_22.unity	4638	1315	FSM	ffe3a1a9c1e2bb94da3315cccccc4782	11400000	"[""Assets/PlayMaker/Templates/hornet_multi_wounder.asset""]"
Assets/Scenes/Hornet/Shellwood_22.unity	4641	1339	FSM	ffe3a1a9c1e2bb94da3315cccccc4782	11400000	"[""Assets/PlayMaker/Templates/hornet_multi_wounder.asset""]"
Assets/Scenes/Hornet/Shellwood_22.unity	4676	1299	FSM	ffe3a1a9c1e2bb94da3315cccccc4782	11400000	"[""Assets/PlayMaker/Templates/hornet_multi_wounder.asset""]"
Assets/Scenes/Hornet/Shellwood_22.unity	4694	1112	FSM	ffe3a1a9c1e2bb94da3315cccccc4782	11400000	"[""Assets/PlayMaker/Templates/hornet_multi_wounder.asset""]"
Assets/Scenes/Hornet/Shellwood_22.unity	4700	1241	FSM	ffe3a1a9c1e2bb94da3315cccccc4782	11400000	"[""Assets/PlayMaker/Templates/hornet_multi_wounder.asset""]"
Assets/Scenes/Hornet/Shellwood_22.unity	4709	1286	FSM	ffe3a1a9c1e2bb94da3315cccccc4782	11400000	"[""Assets/PlayMaker/Templates/hornet_multi_wounder.asset""]"
Assets/Scenes/Hornet/Shellwood_25.unity	9524	963	FSM	0fa874bd0a265424880fbf25a2b42b4c	11400000	"[""Assets/PlayMaker/Templates/map_isroom.asset""]"
Assets/Scenes/Hornet/Shellwood_25.unity	9580	1334	FSM	c332780cbeb3a264fb2eff442248d6cd	11400000	"[""Assets/PlayMaker/Templates/follow_camera_bound.asset""]"
Assets/Scenes/Hornet/Shellwood_25b.unity	1226	151	FSM	0fa874bd0a265424880fbf25a2b42b4c	11400000	"[""Assets/PlayMaker/Templates/map_isroom.asset""]"
Assets/Scenes/Hornet/Shellwood_25b.unity	1232	90	Detect Landing	c9d78aec9d8dd8a419833f8f977ce120	11400000	"[""Assets/PlayMaker/Templates/sway_plat_collider.asset""]"
Assets/Scenes/Hornet/Shellwood_25b.unity	1241	224	FSM	472f57d305c90f24d8d9572c90f30910	11400000	"[""Assets/PlayMaker/Templates/follow_camera.asset""]"
Assets/Scenes/Hornet/Shellwood_26.unity	7539	541	enemy_message	40a9c40cac6976f43979028f936c4871	11400000	"[""Assets/PlayMaker/Templates/enemy_message.asset""]"
Assets/Scenes/Hornet/Shellwood_26.unity	7551	978	Geo Rock	3ce2aab20b6447d47a1b288b65263053	11400000	"[""Assets/PlayMaker/Templates/geo_rock.asset""]"
Assets/Scenes/Hornet/Shellwood_26.unity	7988	2340	hornet_multi_wounder	ffe3a1a9c1e2bb94da3315cccccc4782	11400000	"[""Assets/PlayMaker/Templates/hornet_multi_wounder.asset""]"
Assets/Scenes/Hornet/Shellwood_26.unity	8082	2022	FSM	ffe3a1a9c1e2bb94da3315cccccc4782	11400000	"[""Assets/PlayMaker/Templates/hornet_multi_wounder.asset""]"
Assets/Scenes/Hornet/Shellwood_26.unity	8084	2019	FSM	ffe3a1a9c1e2bb94da3315cccccc4782	11400000	"[""Assets/PlayMaker/Templates/hornet_multi_wounder.asset""]"
Assets/Scenes/Hornet/Shellwood_26.unity	8086	2020	FSM	ffe3a1a9c1e2bb94da3315cccccc4782	11400000	"[""Assets/PlayMaker/Templates/hornet_multi_wounder.asset""]"
Assets/Scenes/Hornet/Shellwood_26.unity	8088	2021	FSM	ffe3a1a9c1e2bb94da3315cccccc4782	11400000	"[""Assets/PlayMaker/Templates/hornet_multi_wounder.asset""]"
Assets/Scenes/Hornet/Shellwood_Witch.unity	1182	276	hornet_multi_wounder	ffe3a1a9c1e2bb94da3315cccccc4782	11400000	"[""Assets/PlayMaker/Templates/hornet_multi_wounder.asset""]"
Assets/Scenes/Hornet/Slab_01.unity	4490	981	hornet_multi_wounder	ffe3a1a9c1e2bb94da3315cccccc4782	11400000	"[""Assets/PlayMaker/Templates/hornet_multi_wounder.asset""]"
Assets/Scenes/Hornet/Slab_01.unity	4518	1238	hornet_multi_wounder	ffe3a1a9c1e2bb94da3315cccccc4782	11400000	"[""Assets/PlayMaker/Templates/hornet_multi_wounder.asset""]"
Assets/Scenes/Hornet/Slab_01.unity	4526	1077	hornet_multi_wounder	ffe3a1a9c1e2bb94da3315cccccc4782	11400000	"[""Assets/PlayMaker/Templates/hornet_multi_wounder.asset""]"
Assets/Scenes/Hornet/Slab_01.unity	4537	1224	tilt_plat	a40d78acbe179ad4a90e9b9d77d082be	11400000	"[""Assets/PlayMaker/Templates/tilt_plat.asset""]"
Assets/Scenes/Hornet/Slab_01.unity	4538	1222	tilt_plat	a40d78acbe179ad4a90e9b9d77d082be	11400000	"[""Assets/PlayMaker/Templates/tilt_plat.asset""]"
Assets/Scenes/Hornet/Slab_01.unity	4539	1223	tilt_plat	a40d78acbe179ad4a90e9b9d77d082be	11400000	"[""Assets/PlayMaker/Templates/tilt_plat.asset""]"
Assets/Scenes/Hornet/Slab_01.unity	4558	989	hornet_multi_wounder	ffe3a1a9c1e2bb94da3315cccccc4782	11400000	"[""Assets/PlayMaker/Templates/hornet_multi_wounder.asset""]"
Assets/Scenes/Hornet/Slab_01.unity	4606	1136	hornet_multi_wounder	ffe3a1a9c1e2bb94da3315cccccc4782	11400000	"[""Assets/PlayMaker/Templates/hornet_multi_wounder.asset""]"
Assets/Scenes/Hornet/Slab_01.unity	4608	1235	hornet_multi_wounder	ffe3a1a9c1e2bb94da3315cccccc4782	11400000	"[""Assets/PlayMaker/Templates/hornet_multi_wounder.asset""]"
Assets/Scenes/Hornet/Slab_01.unity	4615	1196	hornet_multi_wounder	ffe3a1a9c1e2bb94da3315cccccc4782	11400000	"[""Assets/PlayMaker/Templates/hornet_multi_wounder.asset""]"
Assets/Scenes/Hornet/Slab_02.unity	4565	1275	Sway	611750e4cd2b0fc488c94b4d4a747bec	11400000	"[""Assets/PlayMaker/Templates/sway_plat_art.asset""]"
Assets/Scenes/Hornet/Slab_02.unity	4590	1362	Detect Landing	c9d78aec9d8dd8a419833f8f977ce120	11400000	"[""Assets/PlayMaker/Templates/sway_plat_collider.asset""]"
Assets/Scenes/Hornet/Slab_02.unity	4661	1437	tilt_plat	a40d78acbe179ad4a90e9b9d77d082be	11400000	"[""Assets/PlayMaker/Templates/tilt_plat.asset""]"
Assets/Scenes/Hornet/Slab_02.unity	4662	1438	tilt_plat	a40d78acbe179ad4a90e9b9d77d082be	11400000	"[""Assets/PlayMaker/Templates/tilt_plat.asset""]"
Assets/Scenes/Hornet/Slab_02.unity	4839	1273	Detect Landing	c9d78aec9d8dd8a419833f8f977ce120	11400000	"[""Assets/PlayMaker/Templates/sway_plat_collider.asset""]"
Assets/Scenes/Hornet/Slab_02.unity	4840	1069	Sway	611750e4cd2b0fc488c94b4d4a747bec	11400000	"[""Assets/PlayMaker/Templates/sway_plat_art.asset""]"
Assets/Scenes/Hornet/Slab_02.unity	4841	1068	Sway	611750e4cd2b0fc488c94b4d4a747bec	11400000	"[""Assets/PlayMaker/Templates/sway_plat_art.asset""]"
Assets/Scenes/Hornet/Slab_02.unity	4842	1070	Sway	611750e4cd2b0fc488c94b4d4a747bec	11400000	"[""Assets/PlayMaker/Templates/sway_plat_art.asset""]"
Assets/Scenes/Hornet/Slab_02.unity	4852	1245	Sway	611750e4cd2b0fc488c94b4d4a747bec	11400000	"[""Assets/PlayMaker/Templates/sway_plat_art.asset""]"
Assets/Scenes/Hornet/Slab_03.unity	12727	245	tilt_plat	05d73076eb7c1734b9370d19a7fe7073	11400000	"[""Assets/PlayMaker/Templates/tink_plat.asset""]"
Assets/Scenes/Hornet/Slab_03.unity	12788	1195	tilt_plat	05d73076eb7c1734b9370d19a7fe7073	11400000	"[""Assets/PlayMaker/Templates/tink_plat.asset""]"
Assets/Scenes/Hornet/Slab_03.unity	12814	1682	FSM	1686fa2f54abca14ea6969b774a733fb	11400000	"[""Assets/PlayMaker/Templates/depress_plat.asset""]"
Assets/Scenes/Hornet/Slab_03.unity	13173	3979	Control	ebb7f868f778b6f4aae2a069121a4374	11400000	"[""Assets/PlayMaker/Templates/tracking_object.asset""]"
Assets/Scenes/Hornet/Slab_03.unity	13174	3978	Control	ebb7f868f778b6f4aae2a069121a4374	11400000	"[""Assets/PlayMaker/Templates/tracking_object.asset""]"
Assets/Scenes/Hornet/Slab_03.unity	13702	2851	Sway	611750e4cd2b0fc488c94b4d4a747bec	11400000	"[""Assets/PlayMaker/Templates/sway_plat_art.asset""]"
Assets/Scenes/Hornet/Slab_03.unity	13703	2850	Sway	611750e4cd2b0fc488c94b4d4a747bec	11400000	"[""Assets/PlayMaker/Templates/sway_plat_art.asset""]"
Assets/Scenes/Hornet/Slab_03.unity	13845	2916	Control	d13141ace76d6cc4e913c2aeb23075ea	11400000	"[""Assets/PlayMaker/Templates/coral_crust_wall.asset""]"
Assets/Scenes/Hornet/Slab_04.unity	5200	1190	Sway	611750e4cd2b0fc488c94b4d4a747bec	11400000	"[""Assets/PlayMaker/Templates/sway_plat_art.asset""]"
Assets/Scenes/Hornet/Slab_04.unity	5201	1191	Sway	611750e4cd2b0fc488c94b4d4a747bec	11400000	"[""Assets/PlayMaker/Templates/sway_plat_art.asset""]"
Assets/Scenes/Hornet/Slab_04.unity	5229	1378	Detect Landing	c9d78aec9d8dd8a419833f8f977ce120	11400000	"[""Assets/PlayMaker/Templates/sway_plat_collider.asset""]"
Assets/Scenes/Hornet/Slab_04.unity	5366	717	Detect Landing	c9d78aec9d8dd8a419833f8f977ce120	11400000	"[""Assets/PlayMaker/Templates/sway_plat_collider.asset""]"
Assets/Scenes/Hornet/Slab_04.unity	5646	1186	Detect Landing	c9d78aec9d8dd8a419833f8f977ce120	11400000	"[""Assets/PlayMaker/Templates/sway_plat_collider.asset""]"
Assets/Scenes/Hornet/Slab_04.unity	5647	1187	Detect Landing	c9d78aec9d8dd8a419833f8f977ce120	11400000	"[""Assets/PlayMaker/Templates/sway_plat_collider.asset""]"
Assets/Scenes/Hornet/Slab_04.unity	5651	1075	Sway	611750e4cd2b0fc488c94b4d4a747bec	11400000	"[""Assets/PlayMaker/Templates/sway_plat_art.asset""]"
Assets/Scenes/Hornet/Slab_04.unity	5661	1140	Sway	611750e4cd2b0fc488c94b4d4a747bec	11400000	"[""Assets/PlayMaker/Templates/sway_plat_art.asset""]"
Assets/Scenes/Hornet/Slab_05.unity	5595	1364	Bouncer Control	70373915543635446a76def8e0549321	11400000	"[""Assets/PlayMaker/Templates/bouncer_control.asset""]"
Assets/Scenes/Hornet/Slab_05.unity	5596	1365	Bouncer Control	70373915543635446a76def8e0549321	11400000	"[""Assets/PlayMaker/Templates/bouncer_control.asset""]"
Assets/Scenes/Hornet/Slab_06.unity	4850	259	Bench Control	30022a57d0796134fbc5d49b1decd4f9	11400000	"[""Assets/PlayMaker/Templates/bench_control.asset""]"
Assets/Scenes/Hornet/Slab_06.unity	4879	649	bellbeast_children_control	f2fe5cfb94f086d429299e35587784d6	11400000	"[""Assets/PlayMaker/Templates/bellbeast_children_control.asset""]"
Assets/Scenes/Hornet/Slab_06.unity	5377	1231	Set Compass Point	50c4ce611f2eeac40a7c0f864becbd3e	11400000	"[""Assets/PlayMaker/Templates/map_set_room_compass.asset""]"
Assets/Scenes/Hornet/Slab_07.unity	7561	2033	Detect Landing	c9d78aec9d8dd8a419833f8f977ce120	11400000	"[""Assets/PlayMaker/Templates/sway_plat_collider.asset""]"
Assets/Scenes/Hornet/Slab_07.unity	8107	1628	Sway	611750e4cd2b0fc488c94b4d4a747bec	11400000	"[""Assets/PlayMaker/Templates/sway_plat_art.asset""]"
Assets/Scenes/Hornet/Slab_07.unity	8114	1831	Sway	611750e4cd2b0fc488c94b4d4a747bec	11400000	"[""Assets/PlayMaker/Templates/sway_plat_art.asset""]"
Assets/Scenes/Hornet/Slab_07.unity	8132	1656	Control	d13141ace76d6cc4e913c2aeb23075ea	11400000	"[""Assets/PlayMaker/Templates/coral_crust_wall.asset""]"
Assets/Scenes/Hornet/Slab_07.unity	8133	1655	Control	d13141ace76d6cc4e913c2aeb23075ea	11400000	"[""Assets/PlayMaker/Templates/coral_crust_wall.asset""]"
Assets/Scenes/Hornet/Slab_07.unity	8134	1654	Control	d13141ace76d6cc4e913c2aeb23075ea	11400000	"[""Assets/PlayMaker/Templates/coral_crust_wall.asset""]"
Assets/Scenes/Hornet/Slab_07.unity	8135	1653	Control	d13141ace76d6cc4e913c2aeb23075ea	11400000	"[""Assets/PlayMaker/Templates/coral_crust_wall.asset""]"
Assets/Scenes/Hornet/Slab_07.unity	8136	1651	Control	d13141ace76d6cc4e913c2aeb23075ea	11400000	"[""Assets/PlayMaker/Templates/coral_crust_wall.asset""]"
Assets/Scenes/Hornet/Slab_07.unity	8137	1652	Control	d13141ace76d6cc4e913c2aeb23075ea	11400000	"[""Assets/PlayMaker/Templates/coral_crust_wall.asset""]"
Assets/Scenes/Hornet/Slab_07.unity	8138	1650	Control	d13141ace76d6cc4e913c2aeb23075ea	11400000	"[""Assets/PlayMaker/Templates/coral_crust_wall.asset""]"
Assets/Scenes/Hornet/Slab_07.unity	8139	1649	Control	d13141ace76d6cc4e913c2aeb23075ea	11400000	"[""Assets/PlayMaker/Templates/coral_crust_wall.asset""]"
Assets/Scenes/Hornet/Slab_10b.unity	3777	602	Stun Control	2e4b6e573032075449b2ab0adc00c0b8	11400000	"[""Assets/PlayMaker/Templates/stun_control.asset""]"
Assets/Scenes/Hornet/Slab_10b.unity	4181	936	hornet_multi_wounder	ffe3a1a9c1e2bb94da3315cccccc4782	11400000	"[""Assets/PlayMaker/Templates/hornet_multi_wounder.asset""]"
Assets/Scenes/Hornet/Slab_12.unity	4830	1204	Control	d13141ace76d6cc4e913c2aeb23075ea	11400000	"[""Assets/PlayMaker/Templates/coral_crust_wall.asset""]"
Assets/Scenes/Hornet/Slab_12.unity	4947	1091	Control	d13141ace76d6cc4e913c2aeb23075ea	11400000	"[""Assets/PlayMaker/Templates/coral_crust_wall.asset""]"
Assets/Scenes/Hornet/Slab_12.unity	4948	1090	Control	d13141ace76d6cc4e913c2aeb23075ea	11400000	"[""Assets/PlayMaker/Templates/coral_crust_wall.asset""]"
Assets/Scenes/Hornet/Slab_12.unity	4949	1089	Control	d13141ace76d6cc4e913c2aeb23075ea	11400000	"[""Assets/PlayMaker/Templates/coral_crust_wall.asset""]"
Assets/Scenes/Hornet/Slab_12.unity	4950	1088	Control	d13141ace76d6cc4e913c2aeb23075ea	11400000	"[""Assets/PlayMaker/Templates/coral_crust_wall.asset""]"
Assets/Scenes/Hornet/Slab_12.unity	4951	1087	Control	d13141ace76d6cc4e913c2aeb23075ea	11400000	"[""Assets/PlayMaker/Templates/coral_crust_wall.asset""]"
Assets/Scenes/Hornet/Slab_13.unity	4257	903	multi wounder	ffe3a1a9c1e2bb94da3315cccccc4782	11400000	"[""Assets/PlayMaker/Templates/hornet_multi_wounder.asset""]"
Assets/Scenes/Hornet/Slab_13.unity	4258	904	multi wounder	ffe3a1a9c1e2bb94da3315cccccc4782	11400000	"[""Assets/PlayMaker/Templates/hornet_multi_wounder.asset""]"
Assets/Scenes/Hornet/Slab_14.unity	3873	1049	Detect Landing	c9d78aec9d8dd8a419833f8f977ce120	11400000	"[""Assets/PlayMaker/Templates/sway_plat_collider.asset""]"
Assets/Scenes/Hornet/Slab_14.unity	3972	671	Control	fc35d2942fd2c9e4399f152306ba7dc4	11400000	"[""Assets/PlayMaker/Templates/slab_alarm_prisoner.asset""]"
Assets/Scenes/Hornet/Slab_14.unity	3973	670	Control	fc35d2942fd2c9e4399f152306ba7dc4	11400000	"[""Assets/PlayMaker/Templates/slab_alarm_prisoner.asset""]"
Assets/Scenes/Hornet/Slab_14.unity	3974	672	Control	fc35d2942fd2c9e4399f152306ba7dc4	11400000	"[""Assets/PlayMaker/Templates/slab_alarm_prisoner.asset""]"
Assets/Scenes/Hornet/Slab_14.unity	4099	672	Chain In Place	bddfa4ec36d411949a41f71f25317471	11400000	"[""Assets/PlayMaker/Templates/slab_prisoner_chain.asset""]"
Assets/Scenes/Hornet/Slab_14.unity	4100	671	Chain In Place	bddfa4ec36d411949a41f71f25317471	11400000	"[""Assets/PlayMaker/Templates/slab_prisoner_chain.asset""]"
Assets/Scenes/Hornet/Slab_14.unity	4101	670	Chain In Place	bddfa4ec36d411949a41f71f25317471	11400000	"[""Assets/PlayMaker/Templates/slab_prisoner_chain.asset""]"
Assets/Scenes/Hornet/Slab_14.unity	4114	885	Sway	611750e4cd2b0fc488c94b4d4a747bec	11400000	"[""Assets/PlayMaker/Templates/sway_plat_art.asset""]"
Assets/Scenes/Hornet/Slab_15.unity	4231	300	breakable_wall_v2	49ae76d885d76f0409f5e87241c2e88a	11400000	"[""Assets/PlayMaker/Templates/breakable_wall_v2.asset""]"
Assets/Scenes/Hornet/Slab_15.unity	4297	1207	Detect Landing	c9d78aec9d8dd8a419833f8f977ce120	11400000	"[""Assets/PlayMaker/Templates/sway_plat_collider.asset""]"
Assets/Scenes/Hornet/Slab_15.unity	4298	1206	Detect Landing	c9d78aec9d8dd8a419833f8f977ce120	11400000	"[""Assets/PlayMaker/Templates/sway_plat_collider.asset""]"
Assets/Scenes/Hornet/Slab_15.unity	4373	802	Control	fc35d2942fd2c9e4399f152306ba7dc4	11400000	"[""Assets/PlayMaker/Templates/slab_alarm_prisoner.asset""]"
Assets/Scenes/Hornet/Slab_15.unity	4374	801	Control	fc35d2942fd2c9e4399f152306ba7dc4	11400000	"[""Assets/PlayMaker/Templates/slab_alarm_prisoner.asset""]"
Assets/Scenes/Hornet/Slab_15.unity	4375	799	Control	fc35d2942fd2c9e4399f152306ba7dc4	11400000	"[""Assets/PlayMaker/Templates/slab_alarm_prisoner.asset""]"
Assets/Scenes/Hornet/Slab_15.unity	4376	800	Control	fc35d2942fd2c9e4399f152306ba7dc4	11400000	"[""Assets/PlayMaker/Templates/slab_alarm_prisoner.asset""]"
Assets/Scenes/Hornet/Slab_15.unity	4377	805	Control	fc35d2942fd2c9e4399f152306ba7dc4	11400000	"[""Assets/PlayMaker/Templates/slab_alarm_prisoner.asset""]"
Assets/Scenes/Hornet/Slab_15.unity	4378	806	Control	fc35d2942fd2c9e4399f152306ba7dc4	11400000	"[""Assets/PlayMaker/Templates/slab_alarm_prisoner.asset""]"
Assets/Scenes/Hornet/Slab_15.unity	4379	804	Control	fc35d2942fd2c9e4399f152306ba7dc4	11400000	"[""Assets/PlayMaker/Templates/slab_alarm_prisoner.asset""]"
Assets/Scenes/Hornet/Slab_15.unity	4380	803	Control	fc35d2942fd2c9e4399f152306ba7dc4	11400000	"[""Assets/PlayMaker/Templates/slab_alarm_prisoner.asset""]"
Assets/Scenes/Hornet/Slab_15.unity	4470	983	multi wounder	ffe3a1a9c1e2bb94da3315cccccc4782	11400000	"[""Assets/PlayMaker/Templates/hornet_multi_wounder.asset""]"
Assets/Scenes/Hornet/Slab_15.unity	4474	806	Chain In Place	bddfa4ec36d411949a41f71f25317471	11400000	"[""Assets/PlayMaker/Templates/slab_prisoner_chain.asset""]"
Assets/Scenes/Hornet/Slab_15.unity	4475	805	Chain In Place	bddfa4ec36d411949a41f71f25317471	11400000	"[""Assets/PlayMaker/Templates/slab_prisoner_chain.asset""]"
Assets/Scenes/Hornet/Slab_15.unity	4476	803	Chain In Place	bddfa4ec36d411949a41f71f25317471	11400000	"[""Assets/PlayMaker/Templates/slab_prisoner_chain.asset""]"
Assets/Scenes/Hornet/Slab_15.unity	4477	804	Chain In Place	bddfa4ec36d411949a41f71f25317471	11400000	"[""Assets/PlayMaker/Templates/slab_prisoner_chain.asset""]"
Assets/Scenes/Hornet/Slab_15.unity	4478	800	Chain In Place	bddfa4ec36d411949a41f71f25317471	11400000	"[""Assets/PlayMaker/Templates/slab_prisoner_chain.asset""]"
Assets/Scenes/Hornet/Slab_15.unity	4479	799	Chain In Place	bddfa4ec36d411949a41f71f25317471	11400000	"[""Assets/PlayMaker/Templates/slab_prisoner_chain.asset""]"
Assets/Scenes/Hornet/Slab_15.unity	4480	802	Chain In Place	bddfa4ec36d411949a41f71f25317471	11400000	"[""Assets/PlayMaker/Templates/slab_prisoner_chain.asset""]"
Assets/Scenes/Hornet/Slab_15.unity	4481	801	Chain In Place	bddfa4ec36d411949a41f71f25317471	11400000	"[""Assets/PlayMaker/Templates/slab_prisoner_chain.asset""]"
Assets/Scenes/Hornet/Slab_15.unity	4487	1037	Sway	611750e4cd2b0fc488c94b4d4a747bec	11400000	"[""Assets/PlayMaker/Templates/sway_plat_art.asset""]"
Assets/Scenes/Hornet/Slab_15.unity	4488	1036	Sway	611750e4cd2b0fc488c94b4d4a747bec	11400000	"[""Assets/PlayMaker/Templates/sway_plat_art.asset""]"
Assets/Scenes/Hornet/Slab_16.unity	12790	497	FSM	c332780cbeb3a264fb2eff442248d6cd	11400000	"[""Assets/PlayMaker/Templates/follow_camera_bound.asset""]"
Assets/Scenes/Hornet/Slab_16.unity	12817	722	Bench Control	30022a57d0796134fbc5d49b1decd4f9	11400000	"[""Assets/PlayMaker/Templates/bench_control.asset""]"
Assets/Scenes/Hornet/Slab_16.unity	12863	1082	Bench Control	30022a57d0796134fbc5d49b1decd4f9	11400000	"[""Assets/PlayMaker/Templates/bench_control.asset""]"
Assets/Scenes/Hornet/Slab_16.unity	13272	3101	Bouncer Control	70373915543635446a76def8e0549321	11400000	"[""Assets/PlayMaker/Templates/bouncer_control.asset""]"
Assets/Scenes/Hornet/Slab_16.unity	13273	3103	Bouncer Control	70373915543635446a76def8e0549321	11400000	"[""Assets/PlayMaker/Templates/bouncer_control.asset""]"
Assets/Scenes/Hornet/Slab_16.unity	13274	3102	Bouncer Control	70373915543635446a76def8e0549321	11400000	"[""Assets/PlayMaker/Templates/bouncer_control.asset""]"
Assets/Scenes/Hornet/Slab_16.unity	13275	3106	Bouncer Control	70373915543635446a76def8e0549321	11400000	"[""Assets/PlayMaker/Templates/bouncer_control.asset""]"
Assets/Scenes/Hornet/Slab_16.unity	13276	3105	Bouncer Control	70373915543635446a76def8e0549321	11400000	"[""Assets/PlayMaker/Templates/bouncer_control.asset""]"
Assets/Scenes/Hornet/Slab_16.unity	13277	3104	Bouncer Control	70373915543635446a76def8e0549321	11400000	"[""Assets/PlayMaker/Templates/bouncer_control.asset""]"
Assets/Scenes/Hornet/Slab_16.unity	13278	3107	Bouncer Control	70373915543635446a76def8e0549321	11400000	"[""Assets/PlayMaker/Templates/bouncer_control.asset""]"
Assets/Scenes/Hornet/Slab_16.unity	13279	3108	Bouncer Control	70373915543635446a76def8e0549321	11400000	"[""Assets/PlayMaker/Templates/bouncer_control.asset""]"
Assets/Scenes/Hornet/Slab_16.unity	13280	3109	Bouncer Control	70373915543635446a76def8e0549321	11400000	"[""Assets/PlayMaker/Templates/bouncer_control.asset""]"
Assets/Scenes/Hornet/Slab_16.unity	13281	3111	Bouncer Control	70373915543635446a76def8e0549321	11400000	"[""Assets/PlayMaker/Templates/bouncer_control.asset""]"
Assets/Scenes/Hornet/Slab_16.unity	13282	3110	Bouncer Control	70373915543635446a76def8e0549321	11400000	"[""Assets/PlayMaker/Templates/bouncer_control.asset""]"
Assets/Scenes/Hornet/Slab_16.unity	13283	3112	Bouncer Control	70373915543635446a76def8e0549321	11400000	"[""Assets/PlayMaker/Templates/bouncer_control.asset""]"
Assets/Scenes/Hornet/Slab_16.unity	13284	3113	Bouncer Control	70373915543635446a76def8e0549321	11400000	"[""Assets/PlayMaker/Templates/bouncer_control.asset""]"
Assets/Scenes/Hornet/Slab_16.unity	13285	3114	Bouncer Control	70373915543635446a76def8e0549321	11400000	"[""Assets/PlayMaker/Templates/bouncer_control.asset""]"
Assets/Scenes/Hornet/Slab_16.unity	13318	3659	Control	ebb7f868f778b6f4aae2a069121a4374	11400000	"[""Assets/PlayMaker/Templates/tracking_object.asset""]"
Assets/Scenes/Hornet/Slab_16.unity	13922	2568	multi wounder	ffe3a1a9c1e2bb94da3315cccccc4782	11400000	"[""Assets/PlayMaker/Templates/hornet_multi_wounder.asset""]"
Assets/Scenes/Hornet/Slab_16b.unity	3560	830	Stun Control	2e4b6e573032075449b2ab0adc00c0b8	11400000	"[""Assets/PlayMaker/Templates/stun_control.asset""]"
Assets/Scenes/Hornet/Slab_16b.unity	3589	783	Bouncer Control	70373915543635446a76def8e0549321	11400000	"[""Assets/PlayMaker/Templates/bouncer_control.asset""]"
Assets/Scenes/Hornet/Slab_16b.unity	3590	782	Bouncer Control	70373915543635446a76def8e0549321	11400000	"[""Assets/PlayMaker/Templates/bouncer_control.asset""]"
Assets/Scenes/Hornet/Slab_16b.unity	3591	781	Bouncer Control	70373915543635446a76def8e0549321	11400000	"[""Assets/PlayMaker/Templates/bouncer_control.asset""]"
Assets/Scenes/Hornet/Slab_16b.unity	3592	784	Bouncer Control	70373915543635446a76def8e0549321	11400000	"[""Assets/PlayMaker/Templates/bouncer_control.asset""]"
Assets/Scenes/Hornet/Slab_16b.unity	3593	780	Bouncer Control	70373915543635446a76def8e0549321	11400000	"[""Assets/PlayMaker/Templates/bouncer_control.asset""]"
Assets/Scenes/Hornet/Slab_16b.unity	3594	779	Bouncer Control	70373915543635446a76def8e0549321	11400000	"[""Assets/PlayMaker/Templates/bouncer_control.asset""]"
Assets/Scenes/Hornet/Slab_16b.unity	3595	778	Bouncer Control	70373915543635446a76def8e0549321	11400000	"[""Assets/PlayMaker/Templates/bouncer_control.asset""]"
Assets/Scenes/Hornet/Slab_16b.unity	3596	776	Bouncer Control	70373915543635446a76def8e0549321	11400000	"[""Assets/PlayMaker/Templates/bouncer_control.asset""]"
Assets/Scenes/Hornet/Slab_16b.unity	3597	777	Bouncer Control	70373915543635446a76def8e0549321	11400000	"[""Assets/PlayMaker/Templates/bouncer_control.asset""]"
Assets/Scenes/Hornet/Slab_16b.unity	3598	789	Bouncer Control	70373915543635446a76def8e0549321	11400000	"[""Assets/PlayMaker/Templates/bouncer_control.asset""]"
Assets/Scenes/Hornet/Slab_16b.unity	3599	788	Bouncer Control	70373915543635446a76def8e0549321	11400000	"[""Assets/PlayMaker/Templates/bouncer_control.asset""]"
Assets/Scenes/Hornet/Slab_16b.unity	3600	787	Bouncer Control	70373915543635446a76def8e0549321	11400000	"[""Assets/PlayMaker/Templates/bouncer_control.asset""]"
Assets/Scenes/Hornet/Slab_16b.unity	3601	785	Bouncer Control	70373915543635446a76def8e0549321	11400000	"[""Assets/PlayMaker/Templates/bouncer_control.asset""]"
Assets/Scenes/Hornet/Slab_16b.unity	3602	786	Bouncer Control	70373915543635446a76def8e0549321	11400000	"[""Assets/PlayMaker/Templates/bouncer_control.asset""]"
Assets/Scenes/Hornet/Slab_17.unity	5239	51	destroy_after_anim	2a3836a243fdb7846887c672bc1ca3c3	11400000	"[""Assets/PlayMaker/Templates/destroy_after_anim.asset""]"
Assets/Scenes/Hornet/Slab_17.unity	5291	1355	Sway	611750e4cd2b0fc488c94b4d4a747bec	11400000	"[""Assets/PlayMaker/Templates/sway_plat_art.asset""]"
Assets/Scenes/Hornet/Slab_17.unity	5292	1356	Sway	611750e4cd2b0fc488c94b4d4a747bec	11400000	"[""Assets/PlayMaker/Templates/sway_plat_art.asset""]"
Assets/Scenes/Hornet/Slab_17.unity	5374	1611	tilt_plat	a40d78acbe179ad4a90e9b9d77d082be	11400000	"[""Assets/PlayMaker/Templates/tilt_plat.asset""]"
Assets/Scenes/Hornet/Slab_17.unity	5385	851	Detect Landing	c9d78aec9d8dd8a419833f8f977ce120	11400000	"[""Assets/PlayMaker/Templates/sway_plat_collider.asset""]"
Assets/Scenes/Hornet/Slab_17.unity	5562	1352	Detect Landing	c9d78aec9d8dd8a419833f8f977ce120	11400000	"[""Assets/PlayMaker/Templates/sway_plat_collider.asset""]"
Assets/Scenes/Hornet/Slab_17.unity	5563	1353	Detect Landing	c9d78aec9d8dd8a419833f8f977ce120	11400000	"[""Assets/PlayMaker/Templates/sway_plat_collider.asset""]"
Assets/Scenes/Hornet/Slab_17.unity	5565	1000	Sway	611750e4cd2b0fc488c94b4d4a747bec	11400000	"[""Assets/PlayMaker/Templates/sway_plat_art.asset""]"
Assets/Scenes/Hornet/Slab_17.unity	5566	1001	Sway	611750e4cd2b0fc488c94b4d4a747bec	11400000	"[""Assets/PlayMaker/Templates/sway_plat_art.asset""]"
Assets/Scenes/Hornet/Slab_17.unity	5567	999	Sway	611750e4cd2b0fc488c94b4d4a747bec	11400000	"[""Assets/PlayMaker/Templates/sway_plat_art.asset""]"
Assets/Scenes/Hornet/Slab_17.unity	5579	1245	Sway	611750e4cd2b0fc488c94b4d4a747bec	11400000	"[""Assets/PlayMaker/Templates/sway_plat_art.asset""]"
Assets/Scenes/Hornet/Slab_18.unity	5066	1270	multi wounder	ffe3a1a9c1e2bb94da3315cccccc4782	11400000	"[""Assets/PlayMaker/Templates/hornet_multi_wounder.asset""]"
Assets/Scenes/Hornet/Slab_19b.unity	2676	543	Chest Control	cef29d3923f21dd45b5301e2c8d4b2db	11400000	"[""Assets/PlayMaker/Templates/chest_control.asset""]"
Assets/Scenes/Hornet/Slab_20.unity	2958	310	Bench Control	30022a57d0796134fbc5d49b1decd4f9	11400000	"[""Assets/PlayMaker/Templates/bench_control.asset""]"
Assets/Scenes/Hornet/Slab_21.unity	5275	770	breakable_wall_v2	49ae76d885d76f0409f5e87241c2e88a	11400000	"[""Assets/PlayMaker/Templates/breakable_wall_v2.asset""]"
Assets/Scenes/Hornet/Slab_21.unity	5317	1512	Detect Landing	c9d78aec9d8dd8a419833f8f977ce120	11400000	"[""Assets/PlayMaker/Templates/sway_plat_collider.asset""]"
Assets/Scenes/Hornet/Slab_21.unity	5318	1513	Detect Landing	c9d78aec9d8dd8a419833f8f977ce120	11400000	"[""Assets/PlayMaker/Templates/sway_plat_collider.asset""]"
Assets/Scenes/Hornet/Slab_21.unity	5549	1313	Sway	611750e4cd2b0fc488c94b4d4a747bec	11400000	"[""Assets/PlayMaker/Templates/sway_plat_art.asset""]"
Assets/Scenes/Hornet/Slab_21.unity	5550	1312	Sway	611750e4cd2b0fc488c94b4d4a747bec	11400000	"[""Assets/PlayMaker/Templates/sway_plat_art.asset""]"
Assets/Scenes/Hornet/Slab_22.unity	9305	888	FSM	c332780cbeb3a264fb2eff442248d6cd	11400000	"[""Assets/PlayMaker/Templates/follow_camera_bound.asset""]"
Assets/Scenes/Hornet/Slab_22.unity	9316	2210	FSM	c332780cbeb3a264fb2eff442248d6cd	11400000	"[""Assets/PlayMaker/Templates/follow_camera_bound.asset""]"
Assets/Scenes/Hornet/Slab_23.unity	6127	1385	Bouncer Control	70373915543635446a76def8e0549321	11400000	"[""Assets/PlayMaker/Templates/bouncer_control.asset""]"
Assets/Scenes/Hornet/Slab_23.unity	6128	1384	Bouncer Control	70373915543635446a76def8e0549321	11400000	"[""Assets/PlayMaker/Templates/bouncer_control.asset""]"
Assets/Scenes/Hornet/Slab_23.unity	6129	1386	Bouncer Control	70373915543635446a76def8e0549321	11400000	"[""Assets/PlayMaker/Templates/bouncer_control.asset""]"
Assets/Scenes/Hornet/Slab_23.unity	6130	1387	Bouncer Control	70373915543635446a76def8e0549321	11400000	"[""Assets/PlayMaker/Templates/bouncer_control.asset""]"
Assets/Scenes/Hornet/Slab_23.unity	6131	1389	Bouncer Control	70373915543635446a76def8e0549321	11400000	"[""Assets/PlayMaker/Templates/bouncer_control.asset""]"
Assets/Scenes/Hornet/Slab_23.unity	6132	1388	Bouncer Control	70373915543635446a76def8e0549321	11400000	"[""Assets/PlayMaker/Templates/bouncer_control.asset""]"
Assets/Scenes/Hornet/Slab_23.unity	6133	1390	Bouncer Control	70373915543635446a76def8e0549321	11400000	"[""Assets/PlayMaker/Templates/bouncer_control.asset""]"
Assets/Scenes/Hornet/Slab_23.unity	6134	1391	Bouncer Control	70373915543635446a76def8e0549321	11400000	"[""Assets/PlayMaker/Templates/bouncer_control.asset""]"
Assets/Scenes/Hornet/Slab_23.unity	6135	1393	Bouncer Control	70373915543635446a76def8e0549321	11400000	"[""Assets/PlayMaker/Templates/bouncer_control.asset""]"
Assets/Scenes/Hornet/Slab_23.unity	6136	1392	Bouncer Control	70373915543635446a76def8e0549321	11400000	"[""Assets/PlayMaker/Templates/bouncer_control.asset""]"
Assets/Scenes/Hornet/Slab_Cell_Quiet.unity	2821	11	breakable_wall_v2	49ae76d885d76f0409f5e87241c2e88a	11400000	"[""Assets/PlayMaker/Templates/breakable_wall_v2.asset""]"
Assets/Scenes/Hornet/Song_01.unity	15077	3742	FSM	e6580aa9081bced48b44a6f5202ee214	11400000	"[""Assets/PlayMaker/Templates/call_handmaiden.asset""]"
Assets/Scenes/Hornet/Song_01.unity	15148	978	breakable_wall_v2	49ae76d885d76f0409f5e87241c2e88a	11400000	"[""Assets/PlayMaker/Templates/breakable_wall_v2.asset""]"
Assets/Scenes/Hornet/Song_01.unity	15161	3741	FSM	e6580aa9081bced48b44a6f5202ee214	11400000	"[""Assets/PlayMaker/Templates/call_handmaiden.asset""]"
Assets/Scenes/Hornet/Song_01.unity	15327	3717	hornet_multi_wounder	ffe3a1a9c1e2bb94da3315cccccc4782	11400000	"[""Assets/PlayMaker/Templates/hornet_multi_wounder.asset""]"
Assets/Scenes/Hornet/Song_01.unity	15540	4465	hornet_multi_wounder	ffe3a1a9c1e2bb94da3315cccccc4782	11400000	"[""Assets/PlayMaker/Templates/hornet_multi_wounder.asset""]"
Assets/Scenes/Hornet/Song_01.unity	15575	4424	pilgrim_behaviour	5d4d1c36f09a17949a8eb0175e50b0b4	11400000	"[""Assets/PlayMaker/Templates/pilgrim_behaviour.asset""]"
Assets/Scenes/Hornet/Song_01.unity	15576	4423	pilgrim_behaviour	5d4d1c36f09a17949a8eb0175e50b0b4	11400000	"[""Assets/PlayMaker/Templates/pilgrim_behaviour.asset""]"
Assets/Scenes/Hornet/Song_01.unity	15577	4425	pilgrim_behaviour	5d4d1c36f09a17949a8eb0175e50b0b4	11400000	"[""Assets/PlayMaker/Templates/pilgrim_behaviour.asset""]"
Assets/Scenes/Hornet/Song_01.unity	15584	4106	hornet_multi_wounder	ffe3a1a9c1e2bb94da3315cccccc4782	11400000	"[""Assets/PlayMaker/Templates/hornet_multi_wounder.asset""]"
Assets/Scenes/Hornet/Song_01.unity	15714	3768	hornet_multi_wounder	ffe3a1a9c1e2bb94da3315cccccc4782	11400000	"[""Assets/PlayMaker/Templates/hornet_multi_wounder.asset""]"
Assets/Scenes/Hornet/Song_01.unity	15904	4181	hornet_multi_wounder	ffe3a1a9c1e2bb94da3315cccccc4782	11400000	"[""Assets/PlayMaker/Templates/hornet_multi_wounder.asset""]"
Assets/Scenes/Hornet/Song_01.unity	15908	4447	hornet_multi_wounder	ffe3a1a9c1e2bb94da3315cccccc4782	11400000	"[""Assets/PlayMaker/Templates/hornet_multi_wounder.asset""]"
Assets/Scenes/Hornet/Song_01.unity	15949	4265	hornet_multi_wounder	ffe3a1a9c1e2bb94da3315cccccc4782	11400000	"[""Assets/PlayMaker/Templates/hornet_multi_wounder.asset""]"
Assets/Scenes/Hornet/Song_01.unity	16070	4081	FSM	362a7649b455c65469135740b34c2394	11400000	"[""Assets/PlayMaker/Templates/floor_jitter.asset""]"
Assets/Scenes/Hornet/Song_01.unity	16099	3737	pilgrim_behaviour	5d4d1c36f09a17949a8eb0175e50b0b4	11400000	"[""Assets/PlayMaker/Templates/pilgrim_behaviour.asset""]"
Assets/Scenes/Hornet/Song_01.unity	16100	3740	pilgrim_behaviour	5d4d1c36f09a17949a8eb0175e50b0b4	11400000	"[""Assets/PlayMaker/Templates/pilgrim_behaviour.asset""]"
Assets/Scenes/Hornet/Song_01.unity	16259	3383	Control	33b9f45cc49f6fe40924ba9c496323ca	11400000	"[""Assets/PlayMaker/Templates/breakable_floor.asset""]"
Assets/Scenes/Hornet/Song_01.unity	16281	3543	Control	04b9a40fa5ae75c47a5cdd4b0998c7ac	11400000	"[""Assets/PlayMaker/Templates/garmond_control.asset""]"
Assets/Scenes/Hornet/Song_01.unity	16775	4723	hornet_multi_wounder	ffe3a1a9c1e2bb94da3315cccccc4782	11400000	"[""Assets/PlayMaker/Templates/hornet_multi_wounder.asset""]"
Assets/Scenes/Hornet/Song_01b.unity	4894	349	Bench Control	30022a57d0796134fbc5d49b1decd4f9	11400000	"[""Assets/PlayMaker/Templates/bench_control.asset""]"
Assets/Scenes/Hornet/Song_01b.unity	5178	1159	Set Compass Point	50c4ce611f2eeac40a7c0f864becbd3e	11400000	"[""Assets/PlayMaker/Templates/map_set_room_compass.asset""]"
Assets/Scenes/Hornet/Song_01c.unity	2626	767	FSM	ffe3a1a9c1e2bb94da3315cccccc4782	11400000	"[""Assets/PlayMaker/Templates/hornet_multi_wounder.asset""]"
Assets/Scenes/Hornet/Song_01c.unity	2634	364	breakable_wall_v2	49ae76d885d76f0409f5e87241c2e88a	11400000	"[""Assets/PlayMaker/Templates/breakable_wall_v2.asset""]"
Assets/Scenes/Hornet/Song_01c.unity	2638	766	FSM	ffe3a1a9c1e2bb94da3315cccccc4782	11400000	"[""Assets/PlayMaker/Templates/hornet_multi_wounder.asset""]"
Assets/Scenes/Hornet/Song_01c.unity	2651	765	FSM	ffe3a1a9c1e2bb94da3315cccccc4782	11400000	"[""Assets/PlayMaker/Templates/hornet_multi_wounder.asset""]"
Assets/Scenes/Hornet/Song_02.unity	9068	2038	FSM	e6580aa9081bced48b44a6f5202ee214	11400000	"[""Assets/PlayMaker/Templates/call_handmaiden.asset""]"
Assets/Scenes/Hornet/Song_02.unity	9134	2032	FSM	e6580aa9081bced48b44a6f5202ee214	11400000	"[""Assets/PlayMaker/Templates/call_handmaiden.asset""]"
Assets/Scenes/Hornet/Song_02.unity	9337	2593	pilgrim_behaviour	5d4d1c36f09a17949a8eb0175e50b0b4	11400000	"[""Assets/PlayMaker/Templates/pilgrim_behaviour.asset""]"
Assets/Scenes/Hornet/Song_02.unity	9338	2594	pilgrim_behaviour	5d4d1c36f09a17949a8eb0175e50b0b4	11400000	"[""Assets/PlayMaker/Templates/pilgrim_behaviour.asset""]"
Assets/Scenes/Hornet/Song_02.unity	9392	2562	Control	ab5914c3c3521b049b8588adcffc9e6b	11400000	"[""Assets/PlayMaker/Templates/song_knight_control.asset""]"
Assets/Scenes/Hornet/Song_02.unity	9638	2137	multi wounder	ffe3a1a9c1e2bb94da3315cccccc4782	11400000	"[""Assets/PlayMaker/Templates/hornet_multi_wounder.asset""]"
Assets/Scenes/Hornet/Song_02.unity	9639	2138	multi wounder	ffe3a1a9c1e2bb94da3315cccccc4782	11400000	"[""Assets/PlayMaker/Templates/hornet_multi_wounder.asset""]"
Assets/Scenes/Hornet/Song_02.unity	9668	2031	pilgrim_behaviour	5d4d1c36f09a17949a8eb0175e50b0b4	11400000	"[""Assets/PlayMaker/Templates/pilgrim_behaviour.asset""]"
Assets/Scenes/Hornet/Song_02.unity	9669	2035	pilgrim_behaviour	5d4d1c36f09a17949a8eb0175e50b0b4	11400000	"[""Assets/PlayMaker/Templates/pilgrim_behaviour.asset""]"
Assets/Scenes/Hornet/Song_02.unity	9670	2036	pilgrim_behaviour	5d4d1c36f09a17949a8eb0175e50b0b4	11400000	"[""Assets/PlayMaker/Templates/pilgrim_behaviour.asset""]"
Assets/Scenes/Hornet/Song_02.unity	9800	1892	Control	04b9a40fa5ae75c47a5cdd4b0998c7ac	11400000	"[""Assets/PlayMaker/Templates/garmond_control.asset""]"
Assets/Scenes/Hornet/Song_02.unity	9970	2019	FSM	6f0839127750b164ebb46ddbae600e15	11400000	"[""Assets/PlayMaker/Templates/flyer_go_up_response.asset""]"
Assets/Scenes/Hornet/Song_02.unity	9971	2023	FSM	6f0839127750b164ebb46ddbae600e15	11400000	"[""Assets/PlayMaker/Templates/flyer_go_up_response.asset""]"
Assets/Scenes/Hornet/Song_02.unity	10048	2794	FSM	ffe3a1a9c1e2bb94da3315cccccc4782	11400000	"[""Assets/PlayMaker/Templates/hornet_multi_wounder.asset""]"
Assets/Scenes/Hornet/Song_03.unity	7322	1692	FSM	e6580aa9081bced48b44a6f5202ee214	11400000	"[""Assets/PlayMaker/Templates/call_handmaiden.asset""]"
Assets/Scenes/Hornet/Song_03.unity	7334	1046	Chest Control	cef29d3923f21dd45b5301e2c8d4b2db	11400000	"[""Assets/PlayMaker/Templates/chest_control.asset""]"
Assets/Scenes/Hornet/Song_03.unity	7368	1673	hornet_multi_wounder	ffe3a1a9c1e2bb94da3315cccccc4782	11400000	"[""Assets/PlayMaker/Templates/hornet_multi_wounder.asset""]"
Assets/Scenes/Hornet/Song_03.unity	7449	2150	hornet_multi_wounder	ffe3a1a9c1e2bb94da3315cccccc4782	11400000	"[""Assets/PlayMaker/Templates/hornet_multi_wounder.asset""]"
Assets/Scenes/Hornet/Song_03.unity	7466	2125	pilgrim_behaviour	5d4d1c36f09a17949a8eb0175e50b0b4	11400000	"[""Assets/PlayMaker/Templates/pilgrim_behaviour.asset""]"
Assets/Scenes/Hornet/Song_03.unity	7476	1942	hornet_multi_wounder	ffe3a1a9c1e2bb94da3315cccccc4782	11400000	"[""Assets/PlayMaker/Templates/hornet_multi_wounder.asset""]"
Assets/Scenes/Hornet/Song_03.unity	7574	1710	hornet_multi_wounder	ffe3a1a9c1e2bb94da3315cccccc4782	11400000	"[""Assets/PlayMaker/Templates/hornet_multi_wounder.asset""]"
Assets/Scenes/Hornet/Song_03.unity	7671	1988	hornet_multi_wounder	ffe3a1a9c1e2bb94da3315cccccc4782	11400000	"[""Assets/PlayMaker/Templates/hornet_multi_wounder.asset""]"
Assets/Scenes/Hornet/Song_03.unity	7673	2139	hornet_multi_wounder	ffe3a1a9c1e2bb94da3315cccccc4782	11400000	"[""Assets/PlayMaker/Templates/hornet_multi_wounder.asset""]"
Assets/Scenes/Hornet/Song_03.unity	7697	2042	hornet_multi_wounder	ffe3a1a9c1e2bb94da3315cccccc4782	11400000	"[""Assets/PlayMaker/Templates/hornet_multi_wounder.asset""]"
Assets/Scenes/Hornet/Song_04.unity	10448	312	breakable_wall_v2	49ae76d885d76f0409f5e87241c2e88a	11400000	"[""Assets/PlayMaker/Templates/breakable_wall_v2.asset""]"
Assets/Scenes/Hornet/Song_04.unity	10613	2186	hornet_multi_wounder	ffe3a1a9c1e2bb94da3315cccccc4782	11400000	"[""Assets/PlayMaker/Templates/hornet_multi_wounder.asset""]"
Assets/Scenes/Hornet/Song_04.unity	10614	2187	hornet_multi_wounder	ffe3a1a9c1e2bb94da3315cccccc4782	11400000	"[""Assets/PlayMaker/Templates/hornet_multi_wounder.asset""]"
Assets/Scenes/Hornet/Song_04.unity	10615	2188	hornet_multi_wounder	ffe3a1a9c1e2bb94da3315cccccc4782	11400000	"[""Assets/PlayMaker/Templates/hornet_multi_wounder.asset""]"
Assets/Scenes/Hornet/Song_04.unity	10616	2185	hornet_multi_wounder	ffe3a1a9c1e2bb94da3315cccccc4782	11400000	"[""Assets/PlayMaker/Templates/hornet_multi_wounder.asset""]"
Assets/Scenes/Hornet/Song_04.unity	10693	2037	tilt_plat	a40d78acbe179ad4a90e9b9d77d082be	11400000	"[""Assets/PlayMaker/Templates/tilt_plat.asset""]"
Assets/Scenes/Hornet/Song_04.unity	10766	2996	hornet_multi_wounder	ffe3a1a9c1e2bb94da3315cccccc4782	11400000	"[""Assets/PlayMaker/Templates/hornet_multi_wounder.asset""]"
Assets/Scenes/Hornet/Song_04.unity	10767	2995	hornet_multi_wounder	ffe3a1a9c1e2bb94da3315cccccc4782	11400000	"[""Assets/PlayMaker/Templates/hornet_multi_wounder.asset""]"
Assets/Scenes/Hornet/Song_04.unity	10768	2993	hornet_multi_wounder	ffe3a1a9c1e2bb94da3315cccccc4782	11400000	"[""Assets/PlayMaker/Templates/hornet_multi_wounder.asset""]"
Assets/Scenes/Hornet/Song_04.unity	10769	2994	hornet_multi_wounder	ffe3a1a9c1e2bb94da3315cccccc4782	11400000	"[""Assets/PlayMaker/Templates/hornet_multi_wounder.asset""]"
Assets/Scenes/Hornet/Song_04.unity	10785	2952	pilgrim_behaviour	5d4d1c36f09a17949a8eb0175e50b0b4	11400000	"[""Assets/PlayMaker/Templates/pilgrim_behaviour.asset""]"
Assets/Scenes/Hornet/Song_04.unity	10788	2606	hornet_multi_wounder	ffe3a1a9c1e2bb94da3315cccccc4782	11400000	"[""Assets/PlayMaker/Templates/hornet_multi_wounder.asset""]"
Assets/Scenes/Hornet/Song_04.unity	10789	2604	hornet_multi_wounder	ffe3a1a9c1e2bb94da3315cccccc4782	11400000	"[""Assets/PlayMaker/Templates/hornet_multi_wounder.asset""]"
Assets/Scenes/Hornet/Song_04.unity	10790	2603	hornet_multi_wounder	ffe3a1a9c1e2bb94da3315cccccc4782	11400000	"[""Assets/PlayMaker/Templates/hornet_multi_wounder.asset""]"
Assets/Scenes/Hornet/Song_04.unity	10791	2605	hornet_multi_wounder	ffe3a1a9c1e2bb94da3315cccccc4782	11400000	"[""Assets/PlayMaker/Templates/hornet_multi_wounder.asset""]"
Assets/Scenes/Hornet/Song_04.unity	10863	2910	Control	ab5914c3c3521b049b8588adcffc9e6b	11400000	"[""Assets/PlayMaker/Templates/song_knight_control.asset""]"
Assets/Scenes/Hornet/Song_04.unity	10927	2251	hornet_multi_wounder	ffe3a1a9c1e2bb94da3315cccccc4782	11400000	"[""Assets/PlayMaker/Templates/hornet_multi_wounder.asset""]"
Assets/Scenes/Hornet/Song_04.unity	10928	2248	hornet_multi_wounder	ffe3a1a9c1e2bb94da3315cccccc4782	11400000	"[""Assets/PlayMaker/Templates/hornet_multi_wounder.asset""]"
Assets/Scenes/Hornet/Song_04.unity	10929	2250	hornet_multi_wounder	ffe3a1a9c1e2bb94da3315cccccc4782	11400000	"[""Assets/PlayMaker/Templates/hornet_multi_wounder.asset""]"
Assets/Scenes/Hornet/Song_04.unity	10930	2249	hornet_multi_wounder	ffe3a1a9c1e2bb94da3315cccccc4782	11400000	"[""Assets/PlayMaker/Templates/hornet_multi_wounder.asset""]"
Assets/Scenes/Hornet/Song_04.unity	11070	2691	hornet_multi_wounder	ffe3a1a9c1e2bb94da3315cccccc4782	11400000	"[""Assets/PlayMaker/Templates/hornet_multi_wounder.asset""]"
Assets/Scenes/Hornet/Song_04.unity	11071	2690	hornet_multi_wounder	ffe3a1a9c1e2bb94da3315cccccc4782	11400000	"[""Assets/PlayMaker/Templates/hornet_multi_wounder.asset""]"
Assets/Scenes/Hornet/Song_04.unity	11072	2688	hornet_multi_wounder	ffe3a1a9c1e2bb94da3315cccccc4782	11400000	"[""Assets/PlayMaker/Templates/hornet_multi_wounder.asset""]"
Assets/Scenes/Hornet/Song_04.unity	11073	2689	hornet_multi_wounder	ffe3a1a9c1e2bb94da3315cccccc4782	11400000	"[""Assets/PlayMaker/Templates/hornet_multi_wounder.asset""]"
Assets/Scenes/Hornet/Song_04.unity	11080	2972	hornet_multi_wounder	ffe3a1a9c1e2bb94da3315cccccc4782	11400000	"[""Assets/PlayMaker/Templates/hornet_multi_wounder.asset""]"
Assets/Scenes/Hornet/Song_04.unity	11081	2974	hornet_multi_wounder	ffe3a1a9c1e2bb94da3315cccccc4782	11400000	"[""Assets/PlayMaker/Templates/hornet_multi_wounder.asset""]"
Assets/Scenes/Hornet/Song_04.unity	11082	2975	hornet_multi_wounder	ffe3a1a9c1e2bb94da3315cccccc4782	11400000	"[""Assets/PlayMaker/Templates/hornet_multi_wounder.asset""]"
Assets/Scenes/Hornet/Song_04.unity	11083	2973	hornet_multi_wounder	ffe3a1a9c1e2bb94da3315cccccc4782	11400000	"[""Assets/PlayMaker/Templates/hornet_multi_wounder.asset""]"
Assets/Scenes/Hornet/Song_04.unity	11121	2793	hornet_multi_wounder	ffe3a1a9c1e2bb94da3315cccccc4782	11400000	"[""Assets/PlayMaker/Templates/hornet_multi_wounder.asset""]"
Assets/Scenes/Hornet/Song_04.unity	11123	2792	hornet_multi_wounder	ffe3a1a9c1e2bb94da3315cccccc4782	11400000	"[""Assets/PlayMaker/Templates/hornet_multi_wounder.asset""]"
Assets/Scenes/Hornet/Song_04.unity	11125	2791	hornet_multi_wounder	ffe3a1a9c1e2bb94da3315cccccc4782	11400000	"[""Assets/PlayMaker/Templates/hornet_multi_wounder.asset""]"
Assets/Scenes/Hornet/Song_04.unity	11127	2790	hornet_multi_wounder	ffe3a1a9c1e2bb94da3315cccccc4782	11400000	"[""Assets/PlayMaker/Templates/hornet_multi_wounder.asset""]"
Assets/Scenes/Hornet/Song_04.unity	11213	2307	multi wounder	ffe3a1a9c1e2bb94da3315cccccc4782	11400000	"[""Assets/PlayMaker/Templates/hornet_multi_wounder.asset""]"
Assets/Scenes/Hornet/Song_04.unity	11438	3201	hornet_multi_wounder	ffe3a1a9c1e2bb94da3315cccccc4782	11400000	"[""Assets/PlayMaker/Templates/hornet_multi_wounder.asset""]"
Assets/Scenes/Hornet/Song_04.unity	11561	2195	FSM	6f0839127750b164ebb46ddbae600e15	11400000	"[""Assets/PlayMaker/Templates/flyer_go_up_response.asset""]"
Assets/Scenes/Hornet/Song_04.unity	11562	2196	FSM	6f0839127750b164ebb46ddbae600e15	11400000	"[""Assets/PlayMaker/Templates/flyer_go_up_response.asset""]"
Assets/Scenes/Hornet/Song_04.unity	11623	3155	FSM	ffe3a1a9c1e2bb94da3315cccccc4782	11400000	"[""Assets/PlayMaker/Templates/hornet_multi_wounder.asset""]"
Assets/Scenes/Hornet/Song_05.unity	10599	90	Sway	611750e4cd2b0fc488c94b4d4a747bec	11400000	"[""Assets/PlayMaker/Templates/sway_plat_art.asset""]"
Assets/Scenes/Hornet/Song_05.unity	10632	574	Detect Landing	c9d78aec9d8dd8a419833f8f977ce120	11400000	"[""Assets/PlayMaker/Templates/sway_plat_collider.asset""]"
Assets/Scenes/Hornet/Song_05.unity	10769	2464	hornet_multi_wounder	ffe3a1a9c1e2bb94da3315cccccc4782	11400000	"[""Assets/PlayMaker/Templates/hornet_multi_wounder.asset""]"
Assets/Scenes/Hornet/Song_05.unity	10770	2465	hornet_multi_wounder	ffe3a1a9c1e2bb94da3315cccccc4782	11400000	"[""Assets/PlayMaker/Templates/hornet_multi_wounder.asset""]"
Assets/Scenes/Hornet/Song_05.unity	10904	3090	hornet_multi_wounder	ffe3a1a9c1e2bb94da3315cccccc4782	11400000	"[""Assets/PlayMaker/Templates/hornet_multi_wounder.asset""]"
Assets/Scenes/Hornet/Song_05.unity	10905	3091	hornet_multi_wounder	ffe3a1a9c1e2bb94da3315cccccc4782	11400000	"[""Assets/PlayMaker/Templates/hornet_multi_wounder.asset""]"
Assets/Scenes/Hornet/Song_05.unity	10924	3073	pilgrim_behaviour	5d4d1c36f09a17949a8eb0175e50b0b4	11400000	"[""Assets/PlayMaker/Templates/pilgrim_behaviour.asset""]"
Assets/Scenes/Hornet/Song_05.unity	10925	3074	pilgrim_behaviour	5d4d1c36f09a17949a8eb0175e50b0b4	11400000	"[""Assets/PlayMaker/Templates/pilgrim_behaviour.asset""]"
Assets/Scenes/Hornet/Song_05.unity	10930	2813	hornet_multi_wounder	ffe3a1a9c1e2bb94da3315cccccc4782	11400000	"[""Assets/PlayMaker/Templates/hornet_multi_wounder.asset""]"
Assets/Scenes/Hornet/Song_05.unity	10931	2812	hornet_multi_wounder	ffe3a1a9c1e2bb94da3315cccccc4782	11400000	"[""Assets/PlayMaker/Templates/hornet_multi_wounder.asset""]"
Assets/Scenes/Hornet/Song_05.unity	10938	3071	Control	ebb7f868f778b6f4aae2a069121a4374	11400000	"[""Assets/PlayMaker/Templates/tracking_object.asset""]"
Assets/Scenes/Hornet/Song_05.unity	10939	3072	Control	ebb7f868f778b6f4aae2a069121a4374	11400000	"[""Assets/PlayMaker/Templates/tracking_object.asset""]"
Assets/Scenes/Hornet/Song_05.unity	11029	2528	hornet_multi_wounder	ffe3a1a9c1e2bb94da3315cccccc4782	11400000	"[""Assets/PlayMaker/Templates/hornet_multi_wounder.asset""]"
Assets/Scenes/Hornet/Song_05.unity	11030	2527	hornet_multi_wounder	ffe3a1a9c1e2bb94da3315cccccc4782	11400000	"[""Assets/PlayMaker/Templates/hornet_multi_wounder.asset""]"
Assets/Scenes/Hornet/Song_05.unity	11138	2880	hornet_multi_wounder	ffe3a1a9c1e2bb94da3315cccccc4782	11400000	"[""Assets/PlayMaker/Templates/hornet_multi_wounder.asset""]"
Assets/Scenes/Hornet/Song_05.unity	11139	2881	hornet_multi_wounder	ffe3a1a9c1e2bb94da3315cccccc4782	11400000	"[""Assets/PlayMaker/Templates/hornet_multi_wounder.asset""]"
Assets/Scenes/Hornet/Song_05.unity	11142	3083	hornet_multi_wounder	ffe3a1a9c1e2bb94da3315cccccc4782	11400000	"[""Assets/PlayMaker/Templates/hornet_multi_wounder.asset""]"
Assets/Scenes/Hornet/Song_05.unity	11143	3084	hornet_multi_wounder	ffe3a1a9c1e2bb94da3315cccccc4782	11400000	"[""Assets/PlayMaker/Templates/hornet_multi_wounder.asset""]"
Assets/Scenes/Hornet/Song_05.unity	11167	2960	hornet_multi_wounder	ffe3a1a9c1e2bb94da3315cccccc4782	11400000	"[""Assets/PlayMaker/Templates/hornet_multi_wounder.asset""]"
Assets/Scenes/Hornet/Song_05.unity	11169	2959	hornet_multi_wounder	ffe3a1a9c1e2bb94da3315cccccc4782	11400000	"[""Assets/PlayMaker/Templates/hornet_multi_wounder.asset""]"
Assets/Scenes/Hornet/Song_05.unity	11171	2958	hornet_multi_wounder	ffe3a1a9c1e2bb94da3315cccccc4782	11400000	"[""Assets/PlayMaker/Templates/hornet_multi_wounder.asset""]"
Assets/Scenes/Hornet/Song_05.unity	11173	2957	hornet_multi_wounder	ffe3a1a9c1e2bb94da3315cccccc4782	11400000	"[""Assets/PlayMaker/Templates/hornet_multi_wounder.asset""]"
Assets/Scenes/Hornet/Song_05.unity	11175	2956	hornet_multi_wounder	ffe3a1a9c1e2bb94da3315cccccc4782	11400000	"[""Assets/PlayMaker/Templates/hornet_multi_wounder.asset""]"
Assets/Scenes/Hornet/Song_05.unity	11243	2509	pilgrim_behaviour	5d4d1c36f09a17949a8eb0175e50b0b4	11400000	"[""Assets/PlayMaker/Templates/pilgrim_behaviour.asset""]"
Assets/Scenes/Hornet/Song_05.unity	11244	2510	pilgrim_behaviour	5d4d1c36f09a17949a8eb0175e50b0b4	11400000	"[""Assets/PlayMaker/Templates/pilgrim_behaviour.asset""]"
Assets/Scenes/Hornet/Song_05.unity	11516	2483	FSM	6f0839127750b164ebb46ddbae600e15	11400000	"[""Assets/PlayMaker/Templates/flyer_go_up_response.asset""]"
Assets/Scenes/Hornet/Song_05.unity	11517	2484	FSM	6f0839127750b164ebb46ddbae600e15	11400000	"[""Assets/PlayMaker/Templates/flyer_go_up_response.asset""]"
Assets/Scenes/Hornet/Song_05.unity	11848	3244	hornet_multi_wounder	ffe3a1a9c1e2bb94da3315cccccc4782	11400000	"[""Assets/PlayMaker/Templates/hornet_multi_wounder.asset""]"
Assets/Scenes/Hornet/Song_07.unity	3489	634	hornet_multi_wounder	ffe3a1a9c1e2bb94da3315cccccc4782	11400000	"[""Assets/PlayMaker/Templates/hornet_multi_wounder.asset""]"
Assets/Scenes/Hornet/Song_07.unity	3560	888	hornet_multi_wounder	ffe3a1a9c1e2bb94da3315cccccc4782	11400000	"[""Assets/PlayMaker/Templates/hornet_multi_wounder.asset""]"
Assets/Scenes/Hornet/Song_07.unity	3566	711	FSM	9b8ad70a25d2a1948b6322c5144d62e7	11400000	"[""Assets/PlayMaker/Templates/spin_self.asset""]"
Assets/Scenes/Hornet/Song_07.unity	3567	712	FSM	9b8ad70a25d2a1948b6322c5144d62e7	11400000	"[""Assets/PlayMaker/Templates/spin_self.asset""]"
Assets/Scenes/Hornet/Song_07.unity	3571	777	hornet_multi_wounder	ffe3a1a9c1e2bb94da3315cccccc4782	11400000	"[""Assets/PlayMaker/Templates/hornet_multi_wounder.asset""]"
Assets/Scenes/Hornet/Song_07.unity	3585	849	FSM	9b8ad70a25d2a1948b6322c5144d62e7	11400000	"[""Assets/PlayMaker/Templates/spin_self.asset""]"
Assets/Scenes/Hornet/Song_07.unity	3586	850	FSM	9b8ad70a25d2a1948b6322c5144d62e7	11400000	"[""Assets/PlayMaker/Templates/spin_self.asset""]"
Assets/Scenes/Hornet/Song_07.unity	3592	516	FSM	9b8ad70a25d2a1948b6322c5144d62e7	11400000	"[""Assets/PlayMaker/Templates/spin_self.asset""]"
Assets/Scenes/Hornet/Song_07.unity	3593	517	FSM	9b8ad70a25d2a1948b6322c5144d62e7	11400000	"[""Assets/PlayMaker/Templates/spin_self.asset""]"
Assets/Scenes/Hornet/Song_07.unity	3632	657	hornet_multi_wounder	ffe3a1a9c1e2bb94da3315cccccc4782	11400000	"[""Assets/PlayMaker/Templates/hornet_multi_wounder.asset""]"
Assets/Scenes/Hornet/Song_07.unity	3686	804	hornet_multi_wounder	ffe3a1a9c1e2bb94da3315cccccc4782	11400000	"[""Assets/PlayMaker/Templates/hornet_multi_wounder.asset""]"
Assets/Scenes/Hornet/Song_07.unity	3693	885	hornet_multi_wounder	ffe3a1a9c1e2bb94da3315cccccc4782	11400000	"[""Assets/PlayMaker/Templates/hornet_multi_wounder.asset""]"
Assets/Scenes/Hornet/Song_07.unity	3771	831	Destroy on Level Load	a349164329b1bad4697a405b87c19587	11400000	"[""Assets/PlayMaker/Templates/destroy_on_level_load.asset""]"
Assets/Scenes/Hornet/Song_07.unity	3779	809	FSM	9b8ad70a25d2a1948b6322c5144d62e7	11400000	"[""Assets/PlayMaker/Templates/spin_self.asset""]"
Assets/Scenes/Hornet/Song_07.unity	3780	808	FSM	9b8ad70a25d2a1948b6322c5144d62e7	11400000	"[""Assets/PlayMaker/Templates/spin_self.asset""]"
Assets/Scenes/Hornet/Song_07.unity	3791	574	FSM	9b8ad70a25d2a1948b6322c5144d62e7	11400000	"[""Assets/PlayMaker/Templates/spin_self.asset""]"
Assets/Scenes/Hornet/Song_07.unity	3792	573	FSM	9b8ad70a25d2a1948b6322c5144d62e7	11400000	"[""Assets/PlayMaker/Templates/spin_self.asset""]"
Assets/Scenes/Hornet/Song_07.unity	3813	520	FSM	9b8ad70a25d2a1948b6322c5144d62e7	11400000	"[""Assets/PlayMaker/Templates/spin_self.asset""]"
Assets/Scenes/Hornet/Song_07.unity	3814	519	FSM	9b8ad70a25d2a1948b6322c5144d62e7	11400000	"[""Assets/PlayMaker/Templates/spin_self.asset""]"
Assets/Scenes/Hornet/Song_08.unity	2238	528	hornet_multi_wounder	ffe3a1a9c1e2bb94da3315cccccc4782	11400000	"[""Assets/PlayMaker/Templates/hornet_multi_wounder.asset""]"
Assets/Scenes/Hornet/Song_09.unity	7658	1020	destroy_after_anim	2a3836a243fdb7846887c672bc1ca3c3	11400000	"[""Assets/PlayMaker/Templates/destroy_after_anim.asset""]"
Assets/Scenes/Hornet/Song_09.unity	7662	1094	breakable_wall_v2	49ae76d885d76f0409f5e87241c2e88a	11400000	"[""Assets/PlayMaker/Templates/breakable_wall_v2.asset""]"
Assets/Scenes/Hornet/Song_09.unity	7881	2257	pilgrim_behaviour	5d4d1c36f09a17949a8eb0175e50b0b4	11400000	"[""Assets/PlayMaker/Templates/pilgrim_behaviour.asset""]"
Assets/Scenes/Hornet/Song_09.unity	8185	1926	multi wounder	ffe3a1a9c1e2bb94da3315cccccc4782	11400000	"[""Assets/PlayMaker/Templates/hornet_multi_wounder.asset""]"
Assets/Scenes/Hornet/Song_09.unity	8186	1927	multi wounder	ffe3a1a9c1e2bb94da3315cccccc4782	11400000	"[""Assets/PlayMaker/Templates/hornet_multi_wounder.asset""]"
Assets/Scenes/Hornet/Song_09.unity	8206	1883	pilgrim_behaviour	5d4d1c36f09a17949a8eb0175e50b0b4	11400000	"[""Assets/PlayMaker/Templates/pilgrim_behaviour.asset""]"
Assets/Scenes/Hornet/Song_09b.unity	9991	356	FSM	2822d5f0a56d5274594c3ab82acbe0d6	11400000	"[""Assets/PlayMaker/Templates/lowpass_audio_by_area.asset""]"
Assets/Scenes/Hornet/Song_09b.unity	10147	2688	depress_plat	a40d78acbe179ad4a90e9b9d77d082be	11400000	"[""Assets/PlayMaker/Templates/tilt_plat.asset""]"
Assets/Scenes/Hornet/Song_09b.unity	10267	2798	pilgrim_behaviour	5d4d1c36f09a17949a8eb0175e50b0b4	11400000	"[""Assets/PlayMaker/Templates/pilgrim_behaviour.asset""]"
Assets/Scenes/Hornet/Song_10.unity	7371	418	breakable_wall_v2	49ae76d885d76f0409f5e87241c2e88a	11400000	"[""Assets/PlayMaker/Templates/breakable_wall_v2.asset""]"
Assets/Scenes/Hornet/Song_10.unity	7395	2070	FSM	c332780cbeb3a264fb2eff442248d6cd	11400000	"[""Assets/PlayMaker/Templates/follow_camera_bound.asset""]"
Assets/Scenes/Hornet/Song_10.unity	7409	1731	FSM	c332780cbeb3a264fb2eff442248d6cd	11400000	"[""Assets/PlayMaker/Templates/follow_camera_bound.asset""]"
Assets/Scenes/Hornet/Song_10.unity	7431	1121	breakable_wall_v2	49ae76d885d76f0409f5e87241c2e88a	11400000	"[""Assets/PlayMaker/Templates/breakable_wall_v2.asset""]"
Assets/Scenes/Hornet/Song_10.unity	7445	1323	Bench Control	30022a57d0796134fbc5d49b1decd4f9	11400000	"[""Assets/PlayMaker/Templates/bench_control.asset""]"
Assets/Scenes/Hornet/Song_10.unity	7479	1681	Destroy on Level Load	a349164329b1bad4697a405b87c19587	11400000	"[""Assets/PlayMaker/Templates/destroy_on_level_load.asset""]"
Assets/Scenes/Hornet/Song_10.unity	7480	1672	Destroy on Level Load	a349164329b1bad4697a405b87c19587	11400000	"[""Assets/PlayMaker/Templates/destroy_on_level_load.asset""]"
Assets/Scenes/Hornet/Song_10.unity	7484	1664	Destroy on Level Load	a349164329b1bad4697a405b87c19587	11400000	"[""Assets/PlayMaker/Templates/destroy_on_level_load.asset""]"
Assets/Scenes/Hornet/Song_10.unity	7485	1666	Destroy on Level Load	a349164329b1bad4697a405b87c19587	11400000	"[""Assets/PlayMaker/Templates/destroy_on_level_load.asset""]"
Assets/Scenes/Hornet/Song_10.unity	7551	1876	steam_slash_effect	1f84846daa21b104a97207aebc9242c6	11400000	"[""Assets/PlayMaker/Templates/steam_slash_effect.asset""]"
Assets/Scenes/Hornet/Song_10.unity	7552	1875	steam_slash_effect	1f84846daa21b104a97207aebc9242c6	11400000	"[""Assets/PlayMaker/Templates/steam_slash_effect.asset""]"
Assets/Scenes/Hornet/Song_10.unity	7553	1874	steam_slash_effect	1f84846daa21b104a97207aebc9242c6	11400000	"[""Assets/PlayMaker/Templates/steam_slash_effect.asset""]"
Assets/Scenes/Hornet/Song_10.unity	7554	1873	steam_slash_effect	1f84846daa21b104a97207aebc9242c6	11400000	"[""Assets/PlayMaker/Templates/steam_slash_effect.asset""]"
Assets/Scenes/Hornet/Song_10.unity	7555	1872	steam_slash_effect	1f84846daa21b104a97207aebc9242c6	11400000	"[""Assets/PlayMaker/Templates/steam_slash_effect.asset""]"
Assets/Scenes/Hornet/Song_10.unity	7716	1915	damages_enemy	646f1cde78ebf2643bdc470c690c33f5	11400000	"[""Assets/PlayMaker/Templates/damages_enemy.asset""]"
Assets/Scenes/Hornet/Song_10.unity	7815	1920	multi wounder	ffe3a1a9c1e2bb94da3315cccccc4782	11400000	"[""Assets/PlayMaker/Templates/hornet_multi_wounder.asset""]"
Assets/Scenes/Hornet/Song_10.unity	7858	1863	deactivate	503173c909955ae4fb67074936ed4437	11400000	"[""Assets/PlayMaker/Templates/deactivate_after_anim.asset""]"
Assets/Scenes/Hornet/Song_11.unity	11712	26	enemy_message	40a9c40cac6976f43979028f936c4871	11400000	"[""Assets/PlayMaker/Templates/enemy_message.asset""]"
Assets/Scenes/Hornet/Song_11.unity	11716	93	enemy_message	40a9c40cac6976f43979028f936c4871	11400000	"[""Assets/PlayMaker/Templates/enemy_message.asset""]"
Assets/Scenes/Hornet/Song_11.unity	11717	113	breakable_wall_v2	49ae76d885d76f0409f5e87241c2e88a	11400000	"[""Assets/PlayMaker/Templates/breakable_wall_v2.asset""]"
Assets/Scenes/Hornet/Song_11.unity	11728	3412	FSM	ffe3a1a9c1e2bb94da3315cccccc4782	11400000	"[""Assets/PlayMaker/Templates/hornet_multi_wounder.asset""]"
Assets/Scenes/Hornet/Song_11.unity	11736	3413	FSM	ffe3a1a9c1e2bb94da3315cccccc4782	11400000	"[""Assets/PlayMaker/Templates/hornet_multi_wounder.asset""]"
Assets/Scenes/Hornet/Song_11.unity	11742	435	enemy_message	40a9c40cac6976f43979028f936c4871	11400000	"[""Assets/PlayMaker/Templates/enemy_message.asset""]"
Assets/Scenes/Hornet/Song_11.unity	11746	3411	FSM	ffe3a1a9c1e2bb94da3315cccccc4782	11400000	"[""Assets/PlayMaker/Templates/hornet_multi_wounder.asset""]"
Assets/Scenes/Hornet/Song_11.unity	11750	3408	FSM	ffe3a1a9c1e2bb94da3315cccccc4782	11400000	"[""Assets/PlayMaker/Templates/hornet_multi_wounder.asset""]"
Assets/Scenes/Hornet/Song_11.unity	11751	756	enemy_message	40a9c40cac6976f43979028f936c4871	11400000	"[""Assets/PlayMaker/Templates/enemy_message.asset""]"
Assets/Scenes/Hornet/Song_11.unity	11755	3410	FSM	ffe3a1a9c1e2bb94da3315cccccc4782	11400000	"[""Assets/PlayMaker/Templates/hornet_multi_wounder.asset""]"
Assets/Scenes/Hornet/Song_11.unity	11758	3409	FSM	ffe3a1a9c1e2bb94da3315cccccc4782	11400000	"[""Assets/PlayMaker/Templates/hornet_multi_wounder.asset""]"
Assets/Scenes/Hornet/Song_11.unity	11767	1092	breakable_wall_v2	49ae76d885d76f0409f5e87241c2e88a	11400000	"[""Assets/PlayMaker/Templates/breakable_wall_v2.asset""]"
Assets/Scenes/Hornet/Song_11.unity	11772	3407	FSM	ffe3a1a9c1e2bb94da3315cccccc4782	11400000	"[""Assets/PlayMaker/Templates/hornet_multi_wounder.asset""]"
Assets/Scenes/Hornet/Song_11.unity	11783	1240	enemy_message	40a9c40cac6976f43979028f936c4871	11400000	"[""Assets/PlayMaker/Templates/enemy_message.asset""]"
Assets/Scenes/Hornet/Song_11.unity	11786	3406	FSM	ffe3a1a9c1e2bb94da3315cccccc4782	11400000	"[""Assets/PlayMaker/Templates/hornet_multi_wounder.asset""]"
Assets/Scenes/Hornet/Song_11.unity	11813	1720	enemy_message	40a9c40cac6976f43979028f936c4871	11400000	"[""Assets/PlayMaker/Templates/enemy_message.asset""]"
Assets/Scenes/Hornet/Song_11.unity	12079	3514	pilgrim_behaviour	5d4d1c36f09a17949a8eb0175e50b0b4	11400000	"[""Assets/PlayMaker/Templates/pilgrim_behaviour.asset""]"
Assets/Scenes/Hornet/Song_11.unity	12080	3515	pilgrim_behaviour	5d4d1c36f09a17949a8eb0175e50b0b4	11400000	"[""Assets/PlayMaker/Templates/pilgrim_behaviour.asset""]"
Assets/Scenes/Hornet/Song_11.unity	12565	2709	pilgrim_behaviour	5d4d1c36f09a17949a8eb0175e50b0b4	11400000	"[""Assets/PlayMaker/Templates/pilgrim_behaviour.asset""]"
Assets/Scenes/Hornet/Song_11.unity	12970	2683	FSM	6f0839127750b164ebb46ddbae600e15	11400000	"[""Assets/PlayMaker/Templates/flyer_go_up_response.asset""]"
Assets/Scenes/Hornet/Song_11.unity	13155	3840	Control	0a90bbd7d59385641a93fc8723ca8247	11400000	"[""Assets/PlayMaker/Templates/updraft_region.asset""]"
Assets/Scenes/Hornet/Song_12.unity	5612	1638	pilgrim_behaviour	5d4d1c36f09a17949a8eb0175e50b0b4	11400000	"[""Assets/PlayMaker/Templates/pilgrim_behaviour.asset""]"
Assets/Scenes/Hornet/Song_12.unity	5930	1338	FSM	6f0839127750b164ebb46ddbae600e15	11400000	"[""Assets/PlayMaker/Templates/flyer_go_up_response.asset""]"
Assets/Scenes/Hornet/Song_13.unity	3655	794	call_handmaiden	e6580aa9081bced48b44a6f5202ee214	11400000	"[""Assets/PlayMaker/Templates/call_handmaiden.asset""]"
Assets/Scenes/Hornet/Song_13.unity	3732	784	hornet_multi_wounder	ffe3a1a9c1e2bb94da3315cccccc4782	11400000	"[""Assets/PlayMaker/Templates/hornet_multi_wounder.asset""]"
Assets/Scenes/Hornet/Song_13.unity	3733	785	hornet_multi_wounder	ffe3a1a9c1e2bb94da3315cccccc4782	11400000	"[""Assets/PlayMaker/Templates/hornet_multi_wounder.asset""]"
Assets/Scenes/Hornet/Song_13.unity	3776	1048	hornet_multi_wounder	ffe3a1a9c1e2bb94da3315cccccc4782	11400000	"[""Assets/PlayMaker/Templates/hornet_multi_wounder.asset""]"
Assets/Scenes/Hornet/Song_13.unity	3777	1047	hornet_multi_wounder	ffe3a1a9c1e2bb94da3315cccccc4782	11400000	"[""Assets/PlayMaker/Templates/hornet_multi_wounder.asset""]"
Assets/Scenes/Hornet/Song_13.unity	3787	921	hornet_multi_wounder	ffe3a1a9c1e2bb94da3315cccccc4782	11400000	"[""Assets/PlayMaker/Templates/hornet_multi_wounder.asset""]"
Assets/Scenes/Hornet/Song_13.unity	3788	920	hornet_multi_wounder	ffe3a1a9c1e2bb94da3315cccccc4782	11400000	"[""Assets/PlayMaker/Templates/hornet_multi_wounder.asset""]"
Assets/Scenes/Hornet/Song_13.unity	3847	800	hornet_multi_wounder	ffe3a1a9c1e2bb94da3315cccccc4782	11400000	"[""Assets/PlayMaker/Templates/hornet_multi_wounder.asset""]"
Assets/Scenes/Hornet/Song_13.unity	3848	801	hornet_multi_wounder	ffe3a1a9c1e2bb94da3315cccccc4782	11400000	"[""Assets/PlayMaker/Templates/hornet_multi_wounder.asset""]"
Assets/Scenes/Hornet/Song_13.unity	3901	947	hornet_multi_wounder	ffe3a1a9c1e2bb94da3315cccccc4782	11400000	"[""Assets/PlayMaker/Templates/hornet_multi_wounder.asset""]"
Assets/Scenes/Hornet/Song_13.unity	3902	948	hornet_multi_wounder	ffe3a1a9c1e2bb94da3315cccccc4782	11400000	"[""Assets/PlayMaker/Templates/hornet_multi_wounder.asset""]"
Assets/Scenes/Hornet/Song_13.unity	3905	1039	hornet_multi_wounder	ffe3a1a9c1e2bb94da3315cccccc4782	11400000	"[""Assets/PlayMaker/Templates/hornet_multi_wounder.asset""]"
Assets/Scenes/Hornet/Song_13.unity	3906	1040	hornet_multi_wounder	ffe3a1a9c1e2bb94da3315cccccc4782	11400000	"[""Assets/PlayMaker/Templates/hornet_multi_wounder.asset""]"
Assets/Scenes/Hornet/Song_13.unity	3992	717	Control	04b9a40fa5ae75c47a5cdd4b0998c7ac	11400000	"[""Assets/PlayMaker/Templates/garmond_control.asset""]"
Assets/Scenes/Hornet/Song_14.unity	3240	597	FSM	6f0839127750b164ebb46ddbae600e15	11400000	"[""Assets/PlayMaker/Templates/flyer_go_up_response.asset""]"
Assets/Scenes/Hornet/Song_15.unity	5486	1199	call_handmaiden	e6580aa9081bced48b44a6f5202ee214	11400000	"[""Assets/PlayMaker/Templates/call_handmaiden.asset""]"
Assets/Scenes/Hornet/Song_15.unity	5505	1198	call_handmaiden	e6580aa9081bced48b44a6f5202ee214	11400000	"[""Assets/PlayMaker/Templates/call_handmaiden.asset""]"
Assets/Scenes/Hornet/Song_15.unity	5749	1488	hornet_multi_wounder	ffe3a1a9c1e2bb94da3315cccccc4782	11400000	"[""Assets/PlayMaker/Templates/hornet_multi_wounder.asset""]"
Assets/Scenes/Hornet/Song_15.unity	5751	1487	hornet_multi_wounder	ffe3a1a9c1e2bb94da3315cccccc4782	11400000	"[""Assets/PlayMaker/Templates/hornet_multi_wounder.asset""]"
Assets/Scenes/Hornet/Song_15.unity	5934	1182	FSM	6f0839127750b164ebb46ddbae600e15	11400000	"[""Assets/PlayMaker/Templates/flyer_go_up_response.asset""]"
Assets/Scenes/Hornet/Song_15.unity	5935	1183	FSM	6f0839127750b164ebb46ddbae600e15	11400000	"[""Assets/PlayMaker/Templates/flyer_go_up_response.asset""]"
Assets/Scenes/Hornet/Song_15.unity	6017	1652	hornet_multi_wounder	ffe3a1a9c1e2bb94da3315cccccc4782	11400000	"[""Assets/PlayMaker/Templates/hornet_multi_wounder.asset""]"
Assets/Scenes/Hornet/Song_17.unity	7401	1434	call_handmaiden	e6580aa9081bced48b44a6f5202ee214	11400000	"[""Assets/PlayMaker/Templates/call_handmaiden.asset""]"
Assets/Scenes/Hornet/Song_17.unity	7454	1430	call_handmaiden	e6580aa9081bced48b44a6f5202ee214	11400000	"[""Assets/PlayMaker/Templates/call_handmaiden.asset""]"
Assets/Scenes/Hornet/Song_17.unity	7485	761	Chest Control	cef29d3923f21dd45b5301e2c8d4b2db	11400000	"[""Assets/PlayMaker/Templates/chest_control.asset""]"
Assets/Scenes/Hornet/Song_17.unity	7533	1403	hornet_multi_wounder	ffe3a1a9c1e2bb94da3315cccccc4782	11400000	"[""Assets/PlayMaker/Templates/hornet_multi_wounder.asset""]"
Assets/Scenes/Hornet/Song_17.unity	7534	1404	hornet_multi_wounder	ffe3a1a9c1e2bb94da3315cccccc4782	11400000	"[""Assets/PlayMaker/Templates/hornet_multi_wounder.asset""]"
Assets/Scenes/Hornet/Song_17.unity	7621	1976	hornet_multi_wounder	ffe3a1a9c1e2bb94da3315cccccc4782	11400000	"[""Assets/PlayMaker/Templates/hornet_multi_wounder.asset""]"
Assets/Scenes/Hornet/Song_17.unity	7622	1975	hornet_multi_wounder	ffe3a1a9c1e2bb94da3315cccccc4782	11400000	"[""Assets/PlayMaker/Templates/hornet_multi_wounder.asset""]"
Assets/Scenes/Hornet/Song_17.unity	7632	1949	pilgrim_behaviour	5d4d1c36f09a17949a8eb0175e50b0b4	11400000	"[""Assets/PlayMaker/Templates/pilgrim_behaviour.asset""]"
Assets/Scenes/Hornet/Song_17.unity	7633	1950	pilgrim_behaviour	5d4d1c36f09a17949a8eb0175e50b0b4	11400000	"[""Assets/PlayMaker/Templates/pilgrim_behaviour.asset""]"
Assets/Scenes/Hornet/Song_17.unity	7637	1729	hornet_multi_wounder	ffe3a1a9c1e2bb94da3315cccccc4782	11400000	"[""Assets/PlayMaker/Templates/hornet_multi_wounder.asset""]"
Assets/Scenes/Hornet/Song_17.unity	7638	1728	hornet_multi_wounder	ffe3a1a9c1e2bb94da3315cccccc4782	11400000	"[""Assets/PlayMaker/Templates/hornet_multi_wounder.asset""]"
Assets/Scenes/Hornet/Song_17.unity	7728	1457	hornet_multi_wounder	ffe3a1a9c1e2bb94da3315cccccc4782	11400000	"[""Assets/PlayMaker/Templates/hornet_multi_wounder.asset""]"
Assets/Scenes/Hornet/Song_17.unity	7729	1458	hornet_multi_wounder	ffe3a1a9c1e2bb94da3315cccccc4782	11400000	"[""Assets/PlayMaker/Templates/hornet_multi_wounder.asset""]"
Assets/Scenes/Hornet/Song_17.unity	7819	1779	hornet_multi_wounder	ffe3a1a9c1e2bb94da3315cccccc4782	11400000	"[""Assets/PlayMaker/Templates/hornet_multi_wounder.asset""]"
Assets/Scenes/Hornet/Song_17.unity	7820	1780	hornet_multi_wounder	ffe3a1a9c1e2bb94da3315cccccc4782	11400000	"[""Assets/PlayMaker/Templates/hornet_multi_wounder.asset""]"
Assets/Scenes/Hornet/Song_17.unity	7823	1964	hornet_multi_wounder	ffe3a1a9c1e2bb94da3315cccccc4782	11400000	"[""Assets/PlayMaker/Templates/hornet_multi_wounder.asset""]"
Assets/Scenes/Hornet/Song_17.unity	7824	1965	hornet_multi_wounder	ffe3a1a9c1e2bb94da3315cccccc4782	11400000	"[""Assets/PlayMaker/Templates/hornet_multi_wounder.asset""]"
Assets/Scenes/Hornet/Song_17.unity	7846	1855	hornet_multi_wounder	ffe3a1a9c1e2bb94da3315cccccc4782	11400000	"[""Assets/PlayMaker/Templates/hornet_multi_wounder.asset""]"
Assets/Scenes/Hornet/Song_17.unity	7848	1854	hornet_multi_wounder	ffe3a1a9c1e2bb94da3315cccccc4782	11400000	"[""Assets/PlayMaker/Templates/hornet_multi_wounder.asset""]"
Assets/Scenes/Hornet/Song_17.unity	7990	1250	Control	04b9a40fa5ae75c47a5cdd4b0998c7ac	11400000	"[""Assets/PlayMaker/Templates/garmond_control.asset""]"
Assets/Scenes/Hornet/Song_17.unity	8371	2183	hornet_multi_wounder	ffe3a1a9c1e2bb94da3315cccccc4782	11400000	"[""Assets/PlayMaker/Templates/hornet_multi_wounder.asset""]"
Assets/Scenes/Hornet/Song_18.unity	5501	242	Bench Control	30022a57d0796134fbc5d49b1decd4f9	11400000	"[""Assets/PlayMaker/Templates/bench_control.asset""]"
Assets/Scenes/Hornet/Song_18.unity	5532	506	FSM	c332780cbeb3a264fb2eff442248d6cd	11400000	"[""Assets/PlayMaker/Templates/follow_camera_bound.asset""]"
Assets/Scenes/Hornet/Song_18.unity	5797	1498	steam_slash_effect	1f84846daa21b104a97207aebc9242c6	11400000	"[""Assets/PlayMaker/Templates/steam_slash_effect.asset""]"
Assets/Scenes/Hornet/Song_18.unity	5798	1499	steam_slash_effect	1f84846daa21b104a97207aebc9242c6	11400000	"[""Assets/PlayMaker/Templates/steam_slash_effect.asset""]"
Assets/Scenes/Hornet/Song_18.unity	5907	1325	multi wounder	ffe3a1a9c1e2bb94da3315cccccc4782	11400000	"[""Assets/PlayMaker/Templates/hornet_multi_wounder.asset""]"
Assets/Scenes/Hornet/Song_18.unity	5908	1326	multi wounder	ffe3a1a9c1e2bb94da3315cccccc4782	11400000	"[""Assets/PlayMaker/Templates/hornet_multi_wounder.asset""]"
Assets/Scenes/Hornet/Song_18.unity	5909	1327	multi wounder	ffe3a1a9c1e2bb94da3315cccccc4782	11400000	"[""Assets/PlayMaker/Templates/hornet_multi_wounder.asset""]"
Assets/Scenes/Hornet/Song_19_entrance.unity	7643	28	breakable_wall_v2	49ae76d885d76f0409f5e87241c2e88a	11400000	"[""Assets/PlayMaker/Templates/breakable_wall_v2.asset""]"
Assets/Scenes/Hornet/Song_19_entrance.unity	8203	1238	Detect Landing	f2bbed791af34814b8bc892f09dbfae5	11400000	"[""Assets/PlayMaker/Templates/scale_plat_detect_landing.asset""]"
Assets/Scenes/Hornet/Song_19_entrance.unity	8204	1239	Detect Landing	f2bbed791af34814b8bc892f09dbfae5	11400000	"[""Assets/PlayMaker/Templates/scale_plat_detect_landing.asset""]"
Assets/Scenes/Hornet/Song_19_entrance.unity	8205	1240	Detect Landing	f2bbed791af34814b8bc892f09dbfae5	11400000	"[""Assets/PlayMaker/Templates/scale_plat_detect_landing.asset""]"
Assets/Scenes/Hornet/Song_19_entrance.unity	8206	1241	Detect Landing	f2bbed791af34814b8bc892f09dbfae5	11400000	"[""Assets/PlayMaker/Templates/scale_plat_detect_landing.asset""]"
Assets/Scenes/Hornet/Song_19_entrance.unity	8207	1243	Detect Landing	f2bbed791af34814b8bc892f09dbfae5	11400000	"[""Assets/PlayMaker/Templates/scale_plat_detect_landing.asset""]"
Assets/Scenes/Hornet/Song_19_entrance.unity	8208	1242	Detect Landing	f2bbed791af34814b8bc892f09dbfae5	11400000	"[""Assets/PlayMaker/Templates/scale_plat_detect_landing.asset""]"
Assets/Scenes/Hornet/Song_19_entrance.unity	8209	1244	Detect Landing	f2bbed791af34814b8bc892f09dbfae5	11400000	"[""Assets/PlayMaker/Templates/scale_plat_detect_landing.asset""]"
Assets/Scenes/Hornet/Song_19_entrance.unity	8210	1245	Detect Landing	f2bbed791af34814b8bc892f09dbfae5	11400000	"[""Assets/PlayMaker/Templates/scale_plat_detect_landing.asset""]"
Assets/Scenes/Hornet/Song_19_entrance.unity	8295	1399	Detect Landing	f2bbed791af34814b8bc892f09dbfae5	11400000	"[""Assets/PlayMaker/Templates/scale_plat_detect_landing.asset""]"
Assets/Scenes/Hornet/Song_19_entrance.unity	8296	1400	Detect Landing	f2bbed791af34814b8bc892f09dbfae5	11400000	"[""Assets/PlayMaker/Templates/scale_plat_detect_landing.asset""]"
Assets/Scenes/Hornet/Song_19_entrance.unity	8297	1402	Detect Landing	f2bbed791af34814b8bc892f09dbfae5	11400000	"[""Assets/PlayMaker/Templates/scale_plat_detect_landing.asset""]"
Assets/Scenes/Hornet/Song_19_entrance.unity	8298	1401	Detect Landing	f2bbed791af34814b8bc892f09dbfae5	11400000	"[""Assets/PlayMaker/Templates/scale_plat_detect_landing.asset""]"
Assets/Scenes/Hornet/Song_19_entrance.unity	8299	1403	Detect Landing	f2bbed791af34814b8bc892f09dbfae5	11400000	"[""Assets/PlayMaker/Templates/scale_plat_detect_landing.asset""]"
Assets/Scenes/Hornet/Song_19_entrance.unity	8300	1404	Detect Landing	f2bbed791af34814b8bc892f09dbfae5	11400000	"[""Assets/PlayMaker/Templates/scale_plat_detect_landing.asset""]"
Assets/Scenes/Hornet/Song_19_entrance.unity	8301	1405	Detect Landing	f2bbed791af34814b8bc892f09dbfae5	11400000	"[""Assets/PlayMaker/Templates/scale_plat_detect_landing.asset""]"
Assets/Scenes/Hornet/Song_19_entrance.unity	8302	1406	Detect Landing	f2bbed791af34814b8bc892f09dbfae5	11400000	"[""Assets/PlayMaker/Templates/scale_plat_detect_landing.asset""]"
Assets/Scenes/Hornet/Song_20.unity	10872	2499	hornet_multi_wounder	ffe3a1a9c1e2bb94da3315cccccc4782	11400000	"[""Assets/PlayMaker/Templates/hornet_multi_wounder.asset""]"
Assets/Scenes/Hornet/Song_20.unity	10873	2498	hornet_multi_wounder	ffe3a1a9c1e2bb94da3315cccccc4782	11400000	"[""Assets/PlayMaker/Templates/hornet_multi_wounder.asset""]"
Assets/Scenes/Hornet/Song_20.unity	10874	2500	hornet_multi_wounder	ffe3a1a9c1e2bb94da3315cccccc4782	11400000	"[""Assets/PlayMaker/Templates/hornet_multi_wounder.asset""]"
Assets/Scenes/Hornet/Song_20.unity	11021	3296	hornet_multi_wounder	ffe3a1a9c1e2bb94da3315cccccc4782	11400000	"[""Assets/PlayMaker/Templates/hornet_multi_wounder.asset""]"
Assets/Scenes/Hornet/Song_20.unity	11022	3297	hornet_multi_wounder	ffe3a1a9c1e2bb94da3315cccccc4782	11400000	"[""Assets/PlayMaker/Templates/hornet_multi_wounder.asset""]"
Assets/Scenes/Hornet/Song_20.unity	11023	3295	hornet_multi_wounder	ffe3a1a9c1e2bb94da3315cccccc4782	11400000	"[""Assets/PlayMaker/Templates/hornet_multi_wounder.asset""]"
Assets/Scenes/Hornet/Song_20.unity	11050	3272	pilgrim_behaviour	5d4d1c36f09a17949a8eb0175e50b0b4	11400000	"[""Assets/PlayMaker/Templates/pilgrim_behaviour.asset""]"
Assets/Scenes/Hornet/Song_20.unity	11058	2933	hornet_multi_wounder	ffe3a1a9c1e2bb94da3315cccccc4782	11400000	"[""Assets/PlayMaker/Templates/hornet_multi_wounder.asset""]"
Assets/Scenes/Hornet/Song_20.unity	11059	2932	hornet_multi_wounder	ffe3a1a9c1e2bb94da3315cccccc4782	11400000	"[""Assets/PlayMaker/Templates/hornet_multi_wounder.asset""]"
Assets/Scenes/Hornet/Song_20.unity	11060	2931	hornet_multi_wounder	ffe3a1a9c1e2bb94da3315cccccc4782	11400000	"[""Assets/PlayMaker/Templates/hornet_multi_wounder.asset""]"
Assets/Scenes/Hornet/Song_20.unity	11067	3271	Control	ebb7f868f778b6f4aae2a069121a4374	11400000	"[""Assets/PlayMaker/Templates/tracking_object.asset""]"
Assets/Scenes/Hornet/Song_20.unity	11171	2560	hornet_multi_wounder	ffe3a1a9c1e2bb94da3315cccccc4782	11400000	"[""Assets/PlayMaker/Templates/hornet_multi_wounder.asset""]"
Assets/Scenes/Hornet/Song_20.unity	11172	2562	hornet_multi_wounder	ffe3a1a9c1e2bb94da3315cccccc4782	11400000	"[""Assets/PlayMaker/Templates/hornet_multi_wounder.asset""]"
Assets/Scenes/Hornet/Song_20.unity	11173	2561	hornet_multi_wounder	ffe3a1a9c1e2bb94da3315cccccc4782	11400000	"[""Assets/PlayMaker/Templates/hornet_multi_wounder.asset""]"
Assets/Scenes/Hornet/Song_20.unity	11323	3026	hornet_multi_wounder	ffe3a1a9c1e2bb94da3315cccccc4782	11400000	"[""Assets/PlayMaker/Templates/hornet_multi_wounder.asset""]"
Assets/Scenes/Hornet/Song_20.unity	11324	3027	hornet_multi_wounder	ffe3a1a9c1e2bb94da3315cccccc4782	11400000	"[""Assets/PlayMaker/Templates/hornet_multi_wounder.asset""]"
Assets/Scenes/Hornet/Song_20.unity	11325	3028	hornet_multi_wounder	ffe3a1a9c1e2bb94da3315cccccc4782	11400000	"[""Assets/PlayMaker/Templates/hornet_multi_wounder.asset""]"
Assets/Scenes/Hornet/Song_20.unity	11329	3280	hornet_multi_wounder	ffe3a1a9c1e2bb94da3315cccccc4782	11400000	"[""Assets/PlayMaker/Templates/hornet_multi_wounder.asset""]"
Assets/Scenes/Hornet/Song_20.unity	11330	3281	hornet_multi_wounder	ffe3a1a9c1e2bb94da3315cccccc4782	11400000	"[""Assets/PlayMaker/Templates/hornet_multi_wounder.asset""]"
Assets/Scenes/Hornet/Song_20.unity	11331	3282	hornet_multi_wounder	ffe3a1a9c1e2bb94da3315cccccc4782	11400000	"[""Assets/PlayMaker/Templates/hornet_multi_wounder.asset""]"
Assets/Scenes/Hornet/Song_20.unity	11362	3129	hornet_multi_wounder	ffe3a1a9c1e2bb94da3315cccccc4782	11400000	"[""Assets/PlayMaker/Templates/hornet_multi_wounder.asset""]"
Assets/Scenes/Hornet/Song_20.unity	11364	3128	hornet_multi_wounder	ffe3a1a9c1e2bb94da3315cccccc4782	11400000	"[""Assets/PlayMaker/Templates/hornet_multi_wounder.asset""]"
Assets/Scenes/Hornet/Song_20.unity	11366	3127	hornet_multi_wounder	ffe3a1a9c1e2bb94da3315cccccc4782	11400000	"[""Assets/PlayMaker/Templates/hornet_multi_wounder.asset""]"
Assets/Scenes/Hornet/Song_20.unity	11368	3126	hornet_multi_wounder	ffe3a1a9c1e2bb94da3315cccccc4782	11400000	"[""Assets/PlayMaker/Templates/hornet_multi_wounder.asset""]"
Assets/Scenes/Hornet/Song_20.unity	11370	3125	hornet_multi_wounder	ffe3a1a9c1e2bb94da3315cccccc4782	11400000	"[""Assets/PlayMaker/Templates/hornet_multi_wounder.asset""]"
Assets/Scenes/Hornet/Song_20.unity	11687	2518	FSM	6f0839127750b164ebb46ddbae600e15	11400000	"[""Assets/PlayMaker/Templates/flyer_go_up_response.asset""]"
Assets/Scenes/Hornet/Song_20b.unity	5938	1608	hornet_multi_wounder	ffe3a1a9c1e2bb94da3315cccccc4782	11400000	"[""Assets/PlayMaker/Templates/hornet_multi_wounder.asset""]"
Assets/Scenes/Hornet/Song_20b.unity	6092	1383	FSM	6f0839127750b164ebb46ddbae600e15	11400000	"[""Assets/PlayMaker/Templates/flyer_go_up_response.asset""]"
Assets/Scenes/Hornet/Song_20b.unity	6093	1382	FSM	6f0839127750b164ebb46ddbae600e15	11400000	"[""Assets/PlayMaker/Templates/flyer_go_up_response.asset""]"
Assets/Scenes/Hornet/Song_24.unity	3909	393	Chest Control	cef29d3923f21dd45b5301e2c8d4b2db	11400000	"[""Assets/PlayMaker/Templates/chest_control.asset""]"
Assets/Scenes/Hornet/Song_24.unity	3951	741	hornet_multi_wounder	ffe3a1a9c1e2bb94da3315cccccc4782	11400000	"[""Assets/PlayMaker/Templates/hornet_multi_wounder.asset""]"
Assets/Scenes/Hornet/Song_24.unity	4001	1050	hornet_multi_wounder	ffe3a1a9c1e2bb94da3315cccccc4782	11400000	"[""Assets/PlayMaker/Templates/hornet_multi_wounder.asset""]"
Assets/Scenes/Hornet/Song_24.unity	4015	914	hornet_multi_wounder	ffe3a1a9c1e2bb94da3315cccccc4782	11400000	"[""Assets/PlayMaker/Templates/hornet_multi_wounder.asset""]"
Assets/Scenes/Hornet/Song_24.unity	4069	757	hornet_multi_wounder	ffe3a1a9c1e2bb94da3315cccccc4782	11400000	"[""Assets/PlayMaker/Templates/hornet_multi_wounder.asset""]"
Assets/Scenes/Hornet/Song_24.unity	4146	945	hornet_multi_wounder	ffe3a1a9c1e2bb94da3315cccccc4782	11400000	"[""Assets/PlayMaker/Templates/hornet_multi_wounder.asset""]"
Assets/Scenes/Hornet/Song_24.unity	4150	1044	hornet_multi_wounder	ffe3a1a9c1e2bb94da3315cccccc4782	11400000	"[""Assets/PlayMaker/Templates/hornet_multi_wounder.asset""]"
Assets/Scenes/Hornet/Song_25.unity	10039	398	FSM	2822d5f0a56d5274594c3ab82acbe0d6	11400000	"[""Assets/PlayMaker/Templates/lowpass_audio_by_area.asset""]"
Assets/Scenes/Hornet/Song_25.unity	10076	2519	call_handmaiden	e6580aa9081bced48b44a6f5202ee214	11400000	"[""Assets/PlayMaker/Templates/call_handmaiden.asset""]"
Assets/Scenes/Hornet/Song_25.unity	10127	2521	call_handmaiden	e6580aa9081bced48b44a6f5202ee214	11400000	"[""Assets/PlayMaker/Templates/call_handmaiden.asset""]"
Assets/Scenes/Hornet/Song_25.unity	10140	2522	call_handmaiden	e6580aa9081bced48b44a6f5202ee214	11400000	"[""Assets/PlayMaker/Templates/call_handmaiden.asset""]"
Assets/Scenes/Hornet/Song_25.unity	10311	2802	Control	ebb7f868f778b6f4aae2a069121a4374	11400000	"[""Assets/PlayMaker/Templates/tracking_object.asset""]"
Assets/Scenes/Hornet/Song_25.unity	10342	2767	Control	ab5914c3c3521b049b8588adcffc9e6b	11400000	"[""Assets/PlayMaker/Templates/song_knight_control.asset""]"
Assets/Scenes/Hornet/Song_25.unity	10513	1950	hornet_multi_wounder	ffe3a1a9c1e2bb94da3315cccccc4782	11400000	"[""Assets/PlayMaker/Templates/hornet_multi_wounder.asset""]"
Assets/Scenes/Hornet/Song_25.unity	10515	1949	hornet_multi_wounder	ffe3a1a9c1e2bb94da3315cccccc4782	11400000	"[""Assets/PlayMaker/Templates/hornet_multi_wounder.asset""]"
Assets/Scenes/Hornet/Song_25.unity	10517	1951	hornet_multi_wounder	ffe3a1a9c1e2bb94da3315cccccc4782	11400000	"[""Assets/PlayMaker/Templates/hornet_multi_wounder.asset""]"
Assets/Scenes/Hornet/Song_25.unity	10519	1952	hornet_multi_wounder	ffe3a1a9c1e2bb94da3315cccccc4782	11400000	"[""Assets/PlayMaker/Templates/hornet_multi_wounder.asset""]"
Assets/Scenes/Hornet/Song_25.unity	10811	2841	hornet_multi_wounder	ffe3a1a9c1e2bb94da3315cccccc4782	11400000	"[""Assets/PlayMaker/Templates/hornet_multi_wounder.asset""]"
Assets/Scenes/Hornet/Song_25.unity	10813	2840	hornet_multi_wounder	ffe3a1a9c1e2bb94da3315cccccc4782	11400000	"[""Assets/PlayMaker/Templates/hornet_multi_wounder.asset""]"
Assets/Scenes/Hornet/Song_25.unity	10815	2839	hornet_multi_wounder	ffe3a1a9c1e2bb94da3315cccccc4782	11400000	"[""Assets/PlayMaker/Templates/hornet_multi_wounder.asset""]"
Assets/Scenes/Hornet/Song_25.unity	10817	2838	hornet_multi_wounder	ffe3a1a9c1e2bb94da3315cccccc4782	11400000	"[""Assets/PlayMaker/Templates/hornet_multi_wounder.asset""]"
Assets/Scenes/Hornet/Song_25.unity	10986	3129	FSM	2822d5f0a56d5274594c3ab82acbe0d6	11400000	"[""Assets/PlayMaker/Templates/lowpass_audio_by_area.asset""]"
Assets/Scenes/Hornet/Song_25.unity	10991	3059	FSM	ffe3a1a9c1e2bb94da3315cccccc4782	11400000	"[""Assets/PlayMaker/Templates/hornet_multi_wounder.asset""]"
Assets/Scenes/Hornet/Song_26.unity	1447	15	map_isroom	0fa874bd0a265424880fbf25a2b42b4c	11400000	"[""Assets/PlayMaker/Templates/map_isroom.asset""]"
Assets/Scenes/Hornet/Song_27.unity	8909	1994	FSM	e6580aa9081bced48b44a6f5202ee214	11400000	"[""Assets/PlayMaker/Templates/call_handmaiden.asset""]"
Assets/Scenes/Hornet/Song_27.unity	8961	1988	FSM	e6580aa9081bced48b44a6f5202ee214	11400000	"[""Assets/PlayMaker/Templates/call_handmaiden.asset""]"
Assets/Scenes/Hornet/Song_27.unity	9205	2465	pilgrim_behaviour	5d4d1c36f09a17949a8eb0175e50b0b4	11400000	"[""Assets/PlayMaker/Templates/pilgrim_behaviour.asset""]"
Assets/Scenes/Hornet/Song_27.unity	9221	2464	Control	ebb7f868f778b6f4aae2a069121a4374	11400000	"[""Assets/PlayMaker/Templates/tracking_object.asset""]"
Assets/Scenes/Hornet/Song_27.unity	9222	2463	Control	ebb7f868f778b6f4aae2a069121a4374	11400000	"[""Assets/PlayMaker/Templates/tracking_object.asset""]"
Assets/Scenes/Hornet/Song_27.unity	9253	2439	Control	ab5914c3c3521b049b8588adcffc9e6b	11400000	"[""Assets/PlayMaker/Templates/song_knight_control.asset""]"
Assets/Scenes/Hornet/Song_27.unity	9411	2370	hornet_multi_wounder	ffe3a1a9c1e2bb94da3315cccccc4782	11400000	"[""Assets/PlayMaker/Templates/hornet_multi_wounder.asset""]"
Assets/Scenes/Hornet/Song_27.unity	9541	1987	pilgrim_behaviour	5d4d1c36f09a17949a8eb0175e50b0b4	11400000	"[""Assets/PlayMaker/Templates/pilgrim_behaviour.asset""]"
Assets/Scenes/Hornet/Song_27.unity	9542	1992	pilgrim_behaviour	5d4d1c36f09a17949a8eb0175e50b0b4	11400000	"[""Assets/PlayMaker/Templates/pilgrim_behaviour.asset""]"
Assets/Scenes/Hornet/Song_27.unity	9543	1997	pilgrim_behaviour	5d4d1c36f09a17949a8eb0175e50b0b4	11400000	"[""Assets/PlayMaker/Templates/pilgrim_behaviour.asset""]"
Assets/Scenes/Hornet/Song_27.unity	9670	1098	follow_camera_bound	c332780cbeb3a264fb2eff442248d6cd	11400000	"[""Assets/PlayMaker/Templates/follow_camera_bound.asset""]"
Assets/Scenes/Hornet/Song_27.unity	9671	808	follow_camera_bound	c332780cbeb3a264fb2eff442248d6cd	11400000	"[""Assets/PlayMaker/Templates/follow_camera_bound.asset""]"
Assets/Scenes/Hornet/Song_27.unity	9858	2000	detect_taunt	e31f8c1f0ec0cf44e80a36eed94aa3b1	11400000	"[""Assets/PlayMaker/Templates/detect_taunt.asset""]"
Assets/Scenes/Hornet/Song_27.unity	9859	1998	detect_taunt	e31f8c1f0ec0cf44e80a36eed94aa3b1	11400000	"[""Assets/PlayMaker/Templates/detect_taunt.asset""]"
Assets/Scenes/Hornet/Song_27.unity	9860	1995	detect_taunt	e31f8c1f0ec0cf44e80a36eed94aa3b1	11400000	"[""Assets/PlayMaker/Templates/detect_taunt.asset""]"
Assets/Scenes/Hornet/Song_27.unity	9895	1866	FSM	ffe3a1a9c1e2bb94da3315cccccc4782	11400000	"[""Assets/PlayMaker/Templates/hornet_multi_wounder.asset""]"
Assets/Scenes/Hornet/Song_27.unity	9897	1867	FSM	ffe3a1a9c1e2bb94da3315cccccc4782	11400000	"[""Assets/PlayMaker/Templates/hornet_multi_wounder.asset""]"
Assets/Scenes/Hornet/Song_27.unity	9899	1868	FSM	ffe3a1a9c1e2bb94da3315cccccc4782	11400000	"[""Assets/PlayMaker/Templates/hornet_multi_wounder.asset""]"
Assets/Scenes/Hornet/Song_27.unity	9982	2473	tilt_plat	1686fa2f54abca14ea6969b774a733fb	11400000	"[""Assets/PlayMaker/Templates/depress_plat.asset""]"
Assets/Scenes/Hornet/Song_27.unity	9983	2471	tilt_plat	1686fa2f54abca14ea6969b774a733fb	11400000	"[""Assets/PlayMaker/Templates/depress_plat.asset""]"
Assets/Scenes/Hornet/Song_27.unity	9984	2472	tilt_plat	1686fa2f54abca14ea6969b774a733fb	11400000	"[""Assets/PlayMaker/Templates/depress_plat.asset""]"
Assets/Scenes/Hornet/Song_27.unity	9985	2470	tilt_plat	1686fa2f54abca14ea6969b774a733fb	11400000	"[""Assets/PlayMaker/Templates/depress_plat.asset""]"
Assets/Scenes/Hornet/Song_27.unity	9996	2677	FSM	ffe3a1a9c1e2bb94da3315cccccc4782	11400000	"[""Assets/PlayMaker/Templates/hornet_multi_wounder.asset""]"
Assets/Scenes/Hornet/Song_27.unity	10058	2000	FSM	6f0839127750b164ebb46ddbae600e15	11400000	"[""Assets/PlayMaker/Templates/flyer_go_up_response.asset""]"
Assets/Scenes/Hornet/Song_27.unity	10060	1998	FSM	6f0839127750b164ebb46ddbae600e15	11400000	"[""Assets/PlayMaker/Templates/flyer_go_up_response.asset""]"
Assets/Scenes/Hornet/Song_27.unity	10062	1995	FSM	6f0839127750b164ebb46ddbae600e15	11400000	"[""Assets/PlayMaker/Templates/flyer_go_up_response.asset""]"
Assets/Scenes/Hornet/Song_27.unity	10103	2660	hornet_multi_wounder	ffe3a1a9c1e2bb94da3315cccccc4782	11400000	"[""Assets/PlayMaker/Templates/hornet_multi_wounder.asset""]"
Assets/Scenes/Hornet/Song_29.unity	1706	178	FSM	2822d5f0a56d5274594c3ab82acbe0d6	11400000	"[""Assets/PlayMaker/Templates/lowpass_audio_by_area.asset""]"
Assets/Scenes/Hornet/Song_29.unity	1860	331	detect_taunt	e31f8c1f0ec0cf44e80a36eed94aa3b1	11400000	"[""Assets/PlayMaker/Templates/detect_taunt.asset""]"
Assets/Scenes/Hornet/Song_29.unity	1874	304	FSM	ffe3a1a9c1e2bb94da3315cccccc4782	11400000	"[""Assets/PlayMaker/Templates/hornet_multi_wounder.asset""]"
Assets/Scenes/Hornet/Song_29.unity	1916	331	FSM	6f0839127750b164ebb46ddbae600e15	11400000	"[""Assets/PlayMaker/Templates/flyer_go_up_response.asset""]"
Assets/Scenes/Hornet/Song_Enclave.unity	7748	193	Hit Animate	84529c361b6e8674e8d7a3f8d2c9a025	11400000	"[""Assets/PlayMaker/Templates/inert_sign_hit.asset""]"
Assets/Scenes/Hornet/Song_Enclave.unity	7766	493	Bench Control	30022a57d0796134fbc5d49b1decd4f9	11400000	"[""Assets/PlayMaker/Templates/bench_control.asset""]"
Assets/Scenes/Hornet/Song_Enclave.unity	7790	899	Bench Control	30022a57d0796134fbc5d49b1decd4f9	11400000	"[""Assets/PlayMaker/Templates/bench_control.asset""]"
Assets/Scenes/Hornet/Song_Enclave.unity	7806	959	Hit Animate	84529c361b6e8674e8d7a3f8d2c9a025	11400000	"[""Assets/PlayMaker/Templates/inert_sign_hit.asset""]"
Assets/Scenes/Hornet/Song_Enclave.unity	8455	2086	sherma_anim	3278a3007d6fbb54e9f51fab8f4a4bbb	11400000	"[""Assets/PlayMaker/Templates/sherma_anim.asset""]"
Assets/Scenes/Hornet/Song_Enclave_Tube.unity	2264	515	Set Compass Point	50c4ce611f2eeac40a7c0f864becbd3e	11400000	"[""Assets/PlayMaker/Templates/map_set_room_compass.asset""]"
Assets/Scenes/Hornet/Song_Tower_01.unity	2737	667	Multihitter	5fd4ec391a7d13a47b82e6e3d6ace0b1	11400000	"[""Assets/PlayMaker/Templates/lace_multi_hitter.asset""]"
Assets/Scenes/Hornet/Song_Tower_01.unity	2807	691	Multihitter	bcf25b3a0729fc94f9eaba9f349c8dad	11400000	"[""Assets/PlayMaker/Templates/lace_cross_slash_damager.asset""]"
Assets/Scenes/Hornet/Song_Tower_01.unity	2827	632	Stun Control	2e4b6e573032075449b2ab0adc00c0b8	11400000	"[""Assets/PlayMaker/Templates/stun_control.asset""]"
Assets/Scenes/Hornet/Song_Tower_01.unity	2872	508	FSM	ffe3a1a9c1e2bb94da3315cccccc4782	11400000	"[""Assets/PlayMaker/Templates/hornet_multi_wounder.asset""]"
Assets/Scenes/Hornet/Song_Tower_01.unity	2874	741	FSM	ffe3a1a9c1e2bb94da3315cccccc4782	11400000	"[""Assets/PlayMaker/Templates/hornet_multi_wounder.asset""]"
Assets/Scenes/Hornet/Song_Tower_01.unity	2882	774	Multihitter	bcf25b3a0729fc94f9eaba9f349c8dad	11400000	"[""Assets/PlayMaker/Templates/lace_cross_slash_damager.asset""]"
Assets/Scenes/Hornet/Song_Tower_01.unity	2885	632	Circle Slash Catch	b2e2c0c027728d04cbe715384d52c5bc	11400000	"[""Assets/PlayMaker/Templates/song_knight_catch_hero.asset""]"
Assets/Scenes/Hornet/Song_Tower_01.unity	2892	511	FSM	ffe3a1a9c1e2bb94da3315cccccc4782	11400000	"[""Assets/PlayMaker/Templates/hornet_multi_wounder.asset""]"
Assets/Scenes/Hornet/Song_Tower_01.unity	2897	622	FSM	ffe3a1a9c1e2bb94da3315cccccc4782	11400000	"[""Assets/PlayMaker/Templates/hornet_multi_wounder.asset""]"
Assets/Scenes/Hornet/Song_Tower_01.unity	2905	778	FSM	ffe3a1a9c1e2bb94da3315cccccc4782	11400000	"[""Assets/PlayMaker/Templates/hornet_multi_wounder.asset""]"
Assets/Scenes/Hornet/Song_Tower_01.unity	2908	620	FSM	ffe3a1a9c1e2bb94da3315cccccc4782	11400000	"[""Assets/PlayMaker/Templates/hornet_multi_wounder.asset""]"
Assets/Scenes/Hornet/Song_Tower_01.unity	2910	780	Multihitter	5fd4ec391a7d13a47b82e6e3d6ace0b1	11400000	"[""Assets/PlayMaker/Templates/lace_multi_hitter.asset""]"
Assets/Scenes/Hornet/Sprintmaster_Cave.unity	9609	102	FSM	c332780cbeb3a264fb2eff442248d6cd	11400000	"[""Assets/PlayMaker/Templates/follow_camera_bound.asset""]"
Assets/Scenes/Hornet/Sprintmaster_Cave.unity	9638	334	FSM	c332780cbeb3a264fb2eff442248d6cd	11400000	"[""Assets/PlayMaker/Templates/follow_camera_bound.asset""]"
Assets/Scenes/Hornet/Sprintmaster_Cave.unity	9651	442	Bench Control	30022a57d0796134fbc5d49b1decd4f9	11400000	"[""Assets/PlayMaker/Templates/bench_control.asset""]"
Assets/Scenes/Hornet/Sprintmaster_Cave.unity	9657	497	FSM	472f57d305c90f24d8d9572c90f30910	11400000	"[""Assets/PlayMaker/Templates/follow_camera.asset""]"
Assets/Scenes/Hornet/Sprintmaster_Cave.unity	9683	1267	FSM	c332780cbeb3a264fb2eff442248d6cd	11400000	"[""Assets/PlayMaker/Templates/follow_camera_bound.asset""]"
Assets/Scenes/Hornet/Sprintmaster_Cave.unity	9695	796	FSM	c332780cbeb3a264fb2eff442248d6cd	11400000	"[""Assets/PlayMaker/Templates/follow_camera_bound.asset""]"
Assets/Scenes/Hornet/Sprintmaster_Cave.unity	9698	815	FSM	c332780cbeb3a264fb2eff442248d6cd	11400000	"[""Assets/PlayMaker/Templates/follow_camera_bound.asset""]"
Assets/Scenes/Hornet/Tube_Hub.unity	10561	742	Bench Control	30022a57d0796134fbc5d49b1decd4f9	11400000	"[""Assets/PlayMaker/Templates/bench_control.asset""]"
Assets/Scenes/Hornet/Tube_Hub.unity	10642	1567	breakable_wall_v2	49ae76d885d76f0409f5e87241c2e88a	11400000	"[""Assets/PlayMaker/Templates/breakable_wall_v2.asset""]"
Assets/Scenes/Hornet/Tube_Hub.unity	10720	2237	breakable_wall_v2	49ae76d885d76f0409f5e87241c2e88a	11400000	"[""Assets/PlayMaker/Templates/breakable_wall_v2.asset""]"
Assets/Scenes/Hornet/Tube_Hub.unity	10905	2344	Control	0a90bbd7d59385641a93fc8723ca8247	11400000	"[""Assets/PlayMaker/Templates/updraft_region.asset""]"
Assets/Scenes/Hornet/Tube_Hub.unity	10906	2343	Control	0a90bbd7d59385641a93fc8723ca8247	11400000	"[""Assets/PlayMaker/Templates/updraft_region.asset""]"
Assets/Scenes/Hornet/Tube_Hub.unity	11019	2754	Set Compass Point	50c4ce611f2eeac40a7c0f864becbd3e	11400000	"[""Assets/PlayMaker/Templates/map_set_room_compass.asset""]"
Assets/Scenes/Hornet/Tube_Hub.unity	11044	2864	steam_slash_effect	1f84846daa21b104a97207aebc9242c6	11400000	"[""Assets/PlayMaker/Templates/steam_slash_effect.asset""]"
Assets/Scenes/Hornet/Tube_Hub.unity	11145	2836	FSM	362a7649b455c65469135740b34c2394	11400000	"[""Assets/PlayMaker/Templates/floor_jitter.asset""]"
Assets/Scenes/Hornet/Tube_Hub.unity	11231	2288	Control	33b9f45cc49f6fe40924ba9c496323ca	11400000	"[""Assets/PlayMaker/Templates/breakable_floor.asset""]"
Assets/Scenes/Hornet/Tut_01.unity	11207	1426	unmasker	acbea5ca792e442418858572af615104	11400000	"[""Assets/PlayMaker/Templates/unmasker.asset""]"
Assets/Scenes/Hornet/Tut_01.unity	11853	3078	Chest Control	cef29d3923f21dd45b5301e2c8d4b2db	11400000	"[""Assets/PlayMaker/Templates/chest_control.asset""]"
Assets/Scenes/Hornet/Tut_02.unity	10026	1715	Stun Control	2e4b6e573032075449b2ab0adc00c0b8	11400000	"[""Assets/PlayMaker/Templates/stun_control.asset""]"
Assets/Scenes/Hornet/Tut_02.unity	10179	1707	Control	a59f3c58838809c4ea7a503a108295d3	11400000	"[""Assets/PlayMaker/Templates/tiny_dragonfly.asset""]"
Assets/Scenes/Hornet/Tut_02.unity	10180	1706	Control	a59f3c58838809c4ea7a503a108295d3	11400000	"[""Assets/PlayMaker/Templates/tiny_dragonfly.asset""]"
Assets/Scenes/Hornet/Tut_02.unity	10181	1704	Control	a59f3c58838809c4ea7a503a108295d3	11400000	"[""Assets/PlayMaker/Templates/tiny_dragonfly.asset""]"
Assets/Scenes/Hornet/Tut_02.unity	10182	1705	Control	a59f3c58838809c4ea7a503a108295d3	11400000	"[""Assets/PlayMaker/Templates/tiny_dragonfly.asset""]"
Assets/Scenes/Hornet/Tut_02.unity	10183	1702	Control	a59f3c58838809c4ea7a503a108295d3	11400000	"[""Assets/PlayMaker/Templates/tiny_dragonfly.asset""]"
Assets/Scenes/Hornet/Tut_02.unity	10184	1703	Control	a59f3c58838809c4ea7a503a108295d3	11400000	"[""Assets/PlayMaker/Templates/tiny_dragonfly.asset""]"
Assets/Scenes/Hornet/Tut_03.unity	5966	966	Bench Control	30022a57d0796134fbc5d49b1decd4f9	11400000	"[""Assets/PlayMaker/Templates/bench_control.asset""]"
Assets/Scenes/Hornet/Tut_03.unity	6008	1593	Stun Control	2e4b6e573032075449b2ab0adc00c0b8	11400000	"[""Assets/PlayMaker/Templates/stun_control.asset""]"
Assets/Scenes/Hornet/Tut_04.unity	4253	96	FSM	1686fa2f54abca14ea6969b774a733fb	11400000	"[""Assets/PlayMaker/Templates/depress_plat.asset""]"
Assets/Scenes/Hornet/Tut_04.unity	4273	189	FSM	1686fa2f54abca14ea6969b774a733fb	11400000	"[""Assets/PlayMaker/Templates/depress_plat.asset""]"
Assets/Scenes/Hornet/Tut_04.unity	4321	465	Bench Control	30022a57d0796134fbc5d49b1decd4f9	11400000	"[""Assets/PlayMaker/Templates/bench_control.asset""]"
Assets/Scenes/Hornet/Tut_04.unity	4345	591	FSM	1686fa2f54abca14ea6969b774a733fb	11400000	"[""Assets/PlayMaker/Templates/depress_plat.asset""]"
Assets/Scenes/Hornet/Tut_04.unity	4720	1158	Bench Control	30022a57d0796134fbc5d49b1decd4f9	11400000	"[""Assets/PlayMaker/Templates/bench_control.asset""]"
Assets/Scenes/Hornet/Tut_05.unity	5984	515	Memory Control	7d494a00ad9c90740b5b46ed27aec49b	11400000	"[""Assets/PlayMaker/Templates/memory_master_control_short.asset""]"
Assets/Scenes/Hornet/Under_01.unity	7163	222	breakable_wall_v2	49ae76d885d76f0409f5e87241c2e88a	11400000	"[""Assets/PlayMaker/Templates/breakable_wall_v2.asset""]"
Assets/Scenes/Hornet/Under_01.unity	7208	752	breakable_wall_v2	49ae76d885d76f0409f5e87241c2e88a	11400000	"[""Assets/PlayMaker/Templates/breakable_wall_v2.asset""]"
Assets/Scenes/Hornet/Under_01.unity	7654	1924	multi wounder	ffe3a1a9c1e2bb94da3315cccccc4782	11400000	"[""Assets/PlayMaker/Templates/hornet_multi_wounder.asset""]"
Assets/Scenes/Hornet/Under_01.unity	7710	2083	steam_slash_effect	1f84846daa21b104a97207aebc9242c6	11400000	"[""Assets/PlayMaker/Templates/steam_slash_effect.asset""]"
Assets/Scenes/Hornet/Under_01.unity	7711	2084	steam_slash_effect	1f84846daa21b104a97207aebc9242c6	11400000	"[""Assets/PlayMaker/Templates/steam_slash_effect.asset""]"
Assets/Scenes/Hornet/Under_01b.unity	3013	827	Bench Control	30022a57d0796134fbc5d49b1decd4f9	11400000	"[""Assets/PlayMaker/Templates/bench_control.asset""]"
Assets/Scenes/Hornet/Under_01b.unity	3019	837	Bench Control	30022a57d0796134fbc5d49b1decd4f9	11400000	"[""Assets/PlayMaker/Templates/bench_control.asset""]"
Assets/Scenes/Hornet/Under_02.unity	12091	3374	hornet_multi_wounder	ffe3a1a9c1e2bb94da3315cccccc4782	11400000	"[""Assets/PlayMaker/Templates/hornet_multi_wounder.asset""]"
Assets/Scenes/Hornet/Under_02.unity	12126	2066	FSM	ffe3a1a9c1e2bb94da3315cccccc4782	11400000	"[""Assets/PlayMaker/Templates/hornet_multi_wounder.asset""]"
Assets/Scenes/Hornet/Under_02.unity	12128	2065	FSM	ffe3a1a9c1e2bb94da3315cccccc4782	11400000	"[""Assets/PlayMaker/Templates/hornet_multi_wounder.asset""]"
Assets/Scenes/Hornet/Under_03.unity	2289	644	FSM	ffe3a1a9c1e2bb94da3315cccccc4782	11400000	"[""Assets/PlayMaker/Templates/hornet_multi_wounder.asset""]"
Assets/Scenes/Hornet/Under_03.unity	2300	239	breakable_wall_v2	49ae76d885d76f0409f5e87241c2e88a	11400000	"[""Assets/PlayMaker/Templates/breakable_wall_v2.asset""]"
Assets/Scenes/Hornet/Under_03b.unity	3787	922	steam_slash_effect	1f84846daa21b104a97207aebc9242c6	11400000	"[""Assets/PlayMaker/Templates/steam_slash_effect.asset""]"
Assets/Scenes/Hornet/Under_03b.unity	3827	912	pilgrim_behaviour	5d4d1c36f09a17949a8eb0175e50b0b4	11400000	"[""Assets/PlayMaker/Templates/pilgrim_behaviour.asset""]"
Assets/Scenes/Hornet/Under_03c.unity	3772	746	multi wounder	ffe3a1a9c1e2bb94da3315cccccc4782	11400000	"[""Assets/PlayMaker/Templates/hornet_multi_wounder.asset""]"
Assets/Scenes/Hornet/Under_03d.unity	3584	1054	FSM	ffe3a1a9c1e2bb94da3315cccccc4782	11400000	"[""Assets/PlayMaker/Templates/hornet_multi_wounder.asset""]"
Assets/Scenes/Hornet/Under_03d.unity	3593	1053	FSM	ffe3a1a9c1e2bb94da3315cccccc4782	11400000	"[""Assets/PlayMaker/Templates/hornet_multi_wounder.asset""]"
Assets/Scenes/Hornet/Under_03d.unity	3653	1100	FSM	2822d5f0a56d5274594c3ab82acbe0d6	11400000	"[""Assets/PlayMaker/Templates/lowpass_audio_by_area.asset""]"
Assets/Scenes/Hornet/Under_03d.unity	4146	1151	FSM	ffe3a1a9c1e2bb94da3315cccccc4782	11400000	"[""Assets/PlayMaker/Templates/hornet_multi_wounder.asset""]"
Assets/Scenes/Hornet/Under_04.unity	6375	387	breakable_wall_v2	49ae76d885d76f0409f5e87241c2e88a	11400000	"[""Assets/PlayMaker/Templates/breakable_wall_v2.asset""]"
Assets/Scenes/Hornet/Under_04.unity	6841	1668	pilgrim_behaviour	5d4d1c36f09a17949a8eb0175e50b0b4	11400000	"[""Assets/PlayMaker/Templates/pilgrim_behaviour.asset""]"
Assets/Scenes/Hornet/Under_04.unity	6897	1437	multi wounder	ffe3a1a9c1e2bb94da3315cccccc4782	11400000	"[""Assets/PlayMaker/Templates/hornet_multi_wounder.asset""]"
Assets/Scenes/Hornet/Under_04.unity	6983	1317	pilgrim_behaviour	5d4d1c36f09a17949a8eb0175e50b0b4	11400000	"[""Assets/PlayMaker/Templates/pilgrim_behaviour.asset""]"
Assets/Scenes/Hornet/Under_04.unity	7004	1064	follow_camera_bound	c332780cbeb3a264fb2eff442248d6cd	11400000	"[""Assets/PlayMaker/Templates/follow_camera_bound.asset""]"
Assets/Scenes/Hornet/Under_05.unity	7199	849	deactivate	503173c909955ae4fb67074936ed4437	11400000	"[""Assets/PlayMaker/Templates/deactivate_after_anim.asset""]"
Assets/Scenes/Hornet/Under_05.unity	7268	865	damages_enemy	646f1cde78ebf2643bdc470c690c33f5	11400000	"[""Assets/PlayMaker/Templates/damages_enemy.asset""]"
Assets/Scenes/Hornet/Under_05.unity	7766	1278	pilgrim_behaviour	5d4d1c36f09a17949a8eb0175e50b0b4	11400000	"[""Assets/PlayMaker/Templates/pilgrim_behaviour.asset""]"
Assets/Scenes/Hornet/Under_05.unity	7847	2180	hornet_multi_wounder	ffe3a1a9c1e2bb94da3315cccccc4782	11400000	"[""Assets/PlayMaker/Templates/hornet_multi_wounder.asset""]"
Assets/Scenes/Hornet/Under_05.unity	7865	1406	FSM	ffe3a1a9c1e2bb94da3315cccccc4782	11400000	"[""Assets/PlayMaker/Templates/hornet_multi_wounder.asset""]"
Assets/Scenes/Hornet/Under_05.unity	7867	1405	FSM	ffe3a1a9c1e2bb94da3315cccccc4782	11400000	"[""Assets/PlayMaker/Templates/hornet_multi_wounder.asset""]"
Assets/Scenes/Hornet/Under_05.unity	7869	1404	FSM	ffe3a1a9c1e2bb94da3315cccccc4782	11400000	"[""Assets/PlayMaker/Templates/hornet_multi_wounder.asset""]"
Assets/Scenes/Hornet/Under_06.unity	5499	1093	steam_slash_effect	1f84846daa21b104a97207aebc9242c6	11400000	"[""Assets/PlayMaker/Templates/steam_slash_effect.asset""]"
Assets/Scenes/Hornet/Under_06.unity	5984	296	follow_camera_bound	c332780cbeb3a264fb2eff442248d6cd	11400000	"[""Assets/PlayMaker/Templates/follow_camera_bound.asset""]"
Assets/Scenes/Hornet/Under_06.unity	5985	202	follow_camera_bound	c332780cbeb3a264fb2eff442248d6cd	11400000	"[""Assets/PlayMaker/Templates/follow_camera_bound.asset""]"
Assets/Scenes/Hornet/Under_06.unity	6079	1024	steam_slash_effect	1f84846daa21b104a97207aebc9242c6	11400000	"[""Assets/PlayMaker/Templates/steam_slash_effect.asset""]"
Assets/Scenes/Hornet/Under_06.unity	6080	1023	steam_slash_effect	1f84846daa21b104a97207aebc9242c6	11400000	"[""Assets/PlayMaker/Templates/steam_slash_effect.asset""]"
Assets/Scenes/Hornet/Under_06.unity	6081	1030	steam_slash_effect	1f84846daa21b104a97207aebc9242c6	11400000	"[""Assets/PlayMaker/Templates/steam_slash_effect.asset""]"
Assets/Scenes/Hornet/Under_06.unity	6082	1029	steam_slash_effect	1f84846daa21b104a97207aebc9242c6	11400000	"[""Assets/PlayMaker/Templates/steam_slash_effect.asset""]"
Assets/Scenes/Hornet/Under_06.unity	6083	1028	steam_slash_effect	1f84846daa21b104a97207aebc9242c6	11400000	"[""Assets/PlayMaker/Templates/steam_slash_effect.asset""]"
Assets/Scenes/Hornet/Under_06.unity	6084	1025	steam_slash_effect	1f84846daa21b104a97207aebc9242c6	11400000	"[""Assets/PlayMaker/Templates/steam_slash_effect.asset""]"
Assets/Scenes/Hornet/Under_07.unity	4519	257	Control	8bee19c934eb0084296d3c6d8a9b99de	11400000	"[""Assets/PlayMaker/Templates/steam_vent_gate.asset""]"
Assets/Scenes/Hornet/Under_07.unity	4530	412	steam_slash_effect	1f84846daa21b104a97207aebc9242c6	11400000	"[""Assets/PlayMaker/Templates/steam_slash_effect.asset""]"
Assets/Scenes/Hornet/Under_07.unity	4532	432	Control	8bee19c934eb0084296d3c6d8a9b99de	11400000	"[""Assets/PlayMaker/Templates/steam_vent_gate.asset""]"
Assets/Scenes/Hornet/Under_07.unity	4540	469	steam_slash_effect	1f84846daa21b104a97207aebc9242c6	11400000	"[""Assets/PlayMaker/Templates/steam_slash_effect.asset""]"
Assets/Scenes/Hornet/Under_07.unity	4984	872	pilgrim_behaviour	5d4d1c36f09a17949a8eb0175e50b0b4	11400000	"[""Assets/PlayMaker/Templates/pilgrim_behaviour.asset""]"
Assets/Scenes/Hornet/Under_07.unity	5024	963	FSM	ffe3a1a9c1e2bb94da3315cccccc4782	11400000	"[""Assets/PlayMaker/Templates/hornet_multi_wounder.asset""]"
Assets/Scenes/Hornet/Under_07.unity	5100	816	steam_slash_effect	1f84846daa21b104a97207aebc9242c6	11400000	"[""Assets/PlayMaker/Templates/steam_slash_effect.asset""]"
Assets/Scenes/Hornet/Under_07.unity	5101	818	steam_slash_effect	1f84846daa21b104a97207aebc9242c6	11400000	"[""Assets/PlayMaker/Templates/steam_slash_effect.asset""]"
Assets/Scenes/Hornet/Under_07.unity	5102	817	steam_slash_effect	1f84846daa21b104a97207aebc9242c6	11400000	"[""Assets/PlayMaker/Templates/steam_slash_effect.asset""]"
Assets/Scenes/Hornet/Under_07b.unity	3656	152	Bench Control	30022a57d0796134fbc5d49b1decd4f9	11400000	"[""Assets/PlayMaker/Templates/bench_control.asset""]"
Assets/Scenes/Hornet/Under_07c.unity	7010	2081	FSM	ffe3a1a9c1e2bb94da3315cccccc4782	11400000	"[""Assets/PlayMaker/Templates/hornet_multi_wounder.asset""]"
Assets/Scenes/Hornet/Under_07c.unity	7021	2082	FSM	ffe3a1a9c1e2bb94da3315cccccc4782	11400000	"[""Assets/PlayMaker/Templates/hornet_multi_wounder.asset""]"
Assets/Scenes/Hornet/Under_07c.unity	7043	2080	FSM	ffe3a1a9c1e2bb94da3315cccccc4782	11400000	"[""Assets/PlayMaker/Templates/hornet_multi_wounder.asset""]"
Assets/Scenes/Hornet/Under_07c.unity	7052	2079	FSM	ffe3a1a9c1e2bb94da3315cccccc4782	11400000	"[""Assets/PlayMaker/Templates/hornet_multi_wounder.asset""]"
Assets/Scenes/Hornet/Under_07c.unity	7091	2078	FSM	ffe3a1a9c1e2bb94da3315cccccc4782	11400000	"[""Assets/PlayMaker/Templates/hornet_multi_wounder.asset""]"
Assets/Scenes/Hornet/Under_07c.unity	7097	2077	FSM	ffe3a1a9c1e2bb94da3315cccccc4782	11400000	"[""Assets/PlayMaker/Templates/hornet_multi_wounder.asset""]"
Assets/Scenes/Hornet/Under_07c.unity	7106	776	breakable_wall_v2	49ae76d885d76f0409f5e87241c2e88a	11400000	"[""Assets/PlayMaker/Templates/breakable_wall_v2.asset""]"
Assets/Scenes/Hornet/Under_07c.unity	7107	2076	FSM	ffe3a1a9c1e2bb94da3315cccccc4782	11400000	"[""Assets/PlayMaker/Templates/hornet_multi_wounder.asset""]"
Assets/Scenes/Hornet/Under_07c.unity	7116	2074	FSM	ffe3a1a9c1e2bb94da3315cccccc4782	11400000	"[""Assets/PlayMaker/Templates/hornet_multi_wounder.asset""]"
Assets/Scenes/Hornet/Under_07c.unity	7124	2073	FSM	ffe3a1a9c1e2bb94da3315cccccc4782	11400000	"[""Assets/PlayMaker/Templates/hornet_multi_wounder.asset""]"
Assets/Scenes/Hornet/Under_07c.unity	7133	2075	FSM	ffe3a1a9c1e2bb94da3315cccccc4782	11400000	"[""Assets/PlayMaker/Templates/hornet_multi_wounder.asset""]"
Assets/Scenes/Hornet/Under_07c.unity	7681	1845	pilgrim_behaviour	5d4d1c36f09a17949a8eb0175e50b0b4	11400000	"[""Assets/PlayMaker/Templates/pilgrim_behaviour.asset""]"
Assets/Scenes/Hornet/Under_07c.unity	7766	1612	multi wounder	ffe3a1a9c1e2bb94da3315cccccc4782	11400000	"[""Assets/PlayMaker/Templates/hornet_multi_wounder.asset""]"
Assets/Scenes/Hornet/Under_08.unity	5787	1658	FSM	ffe3a1a9c1e2bb94da3315cccccc4782	11400000	"[""Assets/PlayMaker/Templates/hornet_multi_wounder.asset""]"
Assets/Scenes/Hornet/Under_08.unity	5872	841	breakable_wall_v2	49ae76d885d76f0409f5e87241c2e88a	11400000	"[""Assets/PlayMaker/Templates/breakable_wall_v2.asset""]"
Assets/Scenes/Hornet/Under_08.unity	6581	1869	Bench Control	30022a57d0796134fbc5d49b1decd4f9	11400000	"[""Assets/PlayMaker/Templates/bench_control.asset""]"
Assets/Scenes/Hornet/Under_08.unity	6584	1877	Bench Control	30022a57d0796134fbc5d49b1decd4f9	11400000	"[""Assets/PlayMaker/Templates/bench_control.asset""]"
Assets/Scenes/Hornet/Under_08.unity	6593	1883	Bench Control	30022a57d0796134fbc5d49b1decd4f9	11400000	"[""Assets/PlayMaker/Templates/bench_control.asset""]"
Assets/Scenes/Hornet/Under_10.unity	4556	1055	pilgrim_behaviour	5d4d1c36f09a17949a8eb0175e50b0b4	11400000	"[""Assets/PlayMaker/Templates/pilgrim_behaviour.asset""]"
Assets/Scenes/Hornet/Under_10.unity	4557	1056	pilgrim_behaviour	5d4d1c36f09a17949a8eb0175e50b0b4	11400000	"[""Assets/PlayMaker/Templates/pilgrim_behaviour.asset""]"
Assets/Scenes/Hornet/Under_10.unity	4656	844	pilgrim_behaviour	5d4d1c36f09a17949a8eb0175e50b0b4	11400000	"[""Assets/PlayMaker/Templates/pilgrim_behaviour.asset""]"
Assets/Scenes/Hornet/Under_10.unity	4705	917	FSM	ffe3a1a9c1e2bb94da3315cccccc4782	11400000	"[""Assets/PlayMaker/Templates/hornet_multi_wounder.asset""]"
Assets/Scenes/Hornet/Under_10.unity	4707	916	FSM	ffe3a1a9c1e2bb94da3315cccccc4782	11400000	"[""Assets/PlayMaker/Templates/hornet_multi_wounder.asset""]"
Assets/Scenes/Hornet/Under_10.unity	4709	914	FSM	ffe3a1a9c1e2bb94da3315cccccc4782	11400000	"[""Assets/PlayMaker/Templates/hornet_multi_wounder.asset""]"
Assets/Scenes/Hornet/Under_10.unity	4711	915	FSM	ffe3a1a9c1e2bb94da3315cccccc4782	11400000	"[""Assets/PlayMaker/Templates/hornet_multi_wounder.asset""]"
Assets/Scenes/Hornet/Under_11.unity	3556	375	breakable_wall_v2	49ae76d885d76f0409f5e87241c2e88a	11400000	"[""Assets/PlayMaker/Templates/breakable_wall_v2.asset""]"
Assets/Scenes/Hornet/Under_11.unity	3857	956	steam_slash_effect	1f84846daa21b104a97207aebc9242c6	11400000	"[""Assets/PlayMaker/Templates/steam_slash_effect.asset""]"
Assets/Scenes/Hornet/Under_11.unity	3858	957	steam_slash_effect	1f84846daa21b104a97207aebc9242c6	11400000	"[""Assets/PlayMaker/Templates/steam_slash_effect.asset""]"
Assets/Scenes/Hornet/Under_11.unity	3887	944	pilgrim_behaviour	5d4d1c36f09a17949a8eb0175e50b0b4	11400000	"[""Assets/PlayMaker/Templates/pilgrim_behaviour.asset""]"
Assets/Scenes/Hornet/Under_12.unity	2100	391	FSM	ffe3a1a9c1e2bb94da3315cccccc4782	11400000	"[""Assets/PlayMaker/Templates/hornet_multi_wounder.asset""]"
Assets/Scenes/Hornet/Under_13.unity	10137	2453	Control	dffdfbd16b462044db08b6e5d24c8f6d	11400000	"[""Assets/PlayMaker/Templates/crumble_plat_liquid.asset""]"
Assets/Scenes/Hornet/Under_13.unity	10313	2645	Damage Hero	3ff80959024b2774c802f818564e033e	11400000	"[""Assets/PlayMaker/Templates/coal_region.asset""]"
Assets/Scenes/Hornet/Under_13.unity	10445	2343	pilgrim_behaviour	5d4d1c36f09a17949a8eb0175e50b0b4	11400000	"[""Assets/PlayMaker/Templates/pilgrim_behaviour.asset""]"
Assets/Scenes/Hornet/Under_13.unity	10712	2412	steam_slash_effect	1f84846daa21b104a97207aebc9242c6	11400000	"[""Assets/PlayMaker/Templates/steam_slash_effect.asset""]"
Assets/Scenes/Hornet/Under_13.unity	10713	2413	steam_slash_effect	1f84846daa21b104a97207aebc9242c6	11400000	"[""Assets/PlayMaker/Templates/steam_slash_effect.asset""]"
Assets/Scenes/Hornet/Under_13.unity	10714	2414	steam_slash_effect	1f84846daa21b104a97207aebc9242c6	11400000	"[""Assets/PlayMaker/Templates/steam_slash_effect.asset""]"
Assets/Scenes/Hornet/Under_13.unity	11036	2992	Damage Hero	3ff80959024b2774c802f818564e033e	11400000	"[""Assets/PlayMaker/Templates/coal_region.asset""]"
Assets/Scenes/Hornet/Under_13.unity	11037	2991	Damage Hero	3ff80959024b2774c802f818564e033e	11400000	"[""Assets/PlayMaker/Templates/coal_region.asset""]"
Assets/Scenes/Hornet/Under_13.unity	11038	2989	Damage Hero	3ff80959024b2774c802f818564e033e	11400000	"[""Assets/PlayMaker/Templates/coal_region.asset""]"
Assets/Scenes/Hornet/Under_13.unity	11039	2990	Damage Hero	3ff80959024b2774c802f818564e033e	11400000	"[""Assets/PlayMaker/Templates/coal_region.asset""]"
Assets/Scenes/Hornet/Under_13.unity	11040	2986	Damage Hero	3ff80959024b2774c802f818564e033e	11400000	"[""Assets/PlayMaker/Templates/coal_region.asset""]"
Assets/Scenes/Hornet/Under_13.unity	11041	2987	Damage Hero	3ff80959024b2774c802f818564e033e	11400000	"[""Assets/PlayMaker/Templates/coal_region.asset""]"
Assets/Scenes/Hornet/Under_13.unity	11042	2988	Damage Hero	3ff80959024b2774c802f818564e033e	11400000	"[""Assets/PlayMaker/Templates/coal_region.asset""]"
Assets/Scenes/Hornet/Under_14.unity	3579	524	breakable_wall_v2	49ae76d885d76f0409f5e87241c2e88a	11400000	"[""Assets/PlayMaker/Templates/breakable_wall_v2.asset""]"
Assets/Scenes/Hornet/Under_14.unity	3599	26	FSM	c332780cbeb3a264fb2eff442248d6cd	11400000	"[""Assets/PlayMaker/Templates/follow_camera_bound.asset""]"
Assets/Scenes/Hornet/Under_16.unity	2284	351	breakable_wall_v2	49ae76d885d76f0409f5e87241c2e88a	11400000	"[""Assets/PlayMaker/Templates/breakable_wall_v2.asset""]"
Assets/Scenes/Hornet/Under_16.unity	2416	611	steam_slash_effect	1f84846daa21b104a97207aebc9242c6	11400000	"[""Assets/PlayMaker/Templates/steam_slash_effect.asset""]"
Assets/Scenes/Hornet/Under_16.unity	2417	612	steam_slash_effect	1f84846daa21b104a97207aebc9242c6	11400000	"[""Assets/PlayMaker/Templates/steam_slash_effect.asset""]"
Assets/Scenes/Hornet/Under_17.unity	8514	302	map_isroom	0fa874bd0a265424880fbf25a2b42b4c	11400000	"[""Assets/PlayMaker/Templates/map_isroom.asset""]"
Assets/Scenes/Hornet/Under_17.unity	8537	777	Bench Control	30022a57d0796134fbc5d49b1decd4f9	11400000	"[""Assets/PlayMaker/Templates/bench_control.asset""]"
Assets/Scenes/Hornet/Under_17.unity	8543	2671	FSM	2822d5f0a56d5274594c3ab82acbe0d6	11400000	"[""Assets/PlayMaker/Templates/lowpass_audio_by_area.asset""]"
Assets/Scenes/Hornet/Under_17.unity	9444	2740	Control	0a90bbd7d59385641a93fc8723ca8247	11400000	"[""Assets/PlayMaker/Templates/updraft_region.asset""]"
Assets/Scenes/Hornet/Under_17.unity	9460	2718	FSM	2822d5f0a56d5274594c3ab82acbe0d6	11400000	"[""Assets/PlayMaker/Templates/lowpass_audio_by_area.asset""]"
Assets/Scenes/Hornet/Under_18.unity	9929	1402	FSM	c332780cbeb3a264fb2eff442248d6cd	11400000	"[""Assets/PlayMaker/Templates/follow_camera_bound.asset""]"
Assets/Scenes/Hornet/Under_18.unity	9933	1392	FSM	c332780cbeb3a264fb2eff442248d6cd	11400000	"[""Assets/PlayMaker/Templates/follow_camera_bound.asset""]"
Assets/Scenes/Hornet/Under_18.unity	9951	1432	FSM	c332780cbeb3a264fb2eff442248d6cd	11400000	"[""Assets/PlayMaker/Templates/follow_camera_bound.asset""]"
Assets/Scenes/Hornet/Under_18.unity	10118	2301	Control	dffdfbd16b462044db08b6e5d24c8f6d	11400000	"[""Assets/PlayMaker/Templates/crumble_plat_liquid.asset""]"
Assets/Scenes/Hornet/Under_18.unity	10120	2302	Control	dffdfbd16b462044db08b6e5d24c8f6d	11400000	"[""Assets/PlayMaker/Templates/crumble_plat_liquid.asset""]"
Assets/Scenes/Hornet/Under_18.unity	10122	2300	Control	dffdfbd16b462044db08b6e5d24c8f6d	11400000	"[""Assets/PlayMaker/Templates/crumble_plat_liquid.asset""]"
Assets/Scenes/Hornet/Under_18.unity	10124	2299	Control	dffdfbd16b462044db08b6e5d24c8f6d	11400000	"[""Assets/PlayMaker/Templates/crumble_plat_liquid.asset""]"
Assets/Scenes/Hornet/Under_18.unity	10126	2298	Control	dffdfbd16b462044db08b6e5d24c8f6d	11400000	"[""Assets/PlayMaker/Templates/crumble_plat_liquid.asset""]"
Assets/Scenes/Hornet/Under_18.unity	10512	1515	Control	8b56ec0cfd65cc947973c77e650d446d	11400000	"[""Assets/PlayMaker/Templates/harpoon_ring.asset""]"
Assets/Scenes/Hornet/Under_18.unity	10514	1514	Control	8b56ec0cfd65cc947973c77e650d446d	11400000	"[""Assets/PlayMaker/Templates/harpoon_ring.asset""]"
Assets/Scenes/Hornet/Under_18.unity	10516	1512	Control	8b56ec0cfd65cc947973c77e650d446d	11400000	"[""Assets/PlayMaker/Templates/harpoon_ring.asset""]"
Assets/Scenes/Hornet/Under_18.unity	10518	1513	Control	8b56ec0cfd65cc947973c77e650d446d	11400000	"[""Assets/PlayMaker/Templates/harpoon_ring.asset""]"
Assets/Scenes/Hornet/Under_18.unity	10530	2200	pilgrim_behaviour	5d4d1c36f09a17949a8eb0175e50b0b4	11400000	"[""Assets/PlayMaker/Templates/pilgrim_behaviour.asset""]"
Assets/Scenes/Hornet/Under_18.unity	10755	1721	pilgrim_behaviour	5d4d1c36f09a17949a8eb0175e50b0b4	11400000	"[""Assets/PlayMaker/Templates/pilgrim_behaviour.asset""]"
Assets/Scenes/Hornet/Under_18.unity	10856	2862	hornet_multi_wounder	ffe3a1a9c1e2bb94da3315cccccc4782	11400000	"[""Assets/PlayMaker/Templates/hornet_multi_wounder.asset""]"
Assets/Scenes/Hornet/Under_18.unity	10897	1912	FSM	ffe3a1a9c1e2bb94da3315cccccc4782	11400000	"[""Assets/PlayMaker/Templates/hornet_multi_wounder.asset""]"
Assets/Scenes/Hornet/Under_18.unity	10899	1911	FSM	ffe3a1a9c1e2bb94da3315cccccc4782	11400000	"[""Assets/PlayMaker/Templates/hornet_multi_wounder.asset""]"
Assets/Scenes/Hornet/Under_18.unity	10909	2737	Control	8b56ec0cfd65cc947973c77e650d446d	11400000	"[""Assets/PlayMaker/Templates/harpoon_ring.asset""]"
Assets/Scenes/Hornet/Under_19.unity	7047	350	FSM	c332780cbeb3a264fb2eff442248d6cd	11400000	"[""Assets/PlayMaker/Templates/follow_camera_bound.asset""]"
Assets/Scenes/Hornet/Under_19.unity	7099	756	FSM	c332780cbeb3a264fb2eff442248d6cd	11400000	"[""Assets/PlayMaker/Templates/follow_camera_bound.asset""]"
Assets/Scenes/Hornet/Under_19.unity	7198	1570	Control	dffdfbd16b462044db08b6e5d24c8f6d	11400000	"[""Assets/PlayMaker/Templates/crumble_plat_liquid.asset""]"
Assets/Scenes/Hornet/Under_19.unity	7200	1569	Control	dffdfbd16b462044db08b6e5d24c8f6d	11400000	"[""Assets/PlayMaker/Templates/crumble_plat_liquid.asset""]"
Assets/Scenes/Hornet/Under_19.unity	7202	1568	Control	dffdfbd16b462044db08b6e5d24c8f6d	11400000	"[""Assets/PlayMaker/Templates/crumble_plat_liquid.asset""]"
Assets/Scenes/Hornet/Under_19.unity	7204	1567	Control	dffdfbd16b462044db08b6e5d24c8f6d	11400000	"[""Assets/PlayMaker/Templates/crumble_plat_liquid.asset""]"
Assets/Scenes/Hornet/Under_19.unity	7206	1566	Control	dffdfbd16b462044db08b6e5d24c8f6d	11400000	"[""Assets/PlayMaker/Templates/crumble_plat_liquid.asset""]"
Assets/Scenes/Hornet/Under_19.unity	7208	1565	Control	dffdfbd16b462044db08b6e5d24c8f6d	11400000	"[""Assets/PlayMaker/Templates/crumble_plat_liquid.asset""]"
Assets/Scenes/Hornet/Under_19.unity	7372	1775	Damage Hero	3ff80959024b2774c802f818564e033e	11400000	"[""Assets/PlayMaker/Templates/coal_region.asset""]"
Assets/Scenes/Hornet/Under_19.unity	7373	1774	Damage Hero	3ff80959024b2774c802f818564e033e	11400000	"[""Assets/PlayMaker/Templates/coal_region.asset""]"
Assets/Scenes/Hornet/Under_19.unity	7374	1777	Damage Hero	3ff80959024b2774c802f818564e033e	11400000	"[""Assets/PlayMaker/Templates/coal_region.asset""]"
Assets/Scenes/Hornet/Under_19.unity	7375	1776	Damage Hero	3ff80959024b2774c802f818564e033e	11400000	"[""Assets/PlayMaker/Templates/coal_region.asset""]"
Assets/Scenes/Hornet/Under_19.unity	7376	1773	Damage Hero	3ff80959024b2774c802f818564e033e	11400000	"[""Assets/PlayMaker/Templates/coal_region.asset""]"
Assets/Scenes/Hornet/Under_19.unity	7377	1771	Damage Hero	3ff80959024b2774c802f818564e033e	11400000	"[""Assets/PlayMaker/Templates/coal_region.asset""]"
Assets/Scenes/Hornet/Under_19.unity	7378	1772	Damage Hero	3ff80959024b2774c802f818564e033e	11400000	"[""Assets/PlayMaker/Templates/coal_region.asset""]"
Assets/Scenes/Hornet/Under_19.unity	7455	1481	pilgrim_behaviour	5d4d1c36f09a17949a8eb0175e50b0b4	11400000	"[""Assets/PlayMaker/Templates/pilgrim_behaviour.asset""]"
Assets/Scenes/Hornet/Under_19.unity	7567	973	pilgrim_behaviour	5d4d1c36f09a17949a8eb0175e50b0b4	11400000	"[""Assets/PlayMaker/Templates/pilgrim_behaviour.asset""]"
Assets/Scenes/Hornet/Under_19b.unity	6302	1518	Damage Hero	3ff80959024b2774c802f818564e033e	11400000	"[""Assets/PlayMaker/Templates/coal_region.asset""]"
Assets/Scenes/Hornet/Under_19b.unity	6303	1517	Damage Hero	3ff80959024b2774c802f818564e033e	11400000	"[""Assets/PlayMaker/Templates/coal_region.asset""]"
Assets/Scenes/Hornet/Under_19b.unity	6304	1516	Damage Hero	3ff80959024b2774c802f818564e033e	11400000	"[""Assets/PlayMaker/Templates/coal_region.asset""]"
Assets/Scenes/Hornet/Under_19b.unity	6305	1515	Damage Hero	3ff80959024b2774c802f818564e033e	11400000	"[""Assets/PlayMaker/Templates/coal_region.asset""]"
Assets/Scenes/Hornet/Under_19b.unity	6537	989	FSM	ffe3a1a9c1e2bb94da3315cccccc4782	11400000	"[""Assets/PlayMaker/Templates/hornet_multi_wounder.asset""]"
Assets/Scenes/Hornet/Under_20.unity	4074	118	map_isroom	0fa874bd0a265424880fbf25a2b42b4c	11400000	"[""Assets/PlayMaker/Templates/map_isroom.asset""]"
Assets/Scenes/Hornet/Under_20.unity	4103	977	FSM	2822d5f0a56d5274594c3ab82acbe0d6	11400000	"[""Assets/PlayMaker/Templates/lowpass_audio_by_area.asset""]"
Assets/Scenes/Hornet/Under_20.unity	4151	599	breakable_wall_v2	49ae76d885d76f0409f5e87241c2e88a	11400000	"[""Assets/PlayMaker/Templates/breakable_wall_v2.asset""]"
Assets/Scenes/Hornet/Under_21.unity	2933	718	Damage Hero	3ff80959024b2774c802f818564e033e	11400000	"[""Assets/PlayMaker/Templates/coal_region.asset""]"
Assets/Scenes/Hornet/Under_22.unity	1427	278	Set Compass Point	50c4ce611f2eeac40a7c0f864becbd3e	11400000	"[""Assets/PlayMaker/Templates/map_set_room_compass.asset""]"
Assets/Scenes/Hornet/Under_23.unity	8691	1620	multi wounder	ffe3a1a9c1e2bb94da3315cccccc4782	11400000	"[""Assets/PlayMaker/Templates/hornet_multi_wounder.asset""]"
Assets/Scenes/Hornet/Under_23.unity	8692	1619	multi wounder	ffe3a1a9c1e2bb94da3315cccccc4782	11400000	"[""Assets/PlayMaker/Templates/hornet_multi_wounder.asset""]"
Assets/Scenes/Hornet/Under_27.unity	10930	1197	unmasker	b319384c200a3f44b91561ef10aeb54b	11400000	"[""Assets/PlayMaker/Templates/remasker.asset""]"
Assets/Scenes/Hornet/Under_27.unity	10963	1786	unmasker	b319384c200a3f44b91561ef10aeb54b	11400000	"[""Assets/PlayMaker/Templates/remasker.asset""]"
Assets/Scenes/Hornet/Under_27.unity	11475	3190	damages_enemy	646f1cde78ebf2643bdc470c690c33f5	11400000	"[""Assets/PlayMaker/Templates/damages_enemy.asset""]"
Assets/Scenes/Hornet/Under_27.unity	11498	3367	hornet_multi_wounder	ffe3a1a9c1e2bb94da3315cccccc4782	11400000	"[""Assets/PlayMaker/Templates/hornet_multi_wounder.asset""]"
Assets/Scenes/Hornet/Under_27.unity	11780	3296	deactivate	503173c909955ae4fb67074936ed4437	11400000	"[""Assets/PlayMaker/Templates/deactivate_after_anim.asset""]"
Assets/Scenes/Hornet/Under_27.unity	11801	2546	hornet_multi_wounder	ffe3a1a9c1e2bb94da3315cccccc4782	11400000	"[""Assets/PlayMaker/Templates/hornet_multi_wounder.asset""]"
Assets/Scenes/Hornet/Under_27.unity	11803	2544	hornet_multi_wounder	ffe3a1a9c1e2bb94da3315cccccc4782	11400000	"[""Assets/PlayMaker/Templates/hornet_multi_wounder.asset""]"
Assets/Scenes/Hornet/Under_27.unity	11805	2545	hornet_multi_wounder	ffe3a1a9c1e2bb94da3315cccccc4782	11400000	"[""Assets/PlayMaker/Templates/hornet_multi_wounder.asset""]"
Assets/Scenes/Hornet/Under_27.unity	11807	2547	hornet_multi_wounder	ffe3a1a9c1e2bb94da3315cccccc4782	11400000	"[""Assets/PlayMaker/Templates/hornet_multi_wounder.asset""]"
Assets/Scenes/Hornet/Ward_01.unity	6901	496	breakable_wall_v2	49ae76d885d76f0409f5e87241c2e88a	11400000	"[""Assets/PlayMaker/Templates/breakable_wall_v2.asset""]"
Assets/Scenes/Hornet/Ward_01.unity	6914	727	Bench Control	30022a57d0796134fbc5d49b1decd4f9	11400000	"[""Assets/PlayMaker/Templates/bench_control.asset""]"
Assets/Scenes/Hornet/Ward_01.unity	6942	1290	breakable_wall_v2	49ae76d885d76f0409f5e87241c2e88a	11400000	"[""Assets/PlayMaker/Templates/breakable_wall_v2.asset""]"
Assets/Scenes/Hornet/Ward_01.unity	7098	2131	Control	ebb7f868f778b6f4aae2a069121a4374	11400000	"[""Assets/PlayMaker/Templates/tracking_object.asset""]"
Assets/Scenes/Hornet/Ward_02.unity	8325	2112	Multihitter	ffe3a1a9c1e2bb94da3315cccccc4782	11400000	"[""Assets/PlayMaker/Templates/hornet_multi_wounder.asset""]"
Assets/Scenes/Hornet/Ward_02.unity	8326	2111	Multihitter	ffe3a1a9c1e2bb94da3315cccccc4782	11400000	"[""Assets/PlayMaker/Templates/hornet_multi_wounder.asset""]"
Assets/Scenes/Hornet/Ward_02_boss.unity	1190	36	Control	344ef779af4cc3645a49c4f0024feb43	11400000	"[""Assets/PlayMaker/Templates/ward_corpse_projectile.asset""]"
Assets/Scenes/Hornet/Ward_02_boss.unity	1191	37	Control	344ef779af4cc3645a49c4f0024feb43	11400000	"[""Assets/PlayMaker/Templates/ward_corpse_projectile.asset""]"
Assets/Scenes/Hornet/Ward_02_boss.unity	1192	38	Control	344ef779af4cc3645a49c4f0024feb43	11400000	"[""Assets/PlayMaker/Templates/ward_corpse_projectile.asset""]"
Assets/Scenes/Hornet/Ward_02_boss.unity	1193	133	Control	344ef779af4cc3645a49c4f0024feb43	11400000	"[""Assets/PlayMaker/Templates/ward_corpse_projectile.asset""]"
Assets/Scenes/Hornet/Ward_02_boss.unity	1194	134	Control	344ef779af4cc3645a49c4f0024feb43	11400000	"[""Assets/PlayMaker/Templates/ward_corpse_projectile.asset""]"
Assets/Scenes/Hornet/Ward_02_boss.unity	1244	156	Multihitter	ffe3a1a9c1e2bb94da3315cccccc4782	11400000	"[""Assets/PlayMaker/Templates/hornet_multi_wounder.asset""]"
Assets/Scenes/Hornet/Ward_02_boss.unity	1245	155	Multihitter	ffe3a1a9c1e2bb94da3315cccccc4782	11400000	"[""Assets/PlayMaker/Templates/hornet_multi_wounder.asset""]"
Assets/Scenes/Hornet/Ward_02b.unity	6149	1765	FSM	ffe3a1a9c1e2bb94da3315cccccc4782	11400000	"[""Assets/PlayMaker/Templates/hornet_multi_wounder.asset""]"
Assets/Scenes/Hornet/Ward_02b.unity	6204	1764	FSM	ffe3a1a9c1e2bb94da3315cccccc4782	11400000	"[""Assets/PlayMaker/Templates/hornet_multi_wounder.asset""]"
Assets/Scenes/Hornet/Ward_02b.unity	6485	1601	steam_slash_effect	1f84846daa21b104a97207aebc9242c6	11400000	"[""Assets/PlayMaker/Templates/steam_slash_effect.asset""]"
Assets/Scenes/Hornet/Ward_02b.unity	6486	1602	steam_slash_effect	1f84846daa21b104a97207aebc9242c6	11400000	"[""Assets/PlayMaker/Templates/steam_slash_effect.asset""]"
Assets/Scenes/Hornet/Ward_02b.unity	6663	1599	Multihitter	ffe3a1a9c1e2bb94da3315cccccc4782	11400000	"[""Assets/PlayMaker/Templates/hornet_multi_wounder.asset""]"
Assets/Scenes/Hornet/Ward_02b.unity	6664	1597	Multihitter	ffe3a1a9c1e2bb94da3315cccccc4782	11400000	"[""Assets/PlayMaker/Templates/hornet_multi_wounder.asset""]"
Assets/Scenes/Hornet/Ward_02b.unity	6665	1598	Multihitter	ffe3a1a9c1e2bb94da3315cccccc4782	11400000	"[""Assets/PlayMaker/Templates/hornet_multi_wounder.asset""]"
Assets/Scenes/Hornet/Ward_03.unity	11043	1603	FSM	2822d5f0a56d5274594c3ab82acbe0d6	11400000	"[""Assets/PlayMaker/Templates/lowpass_audio_by_area.asset""]"
Assets/Scenes/Hornet/Ward_03.unity	11052	873	FSM	2822d5f0a56d5274594c3ab82acbe0d6	11400000	"[""Assets/PlayMaker/Templates/lowpass_audio_by_area.asset""]"
Assets/Scenes/Hornet/Ward_03.unity	11067	3202	FSM	ffe3a1a9c1e2bb94da3315cccccc4782	11400000	"[""Assets/PlayMaker/Templates/hornet_multi_wounder.asset""]"
Assets/Scenes/Hornet/Ward_03.unity	11070	502	FSM	2822d5f0a56d5274594c3ab82acbe0d6	11400000	"[""Assets/PlayMaker/Templates/lowpass_audio_by_area.asset""]"
Assets/Scenes/Hornet/Ward_03.unity	11087	1370	FSM	2822d5f0a56d5274594c3ab82acbe0d6	11400000	"[""Assets/PlayMaker/Templates/lowpass_audio_by_area.asset""]"
Assets/Scenes/Hornet/Ward_03.unity	11108	1006	FSM	2822d5f0a56d5274594c3ab82acbe0d6	11400000	"[""Assets/PlayMaker/Templates/lowpass_audio_by_area.asset""]"
Assets/Scenes/Hornet/Ward_03.unity	11118	102	FSM	2822d5f0a56d5274594c3ab82acbe0d6	11400000	"[""Assets/PlayMaker/Templates/lowpass_audio_by_area.asset""]"
Assets/Scenes/Hornet/Ward_03.unity	11120	700	FSM	2822d5f0a56d5274594c3ab82acbe0d6	11400000	"[""Assets/PlayMaker/Templates/lowpass_audio_by_area.asset""]"
Assets/Scenes/Hornet/Ward_03.unity	11151	669	FSM	2822d5f0a56d5274594c3ab82acbe0d6	11400000	"[""Assets/PlayMaker/Templates/lowpass_audio_by_area.asset""]"
Assets/Scenes/Hornet/Ward_03.unity	11360	3288	Control	ebb7f868f778b6f4aae2a069121a4374	11400000	"[""Assets/PlayMaker/Templates/tracking_object.asset""]"
Assets/Scenes/Hornet/Ward_03.unity	11361	3156	Control	fe777cb94ae735a4fb0456cad6d27bbe	11400000	"[""Assets/PlayMaker/Templates/song_creeper.asset""]"
Assets/Scenes/Hornet/Ward_03.unity	11362	3157	Control	fe777cb94ae735a4fb0456cad6d27bbe	11400000	"[""Assets/PlayMaker/Templates/song_creeper.asset""]"
Assets/Scenes/Hornet/Ward_03.unity	11363	3158	Control	fe777cb94ae735a4fb0456cad6d27bbe	11400000	"[""Assets/PlayMaker/Templates/song_creeper.asset""]"
Assets/Scenes/Hornet/Ward_03.unity	11444	3203	Damage Hero	3ff80959024b2774c802f818564e033e	11400000	"[""Assets/PlayMaker/Templates/coal_region.asset""]"
Assets/Scenes/Hornet/Ward_03.unity	11718	2402	FSM	ffe3a1a9c1e2bb94da3315cccccc4782	11400000	"[""Assets/PlayMaker/Templates/hornet_multi_wounder.asset""]"
Assets/Scenes/Hornet/Ward_05.unity	4009	490	breakable_wall_v2	49ae76d885d76f0409f5e87241c2e88a	11400000	"[""Assets/PlayMaker/Templates/breakable_wall_v2.asset""]"
Assets/Scenes/Hornet/Ward_05.unity	4057	1113	FSM	ffe3a1a9c1e2bb94da3315cccccc4782	11400000	"[""Assets/PlayMaker/Templates/hornet_multi_wounder.asset""]"
Assets/Scenes/Hornet/Ward_06.unity	2221	340	breakable_wall_v2	49ae76d885d76f0409f5e87241c2e88a	11400000	"[""Assets/PlayMaker/Templates/breakable_wall_v2.asset""]"
Assets/Scenes/Hornet/Ward_06.unity	2249	631	hornet_multi_wounder	ffe3a1a9c1e2bb94da3315cccccc4782	11400000	"[""Assets/PlayMaker/Templates/hornet_multi_wounder.asset""]"
Assets/Scenes/Hornet/Ward_06.unity	2375	454	hornet_multi_wounder	ffe3a1a9c1e2bb94da3315cccccc4782	11400000	"[""Assets/PlayMaker/Templates/hornet_multi_wounder.asset""]"
Assets/Scenes/Hornet/Ward_06.unity	2403	514	FSM	ffe3a1a9c1e2bb94da3315cccccc4782	11400000	"[""Assets/PlayMaker/Templates/hornet_multi_wounder.asset""]"
Assets/Scenes/Hornet/Ward_06.unity	2430	689	FSM	ffe3a1a9c1e2bb94da3315cccccc4782	11400000	"[""Assets/PlayMaker/Templates/hornet_multi_wounder.asset""]"
Assets/Scenes/Hornet/Ward_06.unity	2435	671	FSM	ffe3a1a9c1e2bb94da3315cccccc4782	11400000	"[""Assets/PlayMaker/Templates/hornet_multi_wounder.asset""]"
Assets/Scenes/Hornet/Ward_06.unity	2436	672	FSM	ffe3a1a9c1e2bb94da3315cccccc4782	11400000	"[""Assets/PlayMaker/Templates/hornet_multi_wounder.asset""]"
Assets/Scenes/Hornet/Ward_06.unity	2437	677	FSM	ffe3a1a9c1e2bb94da3315cccccc4782	11400000	"[""Assets/PlayMaker/Templates/hornet_multi_wounder.asset""]"
Assets/Scenes/Hornet/Ward_06.unity	2438	676	FSM	ffe3a1a9c1e2bb94da3315cccccc4782	11400000	"[""Assets/PlayMaker/Templates/hornet_multi_wounder.asset""]"
Assets/Scenes/Hornet/Ward_06.unity	2439	675	FSM	ffe3a1a9c1e2bb94da3315cccccc4782	11400000	"[""Assets/PlayMaker/Templates/hornet_multi_wounder.asset""]"
Assets/Scenes/Hornet/Ward_06.unity	2440	674	FSM	ffe3a1a9c1e2bb94da3315cccccc4782	11400000	"[""Assets/PlayMaker/Templates/hornet_multi_wounder.asset""]"
Assets/Scenes/Hornet/Ward_06.unity	2441	673	FSM	ffe3a1a9c1e2bb94da3315cccccc4782	11400000	"[""Assets/PlayMaker/Templates/hornet_multi_wounder.asset""]"
Assets/Scenes/Hornet/Ward_06.unity	2442	682	FSM	ffe3a1a9c1e2bb94da3315cccccc4782	11400000	"[""Assets/PlayMaker/Templates/hornet_multi_wounder.asset""]"
Assets/Scenes/Hornet/Ward_06.unity	2443	681	FSM	ffe3a1a9c1e2bb94da3315cccccc4782	11400000	"[""Assets/PlayMaker/Templates/hornet_multi_wounder.asset""]"
Assets/Scenes/Hornet/Ward_06.unity	2444	680	FSM	ffe3a1a9c1e2bb94da3315cccccc4782	11400000	"[""Assets/PlayMaker/Templates/hornet_multi_wounder.asset""]"
Assets/Scenes/Hornet/Ward_06.unity	2445	679	FSM	ffe3a1a9c1e2bb94da3315cccccc4782	11400000	"[""Assets/PlayMaker/Templates/hornet_multi_wounder.asset""]"
Assets/Scenes/Hornet/Ward_06.unity	2446	678	FSM	ffe3a1a9c1e2bb94da3315cccccc4782	11400000	"[""Assets/PlayMaker/Templates/hornet_multi_wounder.asset""]"
Assets/Scenes/Hornet/Ward_06.unity	2447	685	FSM	ffe3a1a9c1e2bb94da3315cccccc4782	11400000	"[""Assets/PlayMaker/Templates/hornet_multi_wounder.asset""]"
Assets/Scenes/Hornet/Ward_06.unity	2448	683	FSM	ffe3a1a9c1e2bb94da3315cccccc4782	11400000	"[""Assets/PlayMaker/Templates/hornet_multi_wounder.asset""]"
Assets/Scenes/Hornet/Ward_06.unity	2449	684	FSM	ffe3a1a9c1e2bb94da3315cccccc4782	11400000	"[""Assets/PlayMaker/Templates/hornet_multi_wounder.asset""]"
Assets/Scenes/Hornet/Ward_07.unity	4591	1324	FSM	ffe3a1a9c1e2bb94da3315cccccc4782	11400000	"[""Assets/PlayMaker/Templates/hornet_multi_wounder.asset""]"
Assets/Scenes/Hornet/Ward_07.unity	4963	1220	Multihitter	ffe3a1a9c1e2bb94da3315cccccc4782	11400000	"[""Assets/PlayMaker/Templates/hornet_multi_wounder.asset""]"
Assets/Scenes/Hornet/Ward_07.unity	4964	1218	Multihitter	ffe3a1a9c1e2bb94da3315cccccc4782	11400000	"[""Assets/PlayMaker/Templates/hornet_multi_wounder.asset""]"
Assets/Scenes/Hornet/Ward_07.unity	4965	1219	Multihitter	ffe3a1a9c1e2bb94da3315cccccc4782	11400000	"[""Assets/PlayMaker/Templates/hornet_multi_wounder.asset""]"
Assets/Scenes/Hornet/Ward_07.unity	5046	1412	Control	8b56ec0cfd65cc947973c77e650d446d	11400000	"[""Assets/PlayMaker/Templates/harpoon_ring.asset""]"
Assets/Scenes/Hornet/Ward_09.unity	3629	934	Control	fe777cb94ae735a4fb0456cad6d27bbe	11400000	"[""Assets/PlayMaker/Templates/song_creeper.asset""]"
Assets/Scenes/Hornet/Ward_09.unity	3630	935	Control	fe777cb94ae735a4fb0456cad6d27bbe	11400000	"[""Assets/PlayMaker/Templates/song_creeper.asset""]"
Assets/Scenes/Hornet/Ward_09.unity	3770	732	FSM	ffe3a1a9c1e2bb94da3315cccccc4782	11400000	"[""Assets/PlayMaker/Templates/hornet_multi_wounder.asset""]"
Assets/Scenes/Hornet/Ward_09.unity	3771	731	FSM	ffe3a1a9c1e2bb94da3315cccccc4782	11400000	"[""Assets/PlayMaker/Templates/hornet_multi_wounder.asset""]"
Assets/Scenes/Hornet/Ward_09.unity	3772	733	FSM	ffe3a1a9c1e2bb94da3315cccccc4782	11400000	"[""Assets/PlayMaker/Templates/hornet_multi_wounder.asset""]"
Assets/Scenes/Hornet/Ward_09.unity	3773	734	FSM	ffe3a1a9c1e2bb94da3315cccccc4782	11400000	"[""Assets/PlayMaker/Templates/hornet_multi_wounder.asset""]"
Assets/Scenes/Hornet/Ward_09.unity	3774	735	FSM	ffe3a1a9c1e2bb94da3315cccccc4782	11400000	"[""Assets/PlayMaker/Templates/hornet_multi_wounder.asset""]"
Assets/Scenes/Hornet/Ward_09.unity	3775	736	FSM	ffe3a1a9c1e2bb94da3315cccccc4782	11400000	"[""Assets/PlayMaker/Templates/hornet_multi_wounder.asset""]"
Assets/Scenes/Hornet/Ward_09.unity	3874	877	sherma_anim	3278a3007d6fbb54e9f51fab8f4a4bbb	11400000	"[""Assets/PlayMaker/Templates/sherma_anim.asset""]"
Assets/Scenes/Hornet/Weave_02.unity	5724	1347	FSM	9b8ad70a25d2a1948b6322c5144d62e7	11400000	"[""Assets/PlayMaker/Templates/spin_self.asset""]"
Assets/Scenes/Hornet/Weave_02.unity	5725	1342	FSM	9b8ad70a25d2a1948b6322c5144d62e7	11400000	"[""Assets/PlayMaker/Templates/spin_self.asset""]"
Assets/Scenes/Hornet/Weave_02.unity	5726	1343	FSM	9b8ad70a25d2a1948b6322c5144d62e7	11400000	"[""Assets/PlayMaker/Templates/spin_self.asset""]"
Assets/Scenes/Hornet/Weave_02.unity	5727	1344	FSM	9b8ad70a25d2a1948b6322c5144d62e7	11400000	"[""Assets/PlayMaker/Templates/spin_self.asset""]"
Assets/Scenes/Hornet/Weave_02.unity	5728	1345	FSM	9b8ad70a25d2a1948b6322c5144d62e7	11400000	"[""Assets/PlayMaker/Templates/spin_self.asset""]"
Assets/Scenes/Hornet/Weave_02.unity	5729	1346	FSM	9b8ad70a25d2a1948b6322c5144d62e7	11400000	"[""Assets/PlayMaker/Templates/spin_self.asset""]"
Assets/Scenes/Hornet/Weave_02.unity	5763	1242	FSM	9b8ad70a25d2a1948b6322c5144d62e7	11400000	"[""Assets/PlayMaker/Templates/spin_self.asset""]"
Assets/Scenes/Hornet/Weave_02.unity	5764	1241	FSM	9b8ad70a25d2a1948b6322c5144d62e7	11400000	"[""Assets/PlayMaker/Templates/spin_self.asset""]"
Assets/Scenes/Hornet/Weave_02.unity	5765	1245	FSM	9b8ad70a25d2a1948b6322c5144d62e7	11400000	"[""Assets/PlayMaker/Templates/spin_self.asset""]"
Assets/Scenes/Hornet/Weave_02.unity	5766	1244	FSM	9b8ad70a25d2a1948b6322c5144d62e7	11400000	"[""Assets/PlayMaker/Templates/spin_self.asset""]"
Assets/Scenes/Hornet/Weave_02.unity	5767	1243	FSM	9b8ad70a25d2a1948b6322c5144d62e7	11400000	"[""Assets/PlayMaker/Templates/spin_self.asset""]"
Assets/Scenes/Hornet/Weave_02.unity	5768	1240	FSM	9b8ad70a25d2a1948b6322c5144d62e7	11400000	"[""Assets/PlayMaker/Templates/spin_self.asset""]"
Assets/Scenes/Hornet/Weave_02.unity	5879	1150	FSM	9b8ad70a25d2a1948b6322c5144d62e7	11400000	"[""Assets/PlayMaker/Templates/spin_self.asset""]"
Assets/Scenes/Hornet/Weave_02.unity	5880	1151	FSM	9b8ad70a25d2a1948b6322c5144d62e7	11400000	"[""Assets/PlayMaker/Templates/spin_self.asset""]"
Assets/Scenes/Hornet/Weave_02.unity	5881	1149	FSM	9b8ad70a25d2a1948b6322c5144d62e7	11400000	"[""Assets/PlayMaker/Templates/spin_self.asset""]"
Assets/Scenes/Hornet/Weave_02.unity	5882	1153	FSM	9b8ad70a25d2a1948b6322c5144d62e7	11400000	"[""Assets/PlayMaker/Templates/spin_self.asset""]"
Assets/Scenes/Hornet/Weave_02.unity	5883	1152	FSM	9b8ad70a25d2a1948b6322c5144d62e7	11400000	"[""Assets/PlayMaker/Templates/spin_self.asset""]"
Assets/Scenes/Hornet/Weave_02.unity	5884	1154	FSM	9b8ad70a25d2a1948b6322c5144d62e7	11400000	"[""Assets/PlayMaker/Templates/spin_self.asset""]"
Assets/Scenes/Hornet/Weave_02.unity	5903	1377	FSM	9b8ad70a25d2a1948b6322c5144d62e7	11400000	"[""Assets/PlayMaker/Templates/spin_self.asset""]"
Assets/Scenes/Hornet/Weave_02.unity	5904	1376	FSM	9b8ad70a25d2a1948b6322c5144d62e7	11400000	"[""Assets/PlayMaker/Templates/spin_self.asset""]"
Assets/Scenes/Hornet/Weave_02.unity	5905	1375	FSM	9b8ad70a25d2a1948b6322c5144d62e7	11400000	"[""Assets/PlayMaker/Templates/spin_self.asset""]"
Assets/Scenes/Hornet/Weave_02.unity	5906	1379	FSM	9b8ad70a25d2a1948b6322c5144d62e7	11400000	"[""Assets/PlayMaker/Templates/spin_self.asset""]"
Assets/Scenes/Hornet/Weave_02.unity	5907	1378	FSM	9b8ad70a25d2a1948b6322c5144d62e7	11400000	"[""Assets/PlayMaker/Templates/spin_self.asset""]"
Assets/Scenes/Hornet/Weave_02.unity	5908	1380	FSM	9b8ad70a25d2a1948b6322c5144d62e7	11400000	"[""Assets/PlayMaker/Templates/spin_self.asset""]"
Assets/Scenes/Hornet/Weave_03.unity	13810	340	FSM	a59f3c58838809c4ea7a503a108295d3	11400000	"[""Assets/PlayMaker/Templates/tiny_dragonfly.asset""]"
Assets/Scenes/Hornet/Weave_03.unity	13824	560	FSM	a59f3c58838809c4ea7a503a108295d3	11400000	"[""Assets/PlayMaker/Templates/tiny_dragonfly.asset""]"
Assets/Scenes/Hornet/Weave_03.unity	13904	1343	FSM	6df0c49e1cc1e104ca94e5fb110cefc9	11400000	"[""Assets/PlayMaker/Templates/moss_mother_double_stal_control.asset""]"
Assets/Scenes/Hornet/Weave_03.unity	13905	1373	FSM	a59f3c58838809c4ea7a503a108295d3	11400000	"[""Assets/PlayMaker/Templates/tiny_dragonfly.asset""]"
Assets/Scenes/Hornet/Weave_03.unity	13940	1639	FSM	6df0c49e1cc1e104ca94e5fb110cefc9	11400000	"[""Assets/PlayMaker/Templates/moss_mother_double_stal_control.asset""]"
Assets/Scenes/Hornet/Weave_03.unity	13958	1845	FSM	a59f3c58838809c4ea7a503a108295d3	11400000	"[""Assets/PlayMaker/Templates/tiny_dragonfly.asset""]"
Assets/Scenes/Hornet/Weave_03.unity	13960	3619	FSM	c332780cbeb3a264fb2eff442248d6cd	11400000	"[""Assets/PlayMaker/Templates/follow_camera_bound.asset""]"
Assets/Scenes/Hornet/Weave_03.unity	13963	1950	FSM	a59f3c58838809c4ea7a503a108295d3	11400000	"[""Assets/PlayMaker/Templates/tiny_dragonfly.asset""]"
Assets/Scenes/Hornet/Weave_03.unity	13979	2133	FSM	a59f3c58838809c4ea7a503a108295d3	11400000	"[""Assets/PlayMaker/Templates/tiny_dragonfly.asset""]"
Assets/Scenes/Hornet/Weave_03.unity	13997	2298	FSM	a59f3c58838809c4ea7a503a108295d3	11400000	"[""Assets/PlayMaker/Templates/tiny_dragonfly.asset""]"
Assets/Scenes/Hornet/Weave_03.unity	14030	2792	FSM	a59f3c58838809c4ea7a503a108295d3	11400000	"[""Assets/PlayMaker/Templates/tiny_dragonfly.asset""]"
Assets/Scenes/Hornet/Weave_03.unity	14079	3614	Stun Control	2e4b6e573032075449b2ab0adc00c0b8	11400000	"[""Assets/PlayMaker/Templates/stun_control.asset""]"
Assets/Scenes/Hornet/Weave_03.unity	14080	3615	Stun Control	2e4b6e573032075449b2ab0adc00c0b8	11400000	"[""Assets/PlayMaker/Templates/stun_control.asset""]"
Assets/Scenes/Hornet/Weave_03.unity	14097	3504	FSM	a59f3c58838809c4ea7a503a108295d3	11400000	"[""Assets/PlayMaker/Templates/tiny_dragonfly.asset""]"
Assets/Scenes/Hornet/Weave_03.unity	14403	3736	FSM	a59f3c58838809c4ea7a503a108295d3	11400000	"[""Assets/PlayMaker/Templates/tiny_dragonfly.asset""]"
Assets/Scenes/Hornet/Weave_03.unity	14427	4163	FSM	a59f3c58838809c4ea7a503a108295d3	11400000	"[""Assets/PlayMaker/Templates/tiny_dragonfly.asset""]"
Assets/Scenes/Hornet/Weave_03.unity	14440	3483	FSM	a59f3c58838809c4ea7a503a108295d3	11400000	"[""Assets/PlayMaker/Templates/tiny_dragonfly.asset""]"
Assets/Scenes/Hornet/Weave_03.unity	14634	3519	FSM	a59f3c58838809c4ea7a503a108295d3	11400000	"[""Assets/PlayMaker/Templates/tiny_dragonfly.asset""]"
Assets/Scenes/Hornet/Weave_03.unity	14706	3491	FSM	a59f3c58838809c4ea7a503a108295d3	11400000	"[""Assets/PlayMaker/Templates/tiny_dragonfly.asset""]"
Assets/Scenes/Hornet/Weave_03.unity	14769	3946	FSM	a59f3c58838809c4ea7a503a108295d3	11400000	"[""Assets/PlayMaker/Templates/tiny_dragonfly.asset""]"
Assets/Scenes/Hornet/Weave_03.unity	15067	4344	hornet_multi_wounder	ffe3a1a9c1e2bb94da3315cccccc4782	11400000	"[""Assets/PlayMaker/Templates/hornet_multi_wounder.asset""]"
Assets/Scenes/Hornet/Weave_05b.unity	4604	362	FSM	c332780cbeb3a264fb2eff442248d6cd	11400000	"[""Assets/PlayMaker/Templates/follow_camera_bound.asset""]"
Assets/Scenes/Hornet/Weave_05b.unity	4610	619	FSM	c332780cbeb3a264fb2eff442248d6cd	11400000	"[""Assets/PlayMaker/Templates/follow_camera_bound.asset""]"
Assets/Scenes/Hornet/Weave_05b.unity	4634	649	destroy_after_anim	2a3836a243fdb7846887c672bc1ca3c3	11400000	"[""Assets/PlayMaker/Templates/destroy_after_anim.asset""]"
Assets/Scenes/Hornet/Weave_05b.unity	4651	875	enemy_message	40a9c40cac6976f43979028f936c4871	11400000	"[""Assets/PlayMaker/Templates/enemy_message.asset""]"
Assets/Scenes/Hornet/Weave_05b.unity	4707	1196	Control	dffdfbd16b462044db08b6e5d24c8f6d	11400000	"[""Assets/PlayMaker/Templates/crumble_plat_liquid.asset""]"
Assets/Scenes/Hornet/Weave_05b.unity	4709	1195	Control	dffdfbd16b462044db08b6e5d24c8f6d	11400000	"[""Assets/PlayMaker/Templates/crumble_plat_liquid.asset""]"
Assets/Scenes/Hornet/Weave_05b.unity	4711	1194	Control	dffdfbd16b462044db08b6e5d24c8f6d	11400000	"[""Assets/PlayMaker/Templates/crumble_plat_liquid.asset""]"
Assets/Scenes/Hornet/Weave_05b.unity	4713	1193	Control	dffdfbd16b462044db08b6e5d24c8f6d	11400000	"[""Assets/PlayMaker/Templates/crumble_plat_liquid.asset""]"
Assets/Scenes/Hornet/Weave_05b.unity	4715	1192	Control	dffdfbd16b462044db08b6e5d24c8f6d	11400000	"[""Assets/PlayMaker/Templates/crumble_plat_liquid.asset""]"
Assets/Scenes/Hornet/Weave_05b.unity	4717	1191	Control	dffdfbd16b462044db08b6e5d24c8f6d	11400000	"[""Assets/PlayMaker/Templates/crumble_plat_liquid.asset""]"
Assets/Scenes/Hornet/Weave_05b.unity	4719	1190	Control	dffdfbd16b462044db08b6e5d24c8f6d	11400000	"[""Assets/PlayMaker/Templates/crumble_plat_liquid.asset""]"
Assets/Scenes/Hornet/Weave_05b.unity	4744	1047	bone_crumble_plat	db45ee5f0ebe350428ecbbe747e29ec7	11400000	"[""Assets/PlayMaker/Templates/bone_crumble_plat.asset""]"
Assets/Scenes/Hornet/Weave_05b.unity	4745	1147	FSM	9b8ad70a25d2a1948b6322c5144d62e7	11400000	"[""Assets/PlayMaker/Templates/spin_self.asset""]"
Assets/Scenes/Hornet/Weave_05b.unity	4766	1058	FSM	9b8ad70a25d2a1948b6322c5144d62e7	11400000	"[""Assets/PlayMaker/Templates/spin_self.asset""]"
Assets/Scenes/Hornet/Weave_05b.unity	4874	1000	FSM	9b8ad70a25d2a1948b6322c5144d62e7	11400000	"[""Assets/PlayMaker/Templates/spin_self.asset""]"
Assets/Scenes/Hornet/Weave_05b.unity	4884	1186	FSM	9b8ad70a25d2a1948b6322c5144d62e7	11400000	"[""Assets/PlayMaker/Templates/spin_self.asset""]"
Assets/Scenes/Hornet/Weave_05b.unity	5007	1214	FSM	ffe3a1a9c1e2bb94da3315cccccc4782	11400000	"[""Assets/PlayMaker/Templates/hornet_multi_wounder.asset""]"
Assets/Scenes/Hornet/Weave_05b.unity	5009	1213	FSM	ffe3a1a9c1e2bb94da3315cccccc4782	11400000	"[""Assets/PlayMaker/Templates/hornet_multi_wounder.asset""]"
Assets/Scenes/Hornet/Weave_07.unity	2409	191	Bench Control	30022a57d0796134fbc5d49b1decd4f9	11400000	"[""Assets/PlayMaker/Templates/bench_control.asset""]"
Assets/Scenes/Hornet/Weave_08.unity	11107	530	breakable_wall_v2	49ae76d885d76f0409f5e87241c2e88a	11400000	"[""Assets/PlayMaker/Templates/breakable_wall_v2.asset""]"
Assets/Scenes/Hornet/Weave_08.unity	11110	726	memory_font	1149e4704ba0dda4f9285f37a96bb6b2	11400000	"[""Assets/PlayMaker/Templates/memory_font.asset""]"
Assets/Scenes/Hornet/Weave_08.unity	11563	1937	FSM	9b8ad70a25d2a1948b6322c5144d62e7	11400000	"[""Assets/PlayMaker/Templates/spin_self.asset""]"
Assets/Scenes/Hornet/Weave_08.unity	11564	1935	FSM	9b8ad70a25d2a1948b6322c5144d62e7	11400000	"[""Assets/PlayMaker/Templates/spin_self.asset""]"
Assets/Scenes/Hornet/Weave_08.unity	11565	1936	FSM	9b8ad70a25d2a1948b6322c5144d62e7	11400000	"[""Assets/PlayMaker/Templates/spin_self.asset""]"
Assets/Scenes/Hornet/Weave_08.unity	11590	1694	FSM	9b8ad70a25d2a1948b6322c5144d62e7	11400000	"[""Assets/PlayMaker/Templates/spin_self.asset""]"
Assets/Scenes/Hornet/Weave_08.unity	11591	1693	FSM	9b8ad70a25d2a1948b6322c5144d62e7	11400000	"[""Assets/PlayMaker/Templates/spin_self.asset""]"
Assets/Scenes/Hornet/Weave_08.unity	11592	1692	FSM	9b8ad70a25d2a1948b6322c5144d62e7	11400000	"[""Assets/PlayMaker/Templates/spin_self.asset""]"
Assets/Scenes/Hornet/Weave_08.unity	11759	1495	FSM	9b8ad70a25d2a1948b6322c5144d62e7	11400000	"[""Assets/PlayMaker/Templates/spin_self.asset""]"
Assets/Scenes/Hornet/Weave_08.unity	11760	1494	FSM	9b8ad70a25d2a1948b6322c5144d62e7	11400000	"[""Assets/PlayMaker/Templates/spin_self.asset""]"
Assets/Scenes/Hornet/Weave_08.unity	11761	1496	FSM	9b8ad70a25d2a1948b6322c5144d62e7	11400000	"[""Assets/PlayMaker/Templates/spin_self.asset""]"
Assets/Scenes/Hornet/Weave_08.unity	11779	2000	FSM	9b8ad70a25d2a1948b6322c5144d62e7	11400000	"[""Assets/PlayMaker/Templates/spin_self.asset""]"
Assets/Scenes/Hornet/Weave_08.unity	11780	1999	FSM	9b8ad70a25d2a1948b6322c5144d62e7	11400000	"[""Assets/PlayMaker/Templates/spin_self.asset""]"
Assets/Scenes/Hornet/Weave_08.unity	11781	2001	FSM	9b8ad70a25d2a1948b6322c5144d62e7	11400000	"[""Assets/PlayMaker/Templates/spin_self.asset""]"
Assets/Scenes/Hornet/Weave_11.unity	4499	569	FSM	a59f3c58838809c4ea7a503a108295d3	11400000	"[""Assets/PlayMaker/Templates/tiny_dragonfly.asset""]"
Assets/Scenes/Hornet/Weave_11.unity	4564	964	Control	a59f3c58838809c4ea7a503a108295d3	11400000	"[""Assets/PlayMaker/Templates/tiny_dragonfly.asset""]"
Assets/Scenes/Hornet/Weave_11.unity	4760	979	Control	a59f3c58838809c4ea7a503a108295d3	11400000	"[""Assets/PlayMaker/Templates/tiny_dragonfly.asset""]"
Assets/Scenes/Hornet/Wisp_04.unity	3545	474	Bench Control	30022a57d0796134fbc5d49b1decd4f9	11400000	"[""Assets/PlayMaker/Templates/bench_control.asset""]"
Assets/Scenes/Hornet/Wisp_05.unity	3409	349	breakable_wall_v2	49ae76d885d76f0409f5e87241c2e88a	11400000	"[""Assets/PlayMaker/Templates/breakable_wall_v2.asset""]"
Assets/Scenes/Hornet/Wisp_05.unity	3491	1109	tilt_plat	a40d78acbe179ad4a90e9b9d77d082be	11400000	"[""Assets/PlayMaker/Templates/tilt_plat.asset""]"
Assets/Scenes/Hornet/Wisp_07.unity	9237	392	destroy_after_anim	2a3836a243fdb7846887c672bc1ca3c3	11400000	"[""Assets/PlayMaker/Templates/destroy_after_anim.asset""]"
Assets/Scenes/Hornet/Wisp_07.unity	9259	382	FSM	2822d5f0a56d5274594c3ab82acbe0d6	11400000	"[""Assets/PlayMaker/Templates/lowpass_audio_by_area.asset""]"
Assets/Scenes/Hornet/Wisp_07.unity	9261	1169	breakable_wall_v2	49ae76d885d76f0409f5e87241c2e88a	11400000	"[""Assets/PlayMaker/Templates/breakable_wall_v2.asset""]"
Assets/Scenes/Hornet/Wisp_07.unity	9749	1532	Control	dffdfbd16b462044db08b6e5d24c8f6d	11400000	"[""Assets/PlayMaker/Templates/crumble_plat_liquid.asset""]"
Assets/Scenes/Hornet/Wisp_07.unity	9751	1533	Control	dffdfbd16b462044db08b6e5d24c8f6d	11400000	"[""Assets/PlayMaker/Templates/crumble_plat_liquid.asset""]"
Assets/Scenes/Hornet/Wisp_07.unity	9753	1534	Control	dffdfbd16b462044db08b6e5d24c8f6d	11400000	"[""Assets/PlayMaker/Templates/crumble_plat_liquid.asset""]"
Assets/Scenes/Hornet/Wisp_07.unity	9959	2836	Control	8af2ea298b8ed3d41a5eb7d1769ea37e	11400000	"[""Assets/PlayMaker/Templates/crumble_plat_hero_shover.asset""]"
Assets/Scenes/Hornet/Wisp_07.unity	9961	2838	Control	8af2ea298b8ed3d41a5eb7d1769ea37e	11400000	"[""Assets/PlayMaker/Templates/crumble_plat_hero_shover.asset""]"
Assets/Scenes/Hornet/Wisp_07.unity	9963	2837	Control	8af2ea298b8ed3d41a5eb7d1769ea37e	11400000	"[""Assets/PlayMaker/Templates/crumble_plat_hero_shover.asset""]"
Assets/Scenes/Hornet/Wisp_09.unity	3052	302	breakable_wall_v2	49ae76d885d76f0409f5e87241c2e88a	11400000	"[""Assets/PlayMaker/Templates/breakable_wall_v2.asset""]"
Assets/Scenes/Hornet/Wisp_09.unity	3062	600	breakable_wall_v2	49ae76d885d76f0409f5e87241c2e88a	11400000	"[""Assets/PlayMaker/Templates/breakable_wall_v2.asset""]"
Assets/Scenes/Hornet/Wisp_09.unity	3240	799	hornet_multi_wounder	ffe3a1a9c1e2bb94da3315cccccc4782	11400000	"[""Assets/PlayMaker/Templates/hornet_multi_wounder.asset""]"
Assets/Scenes/Hornet/Wisp_09.unity	3253	951	FSM	ffe3a1a9c1e2bb94da3315cccccc4782	11400000	"[""Assets/PlayMaker/Templates/hornet_multi_wounder.asset""]"
Assets/Scenes/Hornet/Wisp_09.unity	3255	952	FSM	ffe3a1a9c1e2bb94da3315cccccc4782	11400000	"[""Assets/PlayMaker/Templates/hornet_multi_wounder.asset""]"
Assets/Scenes/Menu_Credits.unity	6013	302	FSM	6d6797e906b8e734cbee4d3a9df9acbc	11400000	"[""Assets/PlayMaker/Templates/color_fader.asset""]"
Assets/Scenes/Menu_Credits.unity	6028	342	FSM	6d6797e906b8e734cbee4d3a9df9acbc	11400000	"[""Assets/PlayMaker/Templates/color_fader.asset""]"
Assets/Scenes/Menu_Credits.unity	6059	232	FSM	6d6797e906b8e734cbee4d3a9df9acbc	11400000	"[""Assets/PlayMaker/Templates/color_fader.asset""]"
Assets/Scenes/Menu_Credits.unity	6077	61	FSM	6d6797e906b8e734cbee4d3a9df9acbc	11400000	"[""Assets/PlayMaker/Templates/color_fader.asset""]"
Assets/Scenes/Menu_Credits.unity	6092	117	FSM	6d6797e906b8e734cbee4d3a9df9acbc	11400000	"[""Assets/PlayMaker/Templates/color_fader.asset""]"
Assets/Scenes/Menu_Credits.unity	6096	159	FSM	6d6797e906b8e734cbee4d3a9df9acbc	11400000	"[""Assets/PlayMaker/Templates/color_fader.asset""]"
Assets/Scenes/Menu_Credits.unity	6406	680	FSM	6d6797e906b8e734cbee4d3a9df9acbc	11400000	"[""Assets/PlayMaker/Templates/color_fader.asset""]"
Assets/Scenes/Menu_Title.unity	16577	587	health_display	2038f60e57c13b24cb78d3bc875f3b64	11400000	"[""Assets/PlayMaker/Templates/health_display.asset""]"
Assets/Scenes/Menu_Title.unity	16583	594	health_display	2038f60e57c13b24cb78d3bc875f3b64	11400000	"[""Assets/PlayMaker/Templates/health_display.asset""]"
Assets/Scenes/Menu_Title.unity	17259	889	Geo Sprite	30d1b5c991913584ea172d40633ceb41	11400000	"[""Assets/PlayMaker/Templates/geo_sprite_hud.asset""]"
Assets/Scenes/Menu_Title.unity	17315	1124	Geo Sprite	30d1b5c991913584ea172d40633ceb41	11400000	"[""Assets/PlayMaker/Templates/geo_sprite_hud.asset""]"
Assets/Scenes/Menu_Title.unity	17321	897	Geo Sprite	30d1b5c991913584ea172d40633ceb41	11400000	"[""Assets/PlayMaker/Templates/geo_sprite_hud.asset""]"
Assets/Scenes/Menu_Title.unity	17660	1455	FSM	507f1d82575f6db4180930011bef4353	11400000	"[""Assets/PlayMaker/Templates/health_barbed_wire.asset""]"
Assets/Scenes/Menu_Title.unity	17675	554	Inventory Proxy	a1325dc212777ad41a004c4d0442f194	11400000	"[""Assets/PlayMaker/Templates/inventory_proxy.asset""]"
Assets/Scenes/Menu_Title.unity	17809	1101	UI List GetInput	adc8ab88c5570644ab06d5bbf565910e	11400000	"[""Assets/PlayMaker/Templates/ui_list_getinput.asset""]"
Assets/Scenes/Menu_Title.unity	17830	1100	UI List GetInput	adc8ab88c5570644ab06d5bbf565910e	11400000	"[""Assets/PlayMaker/Templates/ui_list_getinput.asset""]"
Assets/Scenes/Menu_Title.unity	17958	1137	Animation	3dea9d4a04d0a4e459d665633d4c8fd3	11400000	"[""Assets/PlayMaker/Templates/fractured_mask_health_display.asset""]"
Assets/Scenes/Menu_Title.unity	17986	1491	Geo Sprite	30d1b5c991913584ea172d40633ceb41	11400000	"[""Assets/PlayMaker/Templates/geo_sprite_hud.asset""]"
Assets/Scenes/Menu_Title.unity	17993	1195	Geo Sprite	30d1b5c991913584ea172d40633ceb41	11400000	"[""Assets/PlayMaker/Templates/geo_sprite_hud.asset""]"
Assets/Scenes/Menu_Title.unity	18108	1010	Geo Sprite	30d1b5c991913584ea172d40633ceb41	11400000	"[""Assets/PlayMaker/Templates/geo_sprite_hud.asset""]"
Assets/Scenes/Menu_Title.unity	19905	2904	FSM	507f1d82575f6db4180930011bef4353	11400000	"[""Assets/PlayMaker/Templates/health_barbed_wire.asset""]"
Assets/Scenes/Menu_Title.unity	20207	1059	Inventory Proxy	a1325dc212777ad41a004c4d0442f194	11400000	"[""Assets/PlayMaker/Templates/inventory_proxy.asset""]"
Assets/Scenes/Menu_Title.unity	20680	1101	Inventory Proxy	a1325dc212777ad41a004c4d0442f194	11400000	"[""Assets/PlayMaker/Templates/inventory_proxy.asset""]"
Assets/Scenes/Menu_Title.unity	20938	1308	Inventory Proxy	a1325dc212777ad41a004c4d0442f194	11400000	"[""Assets/PlayMaker/Templates/inventory_proxy.asset""]"
Assets/Scenes/Menu_Title.unity	21009	562	Inventory Proxy	a1325dc212777ad41a004c4d0442f194	11400000	"[""Assets/PlayMaker/Templates/inventory_proxy.asset""]"
Assets/Scenes/Menu_Title.unity	21731	1100	Inventory Proxy	a1325dc212777ad41a004c4d0442f194	11400000	"[""Assets/PlayMaker/Templates/inventory_proxy.asset""]"
Assets/Scenes/Menu_Title.unity	22077	1212	Inventory Proxy	a1325dc212777ad41a004c4d0442f194	11400000	"[""Assets/PlayMaker/Templates/inventory_proxy.asset""]"
