source	guid	sha256	bytes	lines	game_objects	mono_behaviours	fsms	sprite_renderers	animators	audio_sources	colliders_2d	prefab_instances
Assets/Animations/Belltown House Anim.prefab	9e1682bdff894734fb9406cf7e8c826c	2c06eb1524142354c6123e9c2c507845dba1b640004b7776951d39b9a4929919	9738	317	1	1	0	0	0	0	0	0
Assets/Animations/Blue Assistant Anim.prefab	0cd69212f73076a4599274eac239fdb6	82d23944beb0a4ab37f698d6c2a4113ea4b5cf787fcd4d9f999f9b82dd2e06a0	14842	495	1	1	0	0	0	0	0	0
Assets/Animations/Bone Worm BlueTurret Anim.prefab	c4bd2f7a9ae309347ac275a569d2fd3d	e0951e2fac9d585fe7258910158a57ecb095fe5bd111a04af103013d40c366ea	7975	268	1	1	0	0	0	0	0	0
Assets/Animations/Bosses/Clover Dancers Anim.prefab	cd6e444397decbb488e7787f0907a081	5b007095ffef43501434be320295c5595fb36e935d6fd8a140458d9f8baaf02f	44883	1485	1	1	0	0	0	0	0	0
Assets/Animations/Bosses/Hornet Boss Anim.prefab	311581a1787edca4793d0748a7a27b3b	1733e2d3d94d9e20a4870c88adec1c644b0976008a833cbfb72a0bb8f07455bf	68496	2236	1	1	0	0	0	0	0	0
Assets/Animations/Bosses/Mantis Lords Anim.prefab	80098b07d39cac44795f8aaa0f01ce57	51990fc059212782f4974d3ec96508d2e9b980f2a6cad7ddd3c80f395c42a283	29577	1378	1	1	0	0	0	0	0	0
Assets/Animations/Bosses/Mossbone Mother Anim.prefab	dcbd0db2864628546813d41f3feb8dbb	fc57119a44d2aeb9139914d6924e11ffe9d0789e2ea981b4bbd370ce18f73f5b	15774	529	1	1	0	0	0	0	0	0
Assets/Animations/Charm Effect Anim.prefab	c142a5e680ac15c47bc63cb853102a66	d592bf4538a5a27635f6e20a96ba9b9c1fe2efa61db4e4a7b14ceae58776d60d	2587	88	1	1	0	0	0	0	0	0
Assets/Animations/Clockwork Dancers Anim.prefab	6da8f724a120c0f4e86a1558be022311	b9ed0f61071f86fa51940a1ab6b86a62196db417e48836afa416c2bc419e9cbc	36535	1220	1	1	0	0	0	0	0	0
Assets/Animations/Crowman Dagger Anim.prefab	15587453685a4824d9a75bbfe99d1dad	22a90d38db4c5b1f451e2eff167b64105d5037a3f0f622a236bb8851ce4b0cfe	22242	735	1	1	0	0	0	0	0	0
Assets/Animations/Cutscene/Crest Get Anim.prefab	f701078811cdb2844b45667be7cc4b7e	d9d8fae360015c0888ba9813ba8773fc0ccf02ffdb1b37de3a67d11d90830ac4	17283	562	1	1	0	0	0	0	0	0
Assets/Animations/Effects/Ability Get Thread Anim.prefab	53bfeca2c4762c04890f0f09bc59d815	993526283e856938735d7a8a8d7effb2504ef57496723727d6b1d554655a8791	24854	783	1	1	0	0	0	0	0	0
Assets/Animations/Effects/Light Effects.prefab	667951fab6baccf4dac9928bcee64f4b	7009e9434be74aa04f0a3f90d7226b2e44e261358231ee9e38b9bc633110ac98	10054	324	1	1	0	0	0	0	0	0
Assets/Animations/Effects/Spatters.prefab	0cf5afee57fdf8d40ba2b3d907967fb2	7466b7e7d7e9fcabc2f9138b7aac5be34ad5695c3a3383c94d16b46a0d7cf341	6628	226	1	1	0	0	0	0	0	0
Assets/Animations/Effects/Strikes.prefab	638d37c542639964baa59bc3957cb769	159f18c401ce8c62a20011744986bcd0c3a5f3b42290e440a4f1b01b46dfb531	38215	1246	1	1	0	0	0	0	0	0
Assets/Animations/Enemies/Abyss Crawler Anim.prefab	68c4349a9b4872747a5621a6d0b63201	25d52abd76335ea8e5ede2eb9b6d0ff7a329638dca9d99e8a29221730d91ba9d	5649	192	1	1	0	0	0	0	0	0
Assets/Animations/Enemies/Abyss Tendrils Anim.prefab	e1aa8eacc7e17e142885df9c431c7ab0	b5963a4de0a3f773e0118bffbd4df468def95898d9c5d7f9896720ea3644444e	5099	170	1	1	0	0	0	0	0	0
Assets/Animations/Enemies/Aspid Hopper Anim.prefab	5942aa771126eb74384983c75ca58e99	9612a75a9e4fe936ae209e43a9195525f129806b6b6fb95bb37c0b4ec713dd82	12501	419	1	1	0	0	0	0	0	0
Assets/Animations/Enemies/Centipede Trap Anim v2.prefab	3a2e55d7e29f8d147bd156fa80dd4e27	7561a4a9bc727457506b2e4b61426f3e676f39a7b29b6358cb544c9ca9c334ef	9305	305	1	1	0	0	0	0	0	0
Assets/Animations/Enemies/Hollow Shade.prefab	d1b4a098d9b67e44eacffed51ae85713	2eab8ffd48227f9a2326301c763cc932f4d0796f99b7c34bb74680bbd3f6849e	45328	1462	1	1	0	0	0	0	0	0
Assets/Animations/Enemies/Knight Hatchling Anim.prefab	870f0033f64de6c4d93ff8b118a9e8a1	eaf2a7a025424b01e3faf23590f20734cb87215395beb07c6f3c62c2aeafda25	13422	475	1	1	0	0	0	0	0	0
Assets/Animations/Enemies/Pilgrim Bellthrower Fly Anim.prefab	6e93a24f8f992a747b2272276a8e5a61	1f682c7c6f045475f310ec2b7306e74e3c259d05610d9361fb8567690dc3aae1	14552	488	1	1	0	0	0	0	0	0
Assets/Animations/Enemies/Projectiles.prefab	b20d2d3ac57b99548b047ad9d51113fb	8fc2218066eeb30df5120984b7e8cc9450b6595927d59375394b09613f6d8f9c	5779	193	1	1	0	0	0	0	0	0
Assets/Animations/Enemies/Silk Possession Anim.prefab	730038df949db784888b74ee76fc2f0c	edea137227e71b01f7ec61c7879a25d8665bb934efb789c9ceb8fbcdf410972d	5507	182	1	1	0	0	0	0	0	0
Assets/Animations/Enemies/White Palace Fly Anim.prefab	c5aeea5bb32a3c64fa53a0d8b955892b	5d0872a048d2a7bd788ad65c020162dfdb690fa982a194bf2d260c0ad093ba0a	8095	269	1	1	0	0	0	0	0	0
Assets/Animations/Enemies/Wisp Bounce Pod Anim.prefab	6ee94cd70352862428db926f8c588bd1	bea07fdd0a7e59375ba4ac4b90a975c7f04dbbedba599879eb5e520f2feab186	3319	116	1	1	0	0	0	0	0	0
Assets/Animations/Hornet/Abyss Bounce Pod Anim.prefab	1c06119bd5e8c9845b514c7dd8e11f68	42f1a60eddff8cbc095c867a5146890f7b611edfe49cab6d581fd1313343947a	4976	169	1	1	0	0	0	0	0	0
Assets/Animations/Hornet/Hornet Heart Grab Anim.prefab	bce02dc2f0d3e544e99f5fa38bd566fa	4253e8e070a4b99bfc0a9f27510b3ca51b569804a5a61bd26143c51860605c21	11535	376	1	1	0	0	0	0	0	0
Assets/Animations/Hornet/Shellwood Bounce Bloom Anim.prefab	31a03570ca55e784983883a4823235dd	a102941abe220831e63b91ae243673e3640d47d0de104ac5924f16a431cbefc7	4456	156	1	1	0	0	0	0	0	0
Assets/Animations/Hornet/Silk Boss Arm Anim.prefab	2a9290cbd4ada144182c2ef095fe4b7c	d4b6ce3cc48b8cd1a0fe2bb912ef4ca5c6e836426a4bc4acee1fa3019dd938a8	2458	87	1	1	0	0	0	0	0	0
Assets/Animations/Hornet/Sprintmaster Bounce Pod Anim.prefab	3637cd1736b762f42b697d70189043ee	801b598759daa6298612948951e9ec834019e5065732302e7320195a382dd745	3327	116	1	1	0	0	0	0	0	0
Assets/Animations/Hornet/Tools Anim.prefab	885079ae67c2a9b4bbd8d35f355406f3	39ceb2b918c7c75855bb2698acbf22477ca955b2389381fbd790b05a62c8b8a3	142128	4625	1	1	0	0	0	0	0	0
Assets/Animations/Hornet Anim.prefab	8d639c8404afb0246ac8546ffd01975a	faab4791ae7cfec8ea60050fdf9dc75e56ab7c095f081e5a3e75de5d0d424289	24981	823	1	1	0	0	0	0	0	0
Assets/Animations/Hornet Cloakless Anim.prefab	950865ba2af47904fbfe4d641dcd8ddd	f9aedef2ef7ba921b59dafa76a8ef05e2be1242631a06f2aa1ff68e93f2e712c	228219	8015	1	1	0	0	0	0	0	0
Assets/Animations/Hornet CrestWeapon Dagger Anim.prefab	f518104135a72c34dac4ae98d74f31ee	1d0426382825fcad83eb29ff1e8cc0c99deff2c47c80825fb0c162b0b7013166	25245	824	1	1	0	0	0	0	0	0
Assets/Animations/Hornet CrestWeapon Drill Lance Anim.prefab	5c1f8a25c746cc24b8f431388f556712	816c47802d0603f1453b6def42e887817f17f453ff97373fc22b2d68c2f97ca7	30510	1007	1	1	0	0	0	0	0	0
Assets/Animations/Hornet CrestWeapon Scythe Anim.prefab	bd4367ec46da55949b7a20bf5020e62d	524dd83ed62dd9de68474aa34b648f3a0ca01f9f342ac1bf9a153d92cd40fbb0	35347	1151	1	1	0	0	0	0	0	0
Assets/Animations/Hornet CrestWeapon Shaman Anim.prefab	f64d2f9650e26484ebc524ade6cc8f02	388730904692a970bb1501b2e32ca659b28417cd4b82a403b9e7d4f52305bfd9	19545	633	1	1	0	0	0	0	0	0
Assets/Animations/Hornet CrestWeapon Warrior Anim.prefab	bc56501ace1230e4484c58993b046241	f8d408d1e111fd819fa9fb24eeb7e77429f98426c6993928b8cf02db1b7e483c	66560	2140	1	1	0	0	0	0	0	0
Assets/Animations/Hornet CrestWeapon Whip Anim.prefab	70db0ceb5bfb04443b54bb243073d0d2	39bc7e9268a09233a439db0af18f75d5150edd3108c149f03e1388d0c00651df	23168	763	1	1	0	0	0	0	0	0
Assets/Animations/Hornet Enemies/Abyss Crawler Large Anim.prefab	436a83f116b34f548aff71b382c0372e	e4e3356025e1c037afd790d5c153dbe64d2e975731eaca768e78082d08aeff38	8189	274	1	1	0	0	0	0	0	0
Assets/Animations/Hornet Enemies/Abyss Grab Tendril Anim.prefab	86f68427a277b454397059c158e37480	af42cf0c325b329a633475633b9c4f5d6c80b2b3c0571fa23055f9019131f77a	8623	282	1	1	0	0	0	0	0	0
Assets/Animations/Hornet Enemies/Abyss Mass Anim.prefab	d5ced5b5be643aa4a8e597b87923748c	a19d9ee3db027c021678f2926a1ba3862b379c0483947d55b04374701288babd	10662	347	1	1	0	0	0	0	0	0
Assets/Animations/Hornet Enemies/Arborium Keeper Anim.prefab	d8af3805873eca240933c6420704daa5	3617e4bf9b2078f80341c2416bbefb550b3bd2fb3b7c02b155f63117c113ca2c	21454	711	1	1	0	0	0	0	0	0
Assets/Animations/Hornet Enemies/Aspid Collector Anim.prefab	52f922bfd77a0ec40960004dee49fdce	63a383aa864a5b079fc3afb0d2e8bccacf51e698d79f20e17550e876c20c9ba2	21578	721	1	1	0	0	0	0	0	0
Assets/Animations/Hornet Enemies/Aspid Hatchling Anim.prefab	cf8acddbb3ef2734c91a4fbe87e364f3	eef9bce8d1d3d65543f33cc7291da6656747d9f8c792cf16cf5e9466afb25de5	10290	344	1	1	0	0	0	0	0	0
Assets/Animations/Hornet Enemies/Bell Fly Anim.prefab	e3415cabc33e0f64f932869ad731be2f	2c3d6cd51e587cf5e9da87b62b7620275a157113fe89ccd22a9afd524e72ec6a	10019	333	1	1	0	0	0	0	0	0
Assets/Animations/Hornet Enemies/Bell Goomba Anim.prefab	c6248a2f0686c554ba12a9879a7cedc5	483a704a001351142a66cd4da5b325f3a96733c503a98495347421b0dfa19e25	18827	624	1	1	0	0	0	0	0	0
Assets/Animations/Hornet Enemies/Bell Goomba Silver Anim.prefab	22f844bb28ee81c49a2aaa7a41139db5	2304fb672358bccb005d45b8a8357ebed32de707a6a8d90e0dac3cd97e1850f4	16701	554	1	1	0	0	0	0	0	0
Assets/Animations/Hornet Enemies/Blade Spider Anim.prefab	c74164513c16e1f41ab359949c2fb73f	682680c68e1e46eafe8b0b9d37bb8c75392f19d5325fa8e4e2396bc5f920b20d	16086	536	1	1	0	0	0	0	0	0
Assets/Animations/Hornet Enemies/Blade Spider Hang Anim.prefab	5e62094c881d0b04b84a6e280448bb7e	5ad9ff25c9ed94b26d23f4d7ee4cf45a94c0628ceb7e560f55f40d40a2336c6c	11928	401	1	1	0	0	0	0	0	0
Assets/Animations/Hornet Enemies/Bloat Roach Anim.prefab	5d449871b30f6f443896dd6044b3338e	c2c0b2ff8d6476750488d2773fc719b48de811c8f37f1c1541bb54fa740d3c2c	12305	413	1	1	0	0	0	0	0	0
Assets/Animations/Hornet Enemies/Bloom Puncher Anim.prefab	2874c29f88139424b91b37016d4a3aec	3c366230f529fe008a13d34287331781c65064c87864c3f529b25972ab7628b0	15016	492	1	1	0	0	0	0	0	0
Assets/Animations/Hornet Enemies/Bloom Shooter Anim.prefab	0926af1c12e81a94794ee42c2e902321	1e00482d436d1eb21538372ce9fd644e27b6303b52f64a2e6b340045efe31c5e	10119	338	1	1	0	0	0	0	0	0
Assets/Animations/Hornet Enemies/Bone Beast Anim.prefab	895816cbf01f735409ad6ff9c0dcc925	4a77f62fe5481771f857fd53ecb15fc6aa134b3880d9d744787b4876435b06bb	23237	756	1	1	0	0	0	0	0	0
Assets/Animations/Hornet Enemies/Bone Circler Anim.prefab	25e22b25dce30f14b806aa6255e5ad0c	982742bde0313957a168512238ddf95be20bdf750cef7bad07213c5f2fae001a	10846	366	1	1	0	0	0	0	0	0
Assets/Animations/Hornet Enemies/Bone Circler Vicous Anim.prefab	8fc19e12bd5437a4a8894fa2aa258fa5	574c236e4edf12475aff49597aaa03ca9a1b5a4efc0e8af0a19f8946d9656bf7	22932	745	1	1	0	0	0	0	0	0
Assets/Animations/Hornet Enemies/Bone Crawler Anim.prefab	20c144c3e24b63249addb96d1d2837f2	2afad78417612f512713ad4095ce4cf04bc6dbb1ebc9f9126770019bb4031cfd	6316	215	1	1	0	0	0	0	0	0
Assets/Animations/Hornet Enemies/Bone Flyer Anim.prefab	50025c164c414b340b44ec62e1eedc00	a5b7d27fe66126267790605ea1aa1b75b048af59d35b43aa8a5620c59d46c782	11220	378	1	1	0	0	0	0	0	0
Assets/Animations/Hornet Enemies/Bone Flyer Giant Anim.prefab	5170633b5b49d4240aa683faf516fc7a	76a1f1e1565dcc2f9bec1882fede9aca7d42095f2b4c44f50427de0f71a8d71c	18083	600	1	1	0	0	0	0	0	0
Assets/Animations/Hornet Enemies/Bone Goomba Anim.prefab	49a6118965e372941afa2542b678520f	e4b38ce8d54093d3793dca8be8088035be5b347a8ec1027310399c032f0b8f2b	11344	383	1	1	0	0	0	0	0	0
Assets/Animations/Hornet Enemies/Bone Goomba Bounce Fly Anim.prefab	09eda600006228148ac719b73ba668bb	368769cab47d46a2bcf31a5382f7023697f9831ccb342ab0ff7bd901aba6b536	4395	151	1	1	0	0	0	0	0	0
Assets/Animations/Hornet Enemies/Bone Goomba Large Anim.prefab	30df00e1f9a244d479c6c69c0f8a80f6	662644e8f012c34276529c98a2b92fc77d7ff2ce1883f5ec7e3f0cd584b2190c	15954	530	1	1	0	0	0	0	0	0
Assets/Animations/Hornet Enemies/Bone Hopper Anim.prefab	ee61b67cad5e06349a3df58c94c0a94e	45d5eea5c517696e8378e8f843b61084d2dee273041f18ddbf131b7ac4dc5561	8538	299	1	1	0	0	0	0	0	0
Assets/Animations/Hornet Enemies/Bone Hopper Giant Anim.prefab	ce55bb7e7eec66442840d8e11499a63d	d4d692c2c4cad25599f941f49855d18faf1c4cb624a0c18c0cc42a317280cf6b	22936	754	1	1	0	0	0	0	0	0
Assets/Animations/Hornet Enemies/Bone Hunter Anim.prefab	c2111edc47a371e4eaafcca58746e2c1	a9ec83c0799e02926e3cef72eb499b25c4ae121f4657c2eccfb493e2c1c1e571	50506	1675	1	1	0	0	0	0	0	0
Assets/Animations/Hornet Enemies/Bone Hunter Buzzer Anim.prefab	d103b4865c44d724fa50c4048a990020	7b17de8b4ef67b478a4b4e382bb2d3b9e61d4b06e0918906d9a741644c4994be	15324	512	1	1	0	0	0	0	0	0
Assets/Animations/Hornet Enemies/Bone Hunter Chief Anim.prefab	06e5a837af31d9c4ab58db869ac481d7	a625dab9b24dcdfb25cbb81224912fdb0ee9854c25e7311f38181c30daaab642	42445	1417	1	1	0	0	0	0	0	0
Assets/Animations/Hornet Enemies/Bone Hunter Child Anim.prefab	1a9e728fe9e4dca47b2947a33570e90b	431165f42903d450763df20a0097ca4a9b8ec1e8f2a56202532c91e0b5afd769	32177	1066	1	1	0	0	0	0	0	0
Assets/Animations/Hornet Enemies/Bone Hunter Fly Anim.prefab	9f591cad453685143bd7207be0820fe3	5e5072c66a87f3e0ee5d1a30bcafbbfdd467789b28fbd5480a0d033263691c4c	40744	1333	1	1	0	0	0	0	0	0
Assets/Animations/Hornet Enemies/Bone Hunter Throw Anim.prefab	6c0e801b3f7da6549bdfab79ed7235b4	3bceff5feddbf5c92e1f4d154e14acb9c098ecd0212af87a69fcc52f44c095fc	41589	1375	1	1	0	0	0	0	0	0
Assets/Animations/Hornet Enemies/Bone Hunter Tiny Anim.prefab	654f5b70f4b2d68468c241cac0abee79	952eb0e2bc9f68aaa727311f7f3ea6d4d7c7ae57d7c8dab28e780f1d8ed7cd38	8642	291	1	1	0	0	0	0	0	0
Assets/Animations/Hornet Enemies/Bone Hunter Trapper Anim.prefab	5bb382c83a12e854e988d92fa003c605	f1bb995e08bd84e8f0cce9200d83bc7b25ec4267760c27c216a5ee36bbca7e86	35528	1181	1	1	0	0	0	0	0	0
Assets/Animations/Hornet Enemies/Bone Hunter Trapper Barb Anim.prefab	8f3524daa7b2df94bbe3a3860c8bcf14	931d4ad9f47300dda5b445f9dbd1594647b6f8a44c2ea3ed6a434694361de5d3	4487	156	1	1	0	0	0	0	0	0
Assets/Animations/Hornet Enemies/Bone Roller Anim.prefab	38ca33a189b7fcd4bb9d75adc99c19ef	6c686971c3278b1a518d6fc5a0166736ed1cee106e4ea8322b3fbe47c80b63f9	9196	313	1	1	0	0	0	0	0	0
Assets/Animations/Hornet Enemies/Bone Spitter Anim.prefab	606f0f91e5338864a9ba0d4f2c6ff870	b31711aaf550be9d0ff9a5f29748ce38219f89986c5b03b4ac8a11f485fb7985	15814	525	1	1	0	0	0	0	0	0
Assets/Animations/Hornet Enemies/Bone Thumper Anim.prefab	09b29520b452d4849af319f2b63cf285	874a93b6744407a6747e8efa03cc5546bf6272cc3ef9c176c5393e3e2948cf41	24523	815	1	1	0	0	0	0	0	0
Assets/Animations/Hornet Enemies/Bone Worm Anim.prefab	1b0cfea28fbce1b4e9089ce325458dc1	8796c6230a68fd225185a42a5a5830f18aff7d9db07fcd7f9b4c4a98b31e21b5	6235	210	1	1	0	0	0	0	0	0
Assets/Animations/Hornet Enemies/Bone Worm BlueBlood Anim.prefab	befa33be1ccb5b54fbc194bfae5983a1	70e61b98ac5c067e3d79e0183715ff8a8249b1f9f5474affd9efc343c7ca3185	22866	727	1	1	0	0	0	0	0	0
Assets/Animations/Hornet Enemies/Citadel Bat Anim.prefab	6fcc74db0c3be4341942ee03b3f0c1d6	038264eeea107c9fb53f7dde4191de69e860d755223437f71fc08a2ff399229e	17171	571	1	1	0	0	0	0	0	0
Assets/Animations/Hornet Enemies/Citadel Bat Large Anim.prefab	2ad4e79fab5bb374dbc19622b3258df2	173970c19b55d996c91d2abb9e33a56bc43b46635f812e21835839979c60612f	20364	676	1	1	0	0	0	0	0	0
Assets/Animations/Hornet Enemies/Cloverstag Anim.prefab	d590c756ec90d7f45b087debffd7549d	f59667c3a07fdde92a6431c6d2a27c19c8cc8b69fee3f350a08c66f26f0cb2dc	12363	418	1	1	0	0	0	0	0	0
Assets/Animations/Hornet Enemies/Cloverstag White Anim.prefab	930c136e04b6eea498fe2f2d2715edcf	6365b0d408915b981106efedd8c2f76c7cc84596d8d18384974317f8eae0ad6d	29613	975	1	1	0	0	0	0	0	0
Assets/Animations/Hornet Enemies/Conductor Anim.prefab	b3567ce4f6f4ccf4488bd1ab18f8056c	8743e8c0e9cc2d23207e6dce8165eee6d62d716046284106d7cc786e9eb85b8d	11445	384	1	1	0	0	0	0	0	0
Assets/Animations/Hornet Enemies/Coral Big Jellyfish Anim.prefab	3504c5f00b6747d4eacda204a00933de	498511ece943937ae7016614e70ec89548e84403894f936b479a273a683ba605	5856	198	1	1	0	0	0	0	0	0
Assets/Animations/Hornet Enemies/Coral Brawler Anim.prefab	9a61f1964ea328646b010f235a9db45c	7a3870f8af064584da289bc9195178b08dd76400511c9936051318ac7691b0be	36639	1194	1	1	0	0	0	0	0	0
Assets/Animations/Hornet Enemies/Coral Bubble Brute Anim.prefab	fd69dd1c6d21f9941949602fe3471c43	a64cc6c5b2855bff43a53339bbb8769c031256f3c848998f8a64b141d2294a97	18067	600	1	1	0	0	0	0	0	0
Assets/Animations/Hornet Enemies/Coral Conch Driller Anim.prefab	43c9aabb8ae03034ea748995dee3cab6	e46f0d03e5b4cbbbe39cb4fd145f541146f87d81545f9095b5d0e75432aa6020	17926	590	1	1	0	0	0	0	0	0
Assets/Animations/Hornet Enemies/Coral Conch Driller Giant Anim.prefab	4750e740c5840504292790b5d0a75356	f67fd9355c85e1912e4b62328f3d340c9990f3ec49b1c1652c5481cc557977fd	27819	903	1	1	0	0	0	0	0	0
Assets/Animations/Hornet Enemies/Coral Conch Shooter Anim.prefab	5efb84ba58fb98d4e805031f77bd8110	77b3b98cb3b0f100fbd714bd5a6288a27a9225866e9b0006d65c9465d9f2e758	17431	586	1	1	0	0	0	0	0	0
Assets/Animations/Hornet Enemies/Coral Conch Shooter Heavy Anim.prefab	ae9ce1e5c6fc9b04b87e9fee889796fc	45577e8955ef82b64c91b25e93be72c85d41d5898c36708309680ba18b6875b5	14979	500	1	1	0	0	0	0	0	0
Assets/Animations/Hornet Enemies/Coral Conch Stabber Anim.prefab	f90a01058de3e584ca27a91fde84cbf7	f81c1b126f163a4869849207fb2591067643d4640b230ceec6aff6c7b502ade5	14533	488	1	1	0	0	0	0	0	0
Assets/Animations/Hornet Enemies/Coral Flyer Anim.prefab	f804b65152ff2db4bb470c787f528d2b	ad8c795e791120d738604151f7adda90badeeda7e99b7732a48e89ec8eb1198a	29547	987	1	1	0	0	0	0	0	0
Assets/Animations/Hornet Enemies/Coral Flyer Throw Anim.prefab	9f27346c85b0ae74c8550de8426208bc	eab8e665d2ad52ab3a30483d27323e3b1f5eb90fdd20b2dd3269f93dfb14cbfb	28070	901	1	1	0	0	0	0	0	0
Assets/Animations/Hornet Enemies/Coral Goomba Anim.prefab	e0afa42b7b45b99459e08a33207b1408	1c0c962612331a5851ea312d86cc370b9aa3570864c5f5ced80f028998cf21d0	11595	411	1	1	0	0	0	0	0	0
Assets/Animations/Hornet Enemies/Coral Goomba Large Anim.prefab	2fb8afd93585f1547a87ffb1287f9971	4846c6a9f411e612865e23fc858d72f8dcd39e24e9b2c489c5643b69d484d7d5	10093	351	1	1	0	0	0	0	0	0
Assets/Animations/Hornet Enemies/Coral Hunter Anim.prefab	24688b14a11c38e499b39a82130a75ad	b8d5493e82768ac64124a636093b8f59900849650f15dfb15f54dc823e26092a	27473	909	1	1	0	0	0	0	0	0
Assets/Animations/Hornet Enemies/Coral Judge Anim.prefab	da498049d0b2aa94aa9dbb6025c4975e	ba7e7c5b87d4770f5e45c8635e09dc7f7870b7d731e6ea35bf584490047f5044	31625	1070	1	1	0	0	0	0	0	0
Assets/Animations/Hornet Enemies/Coral King Anim.prefab	0913d8c63cb8b2d44ac1d6e80f3e6fd3	2ac7d6efe47e54ef3e369a005293ae9d41de907d50021429fe76fa5a3cfe7e26	41288	1381	1	1	0	0	0	0	0	0
Assets/Animations/Hornet Enemies/Coral Spike Goomba Anim.prefab	06bc33d612b04f14d9dd94d4276fdf85	0b4b08cd980f8469d6b185bf5d042b7b865340469db47253f1912583295e61e2	12197	421	1	1	0	0	0	0	0	0
Assets/Animations/Hornet Enemies/Coral Swimmers Anim.prefab	c55ca74a78bc200469a5eb3d0598b4e7	f945014bd99b9925844ca89fef04dc17514e7b2d6c08871e9a284e2437064fec	17566	578	1	1	0	0	0	0	0	0
Assets/Animations/Hornet Enemies/Coral Tendril Anim.prefab	cfdf8339cb8213f47b90cddfdb77342f	dae06eaec1fe815b83e6fc57742faf61e6724402feeeadeeff44e67d34dc8f7e	10697	369	1	1	0	0	0	0	0	0
Assets/Animations/Hornet Enemies/Coral Warrior Anim.prefab	0a19e545c46a83c43a485fb3c8a03ab9	6beb4d5cc7f3a5f42394d8172f80f33b46e171c95e0c6e098b95ebfdbb330d57	27031	910	1	1	0	0	0	0	0	0
Assets/Animations/Hornet Enemies/Coral Warrior Grey Anim.prefab	934c6f118e613db45b424134035e56bc	4567116ceaf462f9d83362eeea0388f3223e0f0cf427d06078dce02a8997cdf0	54407	1777	1	1	0	0	0	0	0	0
Assets/Animations/Hornet Enemies/Cradle Challenge Pea Anim.prefab	9408b67d3d8ca4c418421a34d57dd6b4	67353701e621d560aed385584fdebdf9906730cf25f6992b148a61d2bf9ce5a3	3990	139	1	1	0	0	0	0	0	0
Assets/Animations/Hornet Enemies/Crawfather Anim.prefab	a1746572c27f1844a9c63f17a32aa99e	45407e6e383da34229b76a86a45b0984a44fa7f865c51ca93c8d96d5f169e1b8	44760	1475	1	1	0	0	0	0	0	0
Assets/Animations/Hornet Enemies/Crow Anim.prefab	6f41e0ef66b423e4c92301d54e693ed4	136bf33bdefa90cc31f97333aea89db6b47043bbd74edef140e21f99bc26edab	29613	975	1	1	0	0	0	0	0	0
Assets/Animations/Hornet Enemies/Crowman Anim.prefab	0acf72880eece9a44b5ff1b6833778e8	e89e060eb8f53bc7bc6d17b751a1ed495c52db4cc22bebb92f82056393b69244	43562	1439	1	1	0	0	0	0	0	0
Assets/Animations/Hornet Enemies/Crowman Dagger Juror Anim.prefab	3049e12fa7fdc804b9ee295f81a784e3	76a152ca1adda984391198069937d4dbece654776679fc4ff42c3be54a0205cd	26015	862	1	1	0	0	0	0	0	0
Assets/Animations/Hornet Enemies/Crowman Juror Anim.prefab	2b069a2e8d692d4439cc75d25dd33b48	e34704c4c05474c93f671f37d8b85c2386faa177aaf772b9d34323742f4d64b5	38070	1267	1	1	0	0	0	0	0	0
Assets/Animations/Hornet Enemies/Crowman Juror Tiny Anim.prefab	b205cdf5139802b439e47d93ac72ac7b	7fe1c6ee39abcf00465bf6ad707ebd690bb964555fa2a7624a8ec05d08b1b0dc	31593	1039	1	1	0	0	0	0	0	0
Assets/Animations/Hornet Enemies/Crypt Worm Anim.prefab	e595d16724610964192ca156833d6869	1674de31ddaa910449cfc8065175ebcd553ef40666249cbcfeac7abf797091d9	14126	476	1	1	0	0	0	0	0	0
Assets/Animations/Hornet Enemies/Crystal Drifter Anim.prefab	c362b1578c5a2dc4399e426727eed7f5	ccf465d92ede18e1a6555b5ea8479e3026ac52f614041bc4ab52a098eaa2b068	8300	275	1	1	0	0	0	0	0	0
Assets/Animations/Hornet Enemies/Crystal Drifter Giant Anim.prefab	c36864da626960343be66bf5df05240a	7de0378628e12bf5298540fc39e682a69fabffc6d6dd4d2b9b095378c99fdda3	9051	303	1	1	0	0	0	0	0	0
Assets/Animations/Hornet Enemies/Dock Bomber Anim.prefab	e85c8bac8fd803f40a46eab193716564	5c95de745511a39dec0b56f20c5e023221133ad85ddc517c46ab16fbce815db4	19801	658	1	1	0	0	0	0	0	0
Assets/Animations/Hornet Enemies/Dock Charger Anim.prefab	73b39e21890483344af7af2da7215434	782c3a13d8aa3e193916e35c0cab9da3a9887c897fa35c94cbd927dad8efa383	17058	579	1	1	0	0	0	0	0	0
Assets/Animations/Hornet Enemies/Dock Flyer Anim.prefab	7b8ae16ac24287f4fa125ad7c18b35ca	d672d793f0dc362b72f4409942bc9615412bc5adb55deb3d85ec3630e51ad3b1	24121	790	1	1	0	0	0	0	0	0
Assets/Animations/Hornet Enemies/Dock Guard Anim.prefab	4b2c095e3653c1347a437a88fa3267e5	85d27045f7f782616f35cc1a127c8e17e64195a8a99e0d7a6caf386377e967f0	38516	1258	1	1	0	0	0	0	0	0
Assets/Animations/Hornet Enemies/Dock Guard Thrower.prefab	e29513a1758225346b845c08073707ae	b82c26acf74b40effd60b9569f1ccc498f49f439e4cec40407a12e5c883644c2	39546	1310	1	1	0	0	0	0	0	0
Assets/Animations/Hornet Enemies/Dock Worker Anim.prefab	0895b2daf1d0e1147bb9963fff033f38	db5493169e8cf7529224c64d7b1939359bdc3f833e83f27942d1cd01b4ec0e30	63939	2035	1	1	0	0	0	0	0	0
Assets/Animations/Hornet Enemies/Dragonfly Large Anim.prefab	37b45af2e1f2e2f449202fbba3512e9e	3d8459faf8c76d0c4e54a1571dab5aad2250482e078c3478afd64d3c27f7fe9f	7895	263	1	1	0	0	0	0	0	0
Assets/Animations/Hornet Enemies/Dustroach Anim.prefab	15459409138ad5b4baa349f93f80f629	1288e96072a1a53cfe7b24c1394459fe126a6d8950482b99309d653c6b43f104	49387	1614	1	1	0	0	0	0	0	0
Assets/Animations/Hornet Enemies/Dustroach Pollywog Anim.prefab	7b9ad4cfe0d795d49987374936ed9f2d	43e336d1f349207bca7068c1546aee3ce26c47277bc536dca02859d99e015a13	6736	227	1	1	0	0	0	0	0	0
Assets/Animations/Hornet Enemies/Farmer Catcher Anim.prefab	b21cec97ebe50714fb408df28fcb8da0	5fc53866d8cb136b104ca25bd616af823b336a1dc8cbcfb006d19124276b97ab	23904	797	1	1	0	0	0	0	0	0
Assets/Animations/Hornet Enemies/Farmer Centipede Anim.prefab	f8353e86980642d408e54f29ede4896a	7bcc85f13abba4ffa59e692a98b31de2c47fe502ab7bcfb94bd464135b7eea77	29837	981	1	1	0	0	0	0	0	0
Assets/Animations/Hornet Enemies/Farmer Scissors Anim.prefab	974de61429a8a21478d09b8f609e1078	0bddd7d431f4b37ba7066e73429218a9a7b138f29bc8cc314edc911ef684fb9a	37643	1246	1	1	0	0	0	0	0	0
Assets/Animations/Hornet Enemies/Farmer Wisp Anim.prefab	b5ff94abcaae2aa419121022e86c95ef	5ce04ff7fcac8939109b42c1cc1e9465e3dd0a817556fe78044a139172dd152e	39061	1275	1	1	0	0	0	0	0	0
Assets/Animations/Hornet Enemies/Fields Flock Flyer Short Anim.prefab	e326d19c9dd3b984c9207d985587590e	e987ff53063ed7cc792eeb9cf1b07d4f49abe2f085ba71ea1ed57d4b54ffd335	8793	301	1	1	0	0	0	0	0	0
Assets/Animations/Hornet Enemies/Fields Flock Flyer Tall Anim.prefab	947f29e81a13b9a4a8ae185909efb430	ee2998b8d9dbc9b7bd9104c41118cf08e1be148f852c7779ebc918be8e40eee7	7279	249	1	1	0	0	0	0	0	0
Assets/Animations/Hornet Enemies/Fields Flyer Anim.prefab	c7c67d0d20ad8dc4595475014d496647	ae3a37b1009bece0ef8f802e6eea01455f090bf0debfdd9fee5f2099cabf0540	8446	285	1	1	0	0	0	0	0	0
Assets/Animations/Hornet Enemies/Fields Goomba Anim.prefab	a7991ae6a97bbcb4bb9458fdbe19b69f	74280e145a22ca4dfbd329479608b928f258f5602f7e65f90e720b73ce7c4b0d	8705	296	1	1	0	0	0	0	0	0
Assets/Animations/Hornet Enemies/First Weaver Anim.prefab	e5c4a371d4a56e14ba4f8c945c958089	00828194df12b1e4e02ffc60fa76dbdedb06a5495596787b5580f84d580c635b	57116	1851	1	1	0	0	0	0	0	0
Assets/Animations/Hornet Enemies/Flower Boss Anim.prefab	1cb024a5208c46d49a178c3e30be1e9c	488a45368736c57556780b42fc97b9f50bb4bb4e85976f8ce9a3fe3f47f808e6	38829	1273	1	1	0	0	0	0	0	0
Assets/Animations/Hornet Enemies/Flower Drifter Anim.prefab	d9b27f7c378625446a8080089848f9a0	a4057a8d36f126aa273ae293d2c5e52403d4cdc315c7d09efb63ad0d48bdca96	12039	402	1	1	0	0	0	0	0	0
Assets/Animations/Hornet Enemies/Giant Centipede Anim.prefab	7ed6fd2f951f9b94487fe701864a64b6	4d28b6fd146a1a3110de32c8977c996a4d1d824eee4f5bd64d770f939d5a2879	26497	883	1	1	0	0	0	0	0	0
Assets/Animations/Hornet Enemies/Giant Flea Anim.prefab	68767098772e68342b11946ec2d272d3	56d5948a24ca329d1d1724624a15733a48a78d7cf5e87c0cfb866648e16a85f7	30552	996	1	1	0	0	0	0	0	0
Assets/Animations/Hornet Enemies/Gloom Beast Anim.prefab	5084e3eb449b22340893553f1d87303e	ad704b569cb4250a1354838fc5abcbe894be8bba94d24b9e2569c1a8edd382b6	33967	1102	1	1	0	0	0	0	0	0
Assets/Animations/Hornet Enemies/Gnat Fly Anim.prefab	c3552f561d9dfe4439ac2fab9766b386	acd4117b2c7b41b619382d7d02a408b46231ea1b97b49816dd3566067bf38436	9519	320	1	1	0	0	0	0	0	0
Assets/Animations/Hornet Enemies/Gnat Giant Anim.prefab	076a0057a048e5b4fa019ad1c7a29f69	b082f9bf6365742a21c0111787cab6f0ce9e6836da4c224574a577d849e75b3c	12895	431	1	1	0	0	0	0	0	0
Assets/Animations/Hornet Enemies/Grass Goomba Anim.prefab	3ae85db074d9df448b071a8505af4b85	9f2d21a0f64db385e80787cf2a72cbffa9b59849f33e51e34283e6e6a8a5c1cd	17251	585	1	1	0	0	0	0	0	0
Assets/Animations/Hornet Enemies/Grasshopper Child Anim.prefab	b5d3dd1f293b11f46a629b2f705219f1	0b1760cd8bff2908eb2b8fc8f2821771c7b6674023a545d19443479a1befa12f	18110	605	1	1	0	0	0	0	0	0
Assets/Animations/Hornet Enemies/Grasshopper Fly Anim.prefab	6c68f7c0952767f4184183db47aa4fac	d097302ed7cec78858551579c3f599f981c70fc4a502d155d1360f6b9469a642	30912	1012	1	1	0	0	0	0	0	0
Assets/Animations/Hornet Enemies/Grasshopper Slasher Anim.prefab	221f10ebab563e34dbb907fdf7d61fdf	73fc02358a0eb45167e0cca3f31e8814179dee2d77c4168e2e730109d552c4be	36031	1198	1	1	0	0	0	0	0	0
Assets/Animations/Hornet Enemies/Grove Pilgrim Fly Anim.prefab	64abca44a867c1947b18c60cd8496cb0	db5164bab61c1ca16e9b74e300f0c42f8289b0edb611d61226dfbd64cba6765b	11370	379	1	1	0	0	0	0	0	0
Assets/Animations/Hornet Enemies/Hanging Dummies Anim.prefab	51b962f99971a944ea721ba601828aad	518561e10034dc60ab071b60129949bb026bbf28cfaded3dbd5f82bd29a15bf7	4729	167	1	1	0	0	0	0	0	0
Assets/Animations/Hornet Enemies/Hornet Dragonfly Anim.prefab	8cada164cdd90184fba6df2c92713178	5b38f4d09d820c693931b81c92a518cb35d4554cb11445edec7696bfb6e98548	8194	274	1	1	0	0	0	0	0	0
Assets/Animations/Hornet Enemies/Hunter Queen Anim.prefab	3276810ced49f094782ad6b61d30d7d7	77dffaad434b7abaf266ecdcd4bb83a3c93506880ed62f3d1ddf01f8f38f4226	85441	2777	1	1	0	0	0	0	0	0
Assets/Animations/Hornet Enemies/Judge Child Anim.prefab	38fb529f55210534eac6358344ca4fee	6a041b5ac8346bf78c77a0e86cd6337e89d7c5e2db318879cd4aa6c9a431fba4	9833	327	1	1	0	0	0	0	0	0
Assets/Animations/Hornet Enemies/Lace Anim.prefab	8b04b5d7f78686d4aa5ef7989a02bf7b	1a0c233fa4712fd4ec3c81e78657dbb1c1fd894be0e09532665f21429f765e9d	136810	4414	1	1	0	0	0	0	0	0
Assets/Animations/Hornet Enemies/Lightbearer Anim.prefab	d69ddfb594091ee47aff0b3e7c6b0e6a	d8e1af5d0a73d4c808614c5a95f554163f4528092c1eac81eb4521cce86d9ca9	34835	1149	1	1	0	0	0	0	0	0
Assets/Animations/Hornet Enemies/Lilypad Fly Anim.prefab	efb9107ae328a104a8f3c2c907e44ccf	638f16786bc96fa09d21429ef496121ddbc345037324041516abfb07e08caa7a	54433	1674	1	1	0	0	0	0	0	0
Assets/Animations/Hornet Enemies/Lilypad Plat Anim.prefab	e4fbeedd44b5fc1408a0f717d6d0ff48	52aa929b841f313bf2d29b0e8e138a243d166e82f5cfa3786594c616d6f98846	8119	269	1	1	0	0	0	0	0	0
Assets/Animations/Hornet Enemies/Lost Lace Anim.prefab	4e29e9eb36450f740a580958f530946b	a9618d3ad7290e930a1b42c72662fed80be4f0e32e3d926f597a43f2294724bc	135319	4347	1	1	0	0	0	0	0	0
Assets/Animations/Hornet Enemies/Mite Anim.prefab	fcf621d5fbe97274d90b3ad195bd64ac	673a2df5c3452a839e2cd0e8abea86b74ce5ed03217d16232d969d3f70bab937	21876	715	1	1	0	0	0	0	0	0
Assets/Animations/Hornet Enemies/Mite Heavy Anim.prefab	d782ffaf5603f3244a216396ce852b79	0583333f9a86ec0283d832543264e9db5ba1e8148d0c07d2357a9df55ffeb17c	16435	552	1	1	0	0	0	0	0	0
Assets/Animations/Hornet Enemies/MossBone Crawler Anim.prefab	f01fdab3548287f46b425844cdd66a7f	3349202c7f1c1d6cc8550a8060abff8f41110930f2131abe25fdc1a90ba20152	12483	423	1	1	0	0	0	0	0	0
Assets/Animations/Hornet Enemies/MossBone Crawler Fat Anim.prefab	0f424f13941fa7740be6481815f023f7	26fc59d9d18fd957e57c3eb973126f36df46d4b1762b6afee00fe9a5473cd881	10975	367	1	1	0	0	0	0	0	0
Assets/Animations/Hornet Enemies/MossBone Fly Anim.prefab	6c689f6fe68aab849b771064b5c65c84	d0d8c705b843ee0c94fd6628ad588fe3713e8c0b2ac98158612b8f0ab87dc6a6	17829	594	1	1	0	0	0	0	0	0
Assets/Animations/Hornet Enemies/Mossbone Mother Cln.prefab	ae61e6cf144c600489d416f4a7e6729e	1d2211ac7db7b1d1a63e2e3abbbae67107fc8d33f78585572382f977a41d07eb	5126	179	1	1	0	0	0	0	0	0
Assets/Animations/Hornet Enemies/Phantom Anim.prefab	3078cc6aa2e0c7e48b59bf6893a52378	0ca69b6e42506241c00ed56aa1dd273825d0b09932ed63569cb19a93a4bc4c9d	61280	2046	1	1	0	0	0	0	0	0
Assets/Animations/Hornet Enemies/Pilgrim 01 Anim.prefab	953794ac712ce0445bdccbf5b8cefcc5	875035f34f2b1227699b5d67755ab57301505d834897414dde38a3067eab57ee	17933	599	1	1	0	0	0	0	0	0
Assets/Animations/Hornet Enemies/Pilgrim 01 Song Anim.prefab	d2fc8519c60ca43469bcf418f187fde4	7e10794b5ba463cfc70b0e488685eb4f08d8516891ccce5bb66cf035c25533cf	17834	607	1	1	0	0	0	0	0	0
Assets/Animations/Hornet Enemies/Pilgrim 02 Anim.prefab	5ad9f24f651113649b8bbdbc1fc7b454	7b9643ad1b2ea7c7752f650a0e0c160db02b25fee0aa35c46a237ec1d439879b	10931	371	1	1	0	0	0	0	0	0
Assets/Animations/Hornet Enemies/Pilgrim 02 Song Anim.prefab	976fb6808f9e3e34cacc31783b982dce	bf96dc0af51bb32b0492a0983f37c69f95656e20bdd8d5ad9985a04a9d7a8c94	21643	726	1	1	0	0	0	0	0	0
Assets/Animations/Hornet Enemies/Pilgrim 03 Anim.prefab	33373a79847c12f4b981bdc46274b829	46607a40b10ae4201c4ad4b03f53bf17f45e809e22693dea78f8b98cc677bc4b	21428	724	1	1	0	0	0	0	0	0
Assets/Animations/Hornet Enemies/Pilgrim 03 Song Anim.prefab	8af32b62788645a45b3ac802d007b22c	d853187ed714f102dfd59cc9470821179644a140f27a5b79fcea9e5e7ccf8a23	17205	580	1	1	0	0	0	0	0	0
Assets/Animations/Hornet Enemies/Pilgrim 03 Understore Anim.prefab	43bf1b2df1777dd408f4b41ab12d8c9b	9334419ad1334c97d61f66425015ef5fd43f57620eac17580eda2d5d2f12ab4f	16672	558	1	1	0	0	0	0	0	0
Assets/Animations/Hornet Enemies/Pilgrim 04 Anim.prefab	889e1b6f721e4dc41a3079d68d27e794	f75ba74b97b94c36d889f77665e64937e8fa96d4f4ffdb106e6da62400193b54	13545	458	1	1	0	0	0	0	0	0
Assets/Animations/Hornet Enemies/Pilgrim 04 Song Anim.prefab	3b2d3c57561b2324490779452b7d6b93	451b6164b2a8c6f010c1b0f09d41d3fb3257582a57ed9b8886e7d41fad0f4687	17608	592	1	1	0	0	0	0	0	0
Assets/Animations/Hornet Enemies/Pilgrim 05 Anim.prefab	904da3b57868a554db307ad1db7bd7ff	9feb927fd34e1ae7a89caa495553467d8c85fcf941a36c3966f084f42e9e00cc	17448	582	1	1	0	0	0	0	0	0
Assets/Animations/Hornet Enemies/Pilgrim BellThrower Anim.prefab	e225fb4762ff2164ba6247d5ea21a730	0823cea6771d0b5ffd7d721d3ca5b0a5ca80b113864ee25632ed1a1c647fc569	16253	546	1	1	0	0	0	0	0	0
Assets/Animations/Hornet Enemies/Pilgrim Fisher Anim.prefab	b0059e8e9510d694cbb79b0497a1805b	4c61fb81b3614535f0e4127a1e2c4a77cdd3dd4169bde7c565ba2504926555f6	12571	415	1	1	0	0	0	0	0	0
Assets/Animations/Hornet Enemies/Pilgrim Fisher Enemy Anim.prefab	c72dca35be3fbfb4f8fb147b1f0e3077	48c2a8beb3a293efc5f7e2761911f01e611df7f19acf16fc58d3ef6c76f929d2	17970	595	1	1	0	0	0	0	0	0
Assets/Animations/Hornet Enemies/Pilgrim Fly Anim.prefab	7c65287474870d6429cbb5bc5930c439	e9a4c21694f58a4ff16b4ba2fd82556543bc802682cb9d0ca0b210011e47447c	13503	462	1	1	0	0	0	0	0	0
Assets/Animations/Hornet Enemies/Pilgrim Hiker Anim.prefab	845c60a94b9f9e44181361bbe9abf4fe	01a0fdf6f6ca96ffc5ff9e14226fcd4129822466bad7f1620edee1ae239cb3ec	20882	702	1	1	0	0	0	0	0	0
Assets/Animations/Hornet Enemies/Pilgrim Moss Spitter Anim.prefab	260b0569f7c97e94da3216a7eda127bd	a5286f886ffcc1c86af88bbe74966581043161d65859b523125b26782b5fdd3a	11962	410	1	1	0	0	0	0	0	0
Assets/Animations/Hornet Enemies/Pilgrim Staff Understore Anim.prefab	e1bfd16cee4d40945ab70bcd5a180cfb	4d0b26877115f9578ba1cce3fbeb6c185cc0d6604fd00a19b8249090e7bde3e9	26479	875	1	1	0	0	0	0	0	0
Assets/Animations/Hornet Enemies/Pilgrim StaffWielder Anim.prefab	7064380a144a9a6448ff26ebf4bb782d	f49d56f3fdde8dd196abbbcb52293824007a56d2608d68b08667fee6db7eaee3	23664	782	1	1	0	0	0	0	0	0
Assets/Animations/Hornet Enemies/Pilgrim Stomper Song Anim.prefab	433f02967bb96164dab4f7f12aa0960b	9d32b867e24bad1a41ca8f9968d9e06b1ab0270fa7c27ba6ba0509ad76648438	14615	493	1	1	0	0	0	0	0	0
Assets/Animations/Hornet Enemies/Pilgrim Trap Anim.prefab	c2b9fbed9bcd06d408f9e28c7f5b071b	68365c84b0757fee84f93eecd662703d250d2beb0afb484272e02c3521a6dbfc	4000	139	1	1	0	0	0	0	0	0
Assets/Animations/Hornet Enemies/Poke Swimmer Anim.prefab	2d5a1c1e910bc5245beb5c7a43d30427	47949634e220e502e13a4ef8f785f3161da686fbcd56df32479654ef1bd9e1df	6377	220	1	1	0	0	0	0	0	0
Assets/Animations/Hornet Enemies/Pond Skater Anim.prefab	d8280bf978c2d58498069ca1d5dd05c3	e019f91ea810009ec06bfafe0bf055a3da831c34c1dc79dda472c4f91952646d	14122	463	1	1	0	0	0	0	0	0
Assets/Animations/Hornet Enemies/Raptured Citadel Anim.prefab	aacece47fb8428b4ab88c3510b171ce5	ef828c2e11cc1af1b8eb9c6831f015a9db5603a73c6b59f814b9d537cb9ed7f7	5629	200	1	1	0	0	0	0	0	0
Assets/Animations/Hornet Enemies/Rhino Anim.prefab	b486fa4201deb5b409ce09ad81513c83	b2365dc832191ab14e075f3ce0bfbb1a36c782cf49f0559900d27b5bd74598e3	17619	592	1	1	0	0	0	0	0	0
Assets/Animations/Hornet Enemies/Roachfeeder Short Anim.prefab	6b03a45c27a9a6149889b3b3550daac7	6e7cc1a5e801f6382fd605e76abbf612cab6f9a684dc0839193f7a5099aa9798	21147	691	1	1	0	0	0	0	0	0
Assets/Animations/Hornet Enemies/Roachfeeder Tall Anim.prefab	03f8a7c99e8f9354687e718a337bb506	a0ed5db25cd433d9065a6bb28fdd10a59cc843a98fb37f00383099b117708e4a	22751	748	1	1	0	0	0	0	0	0
Assets/Animations/Hornet Enemies/Roachkeeper Anim.prefab	a4a819d6b494ec74a9dad99106c2d9d5	f8445b816eefc52ba8cab900b486f6c986fee9119d0e948b8f22507421132e00	23430	771	1	1	0	0	0	0	0	0
Assets/Animations/Hornet Enemies/Roachkeeper Chef Anim.prefab	cdce2714161af8b47a05c1699d50f9c3	40797cd17395b76de6f71d41c63c0cd3e063db2a31266e32e80406dabf2631b2	31807	1054	1	1	0	0	0	0	0	0
Assets/Animations/Hornet Enemies/Roachkeeper Chef Tiny Anim.prefab	09b595038dea1694b9c6d75f3e09ac7d	e72c344f170a51009576f18af6092ca7fcd7771cba8380f339a308566fa2cda7	20607	682	1	1	0	0	0	0	0	0
Assets/Animations/Hornet Enemies/Rock Roller Anim.prefab	8daea3a822f6d114fb81fb58c716c4a0	4e084a7ee77b865b71367b1d5d74c91883287e1b89a1a8634a82c18d8da62f2f	12075	411	1	1	0	0	0	0	0	0
Assets/Animations/Hornet Enemies/Roof Crab Anim.prefab	b43d79992c2b01a4791b4f12eaa4a5a8	191d2d0ea41a33e0599fc0b9e99cb2868cce7c5eeec3d7ccb12cae68c499f78e	8427	289	1	1	0	0	0	0	0	0
Assets/Animations/Hornet Enemies/Rosary Pilgrim Anim.prefab	9b76fc6cb4ca1e148a788be9f6013284	68398c8b820f4e7109ef4fcc4c01fa9da5624c7afdd54fa1ce3d43b00f177c3d	31857	1050	1	1	0	0	0	0	0	0
Assets/Animations/Hornet Enemies/Rosary Thief Anim.prefab	d6c2a1ff612a2384ba1247248a16901d	496ca3ae99a608135a88f99f014265719c53da0830625a9168a7d9f779743272	34468	1150	1	1	0	0	0	0	0	0
Assets/Animations/Hornet Enemies/Scrollkeeper Anim.prefab	0a7fbdd2f3569e14f9a6da15532a4c75	16b9c9a6874ca4e8eb87d3b95166328b1e87bc5c443c5163ee3e31e9c272c677	38076	1263	1	1	0	0	0	0	0	0
Assets/Animations/Hornet Enemies/Seth Anim.prefab	d45eccd1686040e46b6b7c8331e520cf	fbd63acb30f7d7781a696dd1c0680ce5bfceafbc6f61ad6907a2e43f76b15ef7	61882	2047	1	1	0	0	0	0	0	0
Assets/Animations/Hornet Enemies/Shell Fossil Mimic Anim.prefab	f8c6bc7b7f8b168458c2ee0e1513b8d8	2b12cb932e4f11b627d7e893d06d3c9d0f2724e95ef5e51e4341c440d69d621e	61866	1919	1	1	0	0	0	0	0	0
Assets/Animations/Hornet Enemies/Shellwood Goomba Anim.prefab	43f2e88047c45d04eae440a3f3107c76	22b8bcfedf9fe47e3c35a8f30dacc6edaf29f2f52f5cd0f6e08ee6d0c0eed8dc	19906	676	1	1	0	0	0	0	0	0
Assets/Animations/Hornet Enemies/Shellwood Wasp Anim.prefab	146fc5cc5e4448f46953b8d8aafe95ea	f6c75df4591bb61f10118e07454a4823698f227e838f6f5093b40503438f32a5	16377	547	1	1	0	0	0	0	0	0
Assets/Animations/Hornet Enemies/Shield Dockworker Anim.prefab	b309d1dd4f3e6544faa42f660b1974b1	1ae4c01f4954c53d39fcc0174271950518f827acd6cfd95055d47601290ef368	22313	749	1	1	0	0	0	0	0	0
Assets/Animations/Hornet Enemies/Silk Boss Anim.prefab	dad0f280a458c36418668f01d81a01f6	2171f019414dbca472ec1f43d8e5368a0c8d82e68da715393de9e1e1961425df	78066	2516	1	1	0	0	0	0	0	0
Assets/Animations/Hornet Enemies/Silk Boss DeathEmbrace Anim.prefab	26a8d0e1801855146adb62c09d6caab9	f04b8b68671bbc6a5c6c53964b49251377bfe6d0e33da44a56f816052596eec6	3457	117	1	1	0	0	0	0	0	0
Assets/Animations/Hornet Enemies/Skull King Anim.prefab	83a3399f41d0f764eb41f70f13709589	f139f78dc736a77b813b6109388c95e29e683d25a7b251658eac78f3f1ce45cb	22563	751	1	1	0	0	0	0	0	0
Assets/Animations/Hornet Enemies/Slab Fly Broodmother Anim.prefab	a47a62a8e25a9ac4dbb8126a9e5e091d	e968f009bd800579893bd47aa819c16f4e88ac5d27e09f75eca0774f2bfab975	26851	904	1	1	0	0	0	0	0	0
Assets/Animations/Hornet Enemies/Slab Fly Large Anim.prefab	269f86055cb13454c992197fff54896a	6950708af9162747963145b48a37b6c87089757ee1a92c8675ef8cadc3cc870d	32881	1098	1	1	0	0	0	0	0	0
Assets/Animations/Hornet Enemies/Slab Fly Large Cage Anim.prefab	ed520dbe5010e254cbcadf8ec2f207d9	f646e02c64e3e46e7115bbc4f9605c68b8534b3aa5e5f76ed5dc38446579f5e2	37777	1234	1	1	0	0	0	0	0	0
Assets/Animations/Hornet Enemies/Slab Fly Large Dead Anim.prefab	a49c7234152877743b0435945b251b18	5e2abdf3f5f109a741eff5bc822149e4cdfefe6f5e72a5de9f8b6b88cc294285	2672	93	1	1	0	0	0	0	0	0
Assets/Animations/Hornet Enemies/Slab Fly Mid Anim.prefab	0e1b783cac96b964181953bba31704db	7b1f3b8df0c0d6f6d129399ddb0f76db4c09fbfff2b6155e8642e566b2fcf7a8	43034	1396	1	1	0	0	0	0	0	0
Assets/Animations/Hornet Enemies/Slab Fly Small Anim.prefab	dbb210f78a895974d95e5c2b4687fb42	016266ff554545d9aef9338687f0230da1592acb7ec4f9b42cafe2f9c3e0342b	11240	378	1	1	0	0	0	0	0	0
Assets/Animations/Hornet Enemies/Slab Fly Small Fresh Anim.prefab	141896a27af0a1c4d9049fa84c4708a4	0fbbb80e75688c367c9e5c7de7d18738db926143372a5a279f3d28706b0c4917	10782	361	1	1	0	0	0	0	0	0
Assets/Animations/Hornet Enemies/Slab Fly Vomit Anim.prefab	bfa47f0a1b3888c4cb13de2fea295e50	f50ebc2eb518bccb14998f7d249a57bd6eb89e570b352e7cb405a023f5deaecf	12864	426	1	1	0	0	0	0	0	0
Assets/Animations/Hornet Enemies/Slab Prisoner Fly Anim.prefab	b863f4e20723dbb43b61be8e90707c5a	3e6003fd424d446e12a857c01bb408514e3c1981956e9c2179e8cca8e0184ee7	28429	930	1	1	0	0	0	0	0	0
Assets/Animations/Hornet Enemies/Slab Prisoner Leaper Anim.prefab	0ae179962e9d86649afc498e89967359	65bab84b299da3963610fb165699e54a00a53c4a3b4b90e1eba232f3162dfce8	22333	740	1	1	0	0	0	0	0	0
Assets/Animations/Hornet Enemies/Small Crab Anim.prefab	91e3044691101714fbd3960ca9c730d9	4a72936312f5d017cd794079c286c2d59c4785a1ae3d83701e5e147b18705312	6397	220	1	1	0	0	0	0	0	0
Assets/Animations/Hornet Enemies/Song Administrator Anim.prefab	b2733749b0dfb434992d775b5b4ea1c5	515127063112722fca5819503bc824e6106d0c9978a29539d0730be6543ab007	27715	911	1	1	0	0	0	0	0	0
Assets/Animations/Hornet Enemies/Song Automaton 01 Anim.prefab	32590feecc4bce5488cf17363991f707	a8c30980fe49cf599979c5a6620b5e324dbd4f3ae0e2c894283ed6f8b9a2b930	17884	599	1	1	0	0	0	0	0	0
Assets/Animations/Hornet Enemies/Song Automaton 02 Anim.prefab	caa0a8dc35f904c4d82925e7f82dd317	393eb294d02e1463c80f29b22248e1f2db691434cc2cbb84e03c49e421308f1d	11923	410	1	1	0	0	0	0	0	0
Assets/Animations/Hornet Enemies/Song Automaton Ball Anim.prefab	6899cde63b79a6e4c8b5bf3cd08c1ea4	a60a3bbb71da15e5467aa6c939b602ab19244196e306ccdc2ea8351f7aff0007	18935	638	1	1	0	0	0	0	0	0
Assets/Animations/Hornet Enemies/Song Automaton Fly Anim.prefab	b9ab9b3f0338f4c4eb6649c0239b8441	fcb6eb2dc4fbea38bd2add17a1cc91ae05f87ae0dcda3cba4329bd1a0cbd63ef	11512	389	1	1	0	0	0	0	0	0
Assets/Animations/Hornet Enemies/Song Automaton Fly Spike Anim.prefab	b870db8ae7a51b941ba1b56ed18c22ac	72331d20ec440e6505fd2a9e1757116579767fa1d0cd6aeda30f12e8564857e3	10647	360	1	1	0	0	0	0	0	0
Assets/Animations/Hornet Enemies/Song Automaton Goomba Anim.prefab	1f507ce6b4f0c77478dfe994a20587e9	ba956e88fb946022d416ec4addabb14727907c64c8395152e17152195367f7c8	11396	388	1	1	0	0	0	0	0	0
Assets/Animations/Hornet Enemies/Song Automaton Shield Anim.prefab	3349d637711eb45478654086d6452f0c	04a9463a8b7b4866193ceb41f5896dffef97f6fd3a29f194cbf0b0f83a01e7aa	24907	840	1	1	0	0	0	0	0	0
Assets/Animations/Hornet Enemies/Song Automaton Tiny Anim.prefab	c7f67e56c489e8b4da200bc655acf0cd	d8dc69f57371d7d73a5e22d561f9861442caaea5e3396d8265817de42bb6651b	7576	256	1	1	0	0	0	0	0	0
Assets/Animations/Hornet Enemies/Song Creeper Anim.prefab	e6a5702c7f6208e40ae48c4038b4317a	9a3e970c60c05da02c1319e472d124f488c39b325f6ecf94abcdab9baabe8d81	29453	969	1	1	0	0	0	0	0	0
Assets/Animations/Hornet Enemies/Song Golem Anim.prefab	8a5da9842e8416d4a95b518c2322d9f5	f4c0b99e8bc9673f8e914b524c14032536c1d3275944d78393a964285b9cd479	21610	729	1	1	0	0	0	0	0	0
Assets/Animations/Hornet Enemies/Song Handmaiden Anim.prefab	03031139ac1e10048805d2fecc5a0afa	72e1ced174546ae7f61aa8b9b95080d6b777fff8477b75758ab2f6d2a8f7df0a	42320	1385	1	1	0	0	0	0	0	0
Assets/Animations/Hornet Enemies/Song Heavy Sentry Anim.prefab	bb0e465f6f45e2f4d95a59c35de8b520	111c8cb101e09e510052301665fa8263b64e49876cd5d48255540725b2682bc9	34262	1140	1	1	0	0	0	0	0	0
Assets/Animations/Hornet Enemies/Song Knight Anim.prefab	fce1d0e1aad2b864b96ec5b9b8fc8c08	bd9d9a4fb01f6c3ffe921854ab99a01471c15ae40bf850d715f8a0d2471a92f9	71443	2357	1	1	0	0	0	0	0	0
Assets/Animations/Hornet Enemies/Song Pilgrim 01 Anim.prefab	eb3aa4649f8931641a9403f6afec8b70	ac63df133cc2bfdf7483ce65a37645775b755110c42b6d846aa1700978f6c475	21786	727	1	1	0	0	0	0	0	0
Assets/Animations/Hornet Enemies/Song Pilgrim 02 Anim.prefab	c0ded778c786a144ca622b862adbbaae	c19be0fac9d321278256486487f057872e6b2e52727883791cbc73a66d70d6ac	27362	895	1	1	0	0	0	0	0	0
Assets/Animations/Hornet Enemies/Song Pilgrim 03 Anim.prefab	a979d180bfb9e8e4e83595ef48a944e4	9fe5bec0d1701ace1e614237bcd465be6724d2acada6c2c71abe9c235b61f9c4	39900	1313	1	1	0	0	0	0	0	0
Assets/Animations/Hornet Enemies/Song Pilgrim Maestro Anim.prefab	e4ae3f44818029846a7ce085ef502200	3cdac62313be6a96a0cd9047640dfa01313bbd231da0616b5a83825063e7f00c	28722	946	1	1	0	0	0	0	0	0
Assets/Animations/Hornet Enemies/Song Reed Anim.prefab	5526b9c2ade9f8b46a1738757667a20c	497454f8f13a98fe34fc5158b34a3670654746c5f7f9760f7d2852a5fd741667	35412	1180	1	1	0	0	0	0	0	0
Assets/Animations/Hornet Enemies/Song Reed Grand Anim.prefab	bfb539cdc7d4eee4d850dd0ce0a03dca	fcba300fcf5709f4dd3a6b9afeca4f647e15158b7fa7ec8201770d45227ca821	31815	1072	1	1	0	0	0	0	0	0
Assets/Animations/Hornet Enemies/Song Scholar Acolyte Anim.prefab	b8e9d44a723c7ad44b636fc6d5e26cb8	a4455c0eb8d30b91e3141bda8d7cc304242aaedf077d7527e42ef45d6cf1f578	27802	934	1	1	0	0	0	0	0	0
Assets/Animations/Hornet Enemies/Song Threaded Husk Anim.prefab	4283bc959bbda834f95db00f48be19d7	1fe0f4884e22b167512e4b4bd3e4059c6eaff97f73ee082539a9d2915d090388	16711	554	1	1	0	0	0	0	0	0
Assets/Animations/Hornet Enemies/Song Threaded Husk Spin Anim.prefab	cf6e65ee3d6b66048909a27ee5dc1d70	7dfb0e54dfd44f113b0b2e8783e40c90a1bc4e68c00d7ad4d1fe491e1230eef3	12911	431	1	1	0	0	0	0	0	0
Assets/Animations/Hornet Enemies/Spike Lazy Flyer Anim.prefab	f88afcbadd3dff843a4049564aa40cbb	e6cca9e59a6e62de22f0195f196fa93d8fadeb6596d8b1d207487b54d510c2b6	6830	228	1	1	0	0	0	0	0	0
Assets/Animations/Hornet Enemies/Spike Swimmer Anim.prefab	be626707d14a92f41867e9e76ee74afd	d416fbc4f2f42e05b3080be7931c17695e1c4da7ae8ac977a81980e2866aca43	7662	261	1	1	0	0	0	0	0	0
Assets/Animations/Hornet Enemies/Spine Floater Anim.prefab	32d8f80123e9e8940aafe4386b320e31	cd9d8ba6118e16c37534e2a64e25a44a065a9aecd6a2d6f942b7d256e6dcc90d	11240	378	1	1	0	0	0	0	0	0
Assets/Animations/Hornet Enemies/Spinner Anim.prefab	df9194b50b3efe64b8f6f2d4ec5e70c3	bebd6e2acadc414d7d046d661d2aa71e11e837cf094688f2d906cd92f7aaeb2e	82326	2656	1	1	0	0	0	0	0	0
Assets/Animations/Hornet Enemies/Splinter Queen Anim.prefab	34ca0a99d9ef7064d8f6b14d03249138	5b026fd7d9242d2eed0c4e21b6a47e3e5fb3a94bff7e9f9839f76d582c841dfc	17648	588	1	1	0	0	0	0	0	0
Assets/Animations/Hornet Enemies/Stick Insect Anim.prefab	c6f5ade5c1cac9e44a6b3338b6f25cc5	f6ed1d5f411c3736b4a0929e10bb4c9282a715f6b2f67b1a87c2e92ac0ac1679	26571	888	1	1	0	0	0	0	0	0
Assets/Animations/Hornet Enemies/Stick Insect Charger Anim.prefab	471ff26d1a6be9146a2d7ba1a558af38	28c74e31a5ad9609aae2149fe57d15f080e0cb58cb14fc8e1ed5e27ae8fd5fb8	21662	734	1	1	0	0	0	0	0	0
Assets/Animations/Hornet Enemies/Stick Insect Flyer Anim.prefab	b2795ec483113534e90eb4456a203087	0f8643b050c1b9129cc0be30729e75a97db90a4c3010ce66d725809ffeb2a207	19209	640	1	1	0	0	0	0	0	0
Assets/Animations/Hornet Enemies/Surface Scuttler Anim.prefab	a292fd80567319845ba355a85c5f09f1	10a5ed72fc2ff22829cdc224745170bc5b5b652734cc4c4210e0f1c2dd845113	11836	396	1	1	0	0	0	0	0	0
Assets/Animations/Hornet Enemies/Swamp Barnacle Anim.prefab	ac57c442a5ffe4440ba8fbc3dd634f99	c6716eb5860f2c2490833c083b0970872cdcd9980b2ca506d216f43b75bae17a	20849	688	1	1	0	0	0	0	0	0
Assets/Animations/Hornet Enemies/Swamp Drifter Anim.prefab	977951e3a78a3f54d8e7e1c4adc04f8b	d7a245ecc429f82e533ef1dff99862caf13621cb551212a1308894c8ff18d536	12365	409	1	1	0	0	0	0	0	0
Assets/Animations/Hornet Enemies/Swamp Ductsucker Anim.prefab	44f66dd2687045e46973d2cb6463a183	98967fcb3b93ed786f80242eb89d6fc17e68ccdd4f852a2469cccaf835358c14	17395	564	1	1	0	0	0	0	0	0
Assets/Animations/Hornet Enemies/Swamp Goomba Anim v2.prefab	15d89b50d815ac74ab3460f4080a2d90	2a0dd14f0f471ebe081bc510ee09c2bcf622e96c6831b16baf38c32c075cce2b	5415	190	1	1	0	0	0	0	0	0
Assets/Animations/Hornet Enemies/Swamp Mosquito Anim.prefab	3c3b248efc4ec5d4c8e799e1ce1ce78c	e6fd10bb21a1d777b567f4c1114729e7ef66b3fbb646b0512abf2a385c7dd7f5	24239	791	1	1	0	0	0	0	0	0
Assets/Animations/Hornet Enemies/Swamp Mosquito Bomb Anim.prefab	f4e5b4f0f46125b41b727a89bfd76279	77af733a93c776cce67bb9232daf468c71efe843d93ba4d7e7d432675eca3157	21335	697	1	1	0	0	0	0	0	0
Assets/Animations/Hornet Enemies/Swamp Muckman Anim.prefab	40fd0349161297948bf760d4d8861b9b	5e68023c0767ba9df166b5533651c0b285f0c23be3b1f81294d52b5935ee171a	18791	628	1	1	0	0	0	0	0	0
Assets/Animations/Hornet Enemies/Swamp Muckman Tall Anim.prefab	92a6547442a5deb499a07155821625e6	f2fda5fc55906ce81e064d1c244fd37fd7652982242e95c095cb05b8cc977b9c	20035	660	1	1	0	0	0	0	0	0
Assets/Animations/Hornet Enemies/Swamp Shaman Anim.prefab	2b31dc18ae965aa4094838c4d58f8de0	731c23e3dbd352eba5e4c27e2aa8141f53b298624aca4b71fda7a945a233f1cd	36088	1185	1	1	0	0	0	0	0	0
Assets/Animations/Hornet Enemies/Tar Slug Anim.prefab	c487c8e9149233544b3c699c457099fd	3bb615283318104c5e40927e7fc051857ae0474b4fd301f7d11ea10f48bfb27c	11778	404	1	1	0	0	0	0	0	0
Assets/Animations/Hornet Enemies/Tar Slug Huge Anim.prefab	5e67a062bfda9ed4fa38813e5cf4db50	0e19c98b334c3043ff14f9f741869b80a8b318d8d3d782496fcf58850da2c8f7	8238	279	1	1	0	0	0	0	0	0
Assets/Animations/Hornet Enemies/Tiny Moss Fly Anim.prefab	027ab66bdb199b541ba2be1daf0a6be1	28f6f8a718dae379a13cbc45b319a1f13540fde369b3611262fae3ef69f1dd3b	2188	76	1	1	0	0	0	0	0	0
Assets/Animations/Hornet Enemies/Tormented Trobbio Anim.prefab	626721c9795eeb84b8b565c3dd3c51b6	a9548233c29e38b4957bcb87320dbacf0a1db1920d7e35a041e234bee062e860	54575	1799	1	1	0	0	0	0	0	0
Assets/Animations/Hornet Enemies/Trobbio Anim.prefab	81b4cf1dd5a07504a9720b1ed783bf61	40a5b9bfc16685d1cddca80cc6800158285bf8ba50ccf60e484da03cd85b6038	54302	1784	1	1	0	0	0	0	0	0
Assets/Animations/Hornet Enemies/Trobbio TrapdoorWatch Anim.prefab	f0685175ad0d4eb468db5c8742e4e572	48a51a303f5d75caa1ee740161a7efe1ba091c4490933555e87e0a765affc4e9	6768	223	1	1	0	0	0	0	0	0
Assets/Animations/Hornet Enemies/Understore Automaton Anim.prefab	93bf71bbd29f6aa4486d865356e3f425	1f6a8d6a7d504d9a5520e68bd56bd1c79a34dbb32ab6fbbe00a0c879766b0504	25341	826	1	1	0	0	0	0	0	0
Assets/Animations/Hornet Enemies/Understore Heavy Anim.prefab	ed7662acaaf6d034e84b5a77eb869138	41871a913986aaa4f3002023fd0f25b4d8cb9cdfa9f4cd01c44ccb43c15abce0	29197	976	1	1	0	0	0	0	0	0
Assets/Animations/Hornet Enemies/Understore Mite Giant Anim.prefab	7bd3c5369f38fa745814ce07450071a0	0c4fb7cd8ce8987887bd7cbb061942e267a7572a5fccf9ab54ee870bbe9b4ba2	18318	611	1	1	0	0	0	0	0	0
Assets/Animations/Hornet Enemies/Understore Poker Anim.prefab	b02479fefd9f1224c954a5a4f856f629	265e5438943b0b1aa6cedd529ff68e46442afaa6779a8fd2694f77fe047d8af7	41438	1339	1	1	0	0	0	0	0	0
Assets/Animations/Hornet Enemies/Understore Small Anim.prefab	4ce555b8e558f004b9a389ead029df44	cd60651db3c713099455cd911a015206c80f34c4ae0ca2f04701de6936fc5296	54232	1737	1	1	0	0	0	0	0	0
Assets/Animations/Hornet Enemies/Understore Thrower Anim.prefab	d8a43cd43eb702b43b568c6bd88b891c	8dd0e7ed403a5676bd9c22a602fd72135a13e88066ca1778796dc7d5b7d29b6d	43873	1420	1	1	0	0	0	0	0	0
Assets/Animations/Hornet Enemies/Vampire Gnat Anim.prefab	28c78bc34efe51b469b8bc314dd1c3a6	468b37449cd7121ce5234bf76e39e6bb0a87f9538de45c62ae898bbe8f5be853	50558	1654	1	1	0	0	0	0	0	0
Assets/Animations/Hornet Enemies/Vespa Boss Anim.prefab	4c1b27890153b9d4fae8c284919b8dd8	bd9087a42d57148f9fbfab530d9fa643184ad9593d9d1c0a0d2d06f5a81d9e1d	28105	923	1	1	0	0	0	0	0	0
Assets/Animations/Hornet Enemies/Weaver Servitor Anim.prefab	b367b51510458e4419154ef07803b710	19b5759e348290550a5216baf2fc7aa772a7e9c98dff1c1224cb8d2f18563a42	11903	405	1	1	0	0	0	0	0	0
Assets/Animations/Hornet Enemies/Weaver Servitor Large Anim.prefab	d7bb978fe140a2d408dd9d6111e82f72	3cdcaa010b77dced2f7a8d7b34ea017ad1c9cfd255be845056ccf5ec08d3912e	17212	571	1	1	0	0	0	0	0	0
Assets/Animations/Hornet Enemies/Wisp Fireball Anim.prefab	063e066fe3591044ca84cd03322af187	53db6d4531b1ab70b4f3adb97717d657aab31330941b0de55f6ef0895a0be5f4	8418	276	1	1	0	0	0	0	0	0
Assets/Animations/Hornet Enemies/Wraith Anim.prefab	ff5e28befc853364d98dbf7b6f2ec34a	5adf31d4ad62fbc8299ae7bcf825921d6c1beb5eed14d88ac95fa42b708f78be	20727	688	1	1	0	0	0	0	0	0
Assets/Animations/Hornet Enemies/Zap Nest Anim.prefab	c612964f3f3a558429ecc11cd75f3e07	d84db24f860748a8511769084abadbf24596df81afbf531b527319eecc567338	13680	450	1	1	0	0	0	0	0	0
Assets/Animations/Hornet NPCs/Ant Merchant Anim.prefab	50fb7fe274905374287a90e0f245ea80	a39d3c1eb182df60208815b727fc4a362280cb7ed0ad9ba5db21b23243f3e91b	12924	435	1	1	0	0	0	0	0	0
Assets/Animations/Hornet NPCs/Architect Anim.prefab	d3cf7910e375b184c880548fcd7a196b	ee9086fc87054de66a65ed9dc268128c96e0b24c2ff04befec5db3111243258a	19962	646	1	1	0	0	0	0	0	0
Assets/Animations/Hornet NPCs/Bagpipers Anim.prefab	b8c5fed04dd44cd439ee849124cd4e51	7e85013e6ee6dcdf9cb70dd5f8dacdbb78a12f57bd0306a0a1b560e1dcbf7d1d	13031	432	1	1	0	0	0	0	0	0
Assets/Animations/Hornet NPCs/Ballow Diving Bell Anim.prefab	f366b39ebe6fcf24aa69835d988d83dd	bdaa466607dc36761b7e129e0d1644deb7d99ae14fa6808c8fbc1a5bbd0d57e7	12623	424	1	1	0	0	0	0	0	0
Assets/Animations/Hornet NPCs/Bell Beast Child Anim.prefab	c1b38ce4141850041a20b2ca1a032696	6851cb206971d094cfee7280e077e09a195301e49279860a775c60eaac64db79	22424	750	1	1	0	0	0	0	0	0
Assets/Animations/Hornet NPCs/Bell Hermit Anim.prefab	d977918783339ec42aadfeae92b8bd33	ac4ef48a23b0f3318c90dabcc44595622bf8de3291b8d865a1d2df0e80dcfc91	11403	375	1	1	0	0	0	0	0	0
Assets/Animations/Hornet NPCs/Belltown Greeter Act3 Anim.prefab	1971955ef8352ba4b97832a1aff91da8	0b88616bb01388da0c238f4635b11aa6f543a41b424b98c7234a3fe5efa4574c	16048	518	1	1	0	0	0	0	0	0
Assets/Animations/Hornet NPCs/Belltown Greeter Anim.prefab	25f8536ed175ce047a983fc21bd9433f	0e832e67ffc45f2757553340cad3b884e7cde7699cd7a8fac3bc5fd27e204e09	12202	399	1	1	0	0	0	0	0	0
Assets/Animations/Hornet NPCs/Belltown Shop Anim.prefab	f37a66112baa7e243833536b2329c7d4	d54581e4256215dec14f9aac5015aaf838062fdb06c85d8c0b8d82c92dbb0448	11564	385	1	1	0	0	0	0	0	0
Assets/Animations/Hornet NPCs/Blue Scientist Anim.prefab	7cdc4eac22493c544957ad1092d9f65e	851db06ef9c73aa567e22a95f895ae9d27504b0a603590203499b158315a8421	7581	265	1	1	0	0	0	0	0	0
Assets/Animations/Hornet NPCs/Blue Scientist Sit Anim.prefab	087c0fe2c6abb5846b23ef26c441d51a	927e5d493fb082e15e71381fb0e80c4dfcef57adff88193e2d301e15a4c2bee3	6522	221	1	1	0	0	0	0	0	0
Assets/Animations/Hornet NPCs/Bone Beast NPC Anim.prefab	41dfa72ac65c85045a321b92de38b27f	1bb9407006a3035eb5ea0365896b9608fde9923813b626780ff20daf319ad102	28930	930	1	1	0	0	0	0	0	0
Assets/Animations/Hornet NPCs/Bonetown/Bellway Pilgrim Anim.prefab	91dce183c0212fb4fb6f93249a64fce5	0992a46eed425f7c573a8bb9e5cc70f95d0866893f5d50655c240648c9473b75	14085	458	1	1	0	0	0	0	0	0
Assets/Animations/Hornet NPCs/Bonetown/Bonechurch Shopkeep Anim.prefab	634523f23851166459dc04198d420ee6	a5505a1392779fea1ff2e7e4d18690d92ffb76b77c9af111ecfa67b0fbbee55d	10034	337	1	1	0	0	0	0	0	0
Assets/Animations/Hornet NPCs/Bonetown/Bonetown BG Pilgrims Anim.prefab	515d8cf064e614143bb26368904a9e9c	fb430738775696ee54fb5ca072033d2918b3acd0a85aad6dd8c0fa91016514c4	26567	865	1	1	0	0	0	0	0	0
Assets/Animations/Hornet NPCs/Bonetown/Bonetown Resident Anim.prefab	80b2128ec64cf4948b319d6ce54c26ff	004fcdcf728e4f67a07edd69b23855f8fd1ea67c805647f32a58d54ac31957d9	18464	616	1	1	0	0	0	0	0	0
Assets/Animations/Hornet NPCs/Bonetown/Churchkeeper Anim.prefab	c833922f151e66847807b62f45b64e06	34f9c1a1adf4e10113134c8036d065d108e6b3cd0ea523d57f91194fc6a03f7c	23327	744	1	1	0	0	0	0	0	0
Assets/Animations/Hornet NPCs/Bonetown/Fixer Pilgrim Anim.prefab	8d6d3a62549c7d84a86baaf5c4546843	27acde6e0dc0798110a3584a549508e18b6f22c8bd1f27eb2a64efa4be017c9f	29997	995	1	1	0	0	0	0	0	0
Assets/Animations/Hornet NPCs/Caravan Lech Anim.prefab	8f68bef072f251c49b2ebddf4a91dcfc	1d89e8c7debfb571a75294186ef02b8bbc80692d7f88928a51ea05740e8fe13c	26735	885	1	1	0	0	0	0	0	0
Assets/Animations/Hornet NPCs/Caravan Steed Anim.prefab	7e4841273186ffe4ab1e7c039bc9b9bb	9cbfc942e98bb7de7e5d2e04578e1712e4093de532403a2ff8b77eb7b5afdf31	4988	169	1	1	0	0	0	0	0	0
Assets/Animations/Hornet NPCs/Caravan Troupe Flea Anim.prefab	41becc19cc2a8f147815ee1e2810413c	51dc5c205d76ba1bc5d163b6edb20c5d951b5a5f4230c2a5d38c865b6b0a02bf	69724	2218	1	1	0	0	0	0	0	0
Assets/Animations/Hornet NPCs/Caravan Troupe Hunter Anim.prefab	74870eb07e6f58547a5291bcf511a4db	3f65a33c66d69a460480fa0dd9bb844e72549af45c22e80d6dab2babb27389ec	17415	573	1	1	0	0	0	0	0	0
Assets/Animations/Hornet NPCs/Caravan Troupe Leader Anim.prefab	20070052356075f45baac64d7d2a50b0	5901da63771e6ad02197e2147a1a9c1e3a3042f8e2243b0c7f7a6e5076620187	24027	798	1	1	0	0	0	0	0	0
Assets/Animations/Hornet NPCs/Caravan Troupe Member Anim.prefab	ccc7de77bfa691245b28b43f74222999	95855acc3322c22ed876f73c3f2558c1fe9d20fe0f53299a4b208f2d60626400	16565	557	1	1	0	0	0	0	0	0
Assets/Animations/Hornet NPCs/City Merchant Anim.prefab	ab95d9dbfb4332c4ea14cb509e8bffe5	0aded1f636a773e7a07e231c18df0ea85db07db7010505c35fe2752051d42410	19826	654	1	1	0	0	0	0	0	0
Assets/Animations/Hornet NPCs/Courier Short Anim.prefab	8d8435b8e93a26a4cb0f7a4e60c91f2a	e8b6358750c9eab0a519e903d920d722dd5180c6a6b3c25be21eed05bacf81e3	14311	469	1	1	0	0	0	0	0	0
Assets/Animations/Hornet NPCs/Courier Tall Anim.prefab	239dd8e645dce2c4ebe61b34a0d30c23	ba0152cdd895c8e1542c6634f36e649ac20ffce7a80a443e9866b407ba3b7101	8245	279	1	1	0	0	0	0	0	0
Assets/Animations/Hornet NPCs/Couriers Packless Anim.prefab	1eb33ffc3664ce14c9b3ff99fc836467	d44544f768b0de76d16c28f0f36cf95fe97dfa8b1ef130c66218a3bd01c22841	32596	1043	1	1	0	0	0	0	0	0
Assets/Animations/Hornet NPCs/Dice Game Anim.prefab	c2ffd7849da4bd144be8e7180418eaa7	3d82421349dd511edd4d33b1af7d791466716024434c4842040deebea209a9d3	32184	1043	1	1	0	0	0	0	0	0
Assets/Animations/Hornet NPCs/Doctor Fly Anim.prefab	8be2d4760b5f1474daf0b370c122db4a	c0dd7eea642cf8d3e6ad7ff8d1e33e73552ae04c492afd9ac32a5915eb7d1a97	11542	385	1	1	0	0	0	0	0	0
Assets/Animations/Hornet NPCs/Dust Traders Anim.prefab	7aafe1d404f0ef04db0bcad5570f3663	d2a39a7d82ba4c435f069ecd8987b9627d59b90ed3caae8b78568ab8fbc472a3	15883	529	1	1	0	0	0	0	0	0
Assets/Animations/Hornet NPCs/Enclave/Enclave Caretaker Anim.prefab	b7e9080c9d033844992e7b713aceebc2	97ee9038df98666ed8267de7b3cf919b9ae9a06b8303e582548c133202e373f4	24601	811	1	1	0	0	0	0	0	0
Assets/Animations/Hornet NPCs/Enclave/Enclave Pilgrim Horned Anim.prefab	c31d2826f0e246647bcdd6be26b097e6	e48ab2304f8d91d05fccf929ce1fb43bf036d8570fcae352ef0d01573124bde7	4671	162	1	1	0	0	0	0	0	0
Assets/Animations/Hornet NPCs/Enclave/Enclave Pilgrim Small Anim.prefab	fa92839a258f0f840ab12af2db2a0bc3	6590b5995f1cb8901aeb2337ab782425e880662370d30fa38330aaf425030aa4	7561	260	1	1	0	0	0	0	0	0
Assets/Animations/Hornet NPCs/Enclave/Enclave Pilgrims Simple Anim.prefab	ee1ec8452e95cd24cbd85b94383c0791	b24c4fc1ac55addf4b2545c3ab0d94a40c3d8cc414d744e50bd8804f87e0436e	35414	1172	1	1	0	0	0	0	0	0
Assets/Animations/Hornet NPCs/Flea Games Anim.prefab	0d8f614549aaf704eb364e9407a20703	0a34631907a48455856d039586ab96bcc6d41726c9353f521da45ff155ac57dc	78971	2534	1	1	0	0	0	0	0	0
Assets/Animations/Hornet NPCs/Forge Daughter Anim.prefab	e554c06efb765e445bb7b815e3281403	16446fde025e63762837217da5f871f4f7ac31306a3471a27610cfe88d68f5ce	23231	752	1	1	0	0	0	0	0	0
Assets/Animations/Hornet NPCs/Garmond Anim.prefab	77793d3aa16f60e41909d1a96716092a	1b46bd76931d6274605d3d2773a95ae18db8cb52f639097d197728f4d1e60fc9	40678	1350	1	1	0	0	0	0	0	0
Assets/Animations/Hornet NPCs/Garmond Black Threaded Anim.prefab	1c1cad76b5cc0e54494ab28db2d8dd94	5e9e626108e504bc6b93baf4dde79d1fc3eeae85f6a7deeaeea3f00aa510e47e	31396	1029	1	1	0	0	0	0	0	0
Assets/Animations/Hornet NPCs/Generic Pilgrims Anim.prefab	061b8d58daf76fd49b9212c3bcd24b12	e958656aac63473728c5484e99a44b68ac9ffb2825a78342d301b6f4cf6a89b4	49231	1644	1	1	0	0	0	0	0	0
Assets/Animations/Hornet NPCs/Gilly Anim.prefab	8dfaae5ff120a5849b252cacf4a105b4	0f17f9ec04d4d31bbcb7cd88579956854c3fb14133dbc8795dbabcbe1a802878	15151	502	1	1	0	0	0	0	0	0
Assets/Animations/Hornet NPCs/Great Gourmand Anim.prefab	1ebc620c8dbe603458886b3418e3ce74	73608aba75226a468dc31c372048baa16d86f3a3107d49d86450261cd6a23d6f	16321	550	1	1	0	0	0	0	0	0
Assets/Animations/Hornet NPCs/Green Prince Kneel Anim.prefab	9ff17dc3881fa874d89c147b57f18a3f	094402613dc92e7662bbb9e43f46693d21e2b27f89675d237ce0dfdcdf654ec2	6625	222	1	1	0	0	0	0	0	0
Assets/Animations/Hornet NPCs/Green Prince Stand Anim.prefab	e494f15ed3c3aa44f8463a00b0ab0bad	efd5575820af664cd4f81a77adb137323007bdecb77cbf702d0f0856a9c165b1	16862	555	1	1	0	0	0	0	0	0
Assets/Animations/Hornet NPCs/Green Prnce Sit Anim.prefab	b34aaf634a9d12b43bef396460dc9ed7	339cafed11edee2497ecb95e313485217174abee1c797fabe2a9f004eb4878b5	13824	460	1	1	0	0	0	0	0	0
Assets/Animations/Hornet NPCs/Grub Farmer Anim.prefab	9d214aa7b13a511428518f97f33a4dcc	6e932f514e261f95aa476ebfd5b9c582527875366f83a69fc0bf97acdb4b8831	15072	497	1	1	0	0	0	0	0	0
Assets/Animations/Hornet NPCs/Grub Farmer Mimic Anim.prefab	b42b7446ad9027c4e917e8a037866955	a79ddb56e403bf2b12d865457442c62b3ea7a4b07f6432564631657c614d82f4	7031	234	1	1	0	0	0	0	0	0
Assets/Animations/Hornet NPCs/HH Bartender Anim.prefab	80ea14ead3bb97c4097c4bccf49c2e94	c4abc8a465dba1abfb01999234a485ad7ac5540d0f05b43907d510aecbd4df6b	8460	285	1	1	0	0	0	0	0	0
Assets/Animations/Hornet NPCs/HH Patron Left Anim.prefab	159971f98b17c2f4fadddb94591f7303	d32f5142305be132eb0f5eaab889349386d1dbd50e3b509b02e4ba1edd258d75	5934	203	1	1	0	0	0	0	0	0
Assets/Animations/Hornet NPCs/HH Patron Right Anim.prefab	e80b50e53d15cbb448728562f5284738	0635768e89e0abd5be067afb1fe68bbec1b45faadc099ad0ac9c84c2f73a2a4b	5935	203	1	1	0	0	0	0	0	0
Assets/Animations/Hornet NPCs/Hornet Revenge Crystal Anim.prefab	983af7dcc388fe6468cb9fad4945d000	cb44f6e02944749b1b1e03ec9dac646a231f676369a223f34f7ad3b0889f5f25	6560	230	1	1	0	0	0	0	0	0
Assets/Animations/Hornet NPCs/Hunter Fan Inside Anim.prefab	be30086f8aa4f2141b51fb90a88b2306	fe32b4a6616e7aa25ef0b20e8f25867a5f355b7d70c0dc27724c776ecec2ca5a	18491	608	1	1	0	0	0	0	0	0
Assets/Animations/Hornet NPCs/Hunter Fan Outside Anim.prefab	5729a64f0ad79234681d8c2a3f70f9ec	922e95a6a04bbef890a1b4bd945c2c89446d8275d92db0bb12f27ac5ea909137	22800	748	1	1	0	0	0	0	0	0
Assets/Animations/Hornet NPCs/Huntress Anim.prefab	20d4170319d618246afcd94c349c808f	3e9f1194e6468b097805b2abe8dd4bb2a423b00bc3329503099d4b46fc4e999c	9578	325	1	1	0	0	0	0	0	0
Assets/Animations/Hornet NPCs/Huntress Runt Anim.prefab	9e9b07edaca68524a80ee847d0cca3cc	d65b9d1d079f2d73925489a3d1fe6c31cd12a2439c1069324b6de6e3430b8ba4	27253	881	1	1	0	0	0	0	0	0
Assets/Animations/Hornet NPCs/Lady Bug Anim.prefab	82f7226f2db883b4e833555b450bd582	c2a3ff9a6c05ba7ca18416e1a3613009162e18e715a4653a87ce0f318f4f8876	27541	931	1	1	0	0	0	0	0	0
Assets/Animations/Hornet NPCs/Last Conductor NPC Anim.prefab	130d6efa161dd46428b482f1aee858e1	ca2291e9a0b9f8b9fe24e9823b7faee5bf9237c94a0847197c24d309d15dfcaf	7664	248	1	1	0	0	0	0	0	0
Assets/Animations/Hornet NPCs/Librarian Anim.prefab	f9a25f4c026594f42af9c85f918a27fe	37ae25b01a4d918208bf326501486505e67767bdc009b376b636a5335b0d5452	15177	511	1	1	0	0	0	0	0	0
Assets/Animations/Hornet NPCs/Mapper Anim.prefab	e3ab9826a72423b43917f96d6afd61c3	2de415377d5dd96603820ec0b7968dc696f47352746a97786cd7e1b81e43a646	85801	2798	1	1	0	0	0	0	0	0
Assets/Animations/Hornet NPCs/Mapper Sit Anim.prefab	c2d47d3455f824c4b9e6f1a9829a4cc7	f20a6cd5fcea3378aeae88593f0b92939cd9aa0ba950d6fdd1cd134c62d2ea21	14713	485	1	1	0	0	0	0	0	0
Assets/Animations/Hornet NPCs/Memory Spider Anim.prefab	085ca7f354bee1444b8e07b2b43d417a	c804228e7a682739373ba80339f791bd0cf5aa13932551b44918700d9360447b	8296	275	1	1	0	0	0	0	0	0
Assets/Animations/Hornet NPCs/Memory Weaver Anim.prefab	e8ba570139709ec459881396f8c90b55	d5dbd660b15bad605a1b4ed5da5f6caa880733acca358b54ca8e5cc551a55e64	14766	480	1	1	0	0	0	0	0	0
Assets/Animations/Hornet NPCs/Moss Creep Anim.prefab	71aaf054f84262f4795019c3f2c05ce7	119ca8299ce2cd21081b22e19ec0a3cc71d910ceed958aa99b051b4f75f55acd	15066	506	1	1	0	0	0	0	0	0
Assets/Animations/Hornet NPCs/Mottled Ant Child Anim.prefab	2bd5d82dbc0e2da459f00dda95b49dd4	0810c680a23ac3488d776395981b080f8356b0620807f577343c2a0e67b3f65c	14427	474	1	1	0	0	0	0	0	0
Assets/Animations/Hornet NPCs/Peak Mask Maker Anim.prefab	059702f015b7fb7419bc71655a27863e	b05f0852b133a2aab09b0924d7268c189fcd9b3df13c1ee05888ad764705a5cc	19816	653	1	1	0	0	0	0	0	0
Assets/Animations/Hornet NPCs/Pilgrim Fisher NPC Anim.prefab	37216c19b60bf6a499be2fb22f5998d9	3babb7e23cc708ee028b31333ca84fdb80bcd8b1cbad9da8c6c1219235818bcc	12501	419	1	1	0	0	0	0	0	0
Assets/Animations/Hornet NPCs/Pilgrim Stomper NPC Anim.prefab	3f47c88f6b78c5e4681d81d139f0f5aa	1500c0ac13353b5c4aa5bd903681cd77cff502d0549d22c1e35fcf01ffec492e	10124	338	1	1	0	0	0	0	0	0
Assets/Animations/Hornet NPCs/Pilgrims Rest Shop Anim.prefab	e3172b2e253154e4dbee5e507939d774	b288dfef51e0665a0211c0817430371948b1711f2888e414401cf7e487266830	10078	342	1	1	0	0	0	0	0	0
Assets/Animations/Hornet NPCs/Pin Pilgrim Anim.prefab	ab2a00f65e46cdc43bb65dbf130b4b11	b617603c02c548a5b623513025704b9bc7c04ca0b5085bb434e63862bca097d4	5802	202	1	1	0	0	0	0	0	0
Assets/Animations/Hornet NPCs/Pinstress Boss Anim.prefab	79525ac1bb1f0a84fb8e69b7e83c42f3	41c639e80e453f70184c66611497befc5deb0b8d0e3d921e408c149813cb42a3	69297	2261	1	1	0	0	0	0	0	0
Assets/Animations/Hornet NPCs/Pinstress Interior Ground Sit Anim.prefab	64a924ad144c9b54182210b0ee51a55e	de086d1e216fd19ee19c0595cf33c84d6e0967df8f27e91fdba722dcec284706	13685	463	1	1	0	0	0	0	0	0
Assets/Animations/Hornet NPCs/Pinstress Interior NPC Anim.prefab	a42a9c8702744354aa0c40b099613ed3	52a8b336343a2a80557a4e2bc9bf139c2346e54a3024e5d6726315e9b5177928	19263	636	1	1	0	0	0	0	0	0
Assets/Animations/Hornet NPCs/Pinstress Interior Sit NPC Anim.prefab	b06f7bd70c799294ab61b6baf9ba73a3	a80a72f6b1d07e2b8cf2f97cb782ede0434b02d75b7606dde13aa0b74a4955b7	6883	237	1	1	0	0	0	0	0	0
Assets/Animations/Hornet NPCs/Plinney Inside Anim.prefab	c0475c20812f5224badd14470e249adb	4678ce067749a332af9748f22e06c0323616b602e24a484a27511abb44031842	7770	262	1	1	0	0	0	0	0	0
Assets/Animations/Hornet NPCs/Plinney Outside Anim.prefab	60b809d7407110b4694e7e824413e045	be31cc317a919a9f00495a4d9caa88b51feb1ac77d7aa486c7f4b91a207bf427	12225	412	1	1	0	0	0	0	0	0
Assets/Animations/Hornet NPCs/Relic Dealer Anim.prefab	05e8388e37aaa5d49986cea5c901aebb	427e833bd09a4d22f59eec09861f3d5fe8e2710f4ee1921d0fee7f3992883dec	14948	500	1	1	0	0	0	0	0	0
Assets/Animations/Hornet NPCs/Seamstress Anim.prefab	f4c2603ccd8e7b64baa82413941d9c45	3763efe7e6f6f9dd58718e0bb1a8050e1fed9edebc6095eeb987e92eb51d889f	22439	728	1	1	0	0	0	0	0	0
Assets/Animations/Hornet NPCs/Seth NPC Anim.prefab	fe2efdc1a332915428250fce0ed82f4b	5906dc71ac3fec7fbedf7724dd9e06eb153da257fd9cdb8dd2c0a12c01d23ace	14271	486	1	1	0	0	0	0	0	0
Assets/Animations/Hornet NPCs/Seth Stand NPC Anim.prefab	60789b6189c2a1b4eb8fe5e4ee181c3b	779464200f8af8cbaee6b2523dd6d2df19c5f73e12a081b8c72054684175e471	15624	523	1	1	0	0	0	0	0	0
Assets/Animations/Hornet NPCs/Sherma Anim.prefab	fc68d34dba2909147a6c61c1291e46c7	f648a2a05944c703db226b6ee6a71a10b0503a0e6cd7dc0cbdc567e64577eb4a	59061	1920	1	1	0	0	0	0	0	0
Assets/Animations/Hornet NPCs/Slab Prisoner Anim.prefab	693b4d53099dd8a47b0f8fdaf474a3f7	0e286691813e3ba5221cdfe1ecf0dab094e05d72b9c682cf968b9c1127ab3f4c	11676	386	1	1	0	0	0	0	0	0
Assets/Animations/Hornet NPCs/Snail Shamans Anim.prefab	96ebe90919dce6f43bad29dcab1d6e07	f7104e13dd3f2ab19696f5eb502b786cbad0f569758ffcc760accd4958214af0	52356	1710	1	1	0	0	0	0	0	0
Assets/Animations/Hornet NPCs/Sprintmaster Anim.prefab	a90501f40db533549a117a490c1d905b	ce768652f90669f139fe704c5d9a96036d017f4e44782844ee4361576572df71	34230	1126	1	1	0	0	0	0	0	0
Assets/Animations/Hornet NPCs/Sprintmaster Companion Anim.prefab	0e951ed122bf8e7478372be95aed9961	859be5f375f34050a31eff4a64662ab8d8f071efcc093cdb1f442f3248e58d90	17834	589	1	1	0	0	0	0	0	0
Assets/Animations/Hornet NPCs/Steel Sentinel Anim.prefab	02a09b7a52d4b4c41a086f77d8ad3c99	13b7a01869935dafbbf7fe0a022ffac1f5c88290953cb371773f8003df3dd3b8	31639	997	1	1	0	0	0	0	0	0
Assets/Animations/Hornet NPCs/Thief Anim.prefab	7fb598da80ea242469451bc270cdfd8c	fbf26a79400253bc5576d7c3c295364eb4a93f419385acfbe1cf05e223e90134	32989	1090	1	1	0	0	0	0	0	0
Assets/Animations/Hornet NPCs/Tiny Brood Mother Anim.prefab	f514b1fba63dc3a4f8aa3877301f9bb2	f0b46fed8ecfbab1def84a84336bdf3a61d34ff21cdebdf157b192ce4eaf387f	9618	321	1	1	0	0	0	0	0	0
Assets/Animations/Hornet NPCs/Understore Large Worker Anim.prefab	bd291ecd4252ad840b3ed54239ee7836	5671b35e60631e43df8209929818fb9b4d6067c14e8b966b3579c754998da3f4	8093	269	1	1	0	0	0	0	0	0
Assets/Animations/Hornet NPCs/Updraft Flier Anim.prefab	94f0e7330d4af3144ba52b496baca8d5	3dab2de0e77130263cb5e98b9dc807b698332216ad386d37e64a906312aa2cc2	11483	380	1	1	0	0	0	0	0	0
Assets/Animations/Hornet NPCs/Wood Witch Anim.prefab	be052f930cf4e3641b2d1322fb853351	f8a0d61b940011108c06103680a1ae74a5fb172e21407a2e44fb369db870516a	24436	797	1	1	0	0	0	0	0	0
Assets/Animations/Hornet NPCs/Zaza Lone Anim.prefab	1a73e8046d802f948a3a732893ac4d9d	4bae0007dbf15ae2eb3e4ac2ab92ffc467066d5d1fe9775946f0f18cc19a03d8	21678	709	1	1	0	0	0	0	0	0
Assets/Animations/Hornet NeedolinWindy.prefab	758698ffb2831164c96633a9252a3e30	840db1dc4d4f0c6838138ddcd5442d7f8d9345b68386e1fcbdde7c955976a0d7	15991	508	1	1	0	0	0	0	0	0
Assets/Animations/Hornet Strung Up Anim.prefab	6e2dc207b1a55684f9b2c865f0b145a3	49c7513adfe815d7b8f947ce52c50cbeaadf85f87440697ca8ada2920988bff0	7440	259	1	1	0	0	0	0	0	0
Assets/Animations/Items/Geo.prefab	988e432e2be584949bfefbb615efec05	954906dc8bf46c62c730211ad0392347b4bbfd8e1340b3663b0f83826e692f51	27956	925	1	1	0	0	0	0	0	0
Assets/Animations/Items/Health/Health Bugs.prefab	5d88a6544bd94fe468db88885e856d04	2afdc94bbd561af759b333068685d18fb5a81c64ad05375882153585292aa54a	22513	728	1	1	0	0	0	0	0	0
Assets/Animations/Items/Silk Heart Anim.prefab	5080eb4b06ea7af4883d1ba165419d60	80be4d05021b8c193df56623ee7e11a7c288fa34733c3a5608ac44961b872241	7373	241	1	1	0	0	0	0	0	0
Assets/Animations/Knight.prefab	a14142627197a144586ee7b8abd07265	f66fa8d2ec83fd296255ce2b7d631a6ca115cde22973c3f157af4dd41fc11eac	809487	25714	1	1	0	0	0	0	0	0
Assets/Animations/Last Judge Anim.prefab	8c2e33adcdc76b947a6bc81567c70bd9	eeadccc1a95723f9b941a7b50be232e5a943f0043b74ccb9972126dadbf4e5a3	36768	1222	1	1	0	0	0	0	0	0
Assets/Animations/NPC/Mr Mushroom Anim.prefab	40f7a5f5dfdd4b3409600fd2055c351a	f41ccd8b0e38e04052361c8ff3abcfbcf34ceb9bf5c6728a4afef6b3386b267a	48070	1515	1	1	0	0	0	0	0	0
Assets/Animations/NPC/Nuu Window Anim.prefab	2e1116e0f19fd4e40999c3225f02d0b7	f4f1b50f9e177334066aa01c89e9ef75d29519342e8709e9f1bddf6ba5947e69	8050	260	1	1	0	0	0	0	0	0
Assets/Animations/NPC/Shakra Rest Anim.prefab	210633a301c847e418c796abfd09ca5b	be53a579853a2ec232dc9ad8c5d9f8d3de3a094c238d9982b5c04df7944f7de2	17046	544	1	1	0	0	0	0	0	0
Assets/Animations/NPC/Sherma Caretaker Anim.prefab	a49731c72e9671046870d9a5c21b0126	19a71fc40d973981a31beb339db97c15d8006a98de5dcf3ec8a4313fb05e1756	22626	734	1	1	0	0	0	0	0	0
Assets/Animations/NPC/Steel Servant Anim.prefab	b37503ef11cd01440babc9bf9cd0bfdd	dc378faca3ada8ede40dd29c9a852f23dc54b7c4c046404ac82dde51a716a921	11628	390	1	1	0	0	0	0	0	0
Assets/Animations/Props/Alarm Bell Anim.prefab	973343459f2b18d4781d2821cd0852ed	dc79c36b7262205a19c40c5e4cccaa5cd73da2b0ff2353f9bf3cd9549dd2fe70	4567	157	1	1	0	0	0	0	0	0
Assets/Animations/Props/Ant Chest Anim.prefab	95f7bcc6078db14498f4914facb70ac2	f4ca401d55b1f8f8015eb92ca574cb0077bfbc3141cddb1c00a9344f572f5f81	3191	115	1	1	0	0	0	0	0	0
Assets/Animations/Props/Ant Trap Anim.prefab	ab621c90a3eccf54d8f484a0c3b10cad	683dc4423ced92976f0e06cdcfb6b29918fccf1bf6b5b24af25b0032242a5185	7790	275	1	1	0	0	0	0	0	0
Assets/Animations/Props/Aspid Sac Anim.prefab	bcec6a29f329a7c42b0ecd8c17008d5e	dcc5dff66a3d2b81ba9d5591596250760f27ae22293330c9fef8e6c726e8e597	6140	209	1	1	0	0	0	0	0	0
Assets/Animations/Props/Battle Gate Slab Anim.prefab	7c71ab716a5ef8243962e3e1cb9a7201	2383cdce7bee5e1b283629b3f55cb050971ec85a367bd1f737d36206530eefc2	3812	133	1	1	0	0	0	0	0	0
Assets/Animations/Props/Bell Wall Anim.prefab	5f91a334558b82047b4d0996ca61d653	36694d5245030016c4b942bfcf61460326c4a9c7f83bb94e6953849b6a2f6d36	2382	82	1	1	0	0	0	0	0	0
Assets/Animations/Props/Bone Chest Anim.prefab	e9eae0d82f44fed4bbaea25f4e7b666b	62387911179cfb87e19af4133636c5f94f001598518a1b17eefd1e106013748b	2726	98	1	1	0	0	0	0	0	0
Assets/Animations/Props/Bone Chest Moss Anim.prefab	16ad0e969e7af9f4e80fc171f9981275	582b731c255a3344f4a4fbe728930ab0eeebaf47a8930de2d8aefcffbac56855	3322	116	1	1	0	0	0	0	0	0
Assets/Animations/Props/Bone Lever Anim.prefab	d28aa2bfc07f5114da537dc471dc3010	f8fa5f7ca391c832c26632f9cbceecf22a4473b9060b9d2c3fa1070490e60fb8	15786	494	1	1	0	0	0	0	0	0
Assets/Animations/Props/Chest Anim.prefab	a61f0a60f55436a4f831f90e14394ebc	ffb0e75052c8d49938c0bee5eb599da9ec5f498eef3e7d3feae1617e50d7f4a7	3780	133	1	1	0	0	0	0	0	0
Assets/Animations/Props/City Shard Chest Anim.prefab	ddcb4d30607a25a40b7332b9c8047255	b34d3de38b6104fc37f5cc8bc5be72cc6f7d2889114fb71f0c1cdbb5698d77a7	3790	133	1	1	0	0	0	0	0	0
Assets/Animations/Props/Coral Crust Wall Anim.prefab	2adf0409bf7568740add9b17fab14fcd	d58c7ea82d69a25a92cca27e641e4074b8e70a4933b75c3459aa580a634fd1f8	5888	207	1	1	0	0	0	0	0	0
Assets/Animations/Props/Dust Traps Anim.prefab	68f7990672a5c5e4eab06ebbde948c10	0835639e6ef052da85a4811500a501085885b37a9553cf2e8767650e9f18865c	14566	458	1	1	0	0	0	0	0	0
Assets/Animations/Props/Harpoon Ring Ant Anim.prefab	776c7835578bdb444800f5d30b33f5d6	ec96179cf34f0bb38475cb8f3bf2e32c3e18d28b3b8d3a488c0562323e756357	9332	310	1	1	0	0	0	0	0	0
Assets/Animations/Props/Harpoon Ring Citadel Anim.prefab	7eeab51a06e52714cbd9ddc9c403337d	81167f6c62a04d8bd61cb623a29f233727de6473c8d65495f8f019b3caf5c7a1	10425	345	1	1	0	0	0	0	0	0
Assets/Animations/Props/Harpoon Ring Pinstress Anim.prefab	6e08994cef9facc45817017be0aa3edd	cfd3b1f0e3f40238078c461840673b970609d35f84888a5c8c628cdd8891b06b	9140	304	1	1	0	0	0	0	0	0
Assets/Animations/Props/Harpoon_Ring_Seamstress Anim.prefab	65ec2510d3b117146b8b58721946f538	18c007af1bbdc413dc8d887984bc9e590e2dbb3bad21a6b951b6c3703e89fd35	9341	310	1	1	0	0	0	0	0	0
Assets/Animations/Props/Interactive/Bounce Bell Anim New.prefab	d23f75a00cacbef438ff069e469d3891	7769390d91828cd2482de3a2c191a90cca64b22cf3948f45dabfaa27f72d9e28	14085	441	1	1	0	0	0	0	0	0
Assets/Animations/Props/Mite Trap Anim.prefab	6b84968c798b72542a49fc94e84d0338	a29e5a3ecded76a92f2aad736629c810b0446187cf19e5c79d3bf0426cb5091c	8200	283	1	1	0	0	0	0	0	0
Assets/Animations/Props/Pilgrim Chest Anim.prefab	a30a35cbb33f5a74a99e3f43dccd3ba1	c018dc37173a77b347699526839663e68bcc4d7dec982abd79fca7f813a1c08d	2729	98	1	1	0	0	0	0	0	0
Assets/Animations/Props/Propellor Anim.prefab	21656b03f9f139d4ea15e88d7c260b57	61930688e47d0c738560ad944a658b6da7ce0ae62fb204f8cfce16dd2e6b335f	19503	630	1	1	0	0	0	0	0	0
Assets/Animations/Props/Ruins Lift Anim.prefab	4efe055a9a8e87447ac2138ce0c8e894	ddf5e727fb5c364f82f3784c73e88c560de1323cfdea5d7f6996932dafad958d	22166	725	1	1	0	0	0	0	0	0
Assets/Animations/Props/Shellwood Vine Anim.prefab	37ba0880cf40f80429ad26368b6354da	c78cf22e7984e3aad2d27262b7b33bf8704844e5515f666e0af74033140dd01e	3592	127	1	1	0	0	0	0	0	0
Assets/Animations/Props/Song Lever Anim.prefab	ed1dd3fef5b42054aae73e5e12821a70	01b71e75cae2026837cfb822da89788f83c1eb6b102259ca981654538c53e0a3	7259	236	1	1	0	0	0	0	0	0
Assets/Animations/Props/Swamp Bounce Pod Anim.prefab	8b6cfff7a013782429b22b389e8833a2	e1fea0be84dd0c4bbf7f573512389ec02365cb508b9b5702abcc7dbd2047dc1a	6703	227	1	1	0	0	0	0	0	0
Assets/Animations/Props/Switches and gates.prefab	31f781161b2fd4341a6f14d60fe312f7	b5e9b9363c55db86d1c0f11a8d3a3537b9012b4895290930d915df9dc546190e	26057	896	1	1	0	0	0	0	0	0
Assets/Animations/Props/Witch Cluster Vine Anim.prefab	3068f4f6aca23354ca31f71efdbaa277	655e3580d695345fab173c0309448b616db74250e9567c2438da75cfaecd9dc8	2067	75	1	1	0	0	0	0	0	0
Assets/Animations/Scenery/Bell Gate Anim.prefab	153edc4312d02c748ac0bc221c9efab3	615c693971342884dd5a7b73611c52bb57c4a648774cba32fafead918c8181df	3636	123	1	1	0	0	0	0	0	0
Assets/Animations/Scenery/Breakable/Coin Rocks.prefab	a333dcde659ff614fa49f81ba9239d32	db5c3de06dfa27c58e6680571999cda270e591ff61103a03b3d6034a2650b623	5752	206	1	1	0	0	0	0	0	0
Assets/Animations/Scenery/Breakable/Geo Rocks Deep Outskirts.prefab	3f2f0d08092c15b4b9ddf0fb26b0cda4	8e80169baedb60900e4268a09f9c83bce728eaf328f54bca043a3245e3144adf	4348	155	1	1	0	0	0	0	0	0
Assets/Animations/Scenery/Crest_Shrine_Tube_Break_Anim.prefab	4c665679394e1eb4eb8c907933387554	49fb03a6849ff42c38af36a516ac17a71b858c36929ff8e5ffdeb172971e44bc	3030	109	1	1	0	0	0	0	0	0
Assets/Animations/Scenery/Effects/WaterDrip.prefab	6eb254fba7c3b984196b0092ec8ce214	393c0614f6ae2ea26d2814a47204df0cd7951725e49f2bf77909532401184eab	4372	151	1	1	0	0	0	0	0	0
Assets/Animations/Scenery/Effects/Water_effects.prefab	b14c384a3af2eec4b97b1d5d02b455f6	1612d69f84a0ea9465bf70b1fb073245e04b13dca6e4993692f52a303cc6a449	33892	1053	1	1	0	0	0	0	0	0
Assets/Animations/Scenery/Moss Vine Anim.prefab	aae3499b9efd8a044be493defda559be	da0131231b3d7ae614585b30b09e5df3f388c10c3d997732d708da9011159a7b	5783	206	1	1	0	0	0	0	0	0
Assets/Animations/Scenery/Tiny Dragonfly Anim.prefab	1d8cd4fe45edf9444b4a8b9fedb02ef9	21479ddaabb734fe0804b4f82e5c7d4525d737371469c1045e0978327062da28	2190	76	1	1	0	0	0	0	0	0
Assets/Animations/Slab Cloak Scene Anim.prefab	5f3fa5e17350bb74495af7114e7620fd	c6beea00bb00f4b23056addf2f344fca4cf160f96776c4fa8fd0401a577488c5	28000	891	1	1	0	0	0	0	0	0
Assets/Animations/Spells/Spells Anim.prefab	958dad061f4a1a34db7252ee42ca46ec	f69276b54888064baa2629534981de4ca506b4175acbed7aef7c4a5f7c73ead8	66917	2125	1	1	0	0	0	0	0	0
Assets/Animations/Strum String Anim.prefab	a2a08e9e9a997ef4089e650545367d58	bdc610a7da67ba047a6315d639f2986bcf807051a8bab8139f255bbdb16342bf	3717	128	1	1	0	0	0	0	0	0
Assets/Animations/Swamp Trap Anim.prefab	0662c362d18ea344bba410850530b5b0	8fbf9d26389995a22fadd418d4f28411d25a7ee10f1712828c8a52b5c6ce4163	4161	149	1	1	0	0	0	0	0	0
Assets/Animations/UI/Area Titles Anim.prefab	9e643935d502ac24798e91dc6472949e	27830ece2b99d17d12043d8aa3fb6dcdab56c607b047836b744c347f3dc898d5	20202	648	1	1	0	0	0	0	0	0
Assets/Animations/UI/Compass Icon Anim.prefab	a28aa588d725c2e49ada03617c395105	401d316c5210fcc1c69771611e667d13244e83164fc86ca7c244feefb05e3ff4	2655	93	1	1	0	0	0	0	0	0
Assets/Animations/UI/Dialogue Anim.prefab	fc071a1794fde1a4999b6b5619c13603	12221255e46f9c4e07a66178b5e5e1205143dce2b516bb5224f8b16e7346de19	24771	795	1	1	0	0	0	0	0	0
Assets/Animations/UI/HUD Anim.prefab	5ab73281a78013042b8da431902bf325	21747d8a2eccacfe68e09fe59b4f39b85e9296c390194641f3d8c6d690c879ed	366216	11649	1	1	0	0	0	0	0	0
Assets/Animations/UI/HUD Extras Anim.prefab	e36421a60589e944e9dce04f50302e74	9c89f01972eb8c16caa02a4ba5508366bd9559aea69009e62757dfb6f01d3bbc	8386	284	1	1	0	0	0	0	0	0
Assets/Animations/UI/HUD anim Steel Soul.prefab	04b3d36f449ac394ea98f6a29feb84cc	6fa32dcc16c251d1b9bfb92c2f6ab48eb7088745510216eeb3036c122ec8e8a5	67570	2222	1	1	0	0	0	0	0	0
Assets/Animations/UI/Prompts Anim.prefab	4022cb8f8385ad74bafb6c1adaa6bcbd	75c8dce5d48b2660c710ed87b2870ba30b08633910052b279a0b59e9d998c849	51983	1651	1	1	0	0	0	0	0	0
Assets/Animations/UI/UI Journal Anim.prefab	afb8b038b228e9f49a4f4ed8bf26f91b	5c242b24263b706a2f28ead92c9758ecbfae180172ad0a848507bc423b1172c5	29118	922	1	1	0	0	0	0	0	0
Assets/Animations/UI/UI_Inventory_animations.prefab	7108dc68e3109b044b8c1f544f7796e6	bd8922e2debeece7a206751caa2f961550356e669b6c708d33d976ca0f467729	13310	433	1	1	0	0	0	0	0	0
Assets/Animations/Weaver WebShot Scene Anim.prefab	76c7b3b352cdc3a4dac826f466b8d15f	36a840338f89a92136a0c70bab6eded8aa6ed9d9ecab5a032798008de0b71a04	3671	123	1	1	0	0	0	0	0	0
Assets/Audio/Audio Player Actor 2D NoReverb.prefab	46829671805db5f43978079f4b9c4ddd	9127c4a33fbb413140850c8812648bb7db1618248e415a020adcbf5099a986d6	3995	158	1	2	0	0	0	1	0	0
Assets/Audio/Audio Player Actor 2D.prefab	e8466d04a5c03bc4b8d6a0838af84de7	cf952f1f0501a89a0314a722d155b3e449a368176b9ae0809916117b08fef9f0	3986	158	1	2	0	0	0	1	0	0
Assets/Audio/Audio Player Actor AR.prefab	5399bfb4ebbba3b4fb1e06ecab212e06	79f815ce7538f927ce203a11ac219d4cf3500188dbd330a5adda7fd44142ca52	3571	145	1	1	0	0	0	1	0	0
Assets/Audio/Audio Player Actor Distant Explosion.prefab	e694413e5d28d6941bbeab824e5edd02	4e1210cb0a6bbd50e74d3de88ff87a4f3b60f8e5146e04709ccc5ccdf7eb8d7f	4027	158	1	2	0	0	0	1	0	0
Assets/Audio/Audio Player Actor Distant V2.prefab	5f0f3e8700702dd47963e495a72aed41	34754f7be4f845a1c65d6ada3b4f0f735662728bcee0ade825b69fba38ff7588	5223	202	1	3	0	0	0	1	0	0
Assets/Audio/Audio Player Actor Distant V3.prefab	e6c2bb0f63d05f3408d05345191dc515	2ed8945d4b10fc3bfb3f662a4eab1529a6c03b0c056831306381f21c3e06c663	5223	202	1	3	0	0	0	1	0	0
Assets/Audio/Audio Player Actor Distant.prefab	ba73ec390eb41224995758369abd2477	b717053f7241c8ee39715f07b8fc92fa118e78ae2e1a7961fac4b030c8bf75c8	4023	158	1	2	0	0	0	1	0	0
Assets/Audio/Audio Player Actor Infinite Range.prefab	2de495719324bad458baec01b64dc3db	41303693ff5b81a17340c69e98b882febe6889dfdba4f36710b3096d4472f08a	5228	202	1	3	0	0	0	1	0	0
Assets/Audio/Audio Player Actor Lava Close.prefab	99c49fbaaef178f4882acf212075402b	a38329fcaa5f64d49b2a41bc4a4ccb7ad02b352837ee3cacd9e6125465719454	8862	357	1	2	1	0	0	1	0	0
Assets/Audio/Audio Player Actor Lava Far.prefab	3bb639022d5e4dd428dcd677c8677f77	909d065c26134e19b20ecf4d09e805312914f9fc766cd0b111392293eae9eaf2	3272	131	1	0	0	0	0	1	0	0
Assets/Audio/Audio Player Actor Long.prefab	001739a35513a384abe241fe0232d870	9b04934058347037a2a6f60d072961856d25dd73003a195dcc9fab182f53b346	3592	145	1	1	0	0	0	1	0	0
Assets/Audio/Audio Player Actor Loop.prefab	7d07785658d127041a926d8a9fc0c43d	c836e42c85af69298157b4b426b4011589849ec92d91c89df33c2118389243fb	3662	150	1	1	0	0	0	1	0	0
Assets/Audio/Audio Player Actor Lowpass.prefab	648d99184b111144e864c1c3c3196b76	158c0a3ab64b29a18e08341ce7a4cde8dbc5526ecee58f823c990c86431cd939	4013	158	1	2	0	0	0	1	0	0
Assets/Audio/Audio Player Actor Music.prefab	a311f52f659f4274894700b4cfb01641	46162811266b50381867b456503939efb82c6cf6fb92c8d206bc88ee8b8ce648	3574	145	1	1	0	0	0	1	0	0
Assets/Audio/Audio Player Actor NoReverb.prefab	9f13120565090144091d89de33e22c7f	bba69290851be853471575f39690987ec3a059fac572e315021913ed5af0d233	5215	202	1	3	0	0	0	1	0	0
Assets/Audio/Audio Player Actor Rain Spit.prefab	1f88d4e825bd21e4ea4790846e39f484	9446ac6e94d5a95dee0544ff24a53af58a6dc20ddef71712f9e4a828d74af248	3261	131	1	0	0	0	0	1	0	0
Assets/Audio/Audio Player Actor ShortRange.prefab	3bc3d403aa1e8c14f81dc40ec73464f5	bf7a70851b448426654287d3642691c33c70171f12446d8f1ef04d2b19cac99c	3596	145	1	1	0	0	0	1	0	0
Assets/Audio/Audio Player Actor Simple.prefab	d664fe4948fd6824388df7669a18138f	b8830356cf38ba8ffe3cc31c0d3eaeca304cb95d413e2762f733943635992513	4017	158	1	2	0	0	0	1	0	0
Assets/Audio/Audio Player Actor VeryShortRange.prefab	506a27e0301b34b40ad8b824d2a28ef3	02a4ab0ef12ff4fba70395d3b084bf70caba04bee35de6a7ad9ef312241219ad	3602	145	1	1	0	0	0	1	0	0
Assets/Audio/Audio Player Actor.prefab	99068b2a95bddff419cb6f176648d4e6	b4b88b2145ebd1ac0bf534057eee829b8716b45f9332cbca352f9810b3de3a98	5206	202	1	3	0	0	0	1	0	0
Assets/Audio/Audio Player Greyroot.prefab	5b70158c38fda9d45af38a1e07627f10	9d7f09c0a89cc047be055fa16c1c90dc4f5714050c7ec1b69e6367bcb9eaba3c	4577	182	1	2	0	0	0	1	0	0
Assets/Audio/Audio Player HUD.prefab	9100e1301f70b4445b3fd4b70cfb771d	d0a99a64455cf4bbed2b7cd992471b77f34e77dfcd2739bc7b30262c44ea3933	3981	158	1	2	0	0	0	1	0	0
Assets/Audio/Audio Player Hanging Chain.prefab	31af7bce9502ec34ba0980d2a4405952	c02eb5d915bc010cf59a4f4842ba8c5049bfdcf56bd901f3cf45df7009abf32c	4621	178	1	2	0	0	0	1	0	0
Assets/Audio/Audio Player Music.prefab	9f0ef52c6f77b34498965cc94d3f17ef	1eff106b50cded8dc8deb8ff7f12a9dee7c160cc6bd04693771d60dba323e9f4	3568	145	1	1	0	0	0	1	0	0
Assets/Audio/Audio Player NoDestroy.prefab	0bfbdff2ab21ab24e8e2d43f05266284	17414e7c6d91c2619c62aa9cdb0f711544a153997e2361c14bf9c39d5c8e2683	3114	131	1	0	0	0	0	1	0	0
Assets/Audio/Audio Player UI.prefab	06c175e5eb31b7b4fa8efc06d3560a53	ed73a332e4afd61f95703f264f1ef72c5b9ab30812ff3ff1d4afe2f5b02ca8f8	3565	145	1	1	0	0	0	1	0	0
Assets/Audio/HornetVoices/Coral Brawler/Corpse Coral Bubble Brute New.prefab	003f2334011e4c34abed0b9299f40d30	2f27c5f94ae2d339530f97ab291bfe80a570df32041a14de6b51f81be6fe246a	483851	20367	13	11	1	0	0	3	1	0
Assets/Collections/Ability Get Thread Cln Data/Ability Get Thread Cln.prefab	e65f0cfbaf8b5014c8bb88f8a276b06b	04b601a7c42fd21d9873e3b4ff3d7d3dff1aa2e281e4fd48c06bbafc247fca93	36131	1295	1	1	0	0	0	0	0	0
Assets/Collections/Abyss Bounce Pod Cln Data/Abyss Bounce Pod Cln.prefab	f0225f1ebbea204429e713b84f8fa199	76bfcbd39113f3733d50c26f9a23133e2139a4fa1988417d28063a6c56fff9d1	19447	684	1	1	0	0	0	0	0	0
Assets/Collections/Abyss Crawler Large Cln Data/Abyss Crawler Large Cln.prefab	886fff66ebc982440b53d59444b0bfa5	9d42a4ebffde97ce70362d35cf5c9ab296f1d2cb1f5a3e5b8fd22f6de61a6357	41874	1483	1	1	0	0	0	0	0	0
Assets/Collections/Abyss Grab Tendrils Cln Data/Abyss Grab Tendrils Cln.prefab	d802e9a1c2f06db4c8d024e090b7dbcf	609bf93c65cad9883cf8f5e27ee55e8f76cb32e74804288ecc466e9423c21708	26121	919	1	1	0	0	0	0	0	0
Assets/Collections/Abyss Mass Cln Data/Abyss Mass Cln.prefab	248ad2208cc6cc840aeda2e3375ae274	c9ceb46b756124c115f251cc21b2d258ca278dc74d1d8361df1d5f1c9bbc1562	59055	2094	1	1	0	0	0	0	0	0
Assets/Collections/Abyss Tendrils Cln Data/Abyss Tendrils Cln.prefab	1b1339518e0e58d458cca1afcd3f6c90	eeeafc30775ad00990e677660981c1ff1c64e5f21c3e55a5a5d322ea137d27b2	29499	1060	1	1	0	0	0	0	0	0
Assets/Collections/Abyss Walker Cln Data/Abyss Walker Cln.prefab	a0940f2338cccc945a3553394086a26a	23f7b25d39c513a6cee251324c00fc29fb9ded04bf21a5b38a52140d8f1f23de	26049	919	1	1	0	0	0	0	0	0
Assets/Collections/Ant Chest Cln Data/Ant Chest Cln.prefab	1cb168acd9330224b8d9fa42a54c8bfe	d11f3f823205f2344159b9539ed8897fcde6e233552d4149a5bad646a0872ed4	11352	402	1	1	0	0	0	0	0	0
Assets/Collections/Ant Trap Cln Data/Ant Trap Cln.prefab	70d19d278061b0e4d8e164e21e086970	bcd615f480e79106ba973a71748a00439f825214ef91b13701b9cea06b7f0b87	33599	1201	1	1	0	0	0	0	0	0
Assets/Collections/Arborium Keeper Cln Data/Arborium Keeper Cln.prefab	3fe1a7d82e8b024408004010a35c5f57	62060ae594ccf8ba36481158b0d1627f1fb1cc9480f3e7680f01ee899b2fd6c2	92026	3269	1	1	0	0	0	0	0	0
Assets/Collections/Area Title Cln Data/Area Title Cln.prefab	61e2a39f9ca097941a7903cfb9363714	ecd8fe43dc6144c81fcf7daba688789275ef487e3c9e06db19529129ab958fcc	85237	3222	1	1	0	0	0	0	0	0
Assets/Collections/Aspid Hatchling Cln Data/Aspid Hatchling Cln.prefab	b24d0c0e74a421b40828d83fdbf6a946	375dcc3ca41b6629a02cf2cef51ce6524701df10bcf4962b40244a9d2df223dc	20611	731	1	1	0	0	0	0	0	0
Assets/Collections/Aspid Hopper Cln Data/Aspid Hopper Cln.prefab	5cc8dc30b9c7ce3448aa23145c75e8a0	ff77ddfad088a48758d0153760894a609f44600c1aa7327a97a4c366e43b777c	45295	1624	1	1	0	0	0	0	0	0
Assets/Collections/Aspid Sac Cln Data/Aspid Sac Cln.prefab	bb741bd1a70a20f4084cc61637db7a7b	fda0df40f7981db623d0950810b8697478d5bc5d19859f8c237dc74200a693e2	23113	808	1	1	0	0	0	0	0	0
Assets/Collections/Battle Gate Slab Cln Data/Battle Gate Slab Cln.prefab	90e25647faf604445bd9d6a3860aafcd	7a1756d44f2ea2dbf3786f025140bbf0c2fdd749ad058f0c60bdace705a818e3	10164	355	1	1	0	0	0	0	0	0
Assets/Collections/Bell Beast Child Cln Data/Bell Beast Child Cln.prefab	18ce558c4048f7c42898d990c10886ee	96e4e465a8474172a9f6b754e475404167aa087c6818b0c3236baf2196494650	69996	2470	1	1	0	0	0	0	0	0
Assets/Collections/Bell Gate Cln Data/Bell Gate Cln.prefab	a10a3c08675b19149acc384379bed1b1	2b5bc706e0619f9e68462bfad268692f3c393a5d7e7f4bb839b5da5b259b537b	15491	543	1	1	0	0	0	0	0	0
Assets/Collections/Bell Wall Cln Data/Bell Wall Cln.prefab	17fb9885aa238314abace7d6056a6539	15c8fa98674e9c1524a45e990471db8c07cc3bb3341e0228927761f0e181c86f	7451	261	1	1	0	0	0	0	0	0
Assets/Collections/Belltown Greeter Act3 Cln Data/Belltown Greeter Act3 Cln.prefab	a0d8f33a456f9e74bbbad3eaaec9601d	a573981a819990dd7e99686ce7158c21ffaf1089c55a313806ce2d8ab16aba08	44908	1577	1	1	0	0	0	0	0	0
Assets/Collections/Belltown House Cln Data/Belltown House Cln.prefab	6c66f3986f22e9644af638d2ad7ce32f	261f12aaee4513d3eafb2b55c245ff15cf407a5ebdda8641151dc52d408ec858	30080	1060	1	1	0	0	0	0	0	0
Assets/Collections/Bloat Roach Cln Data/Bloat Roach Cln.prefab	258761be8b8669d45a776a3adc788af9	6933220d3d5255bebad9e3b35f85beee14db5ec69ec1d943e4bc48da727574cd	49325	1765	1	1	0	0	0	0	0	0
Assets/Collections/Bloom Puncher Cln Data/Bloom Puncher Cln.prefab	78e2ad2f150f3f8409289ae3622f3eb1	939c9c2b587926a049f5d6e025007a9811670028bb8045565edeb0bdfb7c20dd	37764	1342	1	1	0	0	0	0	0	0
Assets/Collections/Bloom Shooter Cln Data/Bloom Shooter Cln.prefab	6aabbcf19113fe24b880a21cf79bb511	367302aa3febc0339f1fbc9695ec93daf084cc1b7fdf33e15cd49cd24882af86	32435	1154	1	1	0	0	0	0	0	0
Assets/Collections/Blue Assistant Cln Data/Blue Assistant Cln.prefab	3e977f51de3b098479bb16f0bcdcf2ea	47d281206ec203605ebde38a82ae1789bb378d4350e0bf07e4aa99251e4d065c	49650	1739	1	1	0	0	0	0	0	0
Assets/Collections/Bone Chest Cln Data/Bone Chest Cln.prefab	f178d352aacae6e46a8949eceb74ccc5	5a4ae67a8c34758d6c00b7d26ec8e0268055bd05ae6f55e3c65f002b1b220090	11290	402	1	1	0	0	0	0	0	0
Assets/Collections/Bone Chest Moss Cln Data/Bone Chest Moss Cln.prefab	61fccd609b2dbe843929aca5e733e5aa	bf65c6442d4df6851924d6d475e51041be3f25e213517e366180ad0d76f1a257	11406	402	1	1	0	0	0	0	0	0
Assets/Collections/Bone Flyer Giant Cln Data/Bone Flyer Giant Cln.prefab	f2b2160f40b2fa84792ba51d2a44389f	7ca1d5d594135b45d460ca0b5a5d4fb1193fb8f2d7bfbcaef33f9edd2875af77	62819	2209	1	1	0	0	0	0	0	0
Assets/Collections/Bone Hopper Giant Cln Data/Bone Hopper Giant Cln.prefab	ff72f368d47de8f44b99df2cacd7c51b	01e8dff52466b33d66fcf33db59fb4c067938132284fee492b68f33347216d8e	93810	3363	1	1	0	0	0	0	0	0
Assets/Collections/Bone Hunter Buzzer Cln Data/Bone Hunter Buzzer Cln.prefab	3e8b27e644957014c8e517f1e341b99a	b220904f8fa7d6523b7a31e0cf3159aa906f240433e72c41caee71ba3c920722	54441	1953	1	1	0	0	0	0	0	0
Assets/Collections/Bone Hunter Trapper Barb Cln Data/Bone Hunter Trapper Barb Cln.prefab	391698859276d9c42bc1a9fdf1570f38	25debea4b7d3e1d5cf15f01350ee072e42f372ccd877dce7a98f30a162801856	18188	637	1	1	0	0	0	0	0	0
Assets/Collections/Bone Hunter Trapper Cln Data/Bone Hunter Trapper Cln.prefab	68bf3502e7cafb24dbd3fa9145141005	7fb5f25b1849324870b501bd73d5887701020c4c4d1aa7f14103614a4d40b8b7	147261	5161	1	1	0	0	0	0	0	0
Assets/Collections/Bone Lever Cln Data/Bone Lever Cln.prefab	1ed99148ce357c14cb1f96d9c8de1d7d	49df908bf7e80386f18b2d061d53367701b8f14d461f04e918cdb278ff28ef9e	20454	731	1	1	0	0	0	0	0	0
Assets/Collections/Bone Worm BlueBlood Cln Data/Bone Worm BlueBlood Cln.prefab	c68a765c1380eb147adf8cf0c8f3f2e0	d5897b1ccf845bf71027093c9fd764f711c7191bbb133d9d93137ada92a01f1f	60132	2115	1	1	0	0	0	0	0	0
Assets/Collections/Bone Worm BlueTurret Cln Data/Bone Worm BlueTurret Cln.prefab	f27a76df1a9e7b441ad0ecca2a3b3ff9	3a878843b86399bb9f76ae5c6517649a7b4f95161f75089b82ec51417654ceaa	27114	943	1	1	0	0	0	0	0	0
Assets/Collections/Bone Worm Cln Data/Bone Worm Cln.prefab	08917688531b4fd4da9068f5eb9acbbb	d119374bdb4d2cfd49c77b3333dd29c39ca263097d2e0e979f9aa1cf6ca1c7d1	31094	1107	1	1	0	0	0	0	0	0
Assets/Collections/Bounce Bells Data/Bounce Bells.prefab	d7cd92d0b46fc8e4fa7e2c4fc867a036	eee75a41a9ca2d5910df392b79c94b0a0f062406841ec852fb85eaf3f69ddac7	16695	590	1	1	0	0	0	0	0	0
Assets/Collections/Charm Effects Cln Data/Charm Effects Cln.prefab	27c667f3d5c4c97438bfff53b357e584	dcb302818396bb26f10bb781e92d6113e75a7bcda91d8ec81a957e22ca46aec6	11968	417	1	1	0	0	0	0	0	0
Assets/Collections/Chest Data/Chest.prefab	ae8b439f6be2ba540bd10ca03e61e991	e66547deff58eec39455a3a410df57c1a2b1cde738a3a67dc34d6d57f8b052fd	17837	637	1	1	0	0	0	0	0	0
Assets/Collections/Citadel Bat Cln Data/Citadel Bat Cln.prefab	5105a4ba73a2de643916ba83b41bee49	a66f79d8a48db3609d5ce2e03f54bebae51d8952c1de4f1a2506c8a0b08a4090	82288	2940	1	1	0	0	0	0	0	0
Assets/Collections/City Shard Chest Cln Data/City Shard Chest Cln.prefab	893694cb35a8e0d429d064d6d024f7a2	aa9c53118a05fd4162649c889c50f6d8f47c864ff365835aca49ad725ddd729d	11424	402	1	1	0	0	0	0	0	0
Assets/Collections/Clockwork Dancers Cln Data/Clockwork Dancers Cln.prefab	5cf23e255011d814687209c84f405cfc	e93c5ac206bc84eb82bab87658fd3ab91f1e3790e75b4f377b41f0c499bbba68	164114	5699	1	1	0	0	0	0	0	0
Assets/Collections/Clover Dancers Cln Data/Clover Dancers Cln.prefab	ee5aec6fc62ba574aafb669716f98aed	5ecf5ef48b43bf206adca5fa51ae66c2ac81ba989113fae16584bc51d49a9fe9	153331	5373	1	1	0	0	0	0	0	0
Assets/Collections/Cloverstag White Cln Data/Cloverstag White Cln.prefab	e3063cc95a1128542b369325ad45262e	8d901041fc508253993d811e91d171ad35b1e6cf3168320f3d45483d3cbae423	81570	2893	1	1	0	0	0	0	0	0
Assets/Collections/Coin Rocks Data/Coin Rocks.prefab	c721da66c4a061a4d9f71589b62e43fd	d9186383e12a2a984fd941e4834fe0208dbbebadd3b1ff8f24ff5e739661d948	37277	1342	1	1	0	0	0	0	0	0
Assets/Collections/Compass Icon Cln Data/Compass Icon Cln.prefab	22ce720d393c1184f822606f6e7b5809	33429b7738d24c134597eddac534967673af5a766617d2aae28a975a12b35e54	19412	684	1	1	0	0	0	0	0	0
Assets/Collections/Coral Big Jellyfish Cln Data/Coral Big Jellyfish Cln.prefab	e26d0804c3ad9294d8185ee5a337b92a	9dcc027f5b34f26912d7fa85cc8fdea000e06703361c629c22f1bfb35edce48a	26068	919	1	1	0	0	0	0	0	0
Assets/Collections/Coral Bubble Brute Data/Coral Bubble Brute.prefab	cab1fa36ebe6cda439e193b3975dada8	5aca82b74e00c13b39e4985814a6a09a073b21f68f2e72f5b37c197a339f88a8	75111	2653	1	1	0	0	0	0	0	0
Assets/Collections/Coral Conch Shooter Heavy Cln Data/Coral Conch Shooter Heavy Cln.prefab	c544b8c9f1b66144b87ca1a8491ee7bb	787b807407c9acd401785db21626bb1a32a7c007d0426af8c5071569417b0a22	78747	2800	1	1	0	0	0	0	0	0
Assets/Collections/Coral Crust Wall Cln Data/Coral Crust Wall Cln.prefab	e1014162b89e2f14bbdefd48e81020d6	7d46fae7ab856727d03590ab88cb5f1b60f8b109a7b4ab566017fc32d4a5bf88	27380	966	1	1	0	0	0	0	0	0
Assets/Collections/Coral Flyer Throw Cln Data/Coral Flyer Throw Cln.prefab	ba310c0fefb94ee4fa76b6a7d7825df3	7a52f1467c84bee9c4382a5428626db1b64ab01d2ee33d744cc2ee27519eac6e	102959	3645	1	1	0	0	0	0	0	0
Assets/Collections/Coral Goomba Cln Data/Coral Goomba Cln.prefab	04e9fe5ec4c552c41a9582947869f6e3	2c90df3ee104d64221608873232a5a357a29a3c369dcbc7fa65027d843d8a49f	57689	2047	1	1	0	0	0	0	0	0
Assets/Collections/Coral Judge Cln Data/Coral Judge Cln.prefab	9bcdfa6a8303a5e43b99f991d51ee0fb	fc6bf2595c26c2def7b23a137f1aebca8adcc53d9d54e950aca3230122895515	126203	4418	1	1	0	0	0	0	0	0
Assets/Collections/Coral King Cln Data/Coral King Cln.prefab	78ba7f2b0a2627c4488d23bc2a0e2415	a9c8211488e56d8c04af54069ebd15572d254a351565529dd35f2e71bedcb2e6	162047	5689	1	1	0	0	0	0	0	0
Assets/Collections/Coral Spike Goomba Cln Data/Coral Spike Goomba Cln.prefab	15bc05fb604907748a41e68c34496fa7	a9344a571ff6956868c4be62835c8379bd74b6b48dacc438663af1c47a0fc2d1	47663	1718	1	1	0	0	0	0	0	0
Assets/Collections/Coral Swimmers Cln Data/Coral Swimmers Cln.prefab	1e167675ff5dab04fae4e6562b181929	24d8f2fdef8232825126eaa1a48179f1ff496a8f87a704c3bea065e16db505cb	78737	2799	1	1	0	0	0	0	0	0
Assets/Collections/Coral Tendril Cln Data/Coral Tendril Cln.prefab	6d6b3cb64f1f5d54c9a77210cfb3f82c	c4469dbe16bb8fc036b017fbf08cbd1c3333aeb7b66cb1e800a4d2aeddab2476	44260	1578	1	1	0	0	0	0	0	0
Assets/Collections/Cradle Challenge Pea Cln Data/Cradle Challenge Pea Cln.prefab	6100f753f3f146448b9307a1475b6789	53828dd1606008bfdd2dc8d0e0f5d5326272f5e8a1d7941aa8c7da6fa3213814	14121	496	1	1	0	0	0	0	0	0
Assets/Collections/Crest Get Cln Data/Crest Get Cln.prefab	2c2ed8d1041f3ba4e9e7109df981e6cf	bc670c29bd389910399c90141680f04c6692eb7c6c0e64b47a054c5f51b4a119	61965	2188	1	1	0	0	0	0	0	0
Assets/Collections/Crowman Dagger Cln Data/Crowman Dagger Cln.prefab	c214d511a4fc3594baf89300b32b3de8	707b10ecc9a372f40a4909e42f03f8a88e1d165801f1ad3f746b4b99ca76d5a8	77183	2752	1	1	0	0	0	0	0	0
Assets/Collections/Crypt Worm Cln Data/Crypt Worm Cln.prefab	6e2a2e9236ca68346b066cb4a3b079fe	b79fd38b5dacc1ae14a7de2fde53d3bb7b221d23db2bcad52abdf4577d0b3167	68446	2423	1	1	0	0	0	0	0	0
Assets/Collections/Crystal Drifter Cln Data/Crystal Drifter Cln.prefab	0b16c05479eaae345a655f3d3e029ac1	79df9dbe9b8d25b905d5d3bdd22c22310d72e81b707e6838cc198e6ecacd097c	51561	1812	1	1	0	0	0	0	0	0
Assets/Collections/Crystal Drifter Giant Cln Data/Crystal Drifter Giant Cln.prefab	941d801f7e8c72545bba196632f24fc6	7c0debf781719d013abb765734902d45f62cb4cd6b1d2a04eb0e5944a03f15a2	48875	1718	1	1	0	0	0	0	0	0
Assets/Collections/Dialogue Cln Data/Dialogue Cln.prefab	c259c3fd347124f4d89fef120b7f8ca5	feeee591bfdf24896c602718be81cf0a7895213cc612f023df952ffacd168705	69210	2470	1	1	0	0	0	0	0	0
Assets/Collections/Dice Game Cln Data/Dice Game Cln.prefab	f04a2e6eb361f0c4086d7b900124ca7c	bc7ff5afe58e5ea017331d021d0ec1d5bf9f7f5f5252df65a06af30a32c2f32d	110335	3927	1	1	0	0	0	0	0	0
Assets/Collections/Dock Bomber Cln Data/Dock Bomber Cln.prefab	a03305b6140705041830b8adb6ec0030	186d99ac837538100b51cf249a7782a2d23247556fa0b94d3bf66fa839588cd9	93391	3316	1	1	0	0	0	0	0	0
Assets/Collections/Dock Charger Cln Data/Dock Charger Cln.prefab	bb1fa6ebbb11db4458173374be9fc461	ba275cfc320d1ac0d913fdcc4788c5006a11f8ba940c7096fc905933b03f0791	72507	2564	1	1	0	0	0	0	0	0
Assets/Collections/Dock Guard Cln Data/Dock Guard Cln.prefab	2c479f8e88988d54db8df399bf998278	fa7141d970ba6aaa8ae22809b0591ee0f4a1207733f6e4ddfeb96c0a95668cff	150388	5233	1	1	0	0	0	0	0	0
Assets/Collections/Dock Guard Thrower Data/Dock Guard Thrower.prefab	b73a2c2486d0bce4093e683e05b49777	b4618a42df1dbb39fc2884d1bea6c9146fd6d3db082b4640dd1d4a2117827720	121016	4256	1	1	0	0	0	0	0	0
Assets/Collections/Docks Alarm Cln Data/Docks Alarm Cln.prefab	09e5e514300b86648adf4bad184816de	acfaf6ce9505156de7705d48fc7aec241f71bde10b8197256ca8d1baf60dc914	12652	449	1	1	0	0	0	0	0	0
Assets/Collections/Dust Trap Cln Data/Dust Trap Cln.prefab	31473008e6d589847a1f3623164122e7	92fe6685ba60ec638bc655b22ee77ef72f1d786fe47d549fd555f852c8534c1d	19258	684	1	1	0	0	0	0	0	0
Assets/Collections/EnemyHitEffects Data/EnemyHitEffects.prefab	cfc2bbb10f3cbbb4eaa1d587ec2f0fcc	0c9d06cd39c43249a20616efbf908917ec188212112c230847492e3291573995	161010	5760	1	1	0	0	0	0	0	0
Assets/Collections/Farmer Centipede Cln Data/Farmer Centipede Cln.prefab	dbe09cc49be577344b18dc0f315b8167	ad301ae94800910cc56ef72cebec3e42903172ec637abc299330bca54f005b73	128465	4478	1	1	0	0	0	0	0	0
Assets/Collections/First Weaver Cln Data/First Weaver Cln.prefab	31cb8f0998e63714b9c827133a727653	a24d426757f9ce8f63d2dc45e22488b8afafed86b3406c6378c07545050381e4	261688	9187	1	1	0	0	0	0	0	0
Assets/Collections/Flea Games Cln Data/Flea Games Cln.prefab	12099d5da2285064ea7459adc43b0ba8	d42e8fc9894d90abf3c6ea4822a12f7e99527144cef10bb38209590ecf7ad546	276871	9849	1	1	0	0	0	0	0	0
Assets/Collections/Flower Boss Cln Data/Flower Boss Cln.prefab	d6fb92b214c07164d9e64e3373a341ff	ed2e4374c9877902af88239d5b0c6746320481c4d281ba9c0da48338ca11f3ab	175733	6232	1	1	0	0	0	0	0	0
Assets/Collections/Flower Drifter Cln Data/Flower Drifter Cln.prefab	44471a62308d2bf498cb579db4e89a19	0a4dc7c100d8b3ebc2257056a66b449590fa7d54ac7c11fbb40af9565823cfa1	42842	1530	1	1	0	0	0	0	0	0
Assets/Collections/Garmond Black Threaded Cln Data/Garmond Black Threaded Cln.prefab	396a6da387128f244bb44ae1d30f1ed3	e3da5b9a43ce72ed13b685f52fd3865561bb813a23c1791404c1a3ea6af1233e	110145	3880	1	1	0	0	0	0	0	0
Assets/Collections/Garmond Cln Data/Garmond Cln.prefab	0c6ad8820f97be64284aee09b9c2eca1	5285f3636e5d79dd1859841eb06651bbf6627453ab450253f81c09d5558dd0df	97585	3457	1	1	0	0	0	0	0	0
Assets/Collections/Geo Data/Geo.prefab	66d60306fc782fc4a8ba01c9a3fcedee	6f2bb77906b1022eb71a83358464d7a32188fd414b5a9d5a19a23a43d9bbbcf9	118339	4211	1	1	0	0	0	0	0	0
Assets/Collections/Geo_Rock_Deep_Outskirts Data/Geo_Rock_Deep_Outskirts.prefab	b9ba65a66a6e8dd4b8cb7f3f1c1cf0ff	0a0992682a32b6478f60e87740fdbba2ea43e9d80fe9444aeb8c3c4e91c05704	17800	637	1	1	0	0	0	0	0	0
Assets/Collections/Giant Centipede Cln Data/Giant Centipede Cln.prefab	de0d8047a37cbc749b01dcf8bebb8402	1e8ca1ed7897ecae60ac86f6b74ca4d675ef84b1ee15e2c071ba4fd9e18024a4	123930	4377	1	1	0	0	0	0	0	0
Assets/Collections/Giant Flea Cln Data/Giant Flea Cln.prefab	f43be38df4be2b6428dce1800db3a0d6	66d283ffd7d8feb26f40e79d3cbe48c04d6b732069882a4686ff6217677e3f95	64932	2285	1	1	0	0	0	0	0	0
Assets/Collections/Gloom Beast Cln Data/Gloom Beast Cln.prefab	eb6bdb6441a8d4245930fbf75aa7b9c6	4a739e4eedfe888b669fc45e02bc96ddf762f8c48c5c0a1358d72bbd364f0b16	134199	4698	1	1	0	0	0	0	0	0
Assets/Collections/Gnat Fly Cln Data/Gnat Fly Cln.prefab	d68e3f6600a2a9b498e7b791853b402c	c958a2de17cb3be46c87d6c7a7f16d1e97c77a92f7efbb26527cca4329f169c9	41990	1483	1	1	0	0	0	0	0	0
Assets/Collections/Grass Goomba Cln Data/Grass Goomba Cln.prefab	6e1414aafeaa12a469c7fef8c4c15e7a	19264d7b8ba5c1cdf75eb8927f4a6307a2afc0f3ad52da140dd73b01197e85c5	65595	2329	1	1	0	0	0	0	0	0
Assets/Collections/Grasshopper Child Cln Data/Grasshopper Child Cln.prefab	2cc87e330720d2d4e8c3a02302220a8f	df35428091504cd7a199919945eeae744448bb5d550f0a92e7ebbe5a31045e63	68851	2395	1	1	0	0	0	0	0	0
Assets/Collections/Grasshopper Fly Cln Data/Grasshopper Fly Cln.prefab	17bf563ad369021438dfeb9511736cf2	adcbecd214c47b1a05160b7ac8d6e0153d95ddd9aa8b6e098acac241908c085d	121969	4303	1	1	0	0	0	0	0	0
Assets/Collections/Grasshopper Slasher Cln Data/Grasshopper Slasher Cln.prefab	497cb001a46119f409ad95be9b82f5b6	23193688d25ba824650e645736325ef1c0a34a0e8c541fccc64f4666339290b3	156071	5435	1	1	0	0	0	0	0	0
Assets/Collections/Grove Pilgrim Fly Cln Data/Grove Pilgrim Fly Cln.prefab	de26ddf765e381a4c8c3c1e638575d08	355340b0da68b2cb808e732d3241b3c60fda37204ae108223fa02abd92019aa7	40130	1436	1	1	0	0	0	0	0	0
Assets/Collections/Grub Farmer Cln Data/Grub Farmer Cln.prefab	0ed9afbf1a912114581d4b5923b318e4	b4f69d3956778a54dfa766a262dd40c858cd54cab59b6ccaff2db7b5e27efd23	37788	1342	1	1	0	0	0	0	0	0
Assets/Collections/HUD Cln Data/HUD Cln.prefab	38f5be1b1ac6fd544b65c9ab5b49279f	6a514d193491e4e82e2c10eac02258bab3da9dd5ae8a2cff2484c1ddd3b43620	861813	30530	1	1	0	0	0	0	0	0
Assets/Collections/HUD Extras Cln Data/HUD Extras Cln.prefab	678c699bb85b6c74d85f5b477ae074b2	e05ec6bd579fdb6d3d3772e8b854ebd5b36b524cf63ccdb836a8aa1d3f8938fc	31389	1107	1	1	0	0	0	0	0	0
Assets/Collections/HUD Frame Steel Soul Cln Data/HUD Frame Steel Soul Cln.prefab	d748312e2f999614d935aa6126ac2bda	2ce39a46ad2a7df8115b3444bf399c21aa0dc858cfb70fb19e830776cffbd834	195541	6841	1	1	0	0	0	0	0	0
Assets/Collections/Harpoon Ring Ant Cln Data/Harpoon Ring Ant Cln.prefab	a7775fb0ce9234c41bb59a32a090d12b	0ab4b5ec31bcb98c94e823963854ce6f0b0258e328783cd22037270f285a8f40	16822	590	1	1	0	0	0	0	0	0
Assets/Collections/Harpoon Ring Citadel Cln Data/Harpoon Ring Citadel Cln.prefab	5bcf0896d52df1d428e1432a798a4a20	0afda943ceea0c1ccb1ca957190364f71e596406a1e6bd95aab2d0c99f08b612	39334	1389	1	1	0	0	0	0	0	0
Assets/Collections/Harpoon Ring Pinstress Cln Data/Harpoon Ring Pinstress Cln.prefab	21b3dabcee36e304ea297335e800ce5f	107921cf30b74224c28a44db424e2011932f669514b6e028096ac03c04ab00f6	16891	590	1	1	0	0	0	0	0	0
Assets/Collections/Harpoon_Ring_Steamstress Cln Data/Harpoon_Ring_Steamstress Cln.prefab	e3fd94c4076d78149ab47f828a98764a	243ce814268d5b3e4995dfe8372cefa2be86d448a7db2f42462520f12b25dd32	16848	590	1	1	0	0	0	0	0	0
Assets/Collections/Health Bugs Data/Health Bugs.prefab	03ffe39052e33f440ac4965644c847df	5ee10cbd93bd9b019ee10ab2102e9a9be73176ca97dbb50418ae4701fe806407	138706	4760	1	1	0	0	0	0	0	0
Assets/Collections/Hornet Boss Cln Data/Hornet Boss Cln.prefab	d3e6c28e8c3c2df4487794765cc933dd	5850bc625db8c26ce53d0e1a2b963887e2bb9c59aad0259320cc14b51404cf14	429690	15160	1	1	0	0	0	0	0	0
Assets/Collections/Hornet Cln Data/Hornet Cln.prefab	15cd69ad7ca5c2f42989de94197fbf0b	4a35f46838bb4723cce461ef8d466b91bf5768cbd336a582f3bf55dfe6a812d1	155864	5525	1	1	0	0	0	0	0	0
Assets/Collections/Hornet Cloakless Cln Data/Hornet Cloakless Cln.prefab	35e2dbace775d784fae59e44e3216ea4	675c16d965f972f578072d7ebe5b959911b6073bceb30e2518f2755f1025ad96	560808	19672	1	1	0	0	0	0	0	0
Assets/Collections/Hornet CrestWeapon Dagger Cln Data/Hornet CrestWeapon Dagger Cln.prefab	441516debf7361647a169ebbda6cb027	a5342434ebea5bb1c50ca7f3877458309724bc39c72fb38cb79a1481107b36ce	145820	5102	1	1	0	0	0	0	0	0
Assets/Collections/Hornet CrestWeapon Drill Lance Cln Data/Hornet CrestWeapon Drill Lance Cln.prefab	02d2e48e71b538d43a3699269d5a024e	26e6987e1d00bffac7ff3393c3fb5ee3db7645b45f426cb79e253a8b3b3868f3	114585	4021	1	1	0	0	0	0	0	0
Assets/Collections/Hornet CrestWeapon Scythe Data/Hornet CrestWeapon Scythe.prefab	0a2faf0bce45de74f96df4b70896a6fc	915af5659b19e4b04c3f201bd8d649c90667a11ab98548ead1fd1a1650fbc173	209883	7312	1	1	0	0	0	0	0	0
Assets/Collections/Hornet CrestWeapon Shaman Cln Data/Hornet CrestWeapon Shaman Cln.prefab	b77083154b838a84288f1680dd09071a	647325eb1cc792394788e2d4953256edee77e285dce0d43e2c8eb0a013b8e95a	89872	3129	1	1	0	0	0	0	0	0
Assets/Collections/Hornet CrestWeapon Warrior Cln Data/Hornet CrestWeapon Warrior Cln.prefab	1871ca39ec5e08748a3825d9771aaa2f	3ca45bc605819590e4f3724d708490a56936c9f5028d5ccfc19adf680e731bea	240975	8392	1	1	0	0	0	0	0	0
Assets/Collections/Hornet CrestWeapon Whip Cln Data/Hornet CrestWeapon Whip Cln.prefab	fb8951810c0cfa94a8c30c8c595e0da4	5cb775406fc846af37b05c4616172f9930f0096299609bbe44930d448c7799f0	92084	3222	1	1	0	0	0	0	0	0
Assets/Collections/Hornet Enemies/Aspid Collector Cln Data/Aspid Collector Cln.prefab	59b280ff7f6791a4e9acce11a801c608	42c15a344138557e83cc28f57d313ad7cfd3c6572e534cc0e071b2c3a0f7d1a6	61770	2192	1	1	0	0	0	0	0	0
Assets/Collections/Hornet Enemies/Bell Fly Cln Data/Bell Fly Cln.prefab	aa9b51ad307c5f446a9ce4397f57d19a	d50b40b67d89af4201a61812548419c809b85e734ae55b989f8502579b3e0a63	38925	1389	1	1	0	0	0	0	0	0
Assets/Collections/Hornet Enemies/Bell Goomba Cln Data/Bell Goomba Cln.prefab	f262c1e8f14840249885b04ba6906d78	7f72d682f6466229d52c3a73a76f4bb13bd428eff4be1926ef77c89d3492ed5a	105187	3692	1	1	0	0	0	0	0	0
Assets/Collections/Hornet Enemies/Bell Goomba Silver Cln Data/Bell Goomba Silver Cln.prefab	5b07cb8c94685084ea1daf13762ea4e2	237e89ee3be246fcc71104d2fc0bdabbf8184665c12087647faf7198560e693b	105026	3692	1	1	0	0	0	0	0	0
Assets/Collections/Hornet Enemies/Blade Spider Cln Data/Blade Spider Cln.prefab	3f7fb8b296317a942a9e9d7e99800c45	fa3b24f7fbb8b1bca2b3ae127e9560f6959e5feece49f0c7893e41dbe9a48238	52443	1859	1	1	0	0	0	0	0	0
Assets/Collections/Hornet Enemies/Blade Spider Hang Cln Data/Blade Spider Hang Cln.prefab	c39b23476701585499357655618bc773	2f7f7160e9d843e0bc6585caa3b655fee0210264d04dc39c35f69eefd8187348	47400	1671	1	1	0	0	0	0	0	0
Assets/Collections/Hornet Enemies/Bone Beast Cln Data/Bone Beast Cln.prefab	7c05d9cdced9df04cb9c29a1c364c313	e5f332b79e4e283dfcb150f70f113f78dbdb3b4c6de2a6a53c8088b8ec0c6dad	71342	2524	1	1	0	0	0	0	0	0
Assets/Collections/Hornet Enemies/Bone Circler Cln Data/Bone Circler Cln.prefab	e9f8da91be7138041a9d19c270b76921	fe0c2ffbcf5e3b5ca6c30b3a138f6a215c9d777b7cbdac0b619fecd88fdbd092	32677	1154	1	1	0	0	0	0	0	0
Assets/Collections/Hornet Enemies/Bone Circler Vicious Cln Data/Bone Circler Vicious Cln.prefab	8010f472d59a27345ba407adfa855fff	3eaef6b9a499c8aab3c9edb9508ec961c6560a01784477e5c96007a6ba9b1fa5	65449	2329	1	1	0	0	0	0	0	0
Assets/Collections/Hornet Enemies/Bone Crawler Cln Data/Bone Crawler Cln.prefab	ab1344aba645865458159f0ae7497c46	afd0f1c91716de5f33144259a43a341e49330b7b4936328591e78eee83da39f2	27257	966	1	1	0	0	0	0	0	0
Assets/Collections/Hornet Enemies/Bone Flyer Cln Data/Bone Flyer Cln.prefab	d4acb2217fcd0c0458c725bcd55f8644	12cfedbd71e8cbc1fc953d488e4d7ac3aec9089c6417d4deb3a4748375dc3182	29771	1060	1	1	0	0	0	0	0	0
Assets/Collections/Hornet Enemies/Bone Goomba Bounce Fly Cln Data/Bone Goomba Bounce Fly Cln.prefab	071c775749639544685cc6e05162b78b	816aec27e4b524f43c7fc3002489515c4a20bce6811ff13ad66efe365d21f49d	18018	637	1	1	0	0	0	0	0	0
Assets/Collections/Hornet Enemies/Bone Goomba Cln Data/Bone Goomba Cln.prefab	b5a95d3e3ea8dfd4ab38d7e45a232321	e0d543b094d614daed328ab8a1c1b267ed8fdf0e7da43554f4e6f677423474a7	36471	1295	1	1	0	0	0	0	0	0
Assets/Collections/Hornet Enemies/Bone Goomba Large Cln Data/Bone Goomba Large Cln.prefab	55f7d9fbb82abc746bcda80889790e0a	52914097701e584670b2a3072c2d68f4c5f9ebd2e1157bf783baaedc1819230b	44696	1577	1	1	0	0	0	0	0	0
Assets/Collections/Hornet Enemies/Bone Hopper Cln Data/Bone Hopper Cln.prefab	9466c961a5fba204393152005d413ec9	f681fc331e552a7bf05088e76f0f43eabab6a0158d477615c38a560b462f71a9	37834	1342	1	1	0	0	0	0	0	0
Assets/Collections/Hornet Enemies/Bone Hunter Chief Cln Data/Bone Hunter Chief Cln.prefab	7a2a2bd12e1bbb04e830bbb21a485a68	8f2ee3675da3bfff9930a1be319b8cb1833206e2388338c884e685fd21e887e2	154417	5475	1	1	0	0	0	0	0	0
Assets/Collections/Hornet Enemies/Bone Hunter Child Cln Data/Bone Hunter Child Cln.prefab	03a289c2df6aed24dab755cd6bd8d883	36533ffc5fe3f087022e1b91ad0add399863e7732de2945f4e7a1c60b5f0f4ac	88184	3128	1	1	0	0	0	0	0	0
Assets/Collections/Hornet Enemies/Bone Hunter Cln Data/Bone Hunter Cln.prefab	6924f6c767f41a64387660565c0831a4	297c3b8ec18881130b693b43ed544c14fae08f02a0827c06233ac924af53157f	194584	6890	1	1	0	0	0	0	0	0
Assets/Collections/Hornet Enemies/Bone Hunter Fly Cln Data/Bone Hunter Fly Cln.prefab	2eb908948caf1624eaaf41ba3b44370b	d4a2f5090423b20765055a9599da212174e5ff5ae3a00887168dfa92c68eef7d	129182	4632	1	1	0	0	0	0	0	0
Assets/Collections/Hornet Enemies/Bone Hunter Throw Cln Data/Bone Hunter Throw Cln.prefab	53a7e855120150344ab4dfb961f3dbfe	7fd762133ac4524c27630eafcdca8f0b184dcdab014f6beeb32988f14190ac58	135327	4773	1	1	0	0	0	0	0	0
Assets/Collections/Hornet Enemies/Bone Hunter Tiny Cln Data/Bone Hunter Tiny Cln.prefab	92e653620b54c00438e5b835388d6655	ca9d90dcdfec0bde41c73be763d91bf79efa5ba3a36c77a634d4a10ab2031004	45734	1624	1	1	0	0	0	0	0	0
Assets/Collections/Hornet Enemies/Bone Roller Cln Data/Bone Roller Cln.prefab	633bc4f34229524469f58e91addea821	4d4c0a590dfddf9ba29e3b4d7d8f98f737ffd4bbd04ed83b639fc3dfb52dd9e2	33643	1201	1	1	0	0	0	0	0	0
Assets/Collections/Hornet Enemies/Bone Spitter Cln Data/Bone Spitter Cln.prefab	568e99ff9a9620c45898b2c56bac0d6f	07f97e7ba3d3db110fc22b6333b0689de6edf18aadeaacba76c3a675996db64f	46767	1671	1	1	0	0	0	0	0	0
Assets/Collections/Hornet Enemies/Bone Thumper Cln Data/Bone Thumper Cln.prefab	a549cad53978fda4ba7abf531fdf87a2	6db611ea5fc35c12045ff7bb474a1bdc20583686381b07c29ac97df4f1b2bb68	55478	2000	1	1	0	0	0	0	0	0
Assets/Collections/Hornet Enemies/Citadel Bat Large Cln Data/Citadel Bat Large Cln.prefab	1fc7bd1d4ec01d64ebe2d5488e448a38	f70bcd6aa7deb303b6f4f48c191cd25298cbf6ee6a544435cc761ead6860c952	77571	2697	1	1	0	0	0	0	0	0
Assets/Collections/Hornet Enemies/Cloverstag Cln Data/Cloverstag Cln.prefab	cfa7ce5b159c0f7439d51d606053d79a	234fc6d218e4433565cc6b59aaba18fb5b757e817c4e6cc248ad3179dbb1e2b0	36264	1295	1	1	0	0	0	0	0	0
Assets/Collections/Hornet Enemies/Conductor Cln Data/Conductor Cln.prefab	b1d19519114786b4394c994a02c7e5a6	0ac37465e36cf05f923506befd77d0ada62b8f783219d7832299f3c642cef6d6	54114	1920	1	1	0	0	0	0	0	0
Assets/Collections/Hornet Enemies/Coral Brawler Cln Data/Coral Brawler Cln.prefab	2a4171ddeed6d7241a8489184b50c664	15d25fcf4671971d70515419df69d4092db91226291642b697d34c3601bf5229	102229	3565	1	1	0	0	0	0	0	0
Assets/Collections/Hornet Enemies/Coral Conch Driller Cln Data/Coral Conch Driller Cln.prefab	43f67fbd2db3c1545b8b2a904a2daba0	0197d54ea9ca1e4a1e7afb035004fe5dd14326e5aca2530adccee2ce2c5b2b89	61285	2188	1	1	0	0	0	0	0	0
Assets/Collections/Hornet Enemies/Coral Conch Driller Giant Cln Data/Coral Conch Driller Giant Cln.prefab	5f4c94a22ccc4b143be1428ef50d3d84	44269afdf43993516b2de56cd427f0db88574abeb6c77310c02adba7e2d1c2f3	86011	3034	1	1	0	0	0	0	0	0
Assets/Collections/Hornet Enemies/Coral Conch Shooter Cln Data/Coral Conch Shooter Cln.prefab	bb8f53f1b8a9e2b42ad46f8a6a74eda3	caedc2998ae53abee52cfb68d12086fc1e58096ad1b95fb38750baa586ee5e67	66474	2377	1	1	0	0	0	0	0	0
Assets/Collections/Hornet Enemies/Coral Conch Stabber Cln Data/Coral Conch Stabber Cln.prefab	2c5785c2f881cb64ba63516d7c3b9925	3db729f5a6b6e49d5856e65ad4bedbdb5104526a5c22e6fcbf2c693065716306	51410	1812	1	1	0	0	0	0	0	0
Assets/Collections/Hornet Enemies/Coral Flyer Cln Data/Coral Flyer Cln.prefab	590c32030052ac2438750b66ab1eb735	a992ac7248422d8411fd4ec24635cec50071ec922bc957b9435cd38465aa5899	96104	3410	1	1	0	0	0	0	0	0
Assets/Collections/Hornet Enemies/Coral Goomba Large Cln Data/Coral Goomba Large Cln.prefab	bf511ef1da89c894e8560c8ae7fc4546	745e1b6d29bc8b5cb059335abe46883a51cded5b70bbab90a972c6da8c513fa8	44301	1577	1	1	0	0	0	0	0	0
Assets/Collections/Hornet Enemies/Coral Hunter Cln Data/Coral Hunter Cln.prefab	add05e7da5ed91c4ca3dbc1984491352	0138de15c92d03005dc04f35cd77de7e8d8f7a7438febedcb9657d5b38b3e215	121237	4272	1	1	0	0	0	0	0	0
Assets/Collections/Hornet Enemies/Coral Warrior Cln Data/Coral Warrior Cln.prefab	54f59fd648450f74b963805ad63c3b6f	30421ba7b2beef2e0954c1cbc4ec1ea1085c8b17b2c558a34e6b1b60b685dd6b	80852	2893	1	1	0	0	0	0	0	0
Assets/Collections/Hornet Enemies/Coral Warrior Grey Cln Data/Coral Warrior Grey Cln.prefab	03b8ede214dd9f249a3e841589d4cd7b	4614a608372883f00ff8c3c5812b5496fb9f5fe6894f39b237b1243f91c750d9	171110	6033	1	1	0	0	0	0	0	0
Assets/Collections/Hornet Enemies/Crawfather Cln Data/Crawfather Cln.prefab	7318ee1509e5a4d4ba5f51692266bda7	11362b31cf58c58ab51876e252d82c7f0a6d5d6796148f1beeaa3ee4ed30f711	174722	6128	1	1	0	0	0	0	0	0
Assets/Collections/Hornet Enemies/Crow Cln Data/Crow Cln.prefab	96ed0d1969f6b0e40a9e95f1ddc4f3bb	0781bdb7212af93949975a39f6a41b664497bfdca762ed18c6e2bde30f3553a0	62093	2188	1	1	0	0	0	0	0	0
Assets/Collections/Hornet Enemies/Crowman Cln Data/Crowman Cln.prefab	9c7e35a6099b1704489a1ee67e55ce31	53d17a986a9e8d80b557a448f6cb97b1150cb8aabdccf6beab01f8c58b0eab19	138132	4841	1	1	0	0	0	0	0	0
Assets/Collections/Hornet Enemies/Crowman Dagger Juror Cln Data/Crowman Dagger Juror Cln.prefab	207fb1d47bf3b7249bde2e769368bdff	e9c4fbbda227b7ef80aa1aa2aa0afa5d61d2392e0fc9ff0bf8c314a1a8c94f92	98224	3504	1	1	0	0	0	0	0	0
Assets/Collections/Hornet Enemies/Crowman Juror Cln Data/Crowman Juror Cln.prefab	e050966b11f11a4469df13244f7f088c	9deaa36e066b4c2774591daef62badc200ff5c259cee4a419e9347132a0d7f0f	158882	5632	1	1	0	0	0	0	0	0
Assets/Collections/Hornet Enemies/Crowman Juror Tiny Cln Data/Crowman Juror Tiny Cln.prefab	05db659cbfab68348acfb924a6241d46	460defd2b46125242349d653f805146eac2207c55f1b66afb8e58ada8ecbc2fc	74153	2611	1	1	0	0	0	0	0	0
Assets/Collections/Hornet Enemies/Dock Flyer Cln Data/Dock Flyer Cln.prefab	c0d3919b199a813468a25e3c4f352c48	8b0b2820f0b703f719dea744007bda97a421ad781ffd7c0d25463db58d075e5c	62534	2235	1	1	0	0	0	0	0	0
Assets/Collections/Hornet Enemies/Dock Worker Cln Data/Dock Worker Cln.prefab	cdb1a9eccedccb84ca9dd932213baff4	03368518fcc7b4f10cbcc47c63024105fe23d4785985c2c4b5f93e9c5370f101	117445	4184	1	1	0	0	0	0	0	0
Assets/Collections/Hornet Enemies/Dragonfly Large Cln Data/Dragonfly Large Cln.prefab	cd8e421e219a8324aa8b6bea8b2b3fee	dbf018f24abcae40c881acfab553d44a4b3051c6fc474ca9dc601ca8c9476216	29985	1060	1	1	0	0	0	0	0	0
Assets/Collections/Hornet Enemies/Dustroach Cln Data/Dustroach Cln.prefab	b4cdb5d8f467b5e4fac9b96179ddcf17	d126face9a4bfdf421365f3f94c259696a38ab5a9d19d302eae01a7e9a9358b8	100053	3551	1	1	0	0	0	0	0	0
Assets/Collections/Hornet Enemies/Farmer Catcher Cln Data/Farmer Catcher Cln.prefab	7c3c23ab2fc5b764daf6a67628147ef8	dd43f246a6de1d7a337e2dd01205e1c7cf4324ed55de65aba64307bca975c766	84209	2989	1	1	0	0	0	0	0	0
Assets/Collections/Hornet Enemies/Farmer Scissors Cln Data/Farmer Scissors Cln.prefab	a4595729b3b9fd945a1512037214cd6a	a6a4d33be393226da5c0d40e52d778aaeea9e01af799031c3445435b73b00070	147441	5244	1	1	0	0	0	0	0	0
Assets/Collections/Hornet Enemies/Farmer Wisp Cln Data/Farmer Wisp Cln.prefab	5d011a2e3958d2741871390361bdf64e	1b26095eeffd9b4c74f75e309bcaf11a447482f5a128b2ac7b5f090b3f40681f	164399	5807	1	1	0	0	0	0	0	0
Assets/Collections/Hornet Enemies/Fields Flock Flyer Cln Data/Fields Flock Flyer Cln.prefab	da3f87285bb86db43a81933fb5a46f54	1033eff9c7748ecd9d5947ea79c443a5fc7ddf5792c6db57bef575e911a11507	55060	1953	1	1	0	0	0	0	0	0
Assets/Collections/Hornet Enemies/Fields Flyer Cln Data/Fields Flyer Cln.prefab	d41ba108dde87144cbf4df2c3b355861	152a67a97e2e6fb70b2ab83720ef564bf8eada5a6ac98d275836f287e40f5308	27105	966	1	1	0	0	0	0	0	0
Assets/Collections/Hornet Enemies/Fields Goomba Cln Data/Fields Goomba Cln.prefab	acf5ae43f41d5e04d8d7a884881e319a	ff76c9729b4ac5b41ba16f23d86bbee8b373040c54cdcdfafb0c0c516a9d2eb5	28767	1013	1	1	0	0	0	0	0	0
Assets/Collections/Hornet Enemies/Gnat Giant Cln Data/Gnat Giant Cln.prefab	e2b45bee4513290408b3a07e336c268d	aa85730e291158230e294f6b3257ef32783ce6f782ed15626085f6ec2b2b2f15	41250	1483	1	1	0	0	0	0	0	0
Assets/Collections/Hornet Enemies/Hanging Dummies Cln Data/Hanging Dummies Cln.prefab	d67baebd3521ebf4588d215558069d84	a20ec41d280f74f92ce296996150f2955566401d40bb181779022c789493398c	17752	637	1	1	0	0	0	0	0	0
Assets/Collections/Hornet Enemies/Hornet Dragonfly Cln Data/Hornet Dragonfly Cln.prefab	29aaa803abfff974e81a9a20c47f5a07	58a0e0eb09099fc168738b914b551e2bc9bf926fc6d30aaef2002687b4ad6d99	31536	1107	1	1	0	0	0	0	0	0
Assets/Collections/Hornet Enemies/Hunter Queen Cln Data/Hunter Queen Cln.prefab	41a92c44877636a459017214fc06c845	24fb840d94535441c64d822d804afcb316aada08224e888ebf2c4ba3ae89ab62	375492	13353	1	1	0	0	0	0	0	0
Assets/Collections/Hornet Enemies/Judge Child Cln Data/Judge Child Cln.prefab	d51e09af9dc27ba4eb28fe59b4939127	6dad5e23ba9f458d4abcb4dee38a7df5913fff94e6c7f4a08fa35a3f42313bd0	52473	1859	1	1	0	0	0	0	0	0
Assets/Collections/Hornet Enemies/Lace Cln Data/Lace Cln.prefab	f0984688ed2e67e40ba80b5b163b1f63	f93dd59983971f36954c2750eb6478ea6ab8702d1777478bfab681a1c851e32b	362886	12836	1	1	0	0	0	0	0	0
Assets/Collections/Hornet Enemies/Lost Lace Cln Data/Lost Lace Cln.prefab	8d7f7afcf45a17a46be37b40f7df8f42	336258b59a3f40e781bbde76da5f35153909e11361e765e83e40219950ef30bd	584862	20508	1	1	0	0	0	0	0	0
Assets/Collections/Hornet Enemies/MossBone Crawler Cln Data/MossBone Crawler Cln.prefab	97a660b80a9019f4da61f7cf8df4f780	287a1f5e4589867da042540e984987480f2f1e45fd36a01e58af49167373b5d2	32290	1154	1	1	0	0	0	0	0	0
Assets/Collections/Hornet Enemies/MossBone Crawler Fat Cln Data/MossBone Crawler Fat Cln.prefab	15dbb5874b222464f85c299fc5dffce1	87aadb0a42b1575b95a32be24a04f76904a1e474314d498e328d5e3f4b4f50fe	32232	1154	1	1	0	0	0	0	0	0
Assets/Collections/Hornet Enemies/MossBone Fly Cln Data/MossBone Fly Cln.prefab	e0bdd83631984684fbe5b4d5648f447a	01d32e10dcd840e13ef09bb39526eecaca9e3571b8d46bea07be07072924c804	47119	1671	1	1	0	0	0	0	0	0
Assets/Collections/Hornet Enemies/Mossbone Mother Cln Data/Mossbone Mother Cln.prefab	c8505a3df1fdf774c8c91485245c3324	0d7b96dd7a5a98158a7f8829f5d713e88fd8e8b95056df56138db51164347a6d	46688	1671	1	1	0	0	0	0	0	0
Assets/Collections/Hornet Enemies/Pilgrim 03 Song Cln Data/Pilgrim 03 Song Cln.prefab	01559cfcd3146cb46a7b28adc927cc80	5d5f5b77527480761114e40a097fc7aa4a475a3ac1f015d66fbc69c21473d41e	50816	1812	1	1	0	0	0	0	0	0
Assets/Collections/Hornet Enemies/Pilgrim Fisher Cln Data/Pilgrim Fisher Cln.prefab	43835ccb7eb36344882473ca9f70f370	0e47ff5fbf947254d7cbd7b78f5a9f60fdbb1e7030c825785f1388ce945b2f77	50812	1812	1	1	0	0	0	0	0	0
Assets/Collections/Hornet Enemies/Pilgrim Hiker Cln Data/Pilgrim Hiker Cln.prefab	6b89450b222c05e469695660af017579	da075e92bafeeee2c5e0ea384df8c096626cf996945a7b60d8a5f66b5781dfd1	83778	2987	1	1	0	0	0	0	0	0
Assets/Collections/Hornet Enemies/Pilgrim Moss Spitter Cln Data/Pilgrim Moss Spitter Cln.prefab	25d0b24b1317fa1459a092b357a3e161	9a6cfd3982965e6335d0dd44341d2c12ae5d3d10e0f98062025a1333a252f5a0	51048	1814	1	1	0	0	0	0	0	0
Assets/Collections/Hornet Enemies/Pilgrim Staff Understore Cln Data/Pilgrim Staff Understore Cln.prefab	cd15705b7e203f441954763700dbeb41	4486abc113cce70f1384718a3654b4390bef91b056d5dd955e0f33c7fb962f47	94782	3365	1	1	0	0	0	0	0	0
Assets/Collections/Hornet Enemies/Pilgrim_01 Cln Data/Pilgrim_01 Cln.prefab	823ade58190c91043ac3bdf0776a8c07	9ba10df656da20bb819c0bd582cd714509c699468e7d86bd15b17e1b975439c0	65217	2329	1	1	0	0	0	0	0	0
Assets/Collections/Hornet Enemies/Pilgrim_01 Song Cln Data/Pilgrim_01 Song Cln.prefab	42e6b42df2f62b74b8f13955efa77c5d	04d032850e235fcb3bcb453e76bf6f87e7226e453168e3d9b8a8d4858e59f114	58934	2094	1	1	0	0	0	0	0	0
Assets/Collections/Hornet Enemies/Pilgrim_02 Cln Data/Pilgrim_02 Cln.prefab	8bf9a285a30a355418b02ec911c5eb11	77b3bb0f5eaf5054e0656f399741b0efb9ace56091dce5343d8fada0c6294c4f	47621	1718	1	1	0	0	0	0	0	0
Assets/Collections/Hornet Enemies/Pilgrim_03 Cln Data/Pilgrim_03 Cln.prefab	7305623d46cfc4d44bf1c4619ba1e9c2	89f612a5b025069ce63dff090c7cd70b1f41cc3a8fdc7351a0ae63fb8a0acfc5	58222	2094	1	1	0	0	0	0	0	0
Assets/Collections/Hornet Enemies/Pilgrim_04 Cln Data/Pilgrim_04 Cln.prefab	884aba11403d025498a900e2b40e3608	a1d1419732146ec84c0507b7205ce5e6199285fec1bf2e3809226b0a5cd999b3	46807	1671	1	1	0	0	0	0	0	0
Assets/Collections/Hornet Enemies/Pilgrim_04 Song Cln Data/Pilgrim_04 Song Cln.prefab	7b377f5d85b1fb942bdd890d1d08a944	2510c68542d1e4cb59af0831a2ec9d3917473bcd3baf384943c80b950a727151	45797	1624	1	1	0	0	0	0	0	0
Assets/Collections/Hornet Enemies/Pilgrim_05 Cln Data/Pilgrim_05 Cln.prefab	93d1250638f3b254180a717fc759d3d6	45e400aa9a681ddcd1bdcff7b4bebafcbc03248f499b8c7f411f2bc9651575cf	61437	2188	1	1	0	0	0	0	0	0
Assets/Collections/Hornet Enemies/Pinstress Cln Data/Pinstress Cln.prefab	05b6cdd3031b5144098768c889fe55e3	b8748018d81b16e13c9089c73658484f515c34fbf110b5314b5af012525c8a64	295481	10335	1	1	0	0	0	0	0	0
Assets/Collections/Hornet Enemies/Rhino Cln Data/Rhino Cln.prefab	10681c488c356d04ca1bd668314ce289	d2d2189d9108b88a23c608c0f756e937439437b00a765467c12d0eaa9b6f8566	73320	2611	1	1	0	0	0	0	0	0
Assets/Collections/Hornet Enemies/Roachkeeper Cln Data/Roachkeeper Cln.prefab	ec80645f8fe25b94f9a4b3929db990f1	ed21bf64dcbedd042c8919b8fd421017cf015b5f80349cc7bc6fbbead444d2f2	105247	3739	1	1	0	0	0	0	0	0
Assets/Collections/Hornet Enemies/Roof Crab Cln Data/Roof Crab Cln.prefab	069713a74bba4f041bb80d62ca224ecb	d8626d7efdf969e059f32d385e640fea05bf01c70d12c5c1c9fec2c59703be50	27204	966	1	1	0	0	0	0	0	0
Assets/Collections/Hornet Enemies/Shellwood Goomba Cln Data/Shellwood Goomba Cln.prefab	63051f2f196073341a68ac5ced00ada0	d85edd32dfa91cae18f5d3aa4dfb7b9115c9e9436c5f35da8c3ed71f7332b09c	87070	3082	1	1	0	0	0	0	0	0
Assets/Collections/Hornet Enemies/Skull King Cln Data/Skull King Cln.prefab	a9ab3d8821dfdb9419e15124b57bd5a6	af5601e345800ad27ff07d09d90ba235e30032e48de4d9cba7fb3773a7b8e845	62725	2235	1	1	0	0	0	0	0	0
Assets/Collections/Hornet Enemies/Slab Fly Large Cln Data/Slab Fly Large Cln.prefab	effaef79ed1558342922c26d76f94dae	f86c054973c2b730cd65ffde2001d14f1ddc0b2f4aa7b5d4da2326d0fc2bff58	146446	5290	1	1	0	0	0	0	0	0
Assets/Collections/Hornet Enemies/Slab Fly Small Cln Data/Slab Fly Small Cln.prefab	05cf4999df44f074cb9d010a69675e5b	5d016bb19dc9a4cb102dfb1b1cc5f40cb5ecff78d137a3fd6fed67cd21621a7f	38949	1389	1	1	0	0	0	0	0	0
Assets/Collections/Hornet Enemies/Slab Fly Small Fresh Cln Data/Slab Fly Small Fresh Cln.prefab	cd0535c0383d9614188f078cbb8a9340	152831e8596c239cc824a30366cbaf59734c178ae23845e877342eabefda2f7b	35170	1248	1	1	0	0	0	0	0	0
Assets/Collections/Hornet Enemies/Small Crab Cln Data/Small Crab Cln.prefab	32f1911a13aa31142b082e8f6d10cd77	7d56ca70dfed58c779ef6f763dc6f922bc385778b0043438f10a98744998141f	31389	1107	1	1	0	0	0	0	0	0
Assets/Collections/Hornet Enemies/Song Automaton 01 Cln Data/Song Automaton 01 Cln.prefab	2bda832b16feb0e45b7f3c23dd37dd85	d858f5e51ba3cde2d04604afea3e3593555f9277db4c1c0f86bd680e5499a5c3	49465	1765	1	1	0	0	0	0	0	0
Assets/Collections/Hornet Enemies/Song Automaton 02 Cln Data/Song Automaton 02 Cln.prefab	c0eaf5c51afc73d4fa07a625c1233380	e48cb8c76c501c34f58533eefe12c6f9e5aa2617c49732226b1b26a6f86fd6c9	34997	1248	1	1	0	0	0	0	0	0
Assets/Collections/Hornet Enemies/Song Automaton Fly Cln Data/Song Automaton Fly Cln.prefab	820ea763d947f9540b9e2d8192aa16cd	8439df6663beca00d41c34a12944209ec38dab74e2a2b96051401be572322348	37897	1342	1	1	0	0	0	0	0	0
Assets/Collections/Hornet Enemies/Song Automaton Fly Spike Cln Data/Song Automaton Fly Spike Cln.prefab	a987edbf34dd51047b8577d9fcea63ed	810057a64d15dab928d058da922f51bb3bb97be38486a34ce12730ef01b93d01	33930	1201	1	1	0	0	0	0	0	0
Assets/Collections/Hornet Enemies/Song Automaton Goomba Cln Data/Song Automaton Goomba Cln.prefab	38936094baef99647856f07c871d8b6e	63f0fbcef79a844959332e478689c3a8758966f23a89a66895864803a273f3a4	43116	1530	1	1	0	0	0	0	0	0
Assets/Collections/Hornet Enemies/Song Automaton Shield Cln Data/Song Automaton Shield Cln.prefab	899395dbe0668e7458ce32a9bfc036ad	439e4b3dd223e4b3f53708330f5b1b82bb9411ae704328ea745666b75e62beeb	77174	2752	1	1	0	0	0	0	0	0
Assets/Collections/Hornet Enemies/Song Automaton Tiny Cln Data/Song Automaton Tiny Cln.prefab	a5792ed1efbdf6244b5c7ebd468661c0	b5795ff5645639923756de59f1dd894cad70c61058a494651ca6b4fc2c76d5c4	23052	825	1	1	0	0	0	0	0	0
Assets/Collections/Hornet Enemies/Song Creeper Cln Data/Song Creeper Cln.prefab	7f03475f75e9a1c42adc7462cb988adb	30bf75100cc7505a776880ff0023880404ea0036ac752f4a2585b909a3982add	122887	4300	1	1	0	0	0	0	0	0
Assets/Collections/Hornet Enemies/Song Handmaiden Cln Data/Song Handmaiden Cln.prefab	8d41e51224424654aa46012b5faa2a8f	fb9f57e62f66c25747c49089227c5d053fb2d3b69c88e2af282b3ad15684934e	178382	6324	1	1	0	0	0	0	0	0
Assets/Collections/Hornet Enemies/Song Knight Cln Data/Song Knight Cln.prefab	e88f8a8622e511a45b0d45c3feda52d6	297a05bcaf4fb4b320ba3b991fe902f4b3fbcd0f4d64b18a1864651f26da0a1b	241666	8489	1	1	0	0	0	0	0	0
Assets/Collections/Hornet Enemies/Song Pilgrim 01 Cln Data/Song Pilgrim 01 Cln.prefab	3d829360c8313a8498153dc0e0fa5b97	7c88b10637eca860007ce36bb58727a9be24287ed593fdcedc543c472f9c3a57	100519	3551	1	1	0	0	0	0	0	0
Assets/Collections/Hornet Enemies/Song Pilgrim 02 Cln Data/Song Pilgrim 02 Cln.prefab	8f097dd833603424593e22a6a15a4816	68b35fe8feee987ff9c3bd8a36b23058f9bacdfde364746dfa7a92d58bceaecb	123092	4350	1	1	0	0	0	0	0	0
Assets/Collections/Hornet Enemies/Song Pilgrim 03 Cln Data/Song Pilgrim 03 Cln.prefab	625fdd43eb9fc07438bcb1b198ce9d8b	24d26baa3f56affce0565acc4f603e5b1ffdb0fe9e56d36666b8318709f6bb9d	147397	5196	1	1	0	0	0	0	0	0
Assets/Collections/Hornet Enemies/Song Pilgrim Maestro Cln Data/Song Pilgrim Maestro Cln.prefab	67daf881b8712b042bb6c0567f8e3e21	ccf4f80d60246c50c15610d542ceaea8f784ea69b44dcc0a57ecb22231d334ee	58717	2094	1	1	0	0	0	0	0	0
Assets/Collections/Hornet Enemies/Song Reed Cln Data/Song Reed Cln.prefab	cc6b99422194df2458f09fb36b415728	e64d1ecf97fbd035232d2d4dc80bdd8c5c4d861577bbc3c31d9461652b3e3f6b	106009	3718	1	1	0	0	0	0	0	0
Assets/Collections/Hornet Enemies/Song Threaded Husk Cln Data/Song Threaded Husk Cln.prefab	0f041538d4d9067418eab0ab6f968faf	9a07b8f26af7b2fc5d9f1a92efd5ef86d7d2c348a8ba98bd5a9dcccb98aaaa76	62973	2235	1	1	0	0	0	0	0	0
Assets/Collections/Hornet Enemies/Song Threaded Husk Spin Cln Data/Song Threaded Husk Spin Cln.prefab	7c881cb7f2b51ef4a97c7f93ddacc22e	726dbef569b42487365ef24fd470e027b5b2dab520d0119427961dfcc5949a26	57329	2017	1	1	0	0	0	0	0	0
Assets/Collections/Hornet Enemies/Spiked Lazy Flyer Cln Data/Spiked Lazy Flyer Cln.prefab	e0abea52b8714f948b61d25ffcf15408	0532ef31e974bacd9f60c41501b3eb32698b45fe182711490acdaf0e73e75ea7	27361	967	1	1	0	0	0	0	0	0
Assets/Collections/Hornet Enemies/Stick Insect Charger Cln Data/Stick Insect Charger Cln.prefab	46477b7c3f54cc245a30b8b4a8550b98	fd257f70bedc2301b1c354b99c8ba00a78ea82fe60cc380655f17724edbbf930	73854	2561	1	1	0	0	0	0	0	0
Assets/Collections/Hornet Enemies/Stick Insect Cln Data/Stick Insect Cln.prefab	bde04d4667f39764a805bd01df6bf0ab	35c32015ac1d355105279b87e35d6215bbb9fed9458dfc5537ac1898bdf253d4	76949	2706	1	1	0	0	0	0	0	0
Assets/Collections/Hornet Enemies/Surface Scuttler Cln Data/Surface Scuttler Cln.prefab	69cdd63929104eb4eb43815e5381420d	923924c0c1dbbd495e8d6367ca8c9f88023d24c2090db20b67987ac729215538	46790	1671	1	1	0	0	0	0	0	0
Assets/Collections/Hornet Enemies/Tar Slug Cln Data/Tar Slug Cln 1.prefab	562e09854bcbd7741ba78e16b487476e	8b6e18dbf6fdd2d1a2b8228da1eea042945b59ad167942991ef167aaecb7688a	1850	71	1	1	0	0	0	0	0	0
Assets/Collections/Hornet Enemies/Tar Slug Cln Data/Tar Slug Cln.prefab	4edb0b6b3e9797249a8020e1056e8c55	3f2dd83cae30f9a6a8eb21ce971f8138bbf4828246a83b69b3c1ec0326e397a8	46474	1671	1	1	0	0	0	0	0	0
Assets/Collections/Hornet Enemies/Tar Slug Huge Cln Data/Tar Slug Huge Cln.prefab	8e6c2f58bb11c1b4a9ad526d0e393508	66e7dec6208d7f606e8926ed93acb812b15ad48984b479da5dc16282614dffad	25757	919	1	1	0	0	0	0	0	0
Assets/Collections/Hornet Enemies/Trobbio Cln Data/Trobbio Cln.prefab	e7e291c08e0562f49af0ad46df8260d3	26cd3746a8b8828130e22d401a578f398a5f11c005ab6797e94009aa98ad0b73	249638	8825	1	1	0	0	0	0	0	0
Assets/Collections/Hornet Enemies/Understore Heavy Cln Data/Understore Heavy Cln.prefab	52e66fe421426334b9d874bea2ba10f1	57b8a4862c0a6bf6370ec635bc02d572d707ca0ffbbc68b453b9dbb4b70a44ef	121499	4265	1	1	0	0	0	0	0	0
Assets/Collections/Hornet Enemies/Zap Nest Cln Data/Zap Nest Cln.prefab	256c3766cd4b7a34b9b4e82da31cddd6	6c16bcb0d6a2eedc0a5cbdb27032ebc4108426b7dd2e4d96506c2d9cce59ad99	91030	3222	1	1	0	0	0	0	0	0
Assets/Collections/Hornet Heart Grab Cln Data/Hornet Heart Grab Cln.prefab	12371ce4790f67d4f969708ea7c14b39	8e23ffda730486634e03faa663c3df2916e1fb229576207e3f8cb5458a2cff52	54528	1906	1	1	0	0	0	0	0	0
Assets/Collections/Hornet NPCs/Ant Merchant Cln Data/Ant Merchant Cln.prefab	9c922b039960b2545a50fdeb70ad4dbc	11e6a4c26c12ea90ab1d431cb5bed029852f5735bca47a7df5b2ef02b945d7b4	48635	1718	1	1	0	0	0	0	0	0
Assets/Collections/Hornet NPCs/Architect Cln Data/Architect Cln.prefab	c043bc03d84d18345b7d8d64c0ceaadb	a5a9068a00c992ee151da327bfba88758643fe000232b6ca4dea3cd6b249b9dd	40386	1436	1	1	0	0	0	0	0	0
Assets/Collections/Hornet NPCs/Bagpipers Cln Data/Bagpipers Cln.prefab	781e6914186b88743ad3cd3302415de3	0bb85951e3b3ac69377300edbeca9f4675793fde7446160a038647300c2834f3	64923	2329	1	1	0	0	0	0	0	0
Assets/Collections/Hornet NPCs/Ballow Diving Bell Cln Data/Ballow Diving Bell Cln.prefab	21acf99842dd0974e929d564a7452987	4eab05eb44d09c247f6acff972880334d4d8868919e1e74856483244cd453a55	54690	1906	1	1	0	0	0	0	0	0
Assets/Collections/Hornet NPCs/Bell Hermit Cln Data/Bell Hermit Cln.prefab	3ab4e056d871e524ebe7fdb5b78c72be	93d0480774230c7b73ecbbb3753f517bc4974568b1b4416f773b904a422a94dc	35474	1248	1	1	0	0	0	0	0	0
Assets/Collections/Hornet NPCs/Belltown Greeter Cln Data/Belltown Greeter Cln.prefab	f36c4e5154d2b69479b0c8a3ebc3c353	4100b3c680a32464f47100d9d6a7d8813028e8210fa02e181e24f6bffe8806c9	49690	1765	1	1	0	0	0	0	0	0
Assets/Collections/Hornet NPCs/Belltown Shop Cln Data/Belltown Shop Cln.prefab	1c49189333da0f4458671fe4542b946b	98c951257a1eae6fccc819ecfaa2fe3b97bcf573c435449aeed4e48809832259	29941	1060	1	1	0	0	0	0	0	0
Assets/Collections/Hornet NPCs/Bellway Pilgrim Cln Data/Bellway Pilgrim Cln.prefab	fe848fb4079d67143b5a4ec89b6b48d2	8a6bae0bbfb97d7eed5b189b8cc768ca29aae82898eb69e36c9d75d42dca5def	63750	2282	1	1	0	0	0	0	0	0
Assets/Collections/Hornet NPCs/Blue Scientist Cln Data/Blue Scientist Cln.prefab	07742aeeba9a8fc4daa7526c4a27c73c	90d34ba5ced46a1e29a8f98b244709cf983b56b6927ef4817bbb5e93b5fc6854	23310	825	1	1	0	0	0	0	0	0
Assets/Collections/Hornet NPCs/Blue Scientist Sit Cln Data/Blue Scientist Sit Cln.prefab	580a75ab4e5411f4ebad21c7680f521a	a946993705da0d3958e48ba40bd19616efe7c00e5f18ba8f8cf677fc0bd5dff3	21919	778	1	1	0	0	0	0	0	0
Assets/Collections/Hornet NPCs/Bone Beast Child Call Cln Data/Bone Beast Child Call Cln.prefab	f20d510a40424b54897da5b62ae1b395	6589662672ff8fa38169822fe515c9c5dd1b3520f1554cdfcb55fc0c9dc79311	132613	4632	1	1	0	0	0	0	0	0
Assets/Collections/Hornet NPCs/Bone Beast NPC Cln Data/Bone Beast NPC Cln.prefab	77b8efcf6275e3843b85eb75d768b3b8	e7f0c79325d4692f468e38f41f1ec9070085e13d586f8932f975c9dbca3b3199	101523	3649	1	1	0	0	0	0	0	0
Assets/Collections/Hornet NPCs/Bonetown/Bonechurch Shopkeep Cln Data/Bonechurch Shopkeep Cln.prefab	03fd8380d4e2185419e7550a339b5ebd	302aead6e79759d5a60f33dd9c6bbdcf60207cb1498e9434323df6388f943f8e	33825	1201	1	1	0	0	0	0	0	0
Assets/Collections/Hornet NPCs/Bonetown/Bonetown BG Pilgrims Cln Data/Bonetown BG Pilgrims Cln.prefab	ef77ccd73056deb4f93c2c7b50fe5081	e1401f6187cc6fac8eb16f0fda674c62d9051ec2cd40015145115193ad252d61	96838	3410	1	1	0	0	0	0	0	0
Assets/Collections/Hornet NPCs/Bonetown/Bonetown Resident Cln Data/Bonetown Resident Cln.prefab	08478f20fafe0964fa127266ab950c1b	2ab33834cd6839af87100e35aef4ae14b729cfebc64d0a4b286ee68cecb09d7e	67390	2376	1	1	0	0	0	0	0	0
Assets/Collections/Hornet NPCs/Bonetown/Churchkeeper Cln Data/Churchkeeper Cln.prefab	a79e77bff17b104498eb5e2eedea3b0d	24664855ba46a9422be2679a235487dc20040ddb18ce6219c31aec68080e3a24	50072	1765	1	1	0	0	0	0	0	0
Assets/Collections/Hornet NPCs/Bonetown/Fixer Pilgrim Cln Data/Fixer Pilgrim Cln.prefab	893c242b486f07045b0208f50c335097	cd25822d8b4f2a5c5399de411925138c25822c8f987dfe4f974b402233e178a8	105340	3739	1	1	0	0	0	0	0	0
Assets/Collections/Hornet NPCs/Caravan Lech Cln Data/Caravan Lech Cln.prefab	dd81a90acebd2274890c7776f07b40e1	2dabd5039b7976e58476c7b1ae5681621dbfc478e6ab1c90bc50a5e161023778	103777	3692	1	1	0	0	0	0	0	0
Assets/Collections/Hornet NPCs/Caravan Steed Cln Data/Caravan Steed Cln.prefab	160c6064fbf80f3469b960828637716e	c8dda2497379c9acf3e2fd39aa221d07601493f1faecb2b0351b18cef011f168	23259	825	1	1	0	0	0	0	0	0
Assets/Collections/Hornet NPCs/Caravan Troupe Flea Cln Data/Caravan Troupe Flea Cln.prefab	23547e2d9b28249419908485f84e2458	0975ef41f5339eccf647ffa846d3d5a0c09b5afd95288697a198b2666a55bad1	138443	4961	1	1	0	0	0	0	0	0
Assets/Collections/Hornet NPCs/Caravan Troupe Hunter Cln Data/Caravan Troupe Hunter Cln.prefab	3ff7e926be50dbc41ac6804bf03e047d	1261019bb927fb67e6328d5ead16a43baf7280e96e75c5e77f1fe41dead27e36	49408	1765	1	1	0	0	0	0	0	0
Assets/Collections/Hornet NPCs/Caravan Troupe Leader Cln Data/Caravan Troupe Leader Cln.prefab	c85790e8db0369a48b92ff588bd27f9d	c5a0d2e3fc0616394b386bdda52362ffd2bae2b28a5f3a0b32431836cab99c62	47313	1671	1	1	0	0	0	0	0	0
Assets/Collections/Hornet NPCs/Caravan Troupe Member Cln Data/Caravan Troupe Member Cln.prefab	c5bc9486ad8aa6b4cbba5b850ec7b76c	da09a4e1c9bb0da419ac373296fc23d4e930e16b498efbb129413950ef88787e	54460	1953	1	1	0	0	0	0	0	0
Assets/Collections/Hornet NPCs/City Merchant Cln Data/City Merchant Cln.prefab	2d4b8b7f3e8cb6e4392706633293d878	8e982ddb9874c39ddd0304cf8b260960713d976c4eddce4a074812ef2ee3f9d9	81120	2893	1	1	0	0	0	0	0	0
Assets/Collections/Hornet NPCs/Courier Short Cln Data/Courier Short Cln.prefab	c31750a033872814cacd67a47d706a93	d7ec541b856cc6e3a268cb3cd31782c0b4cf159eaf4775a15a3ef59a94f775f0	38029	1342	1	1	0	0	0	0	0	0
Assets/Collections/Hornet NPCs/Courier Tall Cln Data/Courier Tall Cln.prefab	dcd38479efeded348859069ec801c60c	22a280eb16ce218c77cdb7719388418c1076f031bf9acc256c18a9cb25dd1aa3	36324	1295	1	1	0	0	0	0	0	0
Assets/Collections/Hornet NPCs/Couriers Packless Cln Data/Couriers Packless Cln.prefab	b10b7069c494d8041ab4485456662839	37d5795b0c05070f648f1489becf5a668da002a723b232a074788b9350be95dc	98457	3457	1	1	0	0	0	0	0	0
Assets/Collections/Hornet NPCs/Doctor Fly Cln Data/Doctor Fly Cln.prefab	1edc6c4d1f0c0464d96a562d06863030	5196056042cc2939813641768771700f00e17efc6d42b3bdd675e46d7b4ec3dd	41890	1483	1	1	0	0	0	0	0	0
Assets/Collections/Hornet NPCs/Dust Traders Cln Data/Dust Traders Cln.prefab	a0e640ba442211242a386a90de294f1d	3101b49277ec8a9b514d20863ff5ebbf1952af9a1856c463bd8613a305a01754	68617	2423	1	1	0	0	0	0	0	0
Assets/Collections/Hornet NPCs/Enclave Pilgrims Cln Data/Enclave Pilgrims Cln.prefab	8efa5b7428b64df4e9669e592ebd31be	20e74db90d071bf3ccaab142cd0d1d685fc61a84c935014e8aed35276809b732	272007	9616	1	1	0	0	0	0	0	0
Assets/Collections/Hornet NPCs/Forge Daughter Cln Data/Forge Daughter Cln.prefab	9643151c43a4e1940ae376f50f897eb5	e1ee894ef8359044ce127cf989d06062c0443b07e561530c596791c53336efbf	38977	1389	1	1	0	0	0	0	0	0
Assets/Collections/Hornet NPCs/Garmond NPC Cln Data/Garmond NPC Cln.prefab	108e9183bbca5f54da859d0adddbcef9	3d468cf5942a6b0e37f100a822ee92f5fbbbde703f965250152e464cfa9e73bd	69654	2470	1	1	0	0	0	0	0	0
Assets/Collections/Hornet NPCs/Generic Pilgrims Cln Data/Generic Pilgrims Cln.prefab	f14d3b7b68a53a340b7cca4494de6047	eb698689956bf2932f8d1b866c4a7baea3cdec2916ff04c7789f2cf7aedd3f3b	171659	6089	1	1	0	0	0	0	0	0
Assets/Collections/Hornet NPCs/Gilly Cln Data/Gilly Cln.prefab	8421484777b5c6f45be006c549c462eb	b150ce7683da1bd6795f0f0023d35fe37c357852c24cb6539d1d830a33a41e2f	40425	1437	1	1	0	0	0	0	0	0
Assets/Collections/Hornet NPCs/Great Gourmand Cln Data/Great Gourmand Cln.prefab	c57aab70086b19a489431ed66a05b607	14a476833b84a9e21504219af8e6e12b3bffe58cca116d06cc4aab28d35bbc8b	80462	2882	1	1	0	0	0	0	0	0
Assets/Collections/Hornet NPCs/Green Prince Kneel Cln Data/Green Prince Kneel Cln.prefab	f741f796fc5e73348a3bfa9b95791903	04cd18b9e188b17c1ef9f60ae5753d0c44f5ed1f4188b93905efe6f83dab9792	18057	637	1	1	0	0	0	0	0	0
Assets/Collections/Hornet NPCs/Green Prince Sit Cln Data/Green Prince Sit Cln.prefab	6e0c35b6e011dce4181bd0b17e278f16	3b758e8cff35fd044a4fe11e091db43318347939877388e91ef797ec353f49aa	29542	1060	1	1	0	0	0	0	0	0
Assets/Collections/Hornet NPCs/Green Prince Stand Cln Data/Green Prince Stand Cln.prefab	afe6de16953271944b8d9575d33027b0	d744ee42ada34494038b3f234f7cd8d86c979d127c67dcdcd26182105f429d20	31339	1107	1	1	0	0	0	0	0	0
Assets/Collections/Hornet NPCs/Grub Farmer Mimic Cln Data/Grub Farmer Mimic Cln.prefab	7990e13c3a1396141a49d58decaa2e03	bdb333437edb7ae02dc759a27021abf1d292ad9118ad9795a194e65964ef70c5	30302	1060	1	1	0	0	0	0	0	0
Assets/Collections/Hornet NPCs/HH Bartender Cln Data/HH Bartender Cln.prefab	366e8db193c5cff449fe020215f6afaf	db63ff7c639537169ac07715999c52e490f85c8cb6cd9cdc1327ff3179cb1d0e	25534	919	1	1	0	0	0	0	0	0
Assets/Collections/Hornet NPCs/HH Patron Left Cln Data/HH Patron Left Cln.prefab	675d4b59c2e2f454fa465d8861c8a326	d40eeef2dbddd25b241029b49241a3c5a59ef1c37df2893709a91ca53989fbb1	25865	919	1	1	0	0	0	0	0	0
Assets/Collections/Hornet NPCs/HH Patron Right Cln Data/HH Patron Right Cln.prefab	3b2948fc37ccd1e4a8e8fda451f61eae	b890b9a7da1f6d1cf7194135d767936ffb904f8d091dbe04d6da03b3ae676c18	25899	919	1	1	0	0	0	0	0	0
Assets/Collections/Hornet NPCs/Hunter Fan Inside Cln Data/Hunter Fan Inside Cln.prefab	d1620982820cd04428ac093c8f87e627	460b2b7a1acd9a1a2a53f03627ee25ab4274b1c2e9815f96d46636e21757a543	67234	2376	1	1	0	0	0	0	0	0
Assets/Collections/Hornet NPCs/Hunter Fan Outside Cln Data/Hunter Fan Outside Cln.prefab	a2797083f454e394db855951a8135c3b	97173d243ca8f1c8e04cb83dd67471c26caa8ab4321d885ad7b6ed18749d61d9	94986	3363	1	1	0	0	0	0	0	0
Assets/Collections/Hornet NPCs/Huntress Cln Data/Huntress Cln.prefab	dc203fadfeb0a874180f39e91c25d14d	e14c4ca0dad5608da286b8bb0388ab75b42c86845907d9fffd2c7a3375ae416f	28884	1013	1	1	0	0	0	0	0	0
Assets/Collections/Hornet NPCs/Huntress Runt Cln Data/Huntress Runt Cln.prefab	28b19580368966a40ae93008082e846e	7efca97123d000b9268e5e7b0f2ac6cde513c26cd1b6245dd59069f2131e3735	61015	2188	1	1	0	0	0	0	0	0
Assets/Collections/Hornet NPCs/Lady Bug Cln Data/Lady Bug Cln.prefab	d44d2b19ad4756440b1aeef9ed9eaf6a	4c4e4a02951085d83fa2d0f5f8ef5399e4b62c2a740098d4ce17f479fd110409	103134	3692	1	1	0	0	0	0	0	0
Assets/Collections/Hornet NPCs/Last Conductor NPC Cln Data/Last Conductor NPC Cln.prefab	57bd486232765b54ebe0ad1b0cac61b2	f42674e3d17bb3c28a3e836df289e97a2278060c4e5ca5dbeebc72afee055f43	16666	590	1	1	0	0	0	0	0	0
Assets/Collections/Hornet NPCs/Librarian Cln Data/Librarian Cln.prefab	ea4f059ebf9631b49ab541e4fdebd715	110f5f4aae4b4c840e0a9a1bcf9062482d3b229accf52ce7621006c43ecc3646	74455	2658	1	1	0	0	0	0	0	0
Assets/Collections/Hornet NPCs/Mapper Cln Data/Mapper Cln.prefab	21d5636b696306f4591e9f8e4839458c	1a8d69a1c89b2ddc84287c1ffd2ae522c94c9fac3be15964a130d12b842deafb	260020	9144	1	1	0	0	0	0	0	0
Assets/Collections/Hornet NPCs/Mapper Sit Cln Data/Mapper Sit Cln.prefab	49262085bf7df58438c7602cdc64712f	bbd8d60924d5f4561da670cbee0dda076e0f0848b568a1cb1d07533ab3b439be	52663	1859	1	1	0	0	0	0	0	0
Assets/Collections/Hornet NPCs/Mottled Ant Child Cln Data/Mottled Ant Child Cln.prefab	0eaedf2c46099844aad74176ec827c4b	2db1ec6b06641e7e36580c9bf8969445ba0adbdbeea4e717fc7facc782eeea23	43155	1530	1	1	0	0	0	0	0	0
Assets/Collections/Hornet NPCs/Peak Mask Maker Cln Data/Peak Mask Maker Cln.prefab	5a356bae292b46b4d82e5746bababb72	f2e376c0ad5481d805832922635416e98c414dd5a6dcdce226da179fc2246852	65990	2329	1	1	0	0	0	0	0	0
Assets/Collections/Hornet NPCs/Pilgrim Fisher NPC Cln Data/Pilgrim Fisher NPC Cln.prefab	37b1e730ba7d88c489a230dbb7bde720	57f16155c7ecfbf6ffb93a595662eacda4f7fa487f7b4eb3a0ab7590da2aac79	56007	2000	1	1	0	0	0	0	0	0
Assets/Collections/Hornet NPCs/Pilgrim Stomper NPC Cln Data/Pilgrim Stomper NPC Cln.prefab	1d0f4bb193dcf1c4fad20222b4942ad2	9f3c5dfbbc763e13d8a18d11ee86ae3434063d90eb455781410dc18166a66d52	23302	825	1	1	0	0	0	0	0	0
Assets/Collections/Hornet NPCs/Pilgrims Rest Shop Cln Data/Pilgrims Rest Shop Cln.prefab	33bf51d719134314ebd2ded6825dd056	13d8c92fb94c417da01a120f68eed05978511d7c58daf9d5c6d5c78af232ba97	33810	1201	1	1	0	0	0	0	0	0
Assets/Collections/Hornet NPCs/Pin Pilgrim Cln Data/Pin Pilgrim Cln.prefab	8a931a6687006834db934b4685ffaa40	22719a3154692f2ff41d5dc8fa17e8f7c0ab829b834ee0f644e1f4ee4db94f42	24841	872	1	1	0	0	0	0	0	0
Assets/Collections/Hornet NPCs/Pinstress Interior Ground Sit Cln Data/Pinstress Interior Ground Sit Cln.prefab	719edb906a23c954b9de8a3db372cf3f	61f623c52bcf380eab9fef32efd38fd241a68e874ffe4501932399c99fbf5400	52503	1859	1	1	0	0	0	0	0	0
Assets/Collections/Hornet NPCs/Pinstress Interior NPC Cln Data/Pinstress Interior NPC Cln.prefab	55ad27a14d908d4408c17e74eb3614ab	ed2872be9437cfecfc54ac8aab29d82e81db130c3a6e1b338d810a91ade12969	57950	2047	1	1	0	0	0	0	0	0
Assets/Collections/Hornet NPCs/Pinstress Interior Sit NPC Cln Data/Pinstress Interior Sit NPC Cln.prefab	2105e305a5ee4534c827407b934d0c3d	8fc874228d24201dda6a53430c178a96ea925cca209f8cb346bf86755b836fed	30111	1060	1	1	0	0	0	0	0	0
Assets/Collections/Hornet NPCs/Plinney Inside Cln Data/Plinney Inside Cln.prefab	1a65b44467e50034fa05700510145690	e286b6336cc7968c947d74e1892549841c9ff879ef97182ebbb43f9c6b1bde3d	31146	1107	1	1	0	0	0	0	0	0
Assets/Collections/Hornet NPCs/Plinney Outside Cln Data/Plinney Outside Cln.prefab	465ff0e589843104d8566e4197f3b04a	ed253386905c3b92712abc30bd7a175004f93a92cc9f99f15b65d000b1493665	46985	1671	1	1	0	0	0	0	0	0
Assets/Collections/Hornet NPCs/Relic Dealer Cln Data/Relic Dealer Cln.prefab	ff2fab3f469c7a14c8a98813a40aa427	5ea89dc646232f3c5ce8ae387b150794738f16037090a37dda92e0f71a78d555	70500	2517	1	1	0	0	0	0	0	0
Assets/Collections/Hornet NPCs/Seamstress Cln Data/Seamstress Cln.prefab	5724e5310b2e21142beef165b54738fa	8b7c7c0e845934b0f7bf3f81b0aade5649a541bacfc4c62215b3ca8694917133	64476	2282	1	1	0	0	0	0	0	0
Assets/Collections/Hornet NPCs/Seth NPC Cln Data/Seth NPC Cln.prefab	89608f64946e0a64590d07cfd299ab0f	30e2cfdda3556a50f1deebdac6db3cd1f6a0d46dbc69d3617ff8f22e8fc156ab	38140	1342	1	1	0	0	0	0	0	0
Assets/Collections/Hornet NPCs/Seth Stand NPC Cln Data/Seth Stand NPC Cln.prefab	a045885b244534c45a41b65ed2c0919d	32e19fa336e2c6672b07ab90142380bd41272d4807644dae02fc49f3c8e7897a	52847	1859	1	1	0	0	0	0	0	0
Assets/Collections/Hornet NPCs/Slab Prisoner Cln Data/Slab Prisoner Cln.prefab	29af7cd83de0d694da5951946337b3fb	6027eefe33e6b3f76920517f88b43c6c6630868ccd8ea52abc4c823559699449	29650	1060	1	1	0	0	0	0	0	0
Assets/Collections/Hornet NPCs/Snail Shamans Cln Data/Snail Shamans Cln.prefab	0f27ce20b4f93bd4d82c278d68696512	0320fc27951a977f1ce1af566a74d5d9e2046df1d0e4777fdb437b23dee89ab1	205703	7268	1	1	0	0	0	0	0	0
Assets/Collections/Hornet NPCs/Sprintmaster Cln Data/Sprintmaster Cln.prefab	f64cc177f224f1243b077ad3233fa9d0	250079f704435ee739bede0576cefbd0ee55da86889350128e28c3f5e21f04db	137184	4914	1	1	0	0	0	0	0	0
Assets/Collections/Hornet NPCs/Sprintmaster Companion Cln Data/Sprintmaster Companion Cln.prefab	0cacbc05f5463b9498ac0e339795dc83	bb09efd91cebfb8b7fd913a7e6d12d3d21040eca8f636ddd04c09a98718399a4	87496	3081	1	1	0	0	0	0	0	0
Assets/Collections/Hornet NPCs/Steel Sentinel Cln Data/Steel Sentinel Cln.prefab	5bdf798c4b275984ba9212d793a35d01	c29885583f856e4861d3a6d6c71a0c102180f7f37ad89cc3965d21c50167d2ae	39044	1389	1	1	0	0	0	0	0	0
Assets/Collections/Hornet NPCs/Tiny Brood Mother Cln Data/Tiny Brood Mother Cln.prefab	0a01e9b8de1d77248b3441998122e615	c448accdb917dc025c85c202da0eabc0e01b67cd84c0fd47f1287c711d67cbfa	23571	825	1	1	0	0	0	0	0	0
Assets/Collections/Hornet NPCs/Understore Large Worker Cln Data/Understore Large Worker Cln.prefab	d048cf27d853e4c4087368a3a75bf20b	a616bf600c1e8a158ff65f20607b7c29d5e0949cc751f6049e844a4749bac20a	25779	919	1	1	0	0	0	0	0	0
Assets/Collections/Hornet NPCs/Understore Small Cln Data/Understore Small Cln.prefab	ee550c6a5d792fa448edfc20201d1bde	ece941148163e0deb91d853f2f3a8b27d66ca5b357dedcac38abacbb04e97aaa	96765	3457	1	1	0	0	0	0	0	0
Assets/Collections/Hornet NPCs/Updraft Flier Cln Data/Updraft Flier Cln.prefab	66ec24a04d960c74890e0ad4d9c7a7da	b1cc21356d5c020f9ada11e61503bf9146ad4b66c3bb6b00f1623cd3e93575cf	33970	1201	1	1	0	0	0	0	0	0
Assets/Collections/Hornet NPCs/Wood Witch Cln Data/Wood Witch Cln.prefab	dc99388a27be14d4d96356959ea1224d	d55305810613e4759243081beee94c444175aefb0ca32720b7db04bea0bc0c6e	62460	2246	1	1	0	0	0	0	0	0
Assets/Collections/Hornet Revenge Crystal Cln Data/Hornet Revenge Crystal Cln.prefab	5f9a0566e6ac20848983f0d3b79c57ad	4436309fd3711485afc7789e488fead5669ccdfd1a29b8158a93c7ca5c76dec2	22209	778	1	1	0	0	0	0	0	0
Assets/Collections/Hornet Strung Up Cln Data/Hornet Strung Up Cln.prefab	d19b1974986f55440b8af434011e9244	4401dda7526a3a128d50010156c63f6fca908b14e08d1ce0581a4f6e69de0f58	41032	1436	1	1	0	0	0	0	0	0
Assets/Collections/Hornet_Needolin_Windy Data/Hornet_Needolin_Windy.prefab	3fc6c2fd2aa603b46a813918f9e956fd	b2ab1025878c0921a75e45d70366d35e822a3ff9bd3a4db55e187e09e15ceb17	81763	2846	1	1	0	0	0	0	0	0
Assets/Collections/Knight Data/Knight.prefab	3f4d9d6376d359348a4555fe49e6ca15	e9bb0b6e1dc12a45cd5a5e3698072acf4d403387cef7357f5820b91c267bfda7	2441146	85995	1	1	0	0	0	0	0	0
Assets/Collections/Knight Hatchling Cln Data/Knight Hatchling Cln.prefab	e37c3993fc9dca94784c83d2ff078f79	1172f7dc00d03c97998d3bcc6cdfdc033efbc3f284ebea4eb61c8f573e674100	74004	2611	1	1	0	0	0	0	0	0
Assets/Collections/Knight Slash Cln Data/Knight Slash Cln.prefab	eac6fd6e7c7ef6e4eab3e99c438b2a43	684f7c0d8ea4d6d54b4bbe2095aa1ae62b0dd23e0686b961711903c0e719d409	49436	1719	1	1	0	0	0	0	0	0
Assets/Collections/Last Judge Cln Data/Last Judge Cln.prefab	3336476a6a9f1c04494c903542a7a257	5752679bf24b9542d087a5bada80f5909810daffb8e08a77089a77451e8bdae6	132767	4670	1	1	0	0	0	0	0	0
Assets/Collections/Lightbearer Cln Data/Lightbearer Cln.prefab	e4368b8edd52d394782979327ea39f97	0a2db8b1f0945e17a5fd0a4a0159dad134e2841a8c28f1d4a89eedf03cb52e8b	125416	4444	1	1	0	0	0	0	0	0
Assets/Collections/Lilypad Fly Cln Data/Lilypad Fly Cln.prefab	e78e8471968e89142b4b1a91d9d3d0b1	b6a868798aba4ea83266d2707754de77e4f8ad21888edba8542a483c7c0965be	35342	1248	1	1	0	0	0	0	0	0
Assets/Collections/Lilypad Plat Cln Data/Lilypad Plat Cln.prefab	707846f2d181ebd4aa234e9ef001fd64	9813e96ba32458a1eb2bf16fa62b8ba1f1074b797b45e0542202b7166db25670	29738	1060	1	1	0	0	0	0	0	0
Assets/Collections/Memory Spider Cln Data/Memory Spider Cln.prefab	67cca7f19ec3db8438616bff77ac06ff	1517cf016f65ce72cb2c2d446f004627505102af8eb654efd1711ac035f70896	31400	1107	1	1	0	0	0	0	0	0
Assets/Collections/Memory Weaver Cln Data/Memory Weaver Cln.prefab	3d7a4ac1cf6c33d41925e8b2a9b4d972	771340eb7aa9e9187ef1808d32f799bf2ffd8030c23bffaed0463481db8d36c7	100914	3551	1	1	0	0	0	0	0	0
Assets/Collections/Mite Cln Data/Mite Cln.prefab	8822ed5864e258e419d9f9ef82cb952e	d728929799cdf2c28b96db615a4a82a89a6ea83fbe9108cabcdf4619b41654e2	63130	2235	1	1	0	0	0	0	0	0
Assets/Collections/Mite Heavy Cln Data/Mite Heavy Cln.prefab	8cec6361a6f97db46adc5c184c97b8a2	ac7354e98013509d42b5be839298c636ed94ded2b2ad23c6bd4f3ab366bddab1	56065	2001	1	1	0	0	0	0	0	0
Assets/Collections/Mite Trap Cln Data/Mite Trap Cln.prefab	6a3efcee11bb45e488a66703c934873e	73f075036811e692a5388c50063ae070fd498ccfae3225a4e7ae94a5c271bb8b	30149	1060	1	1	0	0	0	0	0	0
Assets/Collections/Moss Creep Cln Data/Moss Creep Cln.prefab	1aaa894b6381bca4daf1fc9d95f6199d	54b3c027605ad1a1f1b012307dfed3bbd373d85c313382f145f2ce86884d03be	27019	966	1	1	0	0	0	0	0	0
Assets/Collections/Moss Vine Cln Data/Moss Vine Cln.prefab	8e01e16a6212e2e499db2dd53a970283	f360aeca01b96a1dbbb1f5a6da44ff8d53166341c362f56b3aae0c10e99fc8f2	23309	825	1	1	0	0	0	0	0	0
Assets/Collections/Mr Mushroom Cln Data/Mr Mushroom Cln.prefab	849569bfc37fb1647b56825cac7428d1	74a8625884d22f7e7ea52bedf6f704c07d8061bc0b8fcf51ed8eeec547442dc8	192121	6794	1	1	0	0	0	0	0	0
Assets/Collections/Nuu Window Cln Data/Nuu Window Cln.prefab	fd33226875b9c9343aa27d7991284856	268ac4ccceece2ecf84898093850b3eaafe277037c02a2ba63a3921b4aba5ddd	12570	449	1	1	0	0	0	0	0	0
Assets/Collections/Phantom Cln Data/Phantom Cln.prefab	0ceec4d62da61364ca8ec71df0a6944c	67635c53851230f370c9acf4726385b1bc32b4b144cbc5192c47a6973e194069	297003	10442	1	1	0	0	0	0	0	0
Assets/Collections/Pilgrim 02 Song Cln Data/Pilgrim 02 Song Cln.prefab	d2ea868508b433544b0dcf163ca7c5f4	4c459e41669dac0d3138e1b21fcd5f2a1741ce3b1a036fa2792b323c5582cee6	73751	2611	1	1	0	0	0	0	0	0
Assets/Collections/Pilgrim 03 Understore Cln Data/Pilgrim 03 Understore Cln.prefab	e985d4e2873376c44adb6fc291567aff	b2937c610d6135a38b33e8e8fea64ee601473734af0253290abb0f82476505a4	66187	2376	1	1	0	0	0	0	0	0
Assets/Collections/Pilgrim BellThrower Data/Pilgrim BellThrower Cln.prefab	a6584ea9581f43048b261de6afa3e519	15c1f27b662bc50144ede96967e033e7de90aa8ba9538d55d2f1100da2053cc6	86208	3035	1	1	0	0	0	0	0	0
Assets/Collections/Pilgrim Bellthrower Fly Cln Data/Pilgrim Bellthrower Fly Cln.prefab	3f80c9dab5001da409b589a2b9c3a3d3	58a3214f5678d4ce0f4e956b4f976565bda6a306ffd321d66f4a11e26c3589f8	59973	2141	1	1	0	0	0	0	0	0
Assets/Collections/Pilgrim Bouncer Cln Data/Pilgrim Bouncer Cln.prefab	86c34c9ebe440e8479f7412634907508	cab7e1b0d02fb18ca0c013e6341ad5e7a60e917a6b703072935d0e715344568e	67943	2399	1	1	0	0	0	0	0	0
Assets/Collections/Pilgrim Chest Cln Data/Pilgrim Chest Cln.prefab	2256c21e72e34624fb175aba1fcd2f3b	c23efbf471405c99139269878d7ba8607ec8b2b6e13d1258f0cefc12a3715a3d	11472	402	1	1	0	0	0	0	0	0
Assets/Collections/Pilgrim Fisher Enemy Cln Data/Pilgrim Fisher Enemy Cln.prefab	fe9b88a35be9beb4b95d78991243a502	6669b3b3feedafdc8d34d0a9d039edde823e0d632866f6c589470699a52b4443	53501	1906	1	1	0	0	0	0	0	0
Assets/Collections/Pilgrim Song Stomper Cln Data/Pilgrim Song Stomper Cln.prefab	ea5183c6a90a7c44eaaf721ac6d04b8e	b2d881e2bab60c3f9a6d2497e6d732ce0e7bd519a415470a122b4e65dba1879e	48052	1718	1	1	0	0	0	0	0	0
Assets/Collections/Pilgrim StaffWielder Cln Data/Pilgrim StaffWielder Cln.prefab	2f7951c18e91b6841a0540828cafda94	677c0041d06ef3862f5ab412830ab881f325127d078acf81da4e306bcf7889d9	85264	3034	1	1	0	0	0	0	0	0
Assets/Collections/Pilgrim Trap Cln Data/Pilgrim Trap Cln.prefab	d66b60f31c2b7ba4ca6b64543b8e4d6f	3ebb914fd6507f18fd04cc149954d0e0135c095cc0149d0d44a8d1efee5cdc67	18073	637	1	1	0	0	0	0	0	0
Assets/Collections/Poke Swimmer Cln Data/Poke Swimmer Cln.prefab	3f63c7c7746ba1840831b7251518a67e	9eaba0054b35fb8041ce4854f512374b4bd6c77e163e25bbad1633eee05bb986	20430	731	1	1	0	0	0	0	0	0
Assets/Collections/Pond Skater Cln Data/Pond Skater Cln.prefab	1238f64274d7a5f4184de87b37609081	8dd53adc2513f2c06f3e6183e34d689c9d7787e6cc818ab275eddc6d6b6790f2	42000	1483	1	1	0	0	0	0	0	0
Assets/Collections/Prompts Cln Data/Prompts Cln.prefab	a98da0071baaed444bc453321b1b5002	867c27df2f8668d0c5dc47edd21b19f849bfb83a79fb376214294081e4870fe1	191276	6794	1	1	0	0	0	0	0	0
Assets/Collections/Propellor Cln Data/Propellor Cln.prefab	bdbb5bd9501d96040833dad18d918b35	703583fc2322dda57347ea654377b7ead69cfd35e2226b082922b1c7ea0a851d	24852	872	1	1	0	0	0	0	0	0
Assets/Collections/Raptured Citadel Cln Data/Raptured Citadel Cln.prefab	a93acd8b1a03f794fa335b5df47c7f81	fb1a8ae5de1809f13cde3d5927ad2556ea7cd4b7e32c33d93dfd3aa021b21c2c	27239	955	1	1	0	0	0	0	0	0
Assets/Collections/Roachfeeder Short Cln Data/Roachfeeder Short Cln.prefab	ef2ee6eeacbfd1f4fbb8ac930daa0f18	8fa908e47b269f26782f511afa6eb151a854251acf9ec9b1c5100c93d0acc699	64078	2283	1	1	0	0	0	0	0	0
Assets/Collections/Roachfeeder Tall Cln Data/Roachfeeder Tall Cln.prefab	8b3366218bb54384184cead2739a5989	6ae49344b3b2afdc16d0717edb61cf3bd0966c82961d86f042f0c4731a876167	68455	2423	1	1	0	0	0	0	0	0
Assets/Collections/Roachkeeper Chef Cln Data/Roachkeeper Chef Cln.prefab	c447692d1fbbc4d4fac00778792b3059	5f6162bdf7a05d6b8d0a2f28c6de61b953e792bcc1f68c29185aacb6af236feb	111124	3927	1	1	0	0	0	0	0	0
Assets/Collections/Roachkeeper Chef Tiny Cln Data/Roachkeeper Chef Tiny Cln.prefab	6c682b625c7159545a8537562cfddb29	e7d9c71b9629fd1a262a7439458beb69dbc99ce38156dc6f5f293990c691fd00	67793	2423	1	1	0	0	0	0	0	0
Assets/Collections/Rock Roller Cln Data/Rock Roller Cln.prefab	f1f1fc56297f3eb4495d0d06aff5cda8	ce659ae898336412d963a33db0023096dd5b906c02cb5778dee5ffb1b7bcdedb	55355	1954	1	1	0	0	0	0	0	0
Assets/Collections/Rosary Pilgrim Cln Data/Rosary Pilgrim Cln.prefab	b059fd97a83ea9b408f3570ee8cb11eb	fd2276925e57c96e02e8468fec0af40db7dec67d9683ef9949674ed30825027b	93767	3316	1	1	0	0	0	0	0	0
Assets/Collections/Rosary Thief Cln Data/Rosary Thief Cln.prefab	a692b413079dfac41a3bcc0fb53b14f0	1318465e0182a376fbf7452a7b80974b371a7adc5800824c3a13a62a93ff1f6f	122381	4350	1	1	0	0	0	0	0	0
Assets/Collections/Ruins Lift Cln Data/Ruins Lift Cln.prefab	0558c962028a9b6468f447c410afc355	cdd77515f95c536082c8977514eeb97fd84c859a3502df4896ffe0ece2ae1250	62738	2282	1	1	0	0	0	0	0	0
Assets/Collections/Scholar Cln Data/Scholar Cln.prefab	1c72b43c44dc4c14b83fd0251acb8525	422a9a07243f5a8426bf166f72356ad7aa4a7db2da449a9ec87dd4b7e7e09864	145660	5149	1	1	0	0	0	0	0	0
Assets/Collections/Scrollkeeper Cln Data/Scrollkeeper Cln.prefab	ac96c7cc972fe004ab59e10f182ed9e3	f359080ad0dc303f42aca5c09768eddc790c6a65aeb1a622251da947a32de830	148780	5243	1	1	0	0	0	0	0	0
Assets/Collections/Seth Cln Data/Seth Cln.prefab	83cf6f61ea4bc3342aee3f68c9a4a156	fe6f0f02edd9f87a7349483da35b5c7ca37d7e775afa1461d41f73a58e249a04	259100	9144	1	1	0	0	0	0	0	0
Assets/Collections/Shade Data/Shade.prefab	46d88267c4498f7468e50c82de66f697	7ad4ebb85c162b8cce64954414059303f001c037354742565de7cec85b9edb26	226613	8016	1	1	0	0	0	0	0	0
Assets/Collections/Shakra Rest Cln Data/Shakra Rest Cln.prefab	10d27879e0f684149833dc1d3224a225	bc33be17c082246705a7ce7f0384062c169863829f28da38d2ee5a59a95f89b2	35326	1248	1	1	0	0	0	0	0	0
Assets/Collections/Shell Fossil Mimic Cln Data/Shell Fossil Mimic Cln.prefab	3ea36c14f6ce3e04eba99834ec88f0da	1f787a573d2ae920dffe593ba7d01f97709858fa525889539fb405a0fa9d6562	36837	1295	1	1	0	0	0	0	0	0
Assets/Collections/Shellwood Bounce Bloom Cln Data/Shellwood Bounce Bloom Cln.prefab	a51bd58e4284de54c84ea7da1881a40e	284f97b41b64a204b7bcc230546bcbbde3208b1aeecb1015a59a56eff00441f5	12914	449	1	1	0	0	0	0	0	0
Assets/Collections/Shellwood Vine Cln Data/Shellwood Vine Cln.prefab	146251f52b992484a8b3d350c8f4bf31	fdd09afc8a1bad45719490c1b2dccbec9f58a716ac7e7f1b5c0d1c84292fb2a3	7502	261	1	1	0	0	0	0	0	0
Assets/Collections/Shellwood Wasp Cln Data/Shellwood Wasp Cln.prefab	a513d2fff85443e4181a25020d2819db	a6f13949ccdcf39adec28657d0ab521a816bd67945cbe185fce3d964fc730596	44173	1531	1	1	0	0	0	0	0	0
Assets/Collections/Sherma Caretaker Cln Data/Sherma Caretaker Cln.prefab	3a61072c8e0b5144993d68e710b8bc08	4f3b4635b3632e3116f1b04bcedf647016e5e3bb3aa17486c3372410f311894b	55898	2000	1	1	0	0	0	0	0	0
Assets/Collections/Sherma Cln Data/Sherma Cln.prefab	731c4793bcfe19740ad9fbb80396c214	35543c6aa6551e472d7603a85df88097c23bdeae2f69729076b09d82db42f421	174234	6230	1	1	0	0	0	0	0	0
Assets/Collections/Shield Dockworker Cln Data/Shield Dockworker Cln.prefab	8f830e9026e2fd245888325b95291ac7	ecdbd5762e3662b24bc7667588fd5976ae3c9a3e4cf4b1b0f00ae9744a86c892	90319	3222	1	1	0	0	0	0	0	0
Assets/Collections/Shot Orange Data/Shot Orange.prefab	cfc737cb55ab3884c8285d3f8ac120f4	6beedae2ce1d62fbf37d5c33a39ed9ad590d6892835201c44a473d9e405d0d09	33565	1201	1	1	0	0	0	0	0	0
Assets/Collections/Silk Boss Arm Cln Data/Silk Boss Arm Cln.prefab	02dea60f6adcc7647831d03373f7eb9f	420cb5426dedd2a66869ac7ea626efed1593b341d513ba75ad064fe3ab13a56e	8775	308	1	1	0	0	0	0	0	0
Assets/Collections/Silk Boss Cln Data/Silk Boss Cln.prefab	7c84a63c0505b6c4d9f91b188c57ade9	ef45e9ff8cbeeb300fd9b94af1c9d7d7f9961b7933a500b1092527c4cab96b25	293886	10338	1	1	0	0	0	0	0	0
Assets/Collections/Silk Boss DeathEmbrace Cln Data/Silk Boss DeathEmbrace Cln.prefab	c1f62c3e3fa63ce419120d2f40c4507d	959eca4ca8f32671ca7d834d9e76b79f5aa31bc335a467adda12744267ee7bcd	16187	570	1	1	0	0	0	0	0	0
Assets/Collections/Silk Heart Cln Data/Silk Heart Cln.prefab	b0d81555936a8244c8c8284880bfb9e8	77ce5feb97e0fd12815f4ddd7e5edd44d19b994dfa9955de88b23634819a8fb8	29635	1060	1	1	0	0	0	0	0	0
Assets/Collections/Silk Possession Cln Data/Silk Possession Cln.prefab	7b6b583e32487e54db579d0ffeb2102c	68df5c5dfa98cbf7a6fe2407873de337c71f6e80ebc91b291b9e21512a742c59	47945	1671	1	1	0	0	0	0	0	0
Assets/Collections/Slab Cloak Scene Cln Data/Slab Cloak Scene Cln.prefab	d62a31e63e4bf354c85dccd679d99173	6f0d1841785e734d58bcc5015a51a287aa5ce6ab6578962c2029400954efb319	82424	2940	1	1	0	0	0	0	0	0
Assets/Collections/Slab Fly Broodmother Cln Data/Slab Fly Broodmother Cln.prefab	eebd027349ef579498ee91ebc0d6fe71	2cb8b5178438904903e51df3750ff27abf2383895705665519ab6a7f43663141	104219	3646	1	1	0	0	0	0	0	0
Assets/Collections/Slab Fly Large Cage Cln Data/Slab Fly Large Cage Cln.prefab	5873fb0c1d3f97a49a154f0ad654b49c	be6173c21e9f909677e7d2c45d1e344241049edabeca19ecc2f5c0eda925e935	149863	5337	1	1	0	0	0	0	0	0
Assets/Collections/Slab Fly Large Dead Cln Data/Slab Fly Large Dead Cln.prefab	4351f7e2b08d3ab42a4b2057e10d7a6b	f4e6417ae5fc957c310d7459f7cfb5d35667ef0027efde2062bc4311f8b33f47	9989	355	1	1	0	0	0	0	0	0
Assets/Collections/Slab Fly Mid Cln Data/Slab Fly Mid Cln.prefab	66414be56907a424dae5129630f4175f	f5be1a1759eca8dc3e438adde1803f8775a40f69fe7ae0f6a7435aa803079e61	115882	4115	1	1	0	0	0	0	0	0
Assets/Collections/Slab Fly Vomit Cln Data/Slab Fly Vomit Cln.prefab	ee558aa5de19988409ada9b19a26ba11	deaa81bff66cf0d038c1a035ec7d1f5ba29c085237b0f6119acbd994220dc742	55451	1953	1	1	0	0	0	0	0	0
Assets/Collections/Slab Prisoner Cln Data/Slab Prisoner Cln.prefab	f26bf77fe3c031045a99ed43a43409d3	ad9ee95666364134f7b0921a425858bb033389c030bf5845c4e1969768e4aab5	87854	3128	1	1	0	0	0	0	0	0
Assets/Collections/Slab Prisoner Fly Cln Data/Slab Prisoner Fly Cln.prefab	73b9e8d7d741f4d46b4138a98d245d83	7e62c56d9b51862bb50c1d788a3722d450a977c7fbd23aeda26c7b9a47fcc76a	101170	3598	1	1	0	0	0	0	0	0
Assets/Collections/Song Administrator Cln Data/Song Administrator Cln.prefab	5a2563dd50dd23649831359136747d16	9fb3f9a9258454e1431fbaad0d82e0baac68cadfb5e1be6742df10209816d087	92800	3316	1	1	0	0	0	0	0	0
Assets/Collections/Song Automaton Ball Data/Song Automaton Ball.prefab	d8a4b5963f9b8914183f2cec69fa24eb	ba7486e7e66567da6750d8e9f51e1309157271036cc6a77aa3d4a0df711a41a8	62013	2185	1	1	0	0	0	0	0	0
Assets/Collections/Song Golem Cln Data/Song Golem Cln.prefab	74154f0cd0b5c0541a784929bd6a3974	b990c494a03dbabb91757fe7e3dca7a61e0c2ca43fce51f8d1ff53d8ec864267	111228	3927	1	1	0	0	0	0	0	0
Assets/Collections/Song Heavy Sentry Cln Data/Song Heavy Sentry Cln.prefab	351ffe12841c0d24c830d304e2710b1a	7e32e201dcaafa2083d3722ebb9e8b0f56f913213fc29b88c1b5abebd74bd601	134813	4721	1	1	0	0	0	0	0	0
Assets/Collections/Song Lever Cln Data/Song Lever Cln.prefab	af505628526519545bd361a8d79626d8	2432b670ebaedc3506ddaf3482505606a5c5764b7cde1a705c6f3745179f8a86	14125	496	1	1	0	0	0	0	0	0
Assets/Collections/Song Maestro New Cln Data/Song Maestro New Cln.prefab	1b5a4450de527f142a669ac5283f62f8	831b32bece0c3a11ad14678dca8348c969918f2d3035c8dbcd62474b53c1146d	57608	2047	1	1	0	0	0	0	0	0
Assets/Collections/Song Reed Grand Cln Data/Song Reed Grand Cln.prefab	9ea7bb469d4bd3b46aa3e8f83fe5d97a	fea673cf0c374f3fe861e17b1575abdbcfbe86acceca5923c7e8dd0ab2e194fb	120372	4212	1	1	0	0	0	0	0	0
Assets/Collections/Song Scholar Apprentice Cln Data/Song Scholar Apprentice Cln.prefab	dbc6f642ab3d64d4cb45e145d39523cc	82d99e252438760858cd3e2cd1656a75d169499ff140c2c89e09562953408166	78854	2799	1	1	0	0	0	0	0	0
Assets/Collections/Spell Effects 2 Data/Spell Effects 2.prefab	43c98c1bd4ae2ba4ea3ae8f2f4f23e89	94134015bfe9a53a5fe2d82dc2ed7b184d3760ab21251b49e7b64503a3328136	100692	3598	1	1	0	0	0	0	0	0
Assets/Collections/Spell Effects Data/Spell Effects.prefab	871d8d998a7ecd94fbe81c882a3a9d47	fcbafd7cbb6b78fb6e4e9f8b4e2b84e9082cb234a6bd6e75c31d9952f76c7beb	192481	7076	1	1	0	0	0	0	0	0
Assets/Collections/Spell Effects Neutral Data/Spell Effects Neutral.prefab	6f56454bfa7ff7240bfd2494e0cec252	b9ee70ed1d926b883bdd41af3650ec9f783537043a419cac547a48243e8d57ee	119668	4303	1	1	0	0	0	0	0	0
Assets/Collections/Spike Swimmer Cln Data/Spike Swimmer Cln.prefab	e7ac5e23f7ef56a46b8b5d09534a6632	97ee4e5b69b3b945d9b2a5034a7acf3f6ba003bd959ea0acf4e19b4f220ce563	31263	1107	1	1	0	0	0	0	0	0
Assets/Collections/Spine Floater Cln Data/Spine Floater Cln.prefab	73e3835f55c01d5498e14e48f805478a	964df63c50d410f203ce7d5f70c767bffd467702e422c8b70805c655041cc1a1	43155	1530	1	1	0	0	0	0	0	0
Assets/Collections/Spinner Cln Data/Spinner Cln.prefab	74a916a7c27b9fe4fa35338d1179dc18	390c5012a9b3fd256ea262f4fcd5c6cddf08283e7b17da0f51dc919e71665ce3	273187	9523	1	1	0	0	0	0	0	0
Assets/Collections/Splinter Queen Data/Splinter Queen.prefab	f24279f6ff1c6cf43b2e8eddd97bfd44	e3fbe98f59a9e540882fe68ab9658d0dd8f82c4a9f809f64d784c0ee2079bf68	75119	2660	1	1	0	0	0	0	0	0
Assets/Collections/Sprintmaster Bounce Pod Cln Data/Sprintmaster Bounce Pod Cln.prefab	340bdacb7fa23794b99f1e9bc29fe614	495bea129941e860612df57e7201f4eebe088306a2d9238b69b26a7eb55a213b	8660	308	1	1	0	0	0	0	0	0
Assets/Collections/SpriteCollection 11 Data/SpriteCollection 11.prefab	78a278b7ede8ddd489b4f3c4c8cda089	ee207b13f8d337fa4b60f05174fe30e1a67c6608b5d3e75dfefa56d4307a54f8	7403	261	1	1	0	0	0	0	0	0
Assets/Collections/SpriteCollection 2 Data/SpriteCollection 3.prefab	60f4ec97d32163a47867a74d862ea61f	25607035b32ff9bf97a88861562c62e5138617fe50442bc738bb8094b0c497bf	39772	1413	1	1	0	0	0	0	0	0
Assets/Collections/Steel Servant Data/Steel Servant.prefab	1ffa5561aff313b4ab61beea7da49f77	1dbff36d2f51c9ba0f05ad30a26312a34950fee2f31114f409753855fbb4ff67	62816	2235	1	1	0	0	0	0	0	0
Assets/Collections/Stick Insect Flyer Cln Data/Stick Insect Flyer Cln.prefab	0da4dac79ca7e90408e4cc1c0ceabb20	74aaec0ae1214d90423373cea25e395534c5f1248a72a771869df2d32d896cd9	51609	1860	1	1	0	0	0	0	0	0
Assets/Collections/Strum String Cln Data/Strum String Cln.prefab	0b01fe9c8bfbf924886934540362d399	e54fd06ea41cc078ad0c950e143863c26151e1b9a040e78693742f8ede0747a2	36763	1295	1	1	0	0	0	0	0	0
Assets/Collections/Swamp Barnacle Cln Data/Swamp Barnacle Cln.prefab	9963c45e308355045a0f9251fb7af351	a9efb843ca82d1227fa4ca2525ff78aa26d8696945be63be6ba1c3945ce7c04d	105850	3739	1	1	0	0	0	0	0	0
Assets/Collections/Swamp Bomb Mosquito Data/Swamp Bomb Mosquito.prefab	6666b1969e673b242adb35ab57632b25	5045c152051a120f30c9e34eed7a609a87055becbe8ee7625011f31b51ec96a2	53676	1906	1	1	0	0	0	0	0	0
Assets/Collections/Swamp Bounce Pod Cln Data/Swamp Bounce Pod Cln.prefab	05cfddccce19a0e49bc380ffe3f3cb52	fe9366b4637a0dc50a77d0ce411f0dfe346cedbd719d2b76ce02fa63fa3fe173	22058	778	1	1	0	0	0	0	0	0
Assets/Collections/Swamp Drifter Cln Data/Swamp Drifter Cln.prefab	ca2ebce078484e94dad02b36372476ca	523dcbb3508b2af61b6293adb8cecd43e4b42e2f805c9c4509d8602fae5f3cc0	48605	1718	1	1	0	0	0	0	0	0
Assets/Collections/Swamp Ductsucker Cln Data/Swamp Ductsucker Cln.prefab	9f47d748e48cbe941b598a086fe8cd73	e4ea86120d8917322b8a2bdc3429c46ba9b887e484330114ebba00b81889a94f	83266	2940	1	1	0	0	0	0	0	0
Assets/Collections/Swamp Goomba Cln Data/Swamp Goomba Cln.prefab	67abcd6a6a0b2b742ba2504dbfd8fd5b	5935aebf4c7a8dc14ea95c4215a5bf2f4fdf9430e92b05a26be6106fc665774e	20467	731	1	1	0	0	0	0	0	0
Assets/Collections/Swamp Mosquito Cln Data/Swamp Mosquito Cln.prefab	1486525246ff876408b03653b12635e9	bff66f1dafec300102b8443f239d23c96fbd4d7727cc409cc6c2f2d5b0c0be2e	80919	2893	1	1	0	0	0	0	0	0
Assets/Collections/Swamp Muckman Data/Swamp Muckman.prefab	c57b8452aee57e04a87d3e5ee7d2d1c3	e54a3d1fbed009b1bf6a1168d8a8acc9ef56f4ca9b1f660cff2a7f5cf518c2a3	97562	3457	1	1	0	0	0	0	0	0
Assets/Collections/Swamp Muckman Tall Cln Data/Swamp Muckman Tall Cln.prefab	abf525ec59bb78c47b8562a0dc735332	42fc9bdcb47bea7cfa449b39b6645454d745af1339f5889f6d257e45e6bcf08c	105351	3739	1	1	0	0	0	0	0	0
Assets/Collections/Swamp Shaman Cln Data/Swamp Shaman Cln.prefab	dddc127299371d24abefce5c707dceef	ae9a6c61dbaae32b9eafc6a02568ecb524ddd8e0a07e3eb724cebe63b7ee7e6c	128647	4502	1	1	0	0	0	0	0	0
Assets/Collections/Swamp Shaman Fireball Cln Data/Swamp Shaman Fireball Cln.prefab	98c6415bc88e9324c954e8114c793ff2	f6710c63da49c2a11420d6adf129743dd6b1c808a5d92b9ea9f0a6b8525a3f77	11433	402	1	1	0	0	0	0	0	0
Assets/Collections/Swamp Trap Cln Data/Swamp Trap Cln.prefab	0c99dab67de106c4faca4c7843645b08	b385a33bb3eed89868f60ebe0f6e9676af473c822c260ee2e29321cac97aadff	18091	637	1	1	0	0	0	0	0	0
Assets/Collections/Switches and gates Data/Switches and gates.prefab	7d956044f22ac3c43a43cf88a741560b	212f31d24c1b7e6b40be7ef55e9db347f0201bdddf65127e87a5a2b0a6fffbb5	91738	3269	1	1	0	0	0	0	0	0
Assets/Collections/Terrain Data/Terrain.prefab	36f396041a114364f8571cc22c67747f	9865fc6b1b8b757102ab0e152190ec8600ba824250661e50e888c6eb846fd876	3269	118	1	1	0	0	0	0	0	0
Assets/Collections/Thick Silk Vine Cln Data/Thick Silk Vine Cln.prefab	2db5440b52d31584d982cfa440e5e3ad	732edb7fc69fe373ba56de6ea0f99b1f01ea970ec7e7cb9cdf8073da9fdd676b	21184	735	1	1	0	0	0	0	0	0
Assets/Collections/Thief Cln Data/Thief Cln.prefab	b3a21f3a5bba7434ab537d846392718f	4062677d513cd2629693b434a65edb3adb2ebbbe7adff58ed38cd5d85cd21dc7	113483	4022	1	1	0	0	0	0	0	0
Assets/Collections/Tiny Dragonfly Cln Data/Tiny Dragonfly Cln.prefab	4dd40720f4195424899e2cca77dee043	94fd64549e22c678e7d065114b409755e8d02fa415c8f215262a66a5225ddace	7308	261	1	1	0	0	0	0	0	0
Assets/Collections/Tiny Moss Fly Cln Data/Tiny Moss Fly Cln.prefab	738a2ebd33d5bfc4da76592384eb6ccc	5e795f9c8c113daa22d478704212c903e7fb3d2ca112001c23973888e284aba1	7450	261	1	1	0	0	0	0	0	0
Assets/Collections/Tools Cln Data/Tools Cln.prefab	2e605b35b929a9946b1194fecf4ac729	02b06d410742a6b42c9748b2b9768be82c14fef794f8e6d1bacd4d39c115c8dc	553323	19533	1	1	0	0	0	0	0	0
Assets/Collections/Tormented Trobbio Cln Data/Tormented Trobbio Cln.prefab	ef34223451c3fa84a918c6e9daeaaa28	cd2e34522cbb96c6390748f4f89a27f8a4d0607b7bc3a52a3467e25e71005ae4	252136	8913	1	1	0	0	0	0	0	0
Assets/Collections/Trobbio Bomb Cln Data/Trobbio Bomb Cln.prefab	6769af2ef4c85c84cb9fe7e1088d95a4	5f64de92d20e3570d66a677f23f5f4691cb1996ba3d57fd6f858786791980c44	11426	402	1	1	0	0	0	0	0	0
Assets/Collections/Trobbio TrapdoorWatch Cln Data/Trobbio TrapdoorWatch Cln.prefab	7437ff7b90909174991adadd16561735	2f4b6b0cb2c28e769f49300f51617823c92f6e7a68e26670e6c4bba8abd5c7d3	35134	1248	1	1	0	0	0	0	0	0
Assets/Collections/UI Journal Cln Data/UI Journal Cln.prefab	a62c5b87374cb124abb1d68c68af4ffe	0ae9db92444a6ad602a1ca7daa79d7490566b7bc521b9b8539df7f86ca7de40b	137523	4914	1	1	0	0	0	0	0	0
Assets/Collections/UI_inventory_animated Data/UI_inventory_animated.prefab	3f800b21d9272c045ab91eb8ac83a740	c03dfd2a2b899ea8f92ff65b2c0f1b06be732765570d1c5a8b06c3e26c52b15c	95068	3410	1	1	0	0	0	0	0	0
Assets/Collections/UI_shops_animated Data/UI_shops_animated.prefab	9e5567ec2659cdd44842bf804c335d55	735a06d9489d36a4695c6c727753abb8ab64a4946e345f3899aff2da9ce25820	49841	1812	1	1	0	0	0	0	0	0
Assets/Collections/Understore Automaton Cln Data/Understore Automaton Cln.prefab	291ef83988838494dac4454807bf1046	56be4d68939d8e9248eeb7f89cfe9b842929b02fc7cc6ad32dc600d58253d2b3	74491	2658	1	1	0	0	0	0	0	0
Assets/Collections/Understore Mite Giant Cln Data/Understore Mite Giant Cln.prefab	70cd7e979d638a94db571d0ab0ff61e2	eb509d7028e534b1cd0dead79b316122340cd5a9f72ca17c5cf00a93c2cc6200	58632	2095	1	1	0	0	0	0	0	0
Assets/Collections/Understore Poker Cln Data/Understore Poker Cln.prefab	4be6ba8bfaae18c4d8a2bfd9ccf86de4	af95dd340fe2112a51de94c881973c5cb722eb4f9366228151644c5285b93fa6	84992	2952	1	1	0	0	0	0	0	0
Assets/Collections/Understore Thrower Cln Data/Understore Thrower Cln.prefab	7f4d4f8649a66264ea7bf0bf48be414d	42150904b2f6fa8fb4f199cf5510e2397d540e5e8a2332296a7dff9293187ad9	103242	3645	1	1	0	0	0	0	0	0
Assets/Collections/Vampire Gnat Cln Data/Vampire Gnat Cln.prefab	1e6f819cb6a7e074c89eab64086ea199	1186b033381297b626391f6314434b8f017ce9afb69d7a9122f2507f38750369	111276	3974	1	1	0	0	0	0	0	0
Assets/Collections/Vespa Boss Cln Data/Vespa Boss Cln.prefab	8b3deda8c2e42e84eba7a9967460e54d	c3bcd54b0f9b969750f9e011d78d92cc6f897045bf5cdfadc489e9eb338af0ee	152087	5431	1	1	0	0	0	0	0	0
Assets/Collections/WaterDrip Data/WaterDrip.prefab	de35c2f2e25ba584da91723a8b7aaa4f	54d0c58fa33e5b3dc8764d7408ba6845cad682080e4bd3a64faba9cd1eb1f22c	20543	731	1	1	0	0	0	0	0	0
Assets/Collections/Water_effects Data/Water_effects.prefab	c8cdf431f7e0656418bdbf727b19ac82	4526767fd029d219958133f86f5b059f14b6f3efb2db8fe316cc7540edd03cc3	173418	6093	1	1	0	0	0	0	0	0
Assets/Collections/Weaver Servitor Cln Data/Weaver Servitor Cln.prefab	e5210768b0be70f4cba741e4113054d0	6c88d9c25e77c139b93af6fa94c5e090448750c1ffd82fbfdbbb948ccc9aac37	50540	1765	1	1	0	0	0	0	0	0
Assets/Collections/Weaver Servitor Large Cln Data/Weaver Servitor Large Cln.prefab	282cf75e28fc2a24b9ab5d7337016108	0d615a58444701d692e367d97984eb255d3e0ac9df6cab095732c032cfccaa20	78126	2753	1	1	0	0	0	0	0	0
Assets/Collections/Weaver WebShot Scene Cln Data/Weaver WebShot Scene Cln.prefab	346038e392dee6648b5fa6fd52f490ab	6d57af5835231b916d4c429173861d307d06fec02adaa2bcda9bcea30dbae318	10179	355	1	1	0	0	0	0	0	0
Assets/Collections/White Palace Fly Data/White Palace Fly.prefab	6cc901394e87c644884dbf5323a33ac2	866390a221a20ae11dcb27e79f57aaa50e7bf8a5739766b56d1b0e9e44bd20ed	21887	778	1	1	0	0	0	0	0	0
Assets/Collections/White Wave Lone Data/White Wave Lone.prefab	d4dc4d44be2d29143947f0bae00404b9	b7e459d4285113193e88858004bcc8d681d811e78e1679222aa8978387b2e2c6	41172	1530	1	1	0	0	0	0	0	0
Assets/Collections/Wisp Bounce Pod Cln Data/Wisp Bounce Pod Cln.prefab	c72032c3f42d77b438afa6fb9e5782e7	c96673c5ec536d837ad09c11db0ce69c182f5a005be1f6f2992106cd140b4717	8699	308	1	1	0	0	0	0	0	0
Assets/Collections/Wisp Fireball Cln Data/Wisp Fireball Cln.prefab	eadf9ba156c3ecf41a5a8b7eb95c9cde	3ef791ec0185bcd87214675b8ff9f11153029249be6d4f2a20048efbe22fe236	27442	966	1	1	0	0	0	0	0	0
Assets/Collections/Witch Cluster Vine Cln Data/Witch Cluster Vine Cln.prefab	179d271a70e81ad47afc61fa44ec4db1	5421acfb1b2849bef87f4df8ffc836ec79b3f4af7a8bcb8fbad5bec0d71601af	8913	308	1	1	0	0	0	0	0	0
Assets/Collections/Wraith Cln Data/Wraith Cln.prefab	a3382728f5c73b749bc15428e91abcf7	05b1c9e68c5317ea5b976ff1a850d6062eba69d7aac3736b0c346abda866ba84	63466	2235	1	1	0	0	0	0	0	0
Assets/Collections/Zaza Lone Cln Data/Zaza Lone Cln.prefab	803c7353e176d2a4395425bcba1ea5a2	226e6883d9fd305befb5ff53a5a49a2f5ab356708e6be9732eb8449ecab2f5b3	64161	2282	1	1	0	0	0	0	0	0
Assets/GameObject/Abyss Ball Attack.prefab	19201be3033158b45b2369d0e2f39972	ac80bec45491d6123d16966cd66d063173e7b760119f66c13736ba511f9c4c5a	209141	8710	16	11	1	4	1	5	2	0
Assets/GameObject/Abyss Grand Vomit Attack.prefab	43669745dd7d1e940ab3f80ac32a6e90	f4d086d1dc14d407d53ffd68a6342ef4ab6d68485911723589f5f3da05c2a732	116026	4561	7	8	1	1	1	2	0	0
Assets/GameObject/Abyss Heavy Vomit Attack.prefab	683ff28d2d2fdcb41b488e71727c71cf	3f23dab2cc3141f89b811b79740c69fe2234973c2058f994492d3011330a7792	111571	4409	7	8	1	1	1	2	0	0
Assets/GameObject/Abyss MachineGun Shot Attack.prefab	7934e0bb59d4bd240bf3d67ecc5d16b1	c466c631b21f70c508a7d98493c258a07ba2e8480a9264d7a96ff9beb2a0b762	119618	4722	7	8	1	1	1	2	0	0
Assets/GameObject/Abyss Shot Attack.prefab	45db5e45a5055f54b8e5207789fe3966	c9ca8690ae27bd17a8f0eda0e774881619baf5ab84fcebd75419da5a41f95e42	116007	4578	7	8	1	1	1	2	0	0
Assets/GameObject/Abyss Vine.prefab	d179e993235571545a1daefcf9c70f7a	97c048d27f089af2d7dd02a2726ff8de5fbcba39597fb32ed1cdcbeb0c04e320	164581	6997	4	1	0	0	0	0	0	0
Assets/GameObject/Abyss Vomit Attack.prefab	4e671d3018cdcb74f994aafbcbec2e6e	df390b29802f0a6b4d19d0317d270335f60071694309e2b7574ee643da75b02a	111563	4409	7	8	1	1	1	2	0	0
Assets/GameObject/Abyss Whip Attack.prefab	c95b9d60d5510754ba0eb6932c1b84bc	0a0fcd814eab8d53a4c1eab2ca2f962420b908095db8205e22cdb144d1107402	205211	8552	14	10	1	2	2	5	2	0
Assets/GameObject/Ant Thorns.prefab	0b2e809b3e465f647a46579129ebc7e6	fe103124eac4b42fea0404f5e031aea69a78c5731b28ef9b90c03ccfff01f49b	223722	9501	6	3	0	0	0	1	0	0
Assets/GameObject/Automaton Corpse_land.prefab	9f67ec1672c069346b560f4a130989cc	18413e79fca1126306c56d8ac7aeac29c6d6a33e005a03bae14bc75fbb4033ba	119676	5038	4	2	0	1	1	0	0	0
Assets/GameObject/Automaton Death Pt.prefab	093f47e79d7f73242b516a17687a2391	92ca16d98355c37e540791efb55695c4e70c93e4103c65c2d3575fc113f724fe	178174	7508	5	2	0	1	1	0	0	0
Assets/GameObject/Automaton Hit Pt.prefab	ad9b30e1c8ef9c94798dea6bcf790361	da75420e12c2db5146cb4ac9b1b1c5b6c9a10795613718b0817b882529898d85	116481	4927	3	2	0	0	0	0	0	0
Assets/GameObject/Automaton Large Hit Pt.prefab	bd992c38fab46ae49bf69b6db489c7b6	26eaf28a96bc4e3c406f4af1b6e78acb70aac3f3ea6f04aa821f68b626a13b18	116488	4927	3	2	0	0	0	0	0	0
Assets/GameObject/Automaton Tiny Hit Pt.prefab	f94f056d08b89b44c8efaf7c148813e4	a9fce19c6df01387b24a24cc6ec188af3d5a0f9c040c0c403c0dd6c9051f3dc8	116486	4927	3	2	0	0	0	0	0	0
Assets/GameObject/Big Enemy Pop Effect Unthreaded.prefab	13ad77172cd97374c9e6e61c3d3a49e0	4f5b41834330d30eb474305c05eb5acf1ecd52b3b734261ee6c6f2c9623db2fa	170753	7239	6	3	0	1	0	1	0	0
Assets/GameObject/Big Enemy Pop Effect.prefab	d145c80c1d4065e4ea001f60239e25ad	5af1e2d48482de5da30688568ce701e00bf68ef20533ce224c73f6ab26003ee9	229297	9697	8	6	0	2	0	1	0	0
Assets/GameObject/BigBone Hit Particles.prefab	61fded52aa01af64c9950ac6738ccc06	b55b6c1e110e00bdd5693e5112ac7f06c68e25ac6d0950af2bce1ea0fb60ef5f	120554	5087	3	4	0	0	0	1	0	0
Assets/GameObject/BigEnemy Death FinalHit.prefab	97269f6e54376d94985027860cebf0ad	56552b303adf901d7d02507aae9c4f6c1382e126d878e7d0e46e1c0199af1d50	250072	10403	18	3	0	11	1	0	0	0
Assets/GameObject/Black Thread Enemy Effect.prefab	b827faf31620a444d8925aa90cf6faef	7bb0647469c539e50265153bb57372fbf08ed2b5ca7f5012115b78c33f014934	171581	7262	5	7	0	1	0	0	0	0
Assets/GameObject/Black Thread Projectile Effect.prefab	eee55bc5c34fc8b499ca9198d70310aa	def5c7df5f51737733da6b1f072accae0dc431204d27c5037f99309de605f35b	111065	4725	3	2	0	0	0	0	0	0
Assets/GameObject/Black Water Cln.prefab	0e4ac2608daa0114fbfa7ec75043785b	9972c6a1b22481d358fe147e14a7be0067aec7c9c7b2f4ea8e4f33bdf8d61a84	20954	718	1	1	0	0	0	0	0	0
Assets/GameObject/BlackThreaded Corpse Steam.prefab	939021f041fb41d45ae69c5c9c4d4435	b5072a48b6efe795f82a32be09af014942d57a50a1dda52992af60275ae0d46f	113476	4814	3	2	0	0	0	0	0	0
Assets/GameObject/Bone Hit Particles.prefab	c26aca48cab8dc641a93b0e90ec09d29	34bf6ca1640f2c2bde55a17e245535186520de317d824a3b781928dbd8bd7004	120110	5078	3	3	0	0	0	1	0	0
Assets/GameObject/Clockwork Hatchling ClearEffectsDummy.prefab	677f6d428cfea594fa4984079200a5b1	087822193f8485f249c0728673e3d58b16d5563e2cf70a09e69d45f095eb8223	62139	2582	2	7	0	0	0	0	0	0
Assets/GameObject/Clover Spikes.prefab	aa31d559dfbe2014fb298ed2724b27d7	a94c85dad97a24ea9faff8831ebd8641766e438d34e4c4dcd1fca0e048396d77	114979	4867	4	3	0	0	0	1	0	0
Assets/GameObject/Collectable Item Pickup.prefab	53fc40fdcea004c47b01c5285e7b0962	79874b58c297616ec329044a570f2dff2af549780261b63b2247722735f7561c	190669	7988	8	20	0	2	1	1	2	0
Assets/GameObject/Coral Enemy Death Pt Grey.prefab	fe7243e2be4b5cc4faadd9ae3f8f81d4	1e35c45722acd72bd385d6768e53be33baa3e7f911c443b2873e912f8859e266	58178	2459	2	1	0	0	0	0	0	0
Assets/GameObject/Coral Enemy Death Pt Orange.prefab	c3b433801a7fbd44d931d10437be96a2	ebd2662b068eb9443a2893a254f3796bb1ae0c0cff3f1712cc150ac78c1cddf9	58170	2459	2	1	0	0	0	0	0	0
Assets/GameObject/Coral Enemy Death Pt.prefab	10656e070e7704045bbc43cef49ffcde	7afeed4e95fac871ca02b912ea37e64670cbe9362f3435f3364a079dd24ac217	58146	2459	2	1	0	0	0	0	0	0
Assets/GameObject/Coral Enemy Hit Pt Grey.prefab	251b6331c7f1362459137d3a45b1581a	a8d282f558d9ef5cfb8ba5abbec6e85890c1882b0f8fa05240cc56c5396b76bc	167140	7100	4	2	0	0	0	0	0	0
Assets/GameObject/Coral Enemy Hit Pt Orange.prefab	9b9749112439bc6449f8c8cd2e916af8	c9358beaf56d17897cbadc17a451077cf1e23f4e00c6906a797e34d5ed56e5c5	166647	7084	4	1	0	0	0	0	0	0
Assets/GameObject/Coral Enemy Hit Pt.prefab	9ce3159c090960948ab187ebe4d00597	51fea0797a9a69303da920391b0914c1e3a16c6181db5965877bdb3c03a7380a	167108	7100	4	2	0	0	0	0	0	0
Assets/GameObject/Coral Hit Particles.prefab	b3b2b4e663c8f4a4fb016f378ffec91d	b0629700b1ca3258ddcc9e88c5c8e153ce968cbd6d89fe37276df94ef31fc312	120138	5078	3	3	0	0	0	1	0	0
Assets/GameObject/Corpse Pilgrim 02 Female.prefab	00ee9fdf9371461469d425a3003366a1	897b2c473bc0327579c00d1c63fbc7318d56d9c5a629821c1a0cd2c4e26af9df	296547	12512	8	8	1	0	0	1	1	0
Assets/GameObject/Corpse Splat Effect.prefab	5524c1cd5fbc6994ab7bfbaa27324a0b	67c8f1891fa2c1f10c308b2a5698141bf42448eb941b6fe056ff7a0af0d30cba	9891	332	3	6	0	0	0	0	0	0
Assets/GameObject/Corpse Swamp Mosquito Skinny BT.prefab	536610ec26a6ac4419c08778e3b8ac3c	3114e07a355f85f164718400a789d9a9fa8103d605200fb89b1945b76a96a269	349407	14756	10	9	0	0	0	0	1	0
Assets/GameObject/Corpse Swamp Mosquito Skinny BT_0.prefab	1b4b3c0b30308dc449e366f8971adc61	3114e07a355f85f164718400a789d9a9fa8103d605200fb89b1945b76a96a269	349407	14756	10	9	0	0	0	0	1	0
Assets/GameObject/Corpse Swamp Mosquito Skinny BT_1.prefab	2a63e8f98f50ea449b49e049a4ea7795	3114e07a355f85f164718400a789d9a9fa8103d605200fb89b1945b76a96a269	349407	14756	10	9	0	0	0	0	1	0
Assets/GameObject/Corpse Swamp Mosquito Skinny BT_2.prefab	5be4aad6fc627fa4b88f2e657900d75f	3114e07a355f85f164718400a789d9a9fa8103d605200fb89b1945b76a96a269	349407	14756	10	9	0	0	0	0	1	0
Assets/GameObject/Corpse Swamp Mosquito Skinny BT_3.prefab	7324cd89f615aa44d9eb0cd025edc3b9	3114e07a355f85f164718400a789d9a9fa8103d605200fb89b1945b76a96a269	349407	14756	10	9	0	0	0	0	1	0
Assets/GameObject/Corpse Swamp Mosquito Skinny BT_4.prefab	e3cd26cb7c302c84fac14752e19638bd	3114e07a355f85f164718400a789d9a9fa8103d605200fb89b1945b76a96a269	349407	14756	10	9	0	0	0	0	1	0
Assets/GameObject/Corpse Swamp Mosquito Skinny BT_5.prefab	2986875e3d2eb634bb828be58af5fc6e	3114e07a355f85f164718400a789d9a9fa8103d605200fb89b1945b76a96a269	349407	14756	10	9	0	0	0	0	1	0
Assets/GameObject/Crest Slot Unlock Msg.prefab	c1c7db3f2700f944db3fb444bb5e24dd	b17c37e0101269375a1ccd5c277a7996b8f53967da2b5d598229b7563b0e6970	20323	718	4	12	0	2	1	0	0	0
Assets/GameObject/Debris.prefab	d8f48c9d2035a46429928bb03d126754	bd0c87ab022acc64b97b39ed14a3e2dab93efaec2da990ecb00dfcd96518bbe8	19059	684	1	1	0	0	0	0	0	0
Assets/GameObject/Delivery Mask Break Effect UI.prefab	ceb04af2b00eb824f9c202f0dbdc26f6	61b7330e655b9a0455fa7669164f4a585ed80844140c7164c60c17c6758711cd	55754	2365	2	1	0	0	0	0	0	0
Assets/GameObject/Delivery Mask Break Effect.prefab	7f2f2bfcd3a33844a8857ec7b293f493	018f0126295b0fa41edcee29f5451f11f7d3e31644bcc44b87c48f849875be23	281277	11936	9	5	0	1	0	1	0	0
Assets/GameObject/Delivery Mask Hit Effect.prefab	49fec38aed430054fa83fdbc01304696	92a686e565381f48aa521fb858f90e25821a0a44ed60df82b3b87e3546573b11	277903	11817	8	3	0	0	0	1	0	0
Assets/GameObject/Delivery Meat Break Effect UI.prefab	7a9a917a1c45801489884fc5535f0763	786213ed3b62c9db05976361a13983f698525d2095324a4c069228671be626cb	55775	2365	2	1	0	0	0	0	0	0
Assets/GameObject/Delivery Meat Break Effect.prefab	e493b6060775da6419ea38733163afd4	a2eaa588b6b2319587298146b4d37e1df4e61299b5f1d0a29d5b047f3ee526c6	285104	12083	10	6	0	1	0	2	0	0
Assets/GameObject/Delivery Meat Hit Effect UI.prefab	3c7c1b792add76d4bb0fa67835c5a8d1	e03c7d15bba6115bf208ac7eb7bf5b0aaed6d674f72dbb899c52285d93ab7a8b	56046	2374	2	1	0	0	0	0	0	0
Assets/GameObject/Delivery Meat Hit Effect.prefab	f17581fe472568b4b9978d408d0fcaa6	6fb071aaaa357b7d0d48d4819b5989b86994f4cbf36c2131d3916d1787193a01	278005	11817	8	3	0	0	0	1	0	0
Assets/GameObject/Delivery Meat Loop Effect UI.prefab	870a08d665bcaff4487fdfb62a72f89f	7e484d3d3487eb457a0a8b94b9dcd9c77f948b44a05c7ef6d6028999312c4864	110228	4685	3	0	0	0	0	0	0	0
Assets/GameObject/Delivery Meat Loop Effect.prefab	ae0c04e7d8e7eba4881146dad12c2aa0	c85d21eea70df8e273cc98076e0d12dd6f3209ed025118b35b368b71cbe953bb	110626	4704	3	1	0	0	0	0	0	0
Assets/GameObject/Delivery Sack Break Effect UI.prefab	e7a6f740c45854d4c9a3f4bde02c8ebc	e01597d105db0b977f022b79efa1fba7760ddbf38681f5b2959957d47b7cb0bc	228989	9694	5	1	0	0	0	0	0	0
Assets/GameObject/Delivery Sack Break Effect.prefab	eff484f1e2ebb3240b55fffba0eee856	b37bc1067623497d4b8117b9d768afde41f532fc6a898066bb0796f148b5e9d1	399901	16935	11	5	0	1	0	1	0	0
Assets/GameObject/Delivery Sack Hit Effect.prefab	07ef66b652586c744a190bded21b1da9	80b34aaa121f28c2dbae23f1316900f6917c021737088a475ac4b14b4de92ca4	396516	16816	10	3	0	0	0	1	0	0
Assets/GameObject/Dust Effects.prefab	1116bff62d96be2479e97569f9f33e47	807286036bf296a24668ec049c87ab836adefc7aa18bfbcdad2867aa45526d78	48673	1765	1	1	0	0	0	0	0	0
Assets/GameObject/Dust Tick Hit Pt.prefab	c4365fe7906907644aba6535c44921b4	3f72ef2a7803f1e1bb7b2fa2943d8ff603ceb5601eccc6e33562eb5483ad273f	110180	4684	3	2	0	0	0	0	0	0
Assets/GameObject/Dust.prefab	44bedcf6674e74741929a7e477f2efd0	d4ad7edc4b57414efa1b32e68426e24b41da34cf38d39387f3fad2afb5c19fce	5447	186	1	1	0	0	0	0	0	0
Assets/GameObject/Dustroach Pollywog Cln.prefab	f793308f83bf1c444a57d228b3e4763b	fc1913c2c1a5bbd83ace439fc01d82dee16e136c23ac628294a4f32cf754d90e	55272	2000	1	1	0	0	0	0	0	0
Assets/GameObject/Enemy Corpse Spell Burn.prefab	98fe92dc668a8cf488f01b6212e05372	277fb0c3e731d6003e6ddd01d92c209a0cf1da594bccfde795914e6038cfc95a	57659	2443	1	3	0	0	0	0	0	0
Assets/GameObject/Enemy Physics Pusher.prefab	f8590717ed3d9844ea81691b3a9671a9	e909cec92a5235c01b032fb85bd1756b0a97b5dd70681d2abc69afad6de7ca77	2508	99	1	0	0	0	0	0	1	0
Assets/GameObject/Flame Enemy Mid Death Burst.prefab	9c8afb44d4830494d87d38e1081b2c02	eeccc6b34317a630b71e0f408ec2ee93ab89c692b3cd64cf306eaf4ffb175976	277663	11769	9	6	0	1	1	1	0	0
Assets/GameObject/Flame_effect_hit.prefab	afbd294dc45b6f749b12129ad625c250	b9008105e0b5ce05ebbc521449020ebf222734a69138c83d46db19c737bb3e38	159060	6775	4	2	0	0	0	0	0	0
Assets/GameObject/Flintstone Enemy Hit.prefab	cf60f13894cca5e4d94e1d1d118b970c	90bdf6b75c22087b7de53d61631135703a1fc3da8403dbccdf54a8a0935eb4b1	272282	11584	7	4	0	0	0	1	0	0
Assets/GameObject/Flintstone Enemy Ignite.prefab	5673e27ae31ca554a9309aec7bc739ff	d7cde7ae544a4fdb1133120de181c1333328b716aa4e29d651dcdb627aeb752e	224133	9499	6	5	0	0	0	1	0	0
Assets/GameObject/Flintstone Hornet ember loop.prefab	92550059611eb764cbe2a3b8aa674cd4	3fd291d412d4fb27b161e0343c5ea59ca1ab507fcae5657f32d99d30747d49c9	110062	4668	4	4	0	0	0	1	0	0
Assets/GameObject/Flintstone Hornet poison loop Variant.prefab	6984c57c3d5ace549a93ddc48371f0fb	2cbc605a60acbfc6551cf0f0917bfd9964dc0609bad4f99dd68097e9104b9dc0	116045	4902	4	4	0	0	0	1	0	0
Assets/GameObject/Flintstone Slash Effect.prefab	8c147bb6c70df5f4eb2a492914601d69	b20a9c97b06cd4e4fa7893f62237efad696980ad12a929c0d9f2663b3bc61750	106216	4524	3	1	0	0	0	0	0	0
Assets/GameObject/Generic Pickup.prefab	f6187853a978e1948b18e4b6a73fd593	d67d549b83a779e219666d6188107d6387672fdbe19c1e505e9d5c9b7e7f1ba0	18767	687	5	10	0	2	1	0	2	0
Assets/GameObject/Geo Large Smooth.prefab	68b7318bfb3e29c4eb6cce0ac11d9be7	7f4a007ef3715df311fae2c7fb40eb46392fabf512b73091fdb41d38d4ce9f2c	251954	10520	13	12	0	3	3	1	3	0
Assets/GameObject/Grand Gate Bellshrines Custom Desc.prefab	6e997b0ed98b2aa46826a02d60162505	acdd69d82a4431a311f13c437faad7fb86ee0c72ff8a66c2c96ab6b62bf44417	26587	913	11	10	0	5	0	0	0	0
Assets/GameObject/Great Gourmand Custom Desc.prefab	bd66e1dc6f5bf0641b255d11973b198e	319fd197ebf409ff50478d9dd36b9b75dbff4e5ae391f9dc4021b606a5005a89	26271	913	11	10	0	5	0	0	0	0
Assets/GameObject/Heart Piece UI Cln.prefab	969b37fdaff1ce94b904769c6fdd61f8	1b7abea95f7ad25bd25b2e3a062724033860d15793b5a8dd8dd58897bc4fb985	59452	2096	1	1	0	0	0	0	0	0
Assets/GameObject/Heart Piece.prefab	7795be6e1684d144687219d576b99c86	0676b5cdc3c9f5bf488224ed52ae8aec21f98d0a65324bb498c777b8dff069e5	11187	382	1	1	0	0	0	0	0	0
Assets/GameObject/Hero Shakra Ring.prefab	5c12c1fb36f722a429d1de7bfc1d0678	406a5b3622c9683b65b96c60b933024190a7d46c9642373aaf5a9358722e3e3a	207187	8577	14	20	0	4	1	1	6	0
Assets/GameObject/Hit Lines Generic.prefab	3be8a74b93fbfad46b7bc55a654e4a16	a1fe377e0d96d75c20e57fde78f0db0bdb71f866155d0b8e7fe146d6a0626def	110787	4701	3	3	0	0	0	0	0	0
Assets/GameObject/Hit Shade HitEffect.prefab	725019b4c152be948adede8a166903a6	14fe8c9174a420d40242efad276d1622ca9a0ecbe16e18b2d5fedaae781bed7d	167030	7091	4	3	0	0	0	0	0	0
Assets/GameObject/Item Get Flea Brew.prefab	ad5e2ce3785cfbd4caf6923f634dac06	7200e06ace4fe7ca7e035e74ea26fc5117a0150206f9ed9326cd490a5e72a31c	294530	12395	14	6	0	5	2	1	0	0
Assets/GameObject/Item Get Plasmium.prefab	25a18ad56d2b84e4d90c913d1f5ad921	44ba0f279cd1a54c2c85355a1af754387ea835c14e7ab06e4eb48e5774fd79ca	240336	10087	13	6	0	5	2	1	0	0
Assets/GameObject/Lifeblood Death Start.prefab	a3fe89b53cbcc3a4e97f0307765bf418	eb9b74b5ba73f4eef39691ceeb9ec408583d3f377c93c63c0818107b343a223b	164033	6988	4	0	0	0	0	0	0	0
Assets/GameObject/Lifeblood Death Stun Pt.prefab	f86d691c15fe50a44aec74c3c240a557	af79d44cdf8204936939fdf4e91aeb0787e3d138dd8c9dd3c6f68cdeca9fdf32	109665	4664	2	2	0	0	0	0	0	0
Assets/GameObject/Lifeblood Enemy Effect.prefab	0103b8554872b6a4595c1b6f8c02fa9f	07cc73a5735930a25c5771cdd4529a1eb0f10866eeb799e13bb4dd0c0e13e0f4	170547	7214	6	3	0	2	0	0	0	0
Assets/GameObject/Lifeblood Enemy Pop Effect.prefab	a62f72dc6dfeb994aa18a5e7ce322924	e2113c956777e464cc58345c2fadbdc021b33c8de11ce4dc15148ceb25558fbe	335891	13944	17	30	0	9	0	1	8	0
Assets/GameObject/Lifeblood Glob.prefab	571a8e1698aee3b409e45ecc59109d5e	33dc409e182acf488e05eceed1be53199eec5c856c526875462d7b77e9a73b0c	21267	750	4	12	0	1	1	0	3	0
Assets/GameObject/Lifeblood Heal Effect.prefab	8513f4c8f51d6bc4b9222d4448110751	5982b8a06ef846b4b9c2bb504dc8473c437d1cee5c754b277e7ce85f2df69dc8	62653	2628	2	4	0	1	1	1	0	0
Assets/GameObject/Lightning Hit Pt.prefab	eb40a59537f86184395d84e3e6ca7730	8e52375b54a8848b7f71a6c3add20ac38a4683c4f423c68b4e6bb426f3930e54	164259	6994	4	1	0	0	0	0	0	0
Assets/GameObject/Liquid Meter Extra Description.prefab	a6c184621fe4e2148bfa9268182e2ec3	10d984fd0ceef05bef0f0de9ff1594473147c6a5132ee8681065b02d0e877c78	36375	1298	9	17	0	4	1	0	0	0
Assets/GameObject/Map_Marker_Set_Flash.prefab	1445b91e23033d34d837880b3e739194	2dbaf66576c6f080f7f32c48e67dbbc84e08b88f800a119faba3ad550e24e5e7	61574	2568	4	1	0	2	1	0	0	0
Assets/GameObject/Mr Mushroom Custom Desc.prefab	925a85beadab6e74cba9abe6d452c01d	41b18b028d00a0d0b964161f5a468cdc03789646c8ba35e06a4bc3c76fd6d9b7	43941	1483	18	18	0	8	0	0	0	0
Assets/GameObject/Poison Slash Effect Variant.prefab	9024f3d9acab37547a508892fceceabe	469f023dd3bf1afcc1a1b4a253a7ffd6d106022588a74968eab886c79e8d3a18	56381	2391	2	1	0	0	0	0	0	0
Assets/GameObject/Quest Item Extra Description.prefab	74852b9d06187164baa6f68b767a45f2	4feddaa9cee8c9a0aaf2aa6042b8c871035ccc434130204b9db23b684a52f545	50651	1809	13	27	0	10	0	0	0	0
Assets/GameObject/Rag Hit Particles Big.prefab	56c8f234ae3ef2d4b894c1c291bc6e16	13b1ab7ca561ed0ded17d6466b0efb0ad957db15dcfe2dff78ccb7ea8807f6a0	115178	4869	3	2	0	0	0	0	0	0
Assets/GameObject/Rage Hit Extra Pt.prefab	b609321de03e2084ba3172127583cd57	383dbf2a055617a4f36c7ac39d69d822f04461fa77ce0d65765fe3ded52d15c5	59648	2499	3	2	0	1	1	0	0	0
Assets/GameObject/Reaper_Tear_Effect.prefab	16435a12dab502449a3dfa7a9ebc84ab	8b8561b70fcb774b37b2bca7d8109a27e7c28b12a849385fd70996c04b0a5821	60140	2512	3	3	0	1	0	0	0	0
Assets/GameObject/Relic Board Librarian Melody Cylinder.prefab	e5b050e257b23264ca511e856083dcab	f98c0b53cc1ddc7549ca0c0f3d47403c1e011b7a81d20ff38d428ed4e81a9051	4179	146	1	2	0	1	1	0	0	0
Assets/GameObject/Relic Board Psalm Cylinder.prefab	7b67a3fccf59213449b73df124e5d8bd	e6174b427044b82129330ef72a61c15d2913d535fbe18d5119616b1370778d47	4157	146	1	2	0	1	1	0	0	0
Assets/GameObject/Sand_explosion_effects.prefab	804a21f6e4f95984093cbd570026fd27	b538b7832e4788a411b78c3f5e4f3897679944f1d8a4983f5bc60a5323caf7a8	217638	9258	5	6	0	0	0	0	0	0
Assets/GameObject/Servitor Hit Pt.prefab	b63149245ab9de24b8290bcb053caa6d	f833a0d05635358cc8925c0b78485ad3f1f52780e0a8858526d606693132cf91	118246	5008	3	1	0	0	0	1	0	0
Assets/GameObject/Shellwood Bramble.prefab	e2aefd3c97849b148b457afcf42d8bad	36749c260c834bb396248adf5929920e21fa3bd18a158f36c92d6c975e059ba1	169341	7184	5	3	0	0	0	1	0	0
Assets/GameObject/Silk Grub Splat.prefab	8cd34932c6a9e304f814cf3ced909ecc	a36c2ce56ead13f488c75e9df81a207dbf5861e9c9634f0b58ab5376f9cdf8ea	292979	12352	10	13	0	2	1	0	0	0
Assets/GameObject/Silk Grub.prefab	cc1ffd049b894c547a2a354618bf9aec	cd62edaaf29e3f4efdb8970317b5670d09e0451bcea7c2438b6d4fd6f99ec843	19793	769	6	3	0	1	1	4	0	0
Assets/GameObject/Silk Possession Obj Sing End.prefab	591e70745beec4644b7948b9c7d9339f	ef149643e6c682a5254bd027feeec41831723eb38cb8e13f81ca0849a4b89622	290672	12244	12	12	0	2	2	1	0	0
Assets/GameObject/Silk Possession Obj Sing NoPuppet.prefab	c5d3d1ddc8cf29046a8f12bcafa4e1d6	267d419d4526b6e74b9b15e2e52e6f013fdcbbcba785ca91ef9a2aa7abdbbd37	292568	12309	13	14	0	2	2	1	0	0
Assets/GameObject/Silk Possession Obj Sing.prefab	cd46db8bfe676604394f79ff1cde3ba8	38009dbf77c893f6a92233253fea6283b3c7b5232757f9a7cda9c6867bdb66b3	303213	12695	16	21	0	3	2	1	0	0
Assets/GameObject/Silk Ration Break Effect.prefab	6265bd4330c80524bb9157bb27f89c78	66d504c1534120fbf4263960faf981c38d20eb61c01d30abc9d9360a8f92b494	109612	4665	2	1	0	0	0	0	0	0
Assets/GameObject/Silk Ration Large Core.prefab	3136ed48e19ca7f42ac8719b2598664f	aa4c4f3f3ee5f86d25e42146ccefd0e49e8b4646f473ed064f4419c9ff0d47ec	7385	263	2	4	0	0	0	0	1	0
Assets/GameObject/Silk Ration Large.prefab	e6be9ef0a7171b24a95cd9cbd248d6b4	e3b514272991ec1923d6205d60ae2a51eef77bab33c0bd2ef228872863ea11d5	304979	12808	9	19	0	0	0	1	2	0
Assets/GameObject/Silk Ration Small Core.prefab	d061be8d6aec9634887a958b687baa36	8fd9b3948845f5d711151c64210656e4ac4d9b239d8f01263131e75417812c85	7385	263	2	4	0	0	0	0	1	0
Assets/GameObject/Silk Ration Small.prefab	4cc669fc5658b0d40b7e14b03f7e5943	31a43541b963f4365d6066eae548b0e3a825aa817dc207e5ec4a9b7cc39ea847	304950	12808	9	19	0	0	0	1	2	0
Assets/GameObject/SilkEnemy Death Pt.prefab	1c9e9cbcb3c8fb6439f0d677760edece	daa0b306a3cb610198aceef6284f0fffdcd287572c0db316fc45e08a0d34c188	276868	11749	7	4	0	1	0	0	0	0
Assets/GameObject/Soul_effect_generic_loop_lerp.prefab	b400ade7164cc4046a3c891dfecbeb0c	919dd897c197b02a2555b393ab60014d73e5acde4e6e865d6f6b4fc7c29fe8fe	166782	7089	4	4	0	0	0	0	0	0
Assets/GameObject/Spike Slash Effect.prefab	2826de15008a23b499d7cdb0b7a1069a	555d302c6c5d6b16553a3f8121423403451efe88bf409ec30a3ef4eb22fcd446	12995	466	4	8	0	0	0	1	0	0
Assets/GameObject/Surface Thorns.prefab	8f7df7a9bcc62b14598500481f97c4bf	88e2e59e869f5e1f32b680d9e450829e74e7069cbfe04732ebb0fef62ce4b1da	164587	6997	4	1	0	0	0	0	0	0
Assets/GameObject/Swamp Razor Fern.prefab	a8783abe2c499af4abf6cfcedd75d753	549357b4eb047857adeeaf970e43d657bc64bd567e21fb42b9cbe1d52bb42267	114980	4867	4	3	0	0	0	1	0	0
Assets/GameObject/Thief Charm Geo Shatter Hero.prefab	c2a0b04f9b0bb144aa418a610cddfbac	063793a62062de5e2a467eb04d4a5aa98b5a6453226cfe3e9f966e7d4923ca4c	111023	4722	2	3	0	0	0	0	0	0
Assets/GameObject/Threaded Corpse Steam.prefab	4bba48fd5ac756b4090d4b13feb74c14	0af833dfd6201ac71637b0898389596b7c27ce7de34eed4d04a95cc3c7665c89	57344	2421	2	3	0	0	0	0	0	0
Assets/GameObject/ThreadedEnemy Black Hit Pt.prefab	5cc8c78640f77694a839042f0ba11512	533c2fe791e604b99b939a49c34e66ec851cf50327f620678ab6d5ff7ff56406	274943	11688	6	5	0	0	0	0	0	0
Assets/GameObject/ThreadedEnemy Hit Min.prefab	6ad8ccd7e74fff8478bda886dc0e1978	7c4387f3f2cf28f16ec230396baa90246f4e8dc09cb3b781c21ea99a7870f803	110152	4688	3	1	0	0	0	0	0	0
Assets/GameObject/Tool Barb Spine.prefab	f35cc3975d565354daa6e33ab48439dc	bc9ea292f9fab21b48f7e9fadd90c3c0f36fa640a1e4ab586b3dd3356667d2d1	182430	7317	6	13	1	1	1	0	2	0
Assets/GameObject/Tool Pouch Desc Section.prefab	f65e1a0f5999bc144892c5155943bc9a	222e2785a3258f5f5f38da3385d63a1ace3f63734ef5c47205fe6db8cdedbb80	76608	2656	27	33	0	10	0	0	0	0
Assets/GameObject/Tool_brolly_spike_dj.prefab	05737943045e90d439c2f0f103c2a0ec	6edc873df7379c98adbf95c3fb4f6d1b14af5053adc791b1d3575bcae0762b45	43174	1573	15	9	1	7	1	0	4	0
Assets/GameObject/Tool_dustpilo_explosion_poison.prefab	9dd807dca251855418390785f482a37e	7b217f1c96a80c94ff6006da4e78e7c78305264f2ef6f978da078021c5bcccf5	368327	15434	10	11	1	1	0	0	1	0
Assets/GameObject/Tool_dustpilo_explosion_water.prefab	5e1e05e30dc11364b9903a24ad19ba48	76805643d14b61284a5657469f45ae025796b0eb844fe78e10ad34f5583b424b	345636	14602	13	10	0	1	1	1	1	0
Assets/GameObject/Tool_pinpilo_explosion_poison.prefab	aacf6ac8bd631624a983e5d935be54ea	02066baeb3a27af66a36d3c79e8f082e87c32273ad726b742e77737b9b30b0fe	260174	10809	16	22	0	3	1	1	4	0
Assets/GameObject/Tool_pinpilo_explosion_water.prefab	ac149dd636ed9b74d918fc1a9e9887af	1d0b4c4ca420929e08013d43a37c2fa076f9cf6f4769018f030de219bff3ae01	349141	14749	13	11	0	1	1	1	2	0
Assets/GameObject/UI_Shop_aAnimations.prefab	449c81f848b101f4f8fcf79fff1dc0ef	bb185ec84d59df1b5d42d433450b1a8b38c9a0bb9e37c7a518264a8d629fcde4	26856	863	1	1	0	0	0	0	0	0
Assets/GameObject/Uninfected Hit Pt.prefab	de65a2db0ae0da74e8183ab898484ac7	6d6c729c3dc965a9e0e7bb87b84910ccf4ae27eb45dcdee393021e6d5f2433fd	55039	2341	1	1	0	0	0	0	0	0
Assets/GameObject/Unthreaded Enemy Stun Pt.prefab	21f1c6d797e1a1c42976aa41c24e6ed5	18de55a8df4b885182092a9689d6318c0f61c085b75a3b9facd3833575af8874	216914	9251	4	0	0	0	0	0	0	0
Assets/GameObject/UnthreadedEnemy Defeat Pt Small.prefab	773bcb99e9fc6854f88f7f7d17c8ca81	c0e51deeacb6f13870e541b0f014511981308768aefa5e4105efb9eca64966fa	110816	4713	3	2	0	0	0	0	0	0
Assets/GameObject/UnthreadedEnemy Defeat Pt.prefab	b9e28eaeae641684d81903a60024199a	efb5cc6efb9398bc0bb8755dd6dfe2150ed69af35f1aa6188b7d49f7541c3a9a	109888	4679	3	1	0	0	0	0	0	0
Assets/GameObject/UnthreadedEnemy Hit Min.prefab	728c465596682ba45a414b15f62e43c5	9fd7b5d7a6b106504bfd9507dcdef31e75ab83420fa1e50ac2b1a933acc533b9	164701	7009	4	2	0	0	0	0	0	0
Assets/GameObject/UnthreadedEnemy Hit Pt.prefab	4005a79530b611a4d9c93a57421bbd62	c022cc286b6c1dd333de4c448fdcbee4e0e9977f8822ea3548d699ba4684e5d9	110398	4692	3	2	0	0	0	0	0	0
Assets/GameObject/Void Enemy Death Effect.prefab	3d6a7677d000e764aaf04e2a9212713b	a1e79a30530270cfa1439adeb569df48454631d397fa087a8f9b2b07130e5887	230130	9767	6	6	0	0	0	2	0	0
Assets/GameObject/Wanderer_Precision_strike.prefab	e297afedb9526804bb1fc916d32e1a60	f00c9c8a09580838ee76b8517633cdbf9cf60fb7a41ca4da63e0552f74cdb9a7	185318	7746	12	4	0	5	1	2	0	0
Assets/GameObject/Weak Hit.prefab	ec9ecfadf26b7ed4095d68a538ba972a	722d0d55552ad8aa2f8433bc19c3c9b3c544e8a135464f441372254fa649276c	6686	245	1	3	0	0	0	1	0	0
Assets/GameObject/Wispy Web Stun Pt.prefab	c46cfd198c2fee84097b636a09612026	f462f8bb1e1a8af7d57fffa685ed1350a76ead67b50fe118f5ff2c512837eff5	59619	2518	1	3	0	0	0	1	0	0
Assets/GameObject/Wood Splinter Death.prefab	c1ff4ade7ab92a64dafd4a4b2741bfc6	2088092f400073bac03d908ff4ce685b983810c51449770fbab612a031e91825	57163	2421	1	1	0	0	0	0	0	0
Assets/GameObject/Wood Splinter Hit.prefab	36afd7446165f5b48b8102e60b9c9881	c9b543fab0c64355e181a8a5366e77839327a0461e84f01d726855474992d1f0	57152	2421	1	1	0	0	0	0	0	0
Assets/GameObject/Zap Enemy Mid Death Burst.prefab	ae8b35f7786a40d4e9054874a51de449	a4d5643988b15c92825e76da5b7af507d8dbe255434f5d0f83c2e7e7fea46bd4	228736	9668	8	6	0	1	1	1	0	0
Assets/GameObject/Zap_effect_hit.prefab	51644df410931e748b132863023b47b2	b59e79115ab25c9b82524f583dac0b01024de21e407a21445557ce8e34976ec6	115158	4876	4	4	0	0	0	1	0	0
Assets/GameObject/ant_queen_heart_icon.prefab	fa88c4a52a366884997b76cb6028a733	11f3b651560ee9a64e5b5f1408e0ee35763deee2776219d975978e1dbc6a4608	9499	359	2	3	0	1	1	1	0	0
Assets/GameObject/coral_king_heart_icon.prefab	cf494f6cea6451a4fb7f300f13dc716c	5d0abdbeffcad6eea4d7fcb1d38fbb713e4af949ec09c33158a7a10add9ec8d2	9485	359	2	3	0	1	1	1	0	0
Assets/GameObject/flower_queen_heart_icon.prefab	e534fe615e41567479a640c1aad348cf	4bd3adc8bf53dd64634f0e50df258388c281ff3eb9ed7c2de9db6d0b1006e969	9480	359	2	3	0	1	1	1	0	0
Assets/GameObject/green_prince_heart_icon.prefab	2bb47e498da211f47bc1285163538cbe	f982cca35c6385d4f23985c5e255c72e5d04db79d715ea91c96475ec066b9553	9472	359	2	3	0	1	1	1	0	0
Assets/GameObject/lightning_bola_explode_hero.prefab	68ff93cbc76f87045890cd2930075d61	6e9e1d1a287bc6bd6d915f2e9487e0c8fcf3f79a7f0edadfae12ef6781b000bc	134129	5552	11	6	0	6	1	0	1	0
Assets/GameObject/maggot_charm_effect_hornet_single.prefab	a65dc9664463a0f4ba27dcd8192915f1	6133f0703ad04a52ec87be3fce03afbe2ea83b3a9d6cf0de80199abee29a7cc7	168076	7130	4	3	0	1	1	0	0	0
Assets/GameObject/mandrake_icon.prefab	17c76e2a78164da4181dcffefe64ffc4	030618ebc24b91533d25d1ab7b81353a014ea8f5a4a4dafa93c4bd620ff4cb21	6091	228	1	1	0	1	1	1	0	0
Assets/GameObject/plasmium_gland_icon.prefab	49ca4fac142b3d14baea228e71aa6646	3b72a50216ec7b94888faada645c1f38b039cd64030eeeba8ef36c10ff4b5546	8425	318	2	2	0	1	1	1	0	0
Assets/GameObject/shellshard_shine.prefab	b55d2c00da6ce4943ae0ac0ba877525e	dedc3ec8581c500db53b9d523f59a08474eb4d7a2495b131bf213832d9b15c19	9475	333	4	1	0	3	1	0	0	0
Assets/GameObject/witch_cocoon_burst.prefab	9c59941925792a64d814f1a9844e1565	6d3d78979db0f869c24624973ed9dd2e169b413f82436fb7d2de1f875fb64668	186183	7788	11	5	0	4	1	1	1	0
Assets/GameObject/witch_poison_particle_hit.prefab	a41900a0a39f10a41ac4e50ef5a88e28	e2773577d785afaa6f8484220b1135453088707489cef1e0cc678feaf5613685	110644	4692	3	2	0	0	0	0	0	0
Assets/GameObject/witch_poison_particle_hit_directional.prefab	4b4ad660920ec1140afc0f372a862412	645048794cfdd8e3498a5dd45516b1ae91fb44ab79646856a19226e166cb7a35	110014	4666	3	1	0	0	0	0	0	0
Assets/Models/flat_barrel.prefab	2d28faa412527404093ff857eecb4f59	0ddc5f5122992f9a1a23fa02cd5d0095803ba03397f918dd2163e0d62035298d	2554	88	1	0	0	0	0	0	0	0
Assets/Models/flat_barrel_straight_2x.prefab	125c54f52b5133b45b685a674ac3fde0	04f6d3c112792fce94e973d27cabc76663a522f80ba36254baf6582cb85a3c3d	2552	88	1	0	0	0	0	0	0	0
Assets/Models/flat_round_cone.prefab	171b934fde7a86147982be3b1d37d16c	4eb8228cdf40266159918d91f4bfeb1d4f99c4b20b67beda921fcd136c6e4ff2	2558	88	1	0	0	0	0	0	0	0
Assets/Models/radial_uv.prefab	3b8809bf73da8ee4c933157725083216	b76a3b84178585f1abbfdcb65e3b271174f5097d135e6dd405e4ceda3254e864	2552	88	1	0	0	0	0	0	0	0
Assets/Models/square_lense.prefab	33ea390eaecee4a4f96506e810f01b80	6b3c4279187d5c20dbe10c4d97fa3e5fef46c39c594dd2262630cf2ba0b0112f	2555	88	1	0	0	0	0	0	0	0
Assets/Prefabs/Areas/Air Blow Region Updraft.prefab	fc13c13ce5067b14eb8994ecb59be95c	611f817c287d43027c6583406c78ca26baa5be1606cc17f47d5e851845933bfd	2496	94	1	1	0	0	0	0	1	0
Assets/Prefabs/Areas/Darkness Region.prefab	cda51d14fbc4e584d863cb60b0a4efd8	200eabc2a1a166bbd133f70b91d015e38f86350781cf8f8d6523ed9828156f4e	2628	100	1	1	0	0	0	0	1	0
Assets/Prefabs/Camera/Roar Wave Emitter Bg.prefab	c8d3d112fb464b04a9f2d5455c44a760	116ce6c5e062edae19bb0767814e8fbc747df8a5781ed9308c2780c0c02c2524	58271	1956	6	2	1	4	0	0	0	0
Assets/Prefabs/Camera/Roar Wave Emitter Extra.prefab	ff04244ebf7062147b4e9ca5bad44939	90ee5ea9ac93c782070830c623eb968fbc9c1147440788fd1ac22fcab2c3a584	53631	1817	5	1	1	4	0	0	0	0
Assets/Prefabs/Camera/_GameCameras.prefab	362eac96b81545c4ab206f1ae3d530ab	b6444a9d4485c1a15df7d52de8eea5d23b842ea348a1c05455b5dd740eb0f472	11981284	463635	1174	2365	64	386	84	40	40	0
Assets/Prefabs/Charm Effects/Clockwork Hatchling Pin.prefab	42c8aee4bb88da54da0cceb0c295f77a	5b2321bc4b9eff88a0fa4be66bfb8167a94bb15f30e4b3243823ccbc76c04304	8668	315	2	5	0	0	0	0	1	0
Assets/Prefabs/Charm Effects/Clockwork Hatchling.prefab	f042726375251b849900a80598a8d3de	70739b35c122399f9984c310ae4398b18822903eefe4baec22389e08b58f0155	307568	12611	16	28	2	0	0	3	5	0
Assets/Prefabs/Conch Projectile Heavy BT.prefab	478f4f65022a6c84d9e0e4b993824807	703a13c41ec371aecab866c436aa6d03d8fd7e2a7fa0a4f20b8de281fafebee1	500593	19879	13	19	3	1	1	2	3	0
Assets/Prefabs/Conch Projectile Heavy.prefab	2cbcf7b3e0247ce4797036bd5db7a1ad	7eee37e32fde5dc08aeffef56d40de355045996d83a548684fb2f4708e840e7d	506625	20102	13	19	4	1	1	2	3	0
Assets/Prefabs/Conch Projectile.prefab	3e98be698e5f72f46b5924417243a6d7	6b5c06d936344a3d9ab0443db12cf68853dccd407c5df8769741f425a895c20f	355091	13960	8	14	3	1	1	1	3	0
Assets/Prefabs/Controllers/Dust Maze Controller.prefab	e52442f534c8dde43b169bdb875e89ed	cf54b2e110dd53eac32ff1fd8286536d7ced5335ffe7c299617613968719427f	2689	103	1	2	0	0	0	0	0	0
Assets/Prefabs/Cutscenes/Memory Heart Death.prefab	f4eb0416f20f6364b8a5e8e4da989470	850aa3227a8bf3f23c7d791a063dfddcb40cef02fdf445a81c6c8f85c4e0b074	1409561	59043	78	47	0	19	8	18	0	0
Assets/Prefabs/Effects/Acid Splash.prefab	2645fe9f647dc904ca5a02e6a0ed2ae2	9d2b2bf1ccae77bc0ad08f6a5317abbedcc182b77573f7144b3206462898b42b	21222	765	1	4	2	0	0	0	0	0
Assets/Prefabs/Effects/Black Thread Enemy Death Effect.prefab	24600b4c6676fa248bd0dbf349c17a5a	05756b4d9e0f74a4930f5c480f2250b7525e3389145ef35b98e63f6766f576b2	394443	16760	10	8	0	0	0	2	0	0
Assets/Prefabs/Effects/Black Thread Start Enemy Effect.prefab	23de980bb3384fd4ea4ed98f9dfdb9e5	bcb20fdbe5a009810431d891bea4685fb80a0bbdef2424ad9b44dfe4f3317941	183694	7731	8	4	0	2	3	3	0	0
Assets/Prefabs/Effects/Break Flower Effect S.prefab	037b810f4e88a6047a3ad01cee0445ee	347333b1691891e970e33909c90bc888adb3c2432df1c5f09c39b399317a29c1	179264	7532	7	8	0	1	1	1	0	0
Assets/Prefabs/Effects/Break Fossil Effect Small.prefab	fc7e079a45e9f6e4ebf1e91b928000c9	7dd9504b790f609d3e6dbf288f6d26e433d99a9e520694b729ba2bfa81b935d8	167823	7140	4	0	0	0	0	0	0	0
Assets/Prefabs/Effects/Break Fossil Effect.prefab	281c939e62ae00c449dd44372cb71b84	12021b76572a21871744458dbaed1f484e60ac80d94bf3f209ccb0db6a78a253	223932	9530	5	0	0	0	0	0	0	0
Assets/Prefabs/Effects/Break Metal Effect.prefab	5adae66fd12bf8f46b4ee838d895d8f8	347f23d30c080e4a40c94e68129eebe1004ca588b65d16116f7040506c8b6ed6	113180	4813	3	0	0	0	0	0	0	0
Assets/Prefabs/Effects/Break Rock Effect Small.prefab	8f77a454138c558489e45d15c8f1050a	6f549a345607db5bb650adfa0340d3891f47959d690b4cf02c9989ff319d22d0	113722	4832	3	1	0	0	0	0	0	0
Assets/Prefabs/Effects/Burst Line R.prefab	98e050dd7ad948f4eb560cf08c2c805b	289c9bff0688a8f9e673d2c60f01084e028f8b758da11c15db845a35c05af684	10841	413	1	1	1	1	0	0	0	0
Assets/Prefabs/Effects/Clover_Orb_Wave_On_Screen.prefab	93d7f60e800e5ee498cf7a71b9f7b2b9	2d1012cb3cf5232a1bd95f2ecf05dfde5c950a0f6d325a83b9e4772930079a28	109471	4656	2	2	0	0	0	0	0	0
Assets/Prefabs/Effects/Clover_Orb_Wave_Screen_Edge.prefab	aedddc86740fc3a44a84c15da0004768	f89d73ec8e2f4505f3f4f15e7947d1b60132957c524165bed2b18cba0f4f84ae	272614	11606	6	1	0	0	0	0	0	0
Assets/Prefabs/Effects/Clover_Orb_Wave_Screen_Edge_Final.prefab	a9ad9a71042fa254b90cbd25ecb87ed6	3428063911a234d23faa23d36a0375d933f73d9c2f502d61c72d53e267a466db	293700	12408	10	11	0	0	1	4	0	0
Assets/Prefabs/Effects/Clover_Orb_Wave_Screen_Edge_Oath_Plaque.prefab	0d182c3505d97b64d8265467e77d58dc	2753a0c8f33e2084b964d85b1f87b6a8a96b5b3d11a45a622af099cb0b53a746	280131	11880	8	5	0	0	1	1	0	0
Assets/Prefabs/Effects/Clover_Orb_Wave_Screen_Edge_Single.prefab	1049e1830d3d109459b1bb772da9cb14	3dd90da4ef2b5992ea892eff098abfa42f48ef5f9f55df74bc54b98c1cdf3038	176609	7446	7	8	0	0	0	2	0	0
Assets/Prefabs/Effects/Clover_Orb_Wave_Screen_Edge_Small Large Variant.prefab	0895dd2c32fd1d4499444bb9e6c68e5c	72c85ca9afadd01fb80caf72cad64c880c4d57257f6e5b2ddc444e87568bdf56	109622	4664	3	1	0	0	0	0	0	0
Assets/Prefabs/Effects/Clover_Orb_Wave_Screen_Edge_Small.prefab	67fba5b7fdd95c444bc541692e0ccab4	e78e16811292e9f3e4c5c4fda6c0cc3c687482e666c21c0cd1aa62a4aa0f72e8	109630	4664	3	1	0	0	0	0	0	0
Assets/Prefabs/Effects/Collectable Pickup Break Effect.prefab	f447f474889cc0d4a8d4b848b2a3fa15	d9890c890604216b0e31dd1990fb0b6b8a09aecbd13a3522f1a23d60bbc84d76	112748	4778	4	2	0	1	0	0	0	0
Assets/Prefabs/Effects/Corpse Explode Effect.prefab	e668c454d4f32c74d899c47049312720	dd747581eeb31081115b0d713ca55cd769ccc8571b293d8acb10152601b50251	56085	2379	2	1	0	0	0	0	0	0
Assets/Prefabs/Effects/Currency Spike Break Effect.prefab	c58fffd448e40c04fa79664703218d4b	85151857e8b392667a5f9e84a58d2fd50d4bb9a0d27b5189e1d03196db509a57	58925	2480	3	1	0	1	1	0	0	0
Assets/Prefabs/Effects/Dazzle_effect_hit.prefab	44045b39c4c77494684f5b56450f575b	d549380a1a085f248bb97c678514cc995a0b5e24fde89d05c09ae8c62b34fe1a	111176	4726	3	1	0	0	0	0	0	0
Assets/Prefabs/Effects/Deep Memory Enter Black.prefab	0229cf888c1d9c84cbd1c55c86cb1a2e	bff313c2561b831711a53306bf5f9255071efee9700c20e5175d9e89ba2da094	465033	19673	15	15	0	2	1	4	0	0
Assets/Prefabs/Effects/Deep Memory Enter White.prefab	b01714a716abc204dab5b7bdd009b503	c23fc6c137a31bfaf08e167542b492d6d3a944b486b69d3417c5542515b6ddc1	190110	7966	10	10	0	2	1	4	0	0
Assets/Prefabs/Effects/Deep Memory Pre Enter Effect.prefab	add99fe665cc3ec4f8b66f0df0686f07	c5c0c420c63f2f18b1fdb49f0b36871851fa25108410f25fef730b918da07980	273551	11632	6	0	0	0	1	0	0	0
Assets/Prefabs/Effects/Dripper White.prefab	ddf9088a42c324f42a7cf831fdd7bd83	a13015e50fd3866acbf8957c4ad5ad801e470d0e87f1752cd668b0ff5459cbcc	115503	4865	3	9	0	0	0	0	0	0
Assets/Prefabs/Effects/Enemy Coal Burn R.prefab	04906176aba5db148bd031fde93a64a2	98fc1eb7d4678ccd8a370a66da30ef90645e19fb2b0c54d511dfe7e125c6aa0a	115941	4905	3	5	0	0	0	0	0	0
Assets/Prefabs/Effects/Flame_effect_generic_loop_lerp.prefab	2c22c5265fccf8047b919ac9925c3669	c5dcdd7142a75aefb337ac3adb3fb7a2e10939fbe43854323de353b9544acf52	163170	6932	4	5	0	0	0	0	0	0
Assets/Prefabs/Effects/Flintstone Hornet End Water.prefab	e87dc92d045defb4b8ba0974b8730fd9	966d3de26581a3f9ab1e4099f8616439c993bd2d5d6e5fdd2899c71273e1558f	111950	4745	3	3	0	0	0	0	0	0
Assets/Prefabs/Effects/Geo Get.prefab	a00036549650f7b41899819a4a73f3e3	32529d77bb8d67a162b90aa6e5fe7c1912ccbd718acdc71d92a5f6eb38881400	4973	177	1	4	0	1	0	0	0	0
Assets/Prefabs/Effects/Ghost Flash R.prefab	d74a30f226f624044856bf0958e5bcf9	f4dd0df618eb2761ee522522ca06c8afad65667ba83c4af395ad3c9de79abd12	4394	147	1	3	0	0	0	0	0	0
Assets/Prefabs/Effects/Ghost Hit Pt.prefab	1f35f69293ca3254da0aed52daaabfc8	1a3948ad1ad398c593a36294d5daf414e1d0e94bc66d68258341cb0634bb3388	55036	2341	1	1	0	0	0	0	0	0
Assets/Prefabs/Effects/HP Up Particles Hive.prefab	6ec92dce917e8094a8245b37beb2f84e	5495ff97cd9fd2e2f7c75a8fea0ffdc2a34436a1c0c117139651eb24e042b9ef	113670	4804	3	3	0	0	0	0	0	0
Assets/Prefabs/Effects/HP Up Particles HiveB.prefab	36b77554320f8224ba6f60744547e1de	e42a2228fdcf8e64a6bc4a791a98347f2f5fa302d7bf463bc059b21d1d2fa88a	55789	2363	2	1	0	0	0	0	0	0
Assets/Prefabs/Effects/HP Up Particles.prefab	fe9baec19a874024f9249f03647a7b28	7e8340db0e57898309abec5b834ae768ad5dd907a3454e585d3dd5a7cb4eb8cb	117027	4929	3	5	0	0	0	0	0	0
Assets/Prefabs/Effects/Heart Piece Orb.prefab	db9b2beaec116e84b8d8a4b43fd36fc3	80a79db50d880bcdd9f6c1a9106be0ee5fc35503859f38c94c82b624ea9c263d	57895	2448	2	1	0	1	0	0	0	0
Assets/Prefabs/Effects/Hero Death Mist Effect.prefab	5ce5a5012a98501488e492674564a8ce	80a906ae20be132839f402638b8d5be9177d6f7b546a8b39e2e0f88a36f75a46	7617	262	3	2	0	0	1	0	0	0
Assets/Prefabs/Effects/Hero Teleport Grab Up Pt.prefab	7d34300a2b2beea47a778688a53d7d9f	319d61461cc38af1a6194261907f95a44ec4ee86d35aa612f8f8d7e134d20140	110085	4680	3	1	0	0	0	0	0	0
Assets/Prefabs/Effects/Hornet_FX/Boss Death Antic Black.prefab	85bb6b2d784b58e4685836a13aa67ffc	9297b8a405ed012a4973a84be366f2d0a95fd11e0789b453d9ab28a5d5e03e4e	262496	10841	23	10	0	9	9	0	0	0
Assets/Prefabs/Effects/Hornet_FX/Boss Death Antic Short.prefab	be2867fe6fa92354288c706bf71ba00c	2924bfbd8023311f8c4300daf8c38e57c25e386b90556c98c83e34e4d74009b4	111673	4742	3	1	0	0	0	0	0	0
Assets/Prefabs/Effects/Hornet_FX/Boss Death Antic Unthreaded.prefab	fae3817a9c64ca04bafbf54a8bf7043d	a4bed9ca3f6f7be96d069e1c007838a427fe06cc15a2b2905b757417568f176b	272470	11610	6	1	0	0	0	0	0	0
Assets/Prefabs/Effects/Hornet_FX/Boss Death Antic.prefab	1804b8c6d55bae046b08763327c5c54b	827a6d6f042844176738a02fa7aad09ad18c2231fc3ec6d0221778466ca04a23	214165	8722	25	12	0	9	10	0	0	0
Assets/Prefabs/Effects/Hornet_FX/Boss Death Explosion Black.prefab	ee9585496ccedda41802e6ce31ca252d	38aec823ed1a94dcda00b583e068752bead464f857ff81f71690e12b135453d7	176982	7433	6	8	0	1	0	0	0	0
Assets/Prefabs/Effects/Hornet_FX/Boss Death Explosion Short.prefab	1a9601bedd3b19d43a49c85a45d395d1	7d5e8a186d6914c9f6c5ece52e8d1d3c8d5c468a017bd9952b34a9cb1f8810df	121167	5064	5	8	0	1	0	0	0	0
Assets/Prefabs/Effects/Hornet_FX/Boss Death Explosion Unthreaded.prefab	d5896429c5f6e4d409477f5c29b9cbab	7d208377da85a847b8b2ae888d9964ee544bc961fd9ebb4238d4287c8b2b9e69	10664	365	3	8	0	1	0	0	0	0
Assets/Prefabs/Effects/Hornet_FX/Boss Death Explosion.prefab	a6e332536b675744da6534f28bec338f	232c66466213b6f677ca08719c9da09d377d59c770469af15203c3d1d5613ef6	120596	5044	5	8	0	1	0	0	0	0
Assets/Prefabs/Effects/Hornet_FX/Boss Death FinalHit.prefab	be12682da8276094b8fcdc2162ff8ddd	6e48316714211d925cde2132ff983cc7ae4b65ff4daaadd3a4177ef6f4356dc3	254566	10593	18	3	0	11	1	1	0	0
Assets/Prefabs/Effects/Hornet_FX/Enemy Lava Death.prefab	e8cc2e9b30dec42429a0f3f6518e2e2f	1ac88f62d6ac9a571c29e5633507291dbe4b83dd8b827b754ba47224d4f30a50	223867	9476	7	7	0	1	0	1	0	0
Assets/Prefabs/Effects/Hornet_FX/Flint Effects Poison.prefab	fcc7f02a8ba02b14cadeba6f89c0df2a	f70e233f138f486bb9a2ac684e8c1d0528690f4b1c5ff010573965a0dd3a4d68	139566	5710	12	17	0	1	0	1	0	0
Assets/Prefabs/Effects/Hornet_FX/Flint Effects.prefab	59207b0fecb87b741a889c777e942dd9	b892e9dd48205c070df974a5d91f757f639b2e28d3ea48fcfc27f322d13e5e07	185445	7702	13	17	0	1	0	1	0	0
Assets/Prefabs/Effects/Hornet_FX/Hornet_After_Damage_Effects.prefab	daf7c29023a2aae41a00e7df62a6bfa9	4b9c0f53d29add633af21f5673c01af76a14cc2b0ed542b9dd6b5666aad5e9ae	491413	20895	13	2	0	0	0	0	0	0
Assets/Prefabs/Effects/Hornet_FX/Lava Splash Small.prefab	e17f0f93ccf55bd459b603e5af965eb6	f0903c5c6e2f34f2457c2861718380f638939c37e85e9bebf51b0f264a94d555	111651	4725	4	4	0	1	0	0	0	0
Assets/Prefabs/Effects/Hornet_FX/Lava Strike Effect.prefab	ac6810ece9a2c9644b4a84da5dfe9ea4	5ad9ec4e93689ea09ecbfeea2ff6294725f5f9433f7550d08b975871c900a281	59016	2503	2	2	0	0	0	1	0	0
Assets/Prefabs/Effects/Hornet_FX/Memory Spawn Effect.prefab	2ac50c1b2e8650d48bf799916d94b094	09ec307df7ac5a27b58d1bc8b14d98ed1d6d245da0d4f7cdb751a712e02c99e7	110433	4697	3	1	0	0	0	0	0	0
Assets/Prefabs/Effects/Hornet_FX/Pollywog Maggot Splash Effect.prefab	2cc0fc67d4ef00342a4c257223ac6540	eec71585e5eb174e20d4995838d873c3979ec96403fc892fc683b608bcb0a233	273729	11655	6	1	0	0	0	0	0	0
Assets/Prefabs/Effects/Hornet_FX/Tracking Sense Effect.prefab	0e9618c70e97daf43abdd4437d361f35	1e14291adf8e47578ce2ce004aeb4d985f154a298607b60150f2b7c138a1c100	61157	2561	3	1	0	1	1	0	0	0
Assets/Prefabs/Effects/Hornet_FX/crest rage_burst_effect.prefab	59c92a30832380446a5dc5bb5c5ff234	6bd7eaf17e5a09d11a5bcc5cc08f68f33a12e7025c7c4e15803c5fcd85ec3913	18702	648	7	4	0	6	1	0	0	0
Assets/Prefabs/Effects/Hornet_FX/hornet grey goop hit.prefab	f59428021b72fd04ca9e164adc96ee8d	ac79802dfa797911061c6020c5952bd537f578b750d2853fd2bb7a29678f77a2	224848	9558	6	4	0	1	0	0	0	0
Assets/Prefabs/Effects/Hornet_FX/reserve_bind_flash.prefab	4d4149001ef6fd140922f8bbd2f75348	01c90ac3ace69daafa7ba3e425a6ff5f85629116a9997cc3c45a62fbea833e73	71836	2954	7	4	0	4	1	1	0	0
Assets/Prefabs/Effects/Hornet_FX/thief_mark_rosary_flash.prefab	ffb2669e37b725340b6cdb74dd81ab44	1245a7db76b5448ea75281c2e3d476e0af2782a1efe45d13a4385945964d8541	4180	147	1	2	0	1	1	0	0	0
Assets/Prefabs/Effects/Hornet_FX/thief_snatch_effect.prefab	7e2bdf78f58d9f948963f724c6f29fac	5f920299f42b813e2a22c3e05a4f824c4bb82434c839cbe2c9f0323010f8271c	10480	366	4	2	0	3	1	0	0	0
Assets/Prefabs/Effects/Item Get Effect R.prefab	4ae617d46602eda4d81ccf81506aa037	d796e91dc7fe3b319a80f665844f22ceafd0e1d01cccd36ca6d95f778cf8c1bb	58583	2464	2	3	0	1	1	0	0	0
Assets/Prefabs/Effects/Item Get Effect Small.prefab	e521a49215583394a94c67aa71d23feb	68e9021b402d53b89c0e5cea9942c025542bf90490beb6ea26de57c75567f9b4	57937	2442	2	1	0	1	1	0	0	0
Assets/Prefabs/Effects/Lava_Bell_Recharge_Burst.prefab	5c1868c0aff95f5488efd024461abef8	7d14ab3525ca9da953ad9a3f9d19baf5ad7abc52f64ad45b1981a652561f71e0	119172	4993	6	4	0	2	1	1	0	0
Assets/Prefabs/Effects/Lil Splash.prefab	aa19d6c2743807a43be1b5ba67b02fc9	9888e3bc1b74fa7d617a513c0566d241b103ab9f5d1c525ea41f2828803173d7	117890	4981	3	6	0	1	1	1	0	0
Assets/Prefabs/Effects/Maggot_Bench_Burst.prefab	6a4ecebb6a65974448962d009675d204	0071d86a2fad7bc8ec37be77856eebb3c280b8b4edc5ba0824ab00d778964d5c	274616	11687	7	1	0	0	0	0	0	0
Assets/Prefabs/Effects/Maggot_Bind_Burst.prefab	9852f884f9e95d442858199e67518211	1a656a85de1cb81dc0354aff147ff2407c40f8e852a65d7fd500b6eb11dce772	284430	12036	10	3	0	3	1	0	0	0
Assets/Prefabs/Effects/Maggot_Bind_Burst_UI.prefab	77b037ba21424b74aad61a1c2322acb1	89d7ced92e045a89f657ec24223cb074445448d9ea5ca773d2e2ad188ef69303	110163	4684	3	1	0	0	0	0	0	0
Assets/Prefabs/Effects/Metal Grate Break Effect.prefab	5d910026c61704d408db7ad93b36b379	1906cc29061dd63bebbef7836f4087c71b9e577124803db1041557004ab9fa86	113339	4812	2	3	0	0	0	0	0	0
Assets/Prefabs/Effects/Particle System/Break Wall Effect.prefab	0eec68227087788498d2e9b3dfe2ecd9	7b8b51a54abe3d9fdc2e5405a9fb8860c3615b061ee2444cd2b273fc8cc2bee2	165381	7037	3	3	0	0	0	0	0	0
Assets/Prefabs/Effects/Particle System/Dust Hit Large Down R.prefab	d7df4749743c6c0499e87ff59f824919	4ca316c81a83cc687347d614af18466ec56329dd26ca0b45ab53620f2b905063	56531	2392	1	2	0	0	0	0	0	0
Assets/Prefabs/Effects/Particle System/Dust Hit Large R.prefab	4d6958b4bf08601489ceadc1e0e9c55b	dc60954086c19a5d7068a11a169ca61f23358af1ba4c24cb26f14d1c3385fc44	56535	2392	1	2	0	0	0	0	0	0
Assets/Prefabs/Effects/Particle System/Dust Hit Med Down R.prefab	8530ebd13c4d58d4785dfb9ffd5b0c10	05c0a24adbc4cf462fc75744463314a298d3fb483bdd743389a4a83df2066084	57919	2448	1	2	0	0	0	0	0	0
Assets/Prefabs/Effects/Particle System/Dust Hit Med R.prefab	806ee877a7ce1164badfa29f4aa1cfe7	b4d71774bb8628d0febc18db1d4674eb9638104a6760bb7c277ff919c72d967a	57268	2417	1	3	0	0	0	0	0	0
Assets/Prefabs/Effects/Particle System/Dust Hit Wall.prefab	0af49ef4643b22d4d8f040d27f1f068e	8ca7ad039243588ff17525317bb7b69ac4ffc214ff24a16f062bb3547924c0fa	109355	4656	2	1	0	0	0	0	0	0
Assets/Prefabs/Effects/Particle System/Dust Land Small R.prefab	4d788e347ff14eb4ab9006ba19db21e3	8646fff7a98064d6631238b21e6cbc87ebac84e61dc6627623ce84397b108c90	56066	2377	1	1	0	0	0	0	0	0
Assets/Prefabs/Effects/Particle System/Hit Shade Small.prefab	24264f906cbd8ac43803c28fbb5f8057	56a35c85999d901a536ca399ab550c7dfdd71d7cc0f5c18214c914bb1bbf13f2	165048	7013	3	3	0	0	0	0	0	0
Assets/Prefabs/Effects/Particle System/Hit Shade.prefab	56c768fb7ec60e94a82d6c5e239abb38	81f99abd7c36833db0c49b9d30db8798d614687c16bbe1bd2aec105a68ae92d9	166119	7057	3	3	0	0	0	0	0	0
Assets/Prefabs/Effects/Particle System/Infected Grass B.prefab	32bef612050840e4192fcfb96cd657e6	0969279af4d5e3d88b1095fa7e3e0811975a200ff3b7aa6985f1d300500eb027	55796	2368	1	1	0	0	0	0	0	0
Assets/Prefabs/Effects/Particle System/Jump Trail Hero.prefab	69573b00de4d5f948999a917b9546a95	3a4edbe90960cfd4acc18f7e57ad2204a1129994366ef320f7b99bf4173033d5	54541	2323	1	1	0	0	0	0	0	0
Assets/Prefabs/Effects/Particle System/Knight Particles_follow.prefab	738b0731c74291f4a976140c5295066b	af202ede2768b88e5fe9ac05ece6c85f7de822179538597a17df6347ebd1d621	7480139	317178	190	149	0	0	0	0	0	0
Assets/Prefabs/Effects/Particle System/Lift_dust.prefab	1acfdff0c1086a147962dc15c065c4c5	8825e967fa7785df95f1813527346efc99cdc437e9213ebc791bca045a1b24c1	54491	2316	1	1	0	0	0	0	0	0
Assets/Prefabs/Effects/Particle System/Plat Dust.prefab	f2f9ec723650bc84195f0630eb474ea1	6adeec801066899b76c77a2593fc3457ab5dd09251d3c74890cc83caa33be3f2	54783	2332	1	1	0	0	0	0	0	0
Assets/Prefabs/Effects/Particle System/Plat Grass.prefab	678ad1b3984c34747ae7dd1749a6612b	6651bf33c16d298a9b96a351d69b74a6df2b94ae8767fcfe02893f16de0001b9	55037	2341	1	1	0	0	0	0	0	0
Assets/Prefabs/Effects/Particle System/Plat Rocks.prefab	f80e33561dd7d1f488313bcf3bbca107	e6b3b0059c41d858dacc7ace75ea9fdb8a50bfee4daaff11e2a64625e47e8a9f	54758	2332	1	1	0	0	0	0	0	0
Assets/Prefabs/Effects/Particle System/Plat Stream Dust.prefab	d41c0d55a5158714faffc28d99fef9ae	d1ced80ad29d2bacd770d7bae12a307e515ae6edfe96e4ef8ba08bdfbe2db0c1	55570	2355	2	1	0	0	0	0	0	0
Assets/Prefabs/Effects/Particle System/Rag Hit Particles Dark.prefab	50787d0e3734af740b730b63c02a9ab8	a61e485b2a93a0cdec362022d83ed5d889381d5d24f2d6bb02008c11b247efb5	111916	4741	3	2	0	0	0	0	0	0
Assets/Prefabs/Effects/Particle System/Rag Hit Particles.prefab	b815a61ceddf07a4199ec618443ab79e	f1ddd3212c946fcc1e85d98385ba56252de0e2ea45d2b92e7bba54842c3ebec2	111914	4743	3	2	0	0	0	0	0	0
Assets/Prefabs/Effects/Particle System/Silk Break Effect.prefab	a85ee580be3fc8e47af999ce652cdc9d	c14796679fcad2efb5fe6efa8409b89537c0b593447f62c0c57ffdfc45a08ff8	109646	4665	2	1	0	0	0	0	0	0
Assets/Prefabs/Effects/Particle System/Silk Ration Break Effect Large.prefab	6172f76b164867c408104444856406b4	9b0b120419058151a8413472bdf4bb736f4d260b5f415cebfb1ef98dac561d2e	118820	4976	4	7	0	1	0	0	0	0
Assets/Prefabs/Effects/Poison Enemy Death.prefab	1a1669a3fa0e6f64d84995ea0ccda6d5	da3da07e598e7c50169996dfc40af571304d6af34185815675cde4034af723a9	229107	9690	7	7	0	1	0	1	0	0
Assets/Prefabs/Effects/Poison_effect_generic_loop_lerp.prefab	b47c882d499f1a5478d0aec72decadd5	53fc6d4566666a658c437f77af16369390acd63213b7f880e0c0d8a4bdb3fba3	112452	4771	3	4	0	0	0	0	0	0
Assets/Prefabs/Effects/Poison_effect_hit.prefab	d53cd1ce51b48ac4a8113f584fe7068c	6a0d937405b70450d87be07f410d9c22fcea2a16ab99c1da110782718e0e23da	167903	7116	5	5	0	0	0	1	0	0
Assets/Prefabs/Effects/Poisonstone Enemy Hit Variant.prefab	a9e9cb63e825dc7419bc2e264bbe4904	75c49dd99315c05b808b06d4edc150f5d30ba488d5d83ac219c2c821180ff6cd	274524	11656	7	4	0	0	0	1	0	0
Assets/Prefabs/Effects/Poisonstone Enemy Ignite Variant.prefab	ff7d9ede4c6025941ab46ee3bf71945f	bd09bb124233ba787d9d3d492130946a55c33208962fe1b107c690c9303d4ee0	172606	7290	5	5	0	0	0	1	0	0
Assets/Prefabs/Effects/Pollen Bounce Trail.prefab	08be1f7c86fdf2b4ba2be06176f8b972	cf7746341920d34026250243f5707852d4ae317cd9706357fca59b4abe138e7e	56093	2378	2	2	0	0	0	0	0	0
Assets/Prefabs/Effects/Pt Shard Region.prefab	bacf08cf37193d54eae492afdda23a59	b37535db379dbb6b91decb23e7b1fa77bf578119446edc055af6151878beb464	54746	2331	1	1	0	0	0	0	0	0
Assets/Prefabs/Effects/Rag Pickup Effect.prefab	487408a8934d0784099fa3f88aa99910	1e1b2a0d85da4708ce32cf541ef63009a3b3e5c375413d38b04a2909d41df534	126980	5306	6	9	0	0	0	2	0	0
Assets/Prefabs/Effects/Reserve Bind Use Effect.prefab	23da177eefe3ef7429738b4f85c81719	a9650e253e34635c7920c18d4a10687af26801b3a1132a12696420a748bd3909	174612	7352	8	4	0	2	1	0	0	0
Assets/Prefabs/Effects/Roof Slam Effect R.prefab	d93740fcacfdf5a479b7ec901ab79cb3	29ea6ffa28e6d47ee839e9f78700777f0f21c61edd4d2a1c0a7dd192fbaae591	59660	2501	3	3	0	0	0	0	0	0
Assets/Prefabs/Effects/SA_death_chunks_roll_small.prefab	34d510de9adb5c04cb4393413d1070b8	779f7b203fa88b81079c393577a3ee148550e7ab279049a920e5656bdc726e0f	14119	531	4	4	0	2	0	0	2	0
Assets/Prefabs/Effects/SA_death_chunks_roll_tiny.prefab	042e762215920404daec0bcc8f734588	fed9cb9b37658c0fafd8640b1765d85baa39a1faab162b7233b771f489231a28	13199	495	4	3	0	2	0	0	2	0
Assets/Prefabs/Effects/Screen Flash.prefab	1ee64b0806ba6b747b7edda956248058	5d07564bbdf2781d45932b74d8aec4cd2879dac9031e54c4f1e2d77deb4164fe	20318	663	1	1	1	1	0	0	0	0
Assets/Prefabs/Effects/Sharp Shadow Impact.prefab	01c49dbce802ea24bab06573c0625c72	3792fad1e08e894bda9717337c363661d901c713506c8aa5e064dbc4e69a0a66	20374	716	4	8	1	1	0	0	0	0
Assets/Prefabs/Effects/Silk_Get_Effect.prefab	a24e43c2add20744b8624f5ed5899a5a	ce759e580a03d0c033e556d786d572a64da72cdec716c5052d29a503cf2b0e6d	12109	440	4	5	0	2	0	1	0	0
Assets/Prefabs/Effects/Slam Effect R.prefab	4ca223faf0353374bb4625c7c21e3dab	038e9de254cf4c13c48b03a06856001a42e98e2cbdddae1a9535ac424080fd9a	4380	147	1	3	0	0	0	0	0	0
Assets/Prefabs/Effects/Slash Effect Ghost1.prefab	fcbf117be7215df49923b1806a1ebd13	b63930a23a81d4404ea5b7c7cd573810569e961fcafce0ce34b8a382e05247f5	5996	205	1	5	0	0	0	0	0	0
Assets/Prefabs/Effects/Slash Effect Ghost2.prefab	805791bba012d9f44bbda01855ec1b0f	b786ce4ad59311ed298b07a613b4544190a0600beb335aae174e2ff34ff54b0c	5997	205	1	5	0	0	0	0	0	0
Assets/Prefabs/Effects/Slash Effect GhostDark1.prefab	6accd7cad3d96df46ae17ddc1b60d743	4469fbca356c1b9876fea7bbdc7d8f69f813f21a776796a2c65034a46c8985d1	6478	223	1	6	0	0	0	0	0	0
Assets/Prefabs/Effects/Slash Effect GhostDark2.prefab	7f6c6ef53106b8246893d6867f470ffe	fb90e4e2d4b3f379b16c8725228d3df297a50db097c4024a312ab2daf1831cb6	6479	223	1	6	0	0	0	0	0	0
Assets/Prefabs/Effects/Slash Effect Shade.prefab	181a731ab2697f44cadef5390ac532d9	7d4d93a6b2688f10ddf3ab19779182183476a09747721d3a44347e3db6f3a0b3	4391	147	1	3	0	0	0	0	0	0
Assets/Prefabs/Effects/Soul Thread.prefab	6cbe1eaca91f76c4682d3bc911abbf82	661ffdd8c53ba9de1819b4b8266fb9aff213bfbf712d832f74d6feb07dba354a	42108	1615	5	10	1	0	3	0	0	0
Assets/Prefabs/Effects/Spatter Black.prefab	a8a0473e8c238cd41a197cd874404ec0	06f32a3b8890d24b6a5edb77d20c394f5584fe2582076af66813a2d46b8e26a0	5264	185	1	1	0	1	0	0	1	0
Assets/Prefabs/Effects/Spatter Blue.prefab	4762ce801d3e97e40afaddee03ccc25c	7c87be6004296561becbca108a8e7ae45092e7472ac5ef226b107b13d618302d	5269	185	1	1	0	1	0	0	1	0
Assets/Prefabs/Effects/Spatter White R.prefab	f108d8cbdf99ad341a871b64a83800ce	4dcb821ef555716bd9fbb267406d650be7e4c22d6335ad605fe8f9a368244b12	60783	2543	2	3	0	1	0	0	1	0
Assets/Prefabs/Effects/Splash Effect Big.prefab	a812284a072fafe4ebd6a805a69dfd21	a7cea8f87cafcc5484567625f416406932f0da617c613262b25696a3d7f1a495	123749	5151	5	15	0	0	0	0	0	0
Assets/Prefabs/Effects/Splash Effect Med.prefab	14216d3fea43cd74dba364aca6788f49	8277266091e6406513fad10253e93047ffea2cdac5f6d38057d79e5e60c30196	124402	5181	5	15	0	0	0	0	0	0
Assets/Prefabs/Effects/Splash In Black.prefab	62b9a9e50a18028469ae683dc35d11f1	70fdcaab8733f90bfe8b8e355256ed60e7cbe27ead43c036a8fc22024c231230	5335	180	1	5	0	0	0	0	0	0
Assets/Prefabs/Effects/Splash In Pollywog.prefab	9b56cd78ef92c3d48b1fc1abd075d621	1c027aa39518badf61d19ecb10c89f6f2426f69683a6d8c4b8463e5309aaaacc	5369	180	1	5	0	0	0	0	0	0
Assets/Prefabs/Effects/Splash In Small.prefab	a0ea1169aebfc3749b435c363624a842	d7e1c1a41f86c6353366e450e5c82e34839a3b9378d3197c2147f9f545ac90c7	4824	162	1	4	0	0	0	0	0	0
Assets/Prefabs/Effects/Splash Out Black.prefab	ab320c7271ac1e34fb6abdbfbb426ec1	446bd9780209130eef4df1c5569172cf1adef79b9c30b4f1a1f314d48801d62a	4820	162	1	4	0	0	0	0	0	0
Assets/Prefabs/Effects/Splash Out Pollywog.prefab	ad5b7e44875698f42aa0d5561947b323	e666717f74ee63bc8d047ed50426939544c475b96522306448c0c24f8806881b	4852	162	1	4	0	0	0	0	0	0
Assets/Prefabs/Effects/Splash Out Small.prefab	94798954da6afbb418c2546b9eb23c79	7b4b35fb6cab2c89d3b0fabff1ee862543618a79139944e966a66df18877cd19	5730	190	1	6	0	0	0	0	0	0
Assets/Prefabs/Effects/Splash Out White.prefab	5ede5796ff49d95468383ff65bd74f87	e4a8ab0df6d1e9384e708e3f6c97776d6ca85f086f110bbe650b8e5d76367963	4825	162	1	4	0	0	0	0	0	0
Assets/Prefabs/Effects/Splat Effect.prefab	2ab4aa6955e4f494e8a434b965237fd9	ef1dc82b18303a89aab6344ba3df35d6f2c5ae477ddcba6f9bb75613421fad2e	4357	147	1	3	0	0	0	0	0	0
Assets/Prefabs/Effects/Splat Explode Blue.prefab	94acaad777d167e4e9c13d579156873d	95727d33edc3918bea00bb9f38eabd4a19cd1df83458364c34debcf324b1a047	4131	146	1	2	0	1	1	0	0	0
Assets/Prefabs/Effects/Stun Effect.prefab	5283cc506c688be448065d0227ce1390	2b41287cb1cc1b17931d4cdcc0df22019f63b3aed07b7abf6beede1be114da51	22829	878	3	1	1	1	1	3	0	0
Assets/Prefabs/Effects/Threaded Organ Pickup Effect.prefab	a9053166e622683469c057d0512a8476	7d1f1e3b79cba9a05472ac982931539c9476c53d41c7b0a9b543e6de40043f74	123913	5188	6	9	0	0	0	2	0	0
Assets/Prefabs/Effects/ThreadedEnemy Death Pt.prefab	f1711562861c5c845b2c6128197cb1ab	0aabdd524376c38372c024a8adac5c7f533eba115a7f0391f346e2988ea1cf00	229676	9691	9	10	0	2	0	0	0	0
Assets/Prefabs/Effects/ThreadedEnemy Hit Pt.prefab	75ce6bfa1d304cd4884eecc7a66af3c2	749a42312a52b096734910edc5398957b2d19df76cc6cc02b2b8dc4f2d1a0bb8	165209	7024	4	3	0	0	0	0	0	0
Assets/Prefabs/Effects/Thunk Effect R.prefab	972b8d057425b364c81838aec73bd148	0dcacf0473a65cceb88107c712547968f32dfa1c9a1e7c67597698d49909cacc	4373	147	1	3	0	0	0	0	0	0
Assets/Prefabs/Effects/Tool Slot Unlock Burst Effect.prefab	f5e4032b39b4a27429af0159b07ff013	edd170af49edacf83ed02e1063d5a238133adaa448f8adef1f4321635d1ed3fc	65003	2680	4	8	0	1	0	0	0	0
Assets/Prefabs/Effects/Uninfected Death Pt.prefab	9e733f9716ee38e4d88f8a468765e360	e1d58e877f7078290a2d8d6e866db05549141c526231452a0d6dea003fbaeed9	55062	2341	1	1	0	0	0	0	0	0
Assets/Prefabs/Effects/White Flash R.prefab	e07e6d4db834efc4095f29844db823aa	02bb74c033bedcfcaad8b764b8fb617abad16040a53c40d6f9a50fdd2f72f62e	3869	138	1	2	0	1	0	0	0	0
Assets/Prefabs/Effects/White Flash.prefab	1549d947f8c1fbd4e88ad46e55efaee9	d9644a4226d2bda08eae75daa78a728b9ea1798d9f6cb95549b25377a02b76f7	3053	109	1	1	0	1	0	0	0	0
Assets/Prefabs/Effects/White Wave Default.prefab	2ffc74d50947b4e4fae4e87314bb28f3	16c1d488d481d7d6a417c7bdff0e9be81045292f0a935231e9f8b3ee09bec96e	3098	111	1	1	0	1	0	0	0	0
Assets/Prefabs/Effects/White Wave R.prefab	e5e9f850bc664ed4aa22834babae2b0f	e511ec0ec7c46bf984d000a7b8b0965cba46e4085594f58b6fcca5adf2b9a7da	3103	111	1	1	0	1	0	0	0	0
Assets/Prefabs/Effects/Zap_effect_generic_loop_lerp.prefab	8d35275d7e4cb8140980df2a94b7236d	81ab987b0d7448f253691f36008063c837d68607e2b075ee7af4f464772edca7	166360	7071	4	4	0	0	0	0	0	0
Assets/Prefabs/Effects/blue_health_over_blue_flash.prefab	0fa2234225bc930409bf856df99ab2da	84d5786dcfc007905587d40cfc09b24a612bf70cbf17f534ac8d2899dc4cbd5c	10208	358	3	7	0	2	1	0	0	0
Assets/Prefabs/Effects/corpse_splat_light.prefab	aa9b428656bed2149ad4369ab9059847	207c8a7e00996320f17dbf1403547e0621ef66f8c48f1457b5a1c8ea2606371f	227858	9658	7	4	0	1	1	1	0	0
Assets/Prefabs/Effects/cursed_bind_impact.prefab	444b57ca9ddb6f8499021417448bcf2f	895a95737b3889553e0531e4214303d85f27e6304850cef226bd87f76fcbcfb9	109696	4670	3	1	0	0	0	0	0	0
Assets/Prefabs/Effects/dust_bg_LR.prefab	73f91f0a5653ad74a950226fb92175d9	a5370aebe35c42de3cf0c8d96c61620ac2f30f3e0fb1986eca02d76351a5a3f6	330963	14083	7	2	0	0	0	0	0	0
Assets/Prefabs/Effects/dust_leaving_puff.prefab	4e204d40a1e86e943ba344c874738729	aea2a098557692ac0106c3337f7d2079415f45d2f7e2002e524774e062b9f414	166447	7071	3	5	0	0	0	0	0	0
Assets/Prefabs/Effects/first_weaver_tele_flash.prefab	4ca6311fdc4df574f929375d5a2dade4	f71c241cce5a6e5861ca41f2d7631d62a0d2d0e095dbc09822f54f08df36c8ed	128408	5331	8	10	0	5	1	0	0	0
Assets/Prefabs/Effects/focus_flash_maggoted.prefab	637e4eb367345514eb738f3049a6efe3	a5fdb89b77db4b136d338c6a74efad04dc63169e5848f687a85a349617f5aec5	3699	131	1	1	0	1	1	0	0	0
Assets/Prefabs/Effects/hero_maggoted_effect.prefab	1fcb7c796a53fb042a508f8674947ffb	d207be558a09d58f036819a025a5561fdadeb3ba365309e838321878905a08e9	169379	7193	5	2	0	0	0	1	0	0
Assets/Prefabs/Effects/maggot_charm_effect_hornet.prefab	44f5ec5f9526d604faed4b44f3715316	7e63cb8475719a19a7991d21d850db93081b8622d3bc38a4e161f5424c20db55	166843	7082	4	1	0	1	1	0	0	0
Assets/Prefabs/Effects/thread_memory_region.prefab	31c9af881d7bbf041b01554c6ca9163f	a12f5aee846e5b9f0bf7436faaa5020f160dfccf71c132c8fc4162928774b867	360574	15090	16	31	0	4	0	0	1	0
Assets/Prefabs/Effects/ward_wheel_roll.prefab	8b7d0ca33354ea54195ea8bb81a7eb0d	349b7107ec74bd1c3299e2c79438ccaaed8fc51dbddba5fbc11fc9ad36e2986e	18934	720	4	8	0	2	0	1	2	0
Assets/Prefabs/Effects/water_maggot_explosion_splash.prefab	84157a3c88d178c41952ee1b9ad5f0ea	ea2304fe9fa76e56728172c02454df4a56a5fb91f7e2067fbb5530b1fa3cb958	225020	9561	7	3	0	0	0	1	0	0
Assets/Prefabs/Effects/water_maggot_follow.prefab	821798b8f979c364ea3dab7ee83339d1	a74c78da495e9a67f1fe6031fdfc8a8da5fcd78b09e341a12b09c690c590f553	222994	9491	6	2	0	0	0	1	0	0
Assets/Prefabs/Effects/water_maggot_heal_follow.prefab	2f9d393a697e6ce4e8d66ee5abc683e4	a66623f741030dcac8d3609ecc7f5195d43a0bfdcaf7baddce6a126af4faf529	167434	7128	4	2	0	0	0	1	0	0
Assets/Prefabs/Effects/water_maggot_lightning_explosion_splash.prefab	3e697180656f7204385f94369ff7afc9	97c36551204d8afb6e74921f226f8adb4907c5011eecdbae6c5f9c19d622e30a	225015	9561	7	3	0	0	0	1	0	0
Assets/Prefabs/Effects/water_maggot_other_splash.prefab	b1c00de3f059d8b4aac264e7392dc64d	f6a3a19d1fccbcf16c0937b29aff2c830e36a03fc68ee04e4e1c93f7659a5add	220214	9378	6	1	0	0	0	0	0	0
Assets/Prefabs/Effects/waterfall_maggot_heal_follow.prefab	80274814a6f144b48ae5a88d2780ee8f	80b35feca09e1c4207f6acd740832ddf1ee31da6992c2c39683c343bf312cbcc	112195	4778	2	2	0	0	0	1	0	0
Assets/Prefabs/Enemies/Abyss Attacks/Abyss Bullet.prefab	ab559755c8a21c94087d2ca44e7382f4	b726df264b4e801e775ab6fac7b812e87f90e4c927999d63055e7c7f142861d2	144253	5915	13	14	0	5	2	0	4	0
Assets/Prefabs/Enemies/Abyss Attacks/Abyss MachineGun Garmond Attack.prefab	9e032530bb67b624b9a778907eac7ac1	811f0ca9596d33aa79484fdd406324704ee211b47e271e48baa4640f7525e0e3	119626	4722	7	8	1	1	1	2	0	0
Assets/Prefabs/Enemies/Abyss Attacks/Abyss Vomit Drop Attack.prefab	f8c5fc8ee3bd09046b77d6b269cc6c10	7e928986b748b742b9a903aa84da5b4b65e5901d29a7a64c460b552be60d9011	111565	4409	7	8	1	1	1	2	0	0
Assets/Prefabs/Enemies/Abyss Attacks/Abyss Vomit Glob.prefab	a868238327c0bd94dad1322f5f86fac8	fc3fc69420db8ce6e55b963a2ab91add75e08713cb8b113513bcf0b1e518f14f	265663	10575	14	21	1	2	1	4	3	0
Assets/Prefabs/Enemies/Corpses/Corpse Abyss Crawler.prefab	22f571e1bbf4934429652bf79198ad32	315c5c9eb920ff7c23b819e70678a2ae1343c1ec14e5cb0a035467b2994ddf12	8074	293	1	5	0	0	0	0	1	0
Assets/Prefabs/Enemies/Corpses/Corpse Cocoon.prefab	a42aae4693a4ee54eb93f8aa5d2f719f	e60de413c7fe58d115b02bb31388425bc65741d636e632f2f44157c5da047ebc	171741	7268	5	6	0	0	0	0	0	0
Assets/Prefabs/Enemies/Corpses/Corpse Coral Jellyfish.prefab	f1c9ee96c0d43f8408f44af847fdc229	f71f3d8ca81731908386bd96b517541f83ecbfe5e12edfdd6f24e8738c0524a2	10082	339	3	6	0	0	0	0	0	0
Assets/Prefabs/Enemies/Corpses/Corpse Lilypad Plat.prefab	ef5999786ea325c418a3862bf96f2187	63ebe73280f95c0c3c4187d829a883ec717d79c4aa1e36d6a94cc1791a262486	258831	10769	12	20	1	4	0	0	4	0
Assets/Prefabs/Enemies/Corpses/Corpse Minimal.prefab	057f8438d06f62547881369f24830138	432481cd72512d058b4474b62df1d1599c01835444557707aaa39a7e845ac16d	64858	2720	4	2	0	1	1	2	0	0
Assets/Prefabs/Enemies/Corpses/Corpse Splat.prefab	ee26d04f9efdaa7458f4fcea07e485df	e9f14b448183fbe426601f1dc85f37dc6816b7b2f9d72be3d264a701e1485888	176423	7407	8	7	0	1	0	0	0	0
Assets/Prefabs/Enemies/Fungus 1 + 2/Grass Ball BlackThread Variant.prefab	86caddc9c5f6835409e4758429ab8b6a	85a1116592716cb60be072ece45920f9e880f44c25e78380908aca7c73316a8c	254928	10585	5	8	1	1	0	0	1	0
Assets/Prefabs/Enemies/Fungus 1 + 2/Grass Ball.prefab	1ed5211dd278ce149b6c6489d880eb88	32eb29033a3f0c6dbbbd6fca26b70f7a3cd535bd136c450c1ea03d2edb7c8a2c	255040	10585	5	8	1	1	0	0	1	0
Assets/Prefabs/Enemies/Fungus 1 + 2/Lightbearer Globe Projectile.prefab	68c71c7640880424c8f7039a58d087df	73ac602b1e29779a9ec575fb0391cf5979e5b47fb9b9ee8150265757df4c5d46	168538	6817	7	11	1	0	0	0	3	0
Assets/Prefabs/Enemies/Fungus 1 + 2/Throwing Bell.prefab	4dfad427e0cb5984f8d4a46ab0f553c1	bbee49423172f9c003e9ea28362e21049de73ca92b880dd59fcba6385cec701e	214321	8433	6	9	2	1	1	0	3	0
Assets/Prefabs/Enemies/Generic Attacks/Gas Explosion Recycle M Silent.prefab	7fa33b59e4b522648941284b6a04d6d0	0f0462304443e58095476446a062e3c4b759a95d05c262fbb5c33455ab1cf715	402240	17018	15	5	0	4	1	1	1	0
Assets/Prefabs/Enemies/Generic Attacks/Gas Explosion Recycle M.prefab	a50bb6150ccafa449bc5dcc37af4d56a	2f047f93919681ed1c10f9316b22c834276329a8ec8dc8ea23c76f5caaa920ef	408545	17273	15	6	1	4	1	2	1	0
Assets/Prefabs/Enemies/Generic Attacks/Goopy Explosion.prefab	a0b36583373256746892db6000643ee6	73ed20681aef51b61f2f9ad8c3372bc95d86f9e75197bedafc83b83a6fec87b0	511693	21690	17	6	0	4	1	2	1	0
Assets/Prefabs/Enemies/Generic Attacks/Last Judge Explosion.prefab	7df7b34d8bdcc1b44946c4f5a3802670	dcd470460aee75f5a8e768bfdd5de560458f1b5c4911fecf8a97e0d593ab45ac	401216	16977	15	2	0	4	1	2	1	0
Assets/Prefabs/Enemies/Generic Attacks/Safer Explosion.prefab	7a7dd9419d9bcbb4da41b7739ee8b483	4e1f5273557e1b565b845f1b948a160bc2761662330f8cb7e3937d8198ffc520	403605	17069	16	4	0	4	1	1	2	0
Assets/Prefabs/Enemies/Hazards/Silk Acid Local Void.prefab	4f3b9ac650b8c454eb2c2b308c08c022	21a35ff1d3e15c14fa1aa7af85550d4fbb5bc39d46bee736f742a215b821cde4	2848	104	1	3	0	0	0	0	0	0
Assets/Prefabs/Enemies/Hazards/Silk Acid Local.prefab	da44a7493a510b942ae7ac7db0528bfa	2215dbfa12fd3ebb94be957c671ad24af8b17b19ef45cb5fe44630d7cf0f8504	2662	95	1	3	0	0	0	0	0	0
Assets/Prefabs/Enemies/Hit Effects/Block Hit BarbWire.prefab	c5344440369aa7041ac8b32959ee9197	d6a2b8b5af1fa9eee6339ad910553bee530ca227dd77ae34a3249d3e88a0a169	9732	360	1	7	0	0	0	1	0	0
Assets/Prefabs/Enemies/Hit Effects/Block Hit Bell Silent.prefab	4d7c4c2d472cacb42b41225cc9157d31	70194bdc05688fde1704ad58a090f35cf4f42126cad04ddf4a35cf38ddd1d9e3	13165	473	2	9	0	0	0	1	0	0
Assets/Prefabs/Enemies/Hit Effects/Block Hit Bell.prefab	48ed61e48a9f3624b8c6a05a2f16d970	3688743739cc3c0355e0dfc40881ed8260934607e077aa06b07406ace680618c	13158	473	2	9	0	0	0	1	0	0
Assets/Prefabs/Enemies/Hit Effects/Block Hit Dull.prefab	e3986d204468fc44ebaf84af5df3fdfa	1c73a3bb28567eb888d501c135d6e72e2d0c7f074d792c838693cea6a152873f	8774	325	1	6	0	0	0	1	0	0
Assets/Prefabs/Enemies/Hit Effects/Block Hit Resonant.prefab	e7a2c1df1278afc47a13bc598fa51372	415ebc6a43aeb7b8e6329de49c16b15463e28c31a155ec621ae29fcf15b24ff4	8778	325	1	6	0	0	0	1	0	0
Assets/Prefabs/Enemies/Hit Effects/Block Hit Shaman Small.prefab	b914a1ab6e372c24e8aede90338ebe8c	6db7c8923dbdea7d1c9d7be2354a9214cc66b6da75bb3ddcabdb2a6eff4a7240	13615	510	2	8	0	0	0	2	0	0
Assets/Prefabs/Enemies/Hit Effects/Block Hit Shaman.prefab	cccc840b8933fe34782b6f35d69fb672	2cc9074db178b2016020ba2508e04326791f4ca528ae12b8937b8f57ee13a9fb	8260	307	1	5	0	0	0	1	0	0
Assets/Prefabs/Enemies/Hit Effects/Block Hit Silent.prefab	0373bbc7e0772a846a39c08226160adc	e5d247df17071f5ea49f8f7462ffce2c4af22cef33d6bbdcd079ab39259a0674	5710	194	1	5	0	0	0	0	0	0
Assets/Prefabs/Enemies/Hit Effects/Block Hit Small.prefab	c6f1da52c45379a4f8948f4f2530439b	34a0d20d58d48fb69e33ed2ee0cfe78e91eb27bcb6d15e29ca890a19a6b52a17	8257	307	1	5	0	0	0	1	0	0
Assets/Prefabs/Enemies/Hit Effects/Block Hit Window.prefab	45e26caf7baaa91478c7a87f8c9890c4	6e3c96176aec1085ed5aa33ca28cd5ea8842ff799b001a460407d0f97ad10326	9069	329	1	6	0	0	0	1	0	0
Assets/Prefabs/Enemies/Hit Effects/Block Hit v2.prefab	382a54c604b1c014e90d2170c1095ee3	d97e44c3305ae763d4b64d9afcbd8b1780fbd5b4ed7e93e4bfeae1d04d1aca15	8772	325	1	6	0	0	0	1	0	0
Assets/Prefabs/Enemies/Hit Effects/Block Hit.prefab	a7a57900a8a415a4387938611b64e586	79f66536680f0f3a504d04ee6d91682095700d82bfe026a730dab3ec9f6030ff	6564	227	1	6	0	0	0	0	0	0
Assets/Prefabs/Enemies/Hit Effects/Dazed Effect.prefab	da2b82da172005b4cb576be2afe73009	8280fe3c5a470a212aa479c79245c65a3aeaf2327be6aa31dd9ee2a1ddda1a9a	87957	3551	3	7	1	1	0	1	0	0
Assets/Prefabs/Enemies/Hit Effects/Hit Flash Black.prefab	8a3662791fb795a4093e78a5b75d877f	b3789b4c0a16f831de53036d1e6b8e6b206c1817b3dd4f32e7da24c7314ba470	3529	123	1	2	0	1	0	0	0	0
Assets/Prefabs/Enemies/Hit Effects/Nail Clash Effect S.prefab	66beb3d2b1f4de34cbd28a947448fd8a	c0bfc5b90ec43acae0dc5d49e70194c04c0b23f43b2d0367db43cbc01e58704b	5629	189	1	5	0	0	0	0	0	0
Assets/Prefabs/Enemies/Hit Effects/Nail Clash Effect.prefab	2ed7f5894ec56234e89d6b3644eaf491	4b07e47cfa7ef988140b590c87abdc1924f41a6b8452d046a9494358765410cd	5620	189	1	5	0	0	0	0	0	0
Assets/Prefabs/Enemies/Hit Effects/Radial Burst Effect.prefab	d94eb9bace2f62d4a901fe550fa26d1b	9bc23a945e4ef8e4c0e4b2354428d12840782dc7dfe7f146a67314dd6ac2b5c1	5191	176	1	4	0	0	0	0	0	0
Assets/Prefabs/Enemies/Hit Effects/Scuttle Evade Clash Effect.prefab	e4da8c7ec00e49346a71564303b855c8	a9b3d330645aa77081ab4297e7cb828d1b6cf97be425d155cadbc697cdcd8b6e	125047	5240	6	4	0	2	1	1	0	0
Assets/Prefabs/Enemies/Hit Effects/Simple Strike Effect Small.prefab	3db4fb73123e33747ae63da1a7d4847f	c31dc971b2fde28142b4926a834ec79c7239e7c013e6dcaf2a4e7902edd975c2	12327	420	3	11	0	0	0	0	0	0
Assets/Prefabs/Enemies/Hit Effects/Simple Strike Effect.prefab	41e261e7bcc62564796b84c046a04ba7	bb715506384b1681d52dfb6b2f4de8763da90348f74689d6e18ad77b4614ad59	12316	420	3	11	0	0	0	0	0	0
Assets/Prefabs/Enemies/Hit Effects/Slash Impact R Big.prefab	87d6bbaa305bb0b49a5fb3bcf0dc94bb	db8a729e43878c514e1a4fad50120833933c43ab331eabc89f22d86d10d8e856	20880	751	1	5	1	0	0	0	0	0
Assets/Prefabs/Enemies/Hit Effects/Slash Impact R.prefab	97c9ba031f06bae4681d3fda13c3f87b	f1464eb5fd29463f6efbe66638a10fd9290783b6a6b4ab722e43e9cc1164f15a	20458	756	1	4	1	0	0	0	0	0
Assets/Prefabs/Enemies/Hit Effects/Slash Impact.prefab	6dfa89f1588205446b7bbd5b1c0065d6	57b2f9dea1ece479bf2ada27a9abb3704950d1d5041b289aec043c56da1cbbb6	16875	625	1	3	1	0	0	0	0	0
Assets/Prefabs/Enemies/Hit Effects/Spatter Honey.prefab	0f0871076b01dab43b396dc3c416cdee	8ce57f5fcd1948723ab398b1cf8bbfaebfe978e073603ec036d671468fc532aa	5182	191	1	2	0	1	0	0	1	0
Assets/Prefabs/Enemies/Hit Effects/Strike Nail R.prefab	64c20baf394ac9a41b03deea82568445	f37ed3b2123f3843440b79d2acb06e982c8239f0a7f0b0a67443830e568c3789	15158	544	1	4	1	0	0	0	0	0
Assets/Prefabs/Enemies/Hit Effects/Strike Nail.prefab	7ac38cb1ac73297449e2300ea9ff328b	47ab13802a75c09069af737182d7c29411884ff091b079a505353699fbd0cdb3	12129	430	1	3	1	0	0	0	0	0
Assets/Prefabs/Enemies/Hit Effects/Thread Sphere Slash Large.prefab	d07424dfd9d7ab444a569a9e4afa3f93	5594303722c39b7bc6b5b9bfb0a52dfd424580c47468dd1d9582994f60491fb3	5560	194	1	5	0	1	1	0	0	0
Assets/Prefabs/Enemies/Hit Effects/Thread Sphere Slash.prefab	bc377124db42f844298557fefdf5e087	72cc77a6da7035289b4deae8ac397fba176bc263e084273cb5b52b12932a1d7f	5554	194	1	5	0	1	1	0	0	0
Assets/Prefabs/Enemies/Projectiles/Coral Flyer Throw Projectile.prefab	f65dbd8532f49e444a6e75b021e417f7	8f87da62731539bd93fd916d21ff1dd38b63403bb299e290ca6ef007e6cb83f1	143423	5316	6	12	1	0	0	1	4	0
Assets/Prefabs/Enemies/Projectiles/DF Bomb Rock.prefab	9731e950bc0feaa41a58f00831d77f17	d62e4bc13feaa29b9ac4e3fb0b4e7a8e9aa4e91e51e84db7916e062d03ce7c37	657002	27711	24	15	2	5	1	3	4	0
Assets/Prefabs/Enemies/Projectiles/DF Lava Rock Inert.prefab	1df45f3574415fa458e1f48c9b5784c7	204877f3d4260a2093a3a481d3d95be38cfb1fce1aeb2f5f74cf033cd3f22a9e	174942	7364	5	9	0	0	0	0	1	0
Assets/Prefabs/Enemies/Projectiles/DF Lava Rock.prefab	825f418e1f0a9a649b8a552caa50c6d2	26794ceb53986bba3002f5c2cd256861d78e30959cbea42eb6ab35c48ed85505	469944	19856	14	17	1	2	1	1	4	0
Assets/Prefabs/Enemies/Projectiles/Rock Roller Bomb.prefab	c568008c19f43cb4e835bb879a200b93	4045e7c88cb36cbb7ea8bb8e37b0a354289fa1dfc98fd7b6cb6882f8411de528	459997	19471	14	14	0	2	1	1	4	0
Assets/Prefabs/Enemies/Projectiles/Shot Giant Centipede.prefab	5c0a169e7ca2b7542a3c69a0ad8fb52a	6c26088a3cf6fef7f7339926d9ecd9d40a4539bedb523e8e99c382188305cb80	133805	5577	6	8	1	1	1	1	2	0
Assets/Prefabs/Enemies/Projectiles/Tar Shot.prefab	f1eb677f4966cf546b4d027ec91c771d	9f1276485a1a54fd942342262767582973f9c595c2102f9f23b0acd41e0d663b	813351	34234	23	13	1	2	0	1	4	0
Assets/Prefabs/Enemies/Projectiles/Tar Trail.prefab	8c5fe718c3d45184f89f06c08cabba2a	dc7bc82d7c6c78cbeec52760f25d0c8fffd1a73f59a849df827581483b261476	129924	5400	5	6	1	1	0	0	1	0
Assets/Prefabs/Heroes/Attacks/Hero Conch Projectile.prefab	9146ad4c096fa734982fcaf2745f3da1	761e53ce5d8a672d3e49ddbf73bfe3575458364373e4feec6633b497ae82b93f	526844	21232	10	16	2	1	1	1	2	0
Assets/Prefabs/Heroes/Attacks/Hornet_parry_stab_cross_slash_style.prefab	064e8175b8f9d174f86212cd75fb180c	886d18683aa3baca632ad7d31a083e83a43d39b162e9dd864bbbcbbcd9534a59	42166	1480	14	13	0	11	1	0	1	0
Assets/Prefabs/Heroes/Attacks/Hornet_parry_stab_cross_slash_zap_style.prefab	3df4e33e15a34654386fba02d98497e1	3167a8acd96889aa432aaaef6bb69ce9f8005a7d2a310bb921a05ce5d76a1c14	94749	3734	14	14	0	10	1	0	1	0
Assets/Prefabs/Heroes/Attacks/Nested/Shaman Rune Soul Particles.prefab	c4ffe8b518d360e489d8ae594b16bdc9	aeb55fbf525074fe715e80bb5416b1987643b826457f8ecbd7ce26e9399ccde3	57836	2444	1	4	0	0	0	0	0	0
Assets/Prefabs/Heroes/Blue_Health_Blast Poison Variant.prefab	21444700042362b429679df2f3718595	4d444b46abddaa92cb3be24b72f51028e8f2e1c0da11d36e349e3150763a9825	235406	9895	11	5	0	5	1	0	0	0
Assets/Prefabs/Heroes/Blue_Health_Blast.prefab	290fa2c8ceb0c8f42a523a7d947f5a9a	86ce104c1bf5c80f9d29c33912a4950b19550be0b98d84e3865d88c476eddf93	235357	9895	11	5	0	5	1	0	0	0
Assets/Prefabs/Heroes/Blue_Health_Cleanse.prefab	4dd866c21ec03084fa00f372636f43a1	1e41def53d1d9efcda05b649c16c2659313b897ffaa6106d781b87b4186b1f9f	231591	9768	11	3	0	3	1	0	0	0
Assets/Prefabs/Heroes/Blue_Health_Overblue_burst.prefab	ea466b677dbddb14fb9cec4ab8f9ebca	93b00b5f652e2f8d3884a122721c664f6e1d3f8dfb32d291c196e4fb44effc45	648071	27293	31	14	0	9	2	4	0	0
Assets/Prefabs/Heroes/Bone Beast Children Teleport.prefab	78513963f9e7e4341a05d0e598477255	5c3eb3a2600d8f4751c5c26c6cff55c02749fe06df73ccbaa7cdab9ee896ad61	39186	1423	10	20	2	2	1	2	0	0
Assets/Prefabs/Heroes/Effects/BackdashTriple Effect.prefab	bd3df2757bdbf5440876f0be9b9e856a	45bb8ff4a81d930d378f54103de5e247bfe28e0844b732f9ac267bf20dba86e7	231595	9767	7	9	0	1	1	1	0	0
Assets/Prefabs/Heroes/Effects/Big Jump Effect.prefab	6007b92da05c2514b85d4dd721f7a75e	19748c9782028b4c443142ec7ea2e221f623971beec39698beb15dcb581fb6da	58999	2481	3	1	0	1	1	0	0	0
Assets/Prefabs/Heroes/Effects/Bind_Fail_Burst.prefab	d080e7ce139bc79469ae7d0a345b9e5c	a7d340f952cac48ede825e254ff7a61cb4fa428d9c9cdeb443a381fe43568149	131982	5433	11	7	0	7	1	0	0	0
Assets/Prefabs/Heroes/Effects/Delivery UI Hit Effect.prefab	1d803b62935033344bd66ed77d36c197	45d864f9fa4ebd0de10ce9605c55624a627e5f434bbfff44ec28ef1b9f3c5fdf	6563	224	2	5	0	0	0	0	0	0
Assets/Prefabs/Heroes/Effects/Drill Down Black Rock Hit.prefab	0fba8b335f284c844814c0fe600710e3	03c46239974b05a92280da6a24c834373bbfc4ee5134464c121be877672ba6b5	54736	2332	1	1	0	0	0	0	0	0
Assets/Prefabs/Heroes/Effects/Fall Effects.prefab	c3405a8ed02d41d44af27d598a077a90	9aee2c4ed1f1fc8020ee125b0b35c15e5f4a59fed4d09030d96f6326a2674b0f	55029	2342	2	0	0	0	0	0	0	0
Assets/Prefabs/Heroes/Effects/Hard Land Effect.prefab	cac2985a58d664c4db0ce1a7e6658ba5	f2818fd30a47c276d25ab6daa77019c83515d049db0ee35f77f691accb2debb5	730073	30931	23	12	0	1	1	0	0	0
Assets/Prefabs/Heroes/Effects/Harpoon Thread Ring.prefab	cb05831a63d009644bd0f15bad86fba4	0935503a6344a6f5d10e880af0471e4fa085083a5bb613a7493ea95af69feaa1	5960	205	2	4	0	0	0	0	0	0
Assets/Prefabs/Heroes/Effects/Hero Bounce Effect.prefab	32984e35d6ee2784ebc8c76a62024495	7515a847dc85a24a7a2b9dbcb71d09a18ef4f6555e91597932164f7e4552f38a	4971	176	1	3	0	1	1	0	0	0
Assets/Prefabs/Heroes/Effects/Jump Effects.prefab	729e077e6724bc443a5e01733ef7b02d	fbdc5d312439d218077359100c78778dac43c92bc12a61a9b3a68cdfa9e9e744	450203	19070	15	8	0	1	1	0	0	0
Assets/Prefabs/Heroes/Effects/Nail Terrain Hit Effect.prefab	4f61dfb7a0a41994a88cff25544c6999	dc4c854466315122a4d5a0f834e462371526fdd8294c13042cd5bdb5c84847ee	62007	2590	3	3	0	2	1	0	0	0
Assets/Prefabs/Heroes/Effects/Run Effects.prefab	13515e59138e1044593a54633b1998e8	c0b34c6ba6f492a7ab6b95d00e3c5ac1cb16cd1044eebd7dd7d5a3c500fd1c0c	1480188	63024	30	5	0	0	0	0	0	0
Assets/Prefabs/Heroes/Effects/Sand_centipede_explosion_effects.prefab	fb4e40a5c1a114d4b804c9a61b8c183f	16e89c49f43800df0b96f956ceb134a3e58e4725c534e5f0c50d2add50fd1008	219076	9320	5	1	0	0	0	0	0	0
Assets/Prefabs/Heroes/Effects/Shaman_Bind_Cancel_Effect.prefab	73db4946a27406b44ac4dd3596fc98a5	6a124fb5583d270e763d9e0c18b35ad2fd4190a3f38ba8762ee63e716ba521aa	113451	4816	4	1	0	0	0	1	0	0
Assets/Prefabs/Heroes/Effects/SilkDust Cut Effect.prefab	e61500eec9edf7847bfcd28ee2c037c3	bb70b7c46c34d917e32bd72719583152fc8d26573ac24fadf2ad02ef2fef8604	57530	2448	1	1	0	0	0	1	0	0
Assets/Prefabs/Heroes/Effects/Soft Land Effect.prefab	373fcfadecf36b746ae0781f46b11037	cc3a7dbea71ce1695d08a4065bffc0dad1a15df92992f9fd5ddeaa4a9717b1e9	614261	26052	17	13	0	1	1	1	0	0
Assets/Prefabs/Heroes/Effects/Steam Cut Effect.prefab	5d789411e1c839342b346c4f09eda65d	955950c811cc4ac6204aad8c928935bdfda2e8197e09e601321c848acc3681b0	55111	2344	1	1	0	0	0	0	0	0
Assets/Prefabs/Heroes/Effects/Tool_dustpilo_explosion.prefab	f86b261cf9d812a43ad20010454dfe2b	4ee7f9622b23683efb95df2f35642840e04e9d2c02cb46bd61c7e0b3557bdc89	374864	15676	11	13	1	1	0	1	1	0
Assets/Prefabs/Heroes/Effects/Tool_pinpilo_explosion.prefab	26901a94bc4bebc4099c377512ecaca6	f2a15dafd7deadd4ed383a1096d5232948393552d2e80a425515d48282e96206	259565	10786	16	21	0	3	1	1	4	0
Assets/Prefabs/Heroes/Effects/Weaver_snare_dive_effect.prefab	2d41b0505c5c60d4c962e0bc31d44e1b	6b34f56841ef5652fa807d8f7304753e4059124a8ab7c06bc19f30bb0d383453	60402	2546	2	1	0	1	1	1	0	0
Assets/Prefabs/Heroes/Effects/Weaver_snare_dive_effect_poison.prefab	23ab3912492b2a149872223d038199a6	122b7c3c52cca79ca0337a9180517282900bd42464a5583e74b0d747f91b8202	169306	7180	4	1	0	1	1	1	0	0
Assets/Prefabs/Heroes/Effects/White Flower Protect Tick.prefab	26d7a424db12df44dad4f4255d3b5359	a2ef49be53eb12b97233280d608e0f59f4c7dbff1d500f8f3aeb80f059f0efea	352192	14853	11	16	0	1	1	2	0	0
Assets/Prefabs/Heroes/Effects/White_Flower_Swim_Effect.prefab	5916119387bfa1e4d970a6866fb657cc	6cd61e0c4c8d2663a4966c2166befed952455d43510a6ad3e06228769d7584e9	363531	15284	13	21	0	2	2	2	0	0
Assets/Prefabs/Heroes/Effects/acid_health_hit.prefab	13f7a6ad9d328a049b7e9bd06a058f1e	d8a01a9028667205f86ed2316db987f09542fbeb9f2492800a3d3f64660baddb	120049	5016	6	5	0	3	1	0	0	0
Assets/Prefabs/Heroes/Effects/acid_health_tag.prefab	7ae4bba3afa0e2d4a985e59f1f7ba16d	c08a266e9786bf8457755c6045821cbe4866b9b53626248f5cee2b3ebd52f872	112785	4767	4	2	0	1	0	0	0	0
Assets/Prefabs/Heroes/Effects/acid_health_tag_loop.prefab	3cc27e372d0f48140b57e630828edd5c	4466a3b2510b3f788e9a18797ae0628df7f47db3b260611f14501c35e401636c	109587	4655	3	1	0	0	0	0	0	0
Assets/Prefabs/Heroes/Effects/black_health_hit.prefab	972af48529088ec4aaf9522dafe130c0	4c58f4ef22e69b40efcc4612e8b9c9996fe8a534f79cc1f8b4dfe2fd35b06add	120437	5058	5	6	0	2	0	0	0	0
Assets/Prefabs/Heroes/Effects/black_health_hit_nullify.prefab	0ddbd28c54c309047bed1f0dcf612aa9	3c2c78525aa1dab6855fb1b2c03caf9a5f244551feb6887c9bf6520193544997	228788	9689	6	2	0	1	0	0	0	0
Assets/Prefabs/Heroes/Effects/bomb_cast_ping.prefab	a4ed80a82385aa144a0a32464dfb4d39	da70a8b2d53e89629e6c70cfbf200cb0e4156553d0f51c8e7cd18f424bbc5bce	131919	5469	8	6	1	3	1	0	0	0
Assets/Prefabs/Heroes/Effects/bomb_cast_sonar.prefab	b3e15afb9f15b804fb2f2e281bcff89f	3f24eaa3f105e5d3bae78d7463560a2d178e4969738ff7d3daf8a9d7b5cd7c4a	145567	5914	17	4	0	12	1	0	1	0
Assets/Prefabs/Heroes/Effects/bomb_cast_sonar_firstweaver.prefab	ef3da57deb6379c4da280f3869ed5225	792a7bc2352332f4e763875963e3433e7ca22c2b5bca45796a890218bec6d756	144631	5884	17	2	0	12	1	0	1	0
Assets/Prefabs/Heroes/Effects/bomb_cast_sonar_zap.prefab	887cd51f0c0205642ba88b8c202f2a1b	42388ae9fe326d431905da3f56bd0819196a40b54664b73919c22c489fdca649	199954	8222	18	4	0	12	1	0	1	0
Assets/Prefabs/Heroes/Effects/dice_shield_effect.prefab	2570bf11fb94e624ca82c45ccfb4ba98	6cf2c9f54368009d2b47ce52e297a28d7123a509287ca661697f352f4791e4c4	72380	2959	7	3	0	5	1	1	0	0
Assets/Prefabs/Heroes/Effects/double health hit flame.prefab	defecd42609d14a41ab51cfdd46c501e	9f58abda9d97fc089fa090d22b9e4ce752b7aa64a8088936d1dfcd85b183853a	234233	9813	12	6	0	7	1	1	0	0
Assets/Prefabs/Heroes/Effects/double health hit.prefab	965260f00c1a4a74b9495a3b8c3b23ca	b65e1c7c1170d41573c087647f1b4a41246e8b7989a0c4d0c5793ec70c6666c0	78616	3166	8	8	0	6	1	1	0	0
Assets/Prefabs/Heroes/Effects/double_health_hit.prefab	b467c92392c9bd344849dde2505560a8	41c2dc9b98c0b4506f70130d782332ffbfadada8e0aa442f0f47741e43023ad9	121059	5063	6	2	0	3	1	0	0	0
Assets/Prefabs/Heroes/Effects/hero_dazzle_flash.prefab	01eb2776467e80c4b880ce5f25b5247d	41ee2a9aed0f504fa37282b2f72018152227d2644ba699b90b86d891a31ee67c	137984	5706	11	12	0	4	1	1	1	0
Assets/Prefabs/Heroes/Effects/hero_dazzle_flash_shaman.prefab	985be7c188db82842883716297e74f1b	ffbd9c1169f0fffa2014300bb7fcc55fed98d85d1f2a47bbe441a6ab8315b91d	137927	5706	11	12	0	4	1	1	1	0
Assets/Prefabs/Heroes/Effects/hero_dazzle_flash_shaman_upgraded.prefab	e461e2394abc004469f56062b5a5ca52	5d24dc06d0cdaf2ad13e5ebb8f0580f6ec311d61b90fe93330f942ab4509ded3	148143	6068	14	16	0	5	2	2	1	0
Assets/Prefabs/Heroes/Effects/hero_dazzle_flash_upgraded.prefab	e43b92da72f190d4b9f979f0563481d3	d037cd5862adf8a99559eef1537f4e6d29af312f5fed4815dbd2f20b6034b95a	148192	6068	14	16	0	5	2	2	1	0
Assets/Prefabs/Heroes/Effects/moss_charm_damage_pt.prefab	7d87ea7f63f1aed449db15d7ca745722	c6b74aa30fe746206f49116a3e917bf1b5c292d1176ecf0bc6edfe88ef76a523	110304	4696	2	2	0	0	0	0	0	0
Assets/Prefabs/Heroes/Effects/quickening_bubbles.prefab	4d37282808daede4ab816e9c6330c066	364d32e59541e1b7387ddf2af2d76de11e994993a8ac9e8c3ef684f3f19d7aec	347343	14663	13	10	0	2	0	2	0	0
Assets/Prefabs/Heroes/Effects/quickening_bubbles_generic.prefab	88b6890f394b6ee4690ab07a1e83c388	13cfb0b88e4b9223dfb7e5d7b7240a6cc27972c09b4e398049fdae3cdfcad63d	283299	11980	10	6	0	2	0	0	0	0
Assets/Prefabs/Heroes/Effects/quickening_bubbles_poison.prefab	e2c79a11163af734499b341c96fd4e4b	2fa9fabe56db9187ab94b49973834ef853bdf5c80fe03e71b5ddd464e2c71739	353489	14880	15	12	0	2	0	3	0	0
Assets/Prefabs/Heroes/Effects/standard_health_hit.prefab	44420f5c4d1e25046915d33577224b36	8e1dee92ff64e860ee270b402f79e7dce2d6a26d2eb067e4e8b1294a329b5410	119899	5019	5	5	0	2	1	0	0	0
Assets/Prefabs/Heroes/Effects/void_multihit_effect.prefab	cbf3e7a704a5f144fb91de502e85bb30	0fc970a69fc09d624d002dde9c170621bda7f0149bec3e17be14b668d4fb66b0	55057	2340	1	1	0	0	0	0	0	0
Assets/Prefabs/Heroes/Hero_Hornet.prefab	41acb66e2e431c44ab8b638ce897d292	c6d6f98b85bd6ae5195c590c29a456d3eb1a645fd4cacafa840e09f6d4195cfc	9882721	400434	703	1218	47	125	60	121	231	0
Assets/Prefabs/Heroes/Hornet Cocoon Corpse.prefab	49a1cfe6f3449ce4c98d48cac8e67a45	49442ccc04f43a027ebb4e69987ea0c5a3038c746a89b2e34710a50f031638fa	325407	13190	15	21	2	6	0	0	1	0
Assets/Prefabs/Heroes/Hornet Poison Blast.prefab	57ab02628676a79479d575f25bd33e59	342fb5c35e78afd970e4aa6710cdbccc8acbe014bec51d4ec631afd4ddc43aec	392168	16622	12	7	0	0	1	1	1	0
Assets/Prefabs/Heroes/Hornet Poison Trail.prefab	edb4612d7ee7773408cd78b4a71a32ad	2fc269f080f9f929f44702b24e88e12373f08b6c8b0c18c4adfd38f4128d18e0	120879	5087	6	5	0	0	1	1	1	0
Assets/Prefabs/Heroes/Hornet_Super_Jump_Ready_Burst.prefab	d8aa8d1acf3ce5942bcb657d0a89e7f8	48c61452c7dbdc3b8fbd493b5d21b3772c34deec195ce1b735f983751cd0730d	337365	14301	8	4	0	0	0	0	0	0
Assets/Prefabs/Heroes/Knight Cutscenes/Coal Damage Effect.prefab	2249a492f915cd14c8fdc8953a78d684	3a4dddc45513efa4a502e6b072bb059cf996291f7a97c05fe9f594e857879055	116434	4935	3	2	0	0	0	1	0	0
Assets/Prefabs/Heroes/Knight Cutscenes/Hero Death Cursed.prefab	0d42982cde4ef304db919c3eeb0e4001	168a1c3e787dc1fe5c40d712553c51405e8badd96d7823ae1f6e72cf60177d7a	392230	16279	14	7	1	3	1	4	0	0
Assets/Prefabs/Heroes/Knight Cutscenes/Hero Death Memory.prefab	894cd74da1ab6de4e9098185a5312d93	dd4e5e30c3a5b146cc218aa8991e7d49a3b5b779fb718d2b11daac64c0875dc5	420506	17166	18	10	1	6	2	1	0	0
Assets/Prefabs/Heroes/Knight Cutscenes/Hero Death NonLethal.prefab	b29a5108607bf6a449ca27c45a6f08a1	e579e51fc26218c063ef8fcafdf1194d34c70a0149fb4c759ab2b5eabaf3f8c7	178801	7038	5	9	1	1	0	0	0	0
Assets/Prefabs/Heroes/Knight Cutscenes/Hero Death.prefab	34ce52027f5541b469f9ff8b022315e1	c8cc5e1888cb6fc0d26c46be09cf3cd301845b1b1e2c864dbc6b41ea513704f5	1167287	44004	483	195	1	3	2	0	0	0
Assets/Prefabs/Heroes/Knight Cutscenes/Hero_Frost_Death.prefab	364315574dab6b344a7c91b3aeef19a3	a4f5376f4c1c94a38ef25127970ab0d1437e6e533c1a418ede2f76432c50d386	1041109	43394	40	17	1	14	2	0	0	0
Assets/Prefabs/Heroes/Knight Cutscenes/Knight Acid Death.prefab	4b8fe764170132e4cb1a69e86818f6f5	e11934c8738caa917e5d7119f572aa889b260b2d3a6ae378acd208bdab51c614	202090	8321	6	14	1	1	1	0	0	0
Assets/Prefabs/Heroes/Knight Cutscenes/Knight Coal Death.prefab	0209488a31f1c9a45add9d5431cdac47	d16f6a9af8ebb1e8623af27616e603bd43b14bd0c9fa4ba1bef35f9ecf3aa52a	140359	5740	3	6	1	0	0	0	0	0
Assets/Prefabs/Heroes/Knight Cutscenes/Knight Coal Spike Death.prefab	8a864b8f24f6bfe45b3a0435151314c9	6ca11bdeebc507c4e8b77a07788f4449d789112b1f8aff97c3dde803b2f25558	45957	1576	5	18	1	0	0	0	0	0
Assets/Prefabs/Heroes/Knight Cutscenes/Knight Cutscene Animator.prefab	9b2ec189a3ba296428df199f574343e3	56fe7cef769ffae59ab2fb38b76d98a386b91654d8f8338aaee7bf070c2dacf8	3885	132	1	2	0	0	0	0	0	0
Assets/Prefabs/Heroes/Knight Cutscenes/Knight Lava Death.prefab	4dc2f878afc829a4f88dfe43f31b38b8	9284fb123d95947e7fa845a6dfabdb842a26f1e93ba3c6f152736b5ca89aa128	242128	10112	7	11	1	1	0	0	0	0
Assets/Prefabs/Heroes/Knight Cutscenes/Knight Sink Death.prefab	e1276d7572dc48c4c831290a8fa7b043	b3def24ada271532a9119b20ed6d0deeaa6c7d2dac9d6b9507e698375ebae4c5	11710	440	1	4	1	0	0	0	1	0
Assets/Prefabs/Heroes/Knight Cutscenes/Knight Spike Death.prefab	fcd5656672124b0428bff9d481d4c054	ba182667b81b8de1c20e8fb16cccd5fd214f368d38c36c9bb872302aaa006a9c	44216	1528	5	18	1	0	0	0	0	0
Assets/Prefabs/Heroes/Knight Cutscenes/Knight Steam Death Effect.prefab	335393bc596b4db4e8b9614c37ecd970	2854d8570663dbf70eb078ca6d34ee69d21712d369a99ee07060f0a1e6c4439a	166630	7096	4	1	0	0	0	1	0	0
Assets/Prefabs/Heroes/Knight Cutscenes/Knight Steam Death.prefab	739b6fd05cd37d3458be8371049f9418	ca4f27753b3c1ef2b2a9bc10f4cbf72987a1454a663d50191614b6318f009679	135344	5563	3	5	1	0	0	0	0	0
Assets/Prefabs/Heroes/Knight Cutscenes/Knight Zap Death.prefab	a073cda72a6d79b48a92353aeb8b308c	7c8883b14f2680814c03425008428aa9c0d204f2f3bde272f69788ea4c7fa741	82970	3352	3	8	1	0	0	0	1	0
Assets/Prefabs/Heroes/Spells/Fireball/Fireball Hit standard.prefab	d8b4b2d25606b7d468e78329e4c33875	9b9384d288289529ee73ff3695fbfaceb694272c64869dc2d3f29c88d1e26569	939	33	1	0	0	0	0	0	0	0
Assets/Prefabs/Heroes/Tools/Curve Claw Upgraded.prefab	5e58988f4aa22ed4bb3d28521fc18038	4a4aee88c81fa3c35366800bc6a22cd62b83aa1a18c314624fe868e3cc84e899	142085	5842	7	21	0	0	0	1	3	0
Assets/Prefabs/Heroes/Tools/Curve Claw.prefab	0a600d0f8cba370488da2efdae3cd376	5d312d03cf499d7eaaf54c857b5980a7b47ff863021ba3da39fcf7bb7919eb8c	141984	5842	7	21	0	0	0	1	3	0
Assets/Prefabs/Heroes/Tools/First Weaver Bomb Blast.prefab	61883b9d66623164cb33ad289cc20cb6	e7ba3b43051428e77b5380698b85f8af116c757bb97f0f48d1bbdb02a83edb61	218400	9001	11	6	1	4	1	1	1	0
Assets/Prefabs/Heroes/Tools/Fisherpin.prefab	9196fe70f4f2cb3438925d963aa978b1	4410a66e26460f5d80c408b7054e2184f60f1c8a4a98cca6e149c48c423e00c3	311051	12969	13	21	0	1	1	0	3	0
Assets/Prefabs/Heroes/Tools/Flea Brew Bottle.prefab	dddc7e64d875ce74190b99a563794164	44085b5810813f2bea2f092e562bc4a2a5fcac916bcb14c61126d128bd400e53	169124	6861	6	11	1	2	1	0	3	0
Assets/Prefabs/Heroes/Tools/Geo Small Projectile.prefab	0e7035bb384e11f428e79fe624f1a0c6	c6884835e6f275a6ddd9a985fc757333bccc8d5e5dcd2fea3a8261aadabab14b	122857	5153	4	8	0	0	0	0	2	0
Assets/Prefabs/Heroes/Tools/Hero Wisp Fireball.prefab	291591141f7f8874b9502d1695388370	31270830f3e487ff37e5c669cb659507b1386e3ec33f5486cffc91694de14e36	1052224	43725	31	27	1	5	0	1	8	0
Assets/Prefabs/Heroes/Tools/Hero Wisp Lantern Child.prefab	b5595e21398924e4a84d41abb97bca7e	cf34eccd81de4ae314d91e15ee7d8ba7e6dd7ffc82f328a31e92144d7a29c4d6	115806	4891	5	3	0	1	0	0	1	0
Assets/Prefabs/Heroes/Tools/Hornet Finger Blade.prefab	702d597fa3ae61e4d9d26c99d6ed9025	dfd0d2ad46b0ac74b7fa26cc643c0e0de3941f0340cef5bb30f7cf1af4e72e4c	429499	16533	25	40	1	8	1	0	4	0
Assets/Prefabs/Heroes/Tools/Revenge Crystal Hornet.prefab	67af622bbdc3f7c4cb025b60a2247bed	e4ea489a36dc123b29332ae1ea9e9d819390a6aabc8d199e5a3f5efc06b76f67	470530	19520	13	13	1	0	0	1	3	0
Assets/Prefabs/Heroes/Tools/Revenge Crystal Spikes.prefab	fbfe4c8f8a987a2458b636d3934aac0e	f8c685b49aabc1ebb9db4ce9c2fc613239b876b44ea1922404f385ca746bcb6a	80177	3266	4	4	1	0	0	0	1	0
Assets/Prefabs/Heroes/Tools/Shaman_blade_bounce_effect.prefab	3d014d5298a2d0548910b5e01b7f8d63	565ff4ec510e567b61a930b49ed9528adc3d533bcaf2133b18e1ea4881ee5df9	63087	2624	4	1	0	3	1	0	0	0
Assets/Prefabs/Heroes/Tools/Silk Snare Cartridge.prefab	429358ebbc225e941b7f16a8421d221a	5246edc39f56fa96fef95f8e8f63b60cf64759cb96b721814690feaeb768b664	7842	286	1	4	0	1	0	0	1	0
Assets/Prefabs/Heroes/Tools/Silk Snare Poison.prefab	2a4f7eec42f17e342ad103c8c15d313b	c20ba9fa82dad26d5859cfcd5eac806f99730bf8261a4975468f2dbd40968a98	525719	21836	34	50	0	17	1	0	3	0
Assets/Prefabs/Heroes/Tools/Silk Snare Set Effect Poison Variant.prefab	d5c9f3f3f4caf524381dfa2b089d0ecf	145cad9d2d8b0fa2265752452831af0b7ed0ab26ca5823677780b06adeb6152b	225699	9550	6	5	0	2	1	0	0	0
Assets/Prefabs/Heroes/Tools/Silk Snare Set Effect.prefab	7d23b68cab0dc3140bca270a24ba3949	ea616e016e81d3465e1947c75b3cd45c3327073462f5c51952b70f46ccf04e31	168270	7132	4	4	0	1	1	0	0	0
Assets/Prefabs/Heroes/Tools/Silk Snare.prefab	a5350f186b1f5f24797fd19e799167b4	ed81da46dc11923442e9de1ccc1911576fbb8c0962a175f35b7adbd81cc1b0df	424860	17536	34	51	0	17	1	2	3	0
Assets/Prefabs/Heroes/Tools/Tool Barb Spine Poison Variant.prefab	5f16fa86b2a165442a658ae2ed58fbdf	9c668f368f3b9cb3759b71ec6b432b6590d5c76ab3c9dab0fc1bba95bee89afa	237790	9669	7	14	1	1	1	0	2	0
Assets/Prefabs/Heroes/Tools/Tool Barb.prefab	cdcca23916f70c448a29c2a4671d590b	8c326f335cd7cdfc10e0581b311a0317c2c325fe61fe8f756c92da1bb5309d9d	302887	12051	10	20	1	0	0	0	7	0
Assets/Prefabs/Heroes/Tools/Tool Bomb.prefab	98c03a9de5e993548895e23b3110223a	24337f691fe5c7ae2efe3724f02e58ee5a3928fb1fb91b9f19915e39979b12ad	256455	10730	11	17	3	1	0	1	3	0
Assets/Prefabs/Heroes/Tools/Tool Dust Bomb New.prefab	e23750d449c467346a62f209eef799ce	38832cc275438e7881a18938dde2d608a30e158b12a483a3f5a97e17b225d43d	365072	15352	13	17	3	1	0	1	3	0
Assets/Prefabs/Heroes/Tools/Tool Lightning Bola.prefab	fe0392da869aeba4ca87d663ab1d18d6	4fd2e39d60cf59ab728997a6305183bc07e6b80e77a24d48347316621edde1d5	291973	11383	10	15	2	2	1	1	3	0
Assets/Prefabs/Heroes/Tools/Tool Lightning Rod.prefab	159678836769261458e6ac290e422e92	63206b0f9d2f825d031ad687c4f807e132b6917827daa46f36c12f9438a80e41	477387	18700	14	19	2	1	0	0	3	0
Assets/Prefabs/Heroes/Tools/Tool Pin.prefab	cfe1481ce532e9f4d9f2e6dcb0872e2b	5d14a856dfe3d5c963ac4dd0cc1efc60feb39283af9169fe353f49826307cc78	313197	13046	14	21	0	1	1	0	4	0
Assets/Prefabs/Heroes/Tools/Tool SyringeEmpty.prefab	9a073ebd2de71264dbe5c57cb130072b	d00b71584278c38826d63d301d1e6a12848bbaa14a0e40f1c9b63c29918c573b	126286	5287	4	7	0	1	1	1	1	0
Assets/Prefabs/Heroes/Tools/Tool Tack.prefab	783201d1e2c21e846825b90d5386f4de	87e966859fbf8c940977e88b8bcc95416454a90462640fb59dbe631892c74fbe	335451	13274	10	24	1	1	1	0	3	0
Assets/Prefabs/Heroes/Tools/Tool TriPin.prefab	369f1494449c7fd4baf297216ef98ab3	4cc8f3217e3d8dd826b800191884b20b43ddba766cfa9db28c6fc46e370e8cf1	254500	10588	12	19	0	1	1	0	4	0
Assets/Prefabs/Heroes/Tools/Tool Wheel.prefab	33b4c017341811c499976622c8dc98a6	0c23d0985b75dbee11410a6d9f3267aafccd393c2605973db17edaf997dd1f37	891820	36191	26	34	3	2	0	2	6	0
Assets/Prefabs/Heroes/Tools/Tool_brolly_spike.prefab	e6d4a5e9498117243a07513a010ffe4b	cbc618fa5c9c68cce9d04d89fb0ba7b5933ddb87cbffa59f5d5892a808ad1cdf	42719	1558	15	8	1	7	1	0	4	0
Assets/Prefabs/Heroes/Tools/Weaver Bomb Blast Cluster.prefab	7828345495981fb4794d4336e7a50cfc	4bccd28cd4abef23767c9d6abe9eac095b7048ac7e897a4fcc2c27f795cd859f	23496	849	4	2	1	0	0	0	0	0
Assets/Prefabs/Heroes/Tools/Weaver Bomb Blast Zap.prefab	a578a5a9f6ff0414f806380fbeb60fe9	c31cc1f8252c2782dea5fe65ae9db6dca4ec11666a60151f0a9430fbab29338d	265846	11042	17	20	1	7	1	1	2	0
Assets/Prefabs/Heroes/Tools/Weaver Bomb Blast.prefab	229d2089ba7b5f44aace5d69611cbb4b	b057a0180b738b5871df5f17a0e32a2b120b2f9ce408ed16a386c596c50462de	210378	8698	16	19	1	7	1	1	2	0
Assets/Prefabs/Heroes/Tools/Weaver Bomb cast effect.prefab	71c6499c6ee8c724c9e16fca5c139aa2	e5d8796bfd84be06a2f357c5514afb39dc2e8dcc22ae216b0834c98cb34cd49a	14473	505	5	5	0	4	1	0	0	0
Assets/Prefabs/Heroes/Tools/WebShot Bullet A.prefab	75be419fc29860843b38d171b7c2a8b3	446d587de4ba59ea7556a2160046c867f64a5ce6ddcd35641ec0e066e33d5d31	81780	3332	5	9	1	1	0	0	2	0
Assets/Prefabs/Heroes/Tools/WebShot Bullet.prefab	6520bafe333321446929d2169dd7e937	0dc91e879739179226d5ead3791a98595cad9c30be97f0ceebded4777fd5a623	81776	3332	5	9	1	1	0	0	2	0
Assets/Prefabs/Heroes/Tools/WebShot Casing A.prefab	bec9ba9a61aa16543b8b0d7b698bf052	7af6be0603dd2731647c01b61d1b2f8d731179fe1ec88c156dd4b84ec3326104	8822	319	1	6	0	1	0	0	1	0
Assets/Prefabs/Heroes/Tools/WebShot Casing F.prefab	493839a323b9d5347ac28a53aabffbbe	113aac001993b11bc073a12cffdbd0198745f5bf04b807a2e331956826a241f9	8824	319	1	6	0	1	0	0	1	0
Assets/Prefabs/Heroes/Tools/WebShot Casing W.prefab	4c6d6620a054813409a4c57f195976de	69a93a64bac849399a87becbfb38c0edfeab6b8f11b046142e2978b37e293e71	8739	317	1	6	0	1	0	0	1	0
Assets/Prefabs/Heroes/Tools/bone_mask_shatter.prefab	ff287f9f23791b04a8cb7435ccfe02e0	360b34d4b948968d1a6529d8bb5f3803fdc9ab6442aac54f707961efe5d2cb88	81502	3316	8	8	0	4	1	1	2	0
Assets/Prefabs/Heroes/Tools/crest_reaper_effects.prefab	6fcf7b1adbb637a4e9075e9adcf33580	c590c6abc9fef0ed9e3b1cb0e9cb9fd8babaa047f1888e6b1e2a55ea92d42fcb	74927	3078	6	9	0	3	2	2	0	0
Assets/Prefabs/Heroes/Tools/crest_warrior_effects.prefab	a4957389355038d4abad903d7b51e3e7	b8516f70a53faf547c4b84b8b0c97a006e782769c3e0af0f8f3b533454e45d7f	76654	3132	7	9	0	3	3	2	0	0
Assets/Prefabs/Heroes/Tools/lightning_bola_explode_parent.prefab	46a45cee3aa856747abe22ce63e3f17b	475a27ab5dbfc5ef1fd72e3fe73864c2de2d9fb0d20a70df6975c00f8f567441	140328	5811	11	8	1	5	1	1	1	0
Assets/Prefabs/Heroes/Tools/lightning_rod_antic.prefab	13f741c33a0354f47a4026e98de3e075	922633c4c59bd88fcac6de416fc4509d207810e33d853d6f8ee97e540d080454	10609	371	5	1	0	3	1	0	0	0
Assets/Prefabs/Heroes/Tools/lightning_rod_explode.prefab	be5163cfe439a5e43865ab0ead5d52fc	2fa13d5372d5abd30c9e4e5c9e556cd3b36a120776943a932898221462e8931a	128694	5358	9	2	0	5	1	0	1	0
Assets/Prefabs/Heroes/Tools/lightning_rod_explode_parent.prefab	8f6fca4ed4273c24f93e250902230f47	0c92bada770b9d1c613e29dc41325c041b470c3af7f1b4be5da3bbe380b7d81a	76586	3118	9	5	0	5	1	0	1	0
Assets/Prefabs/Heroes/Tools/lightning_water_travel.prefab	74483f53af2f54d44b38bd16da4e910f	83a57a4a796a82105be85ca47ce988434794ff23719ef8d0af9b759c5e3fced1	121369	5103	6	6	0	2	0	0	1	0
Assets/Prefabs/Heroes/Tools/shaman_blade_impact.prefab	c50ed8699d2448f4e9cb975402b7743e	e4ec6460e6272cbe7906c8eb1a06b0dd39b0e653ec9247dc0463e8ce30fe509f	122702	5162	5	7	0	2	0	1	0	0
Assets/Prefabs/Heroes/Tools/shaman_blade_impact_needle_art.prefab	97cc0f1332e99264d95f7ef2fee1d605	0d3b459d02eeabdcdbfbfe101012f90d08950cb014e5fbaf69719df34f5582bc	123488	5186	6	7	0	2	0	1	0	0
Assets/Prefabs/Heroes/Tools/void_blade_impact.prefab	4a3030a7b585b98489e1dcac34348ed7	ac131521a0f9aeb6533a91e6237fd3a1a3c0f3dc92973ed72076c5a2a182bbfe	343511	14559	10	7	0	0	0	2	0	0
Assets/Prefabs/Heroes/Witch Damage Cloud.prefab	45a980db4990568429adb41459f4b7df	d7f0a9e99806583e61fdad58ff0ea98fdf0642f865ad6c527b4b3d1821cc5816	267284	10677	10	21	6	0	0	0	1	0
Assets/Prefabs/Heroes/bind_bell_appear.prefab	27a2480219e7d124eb8ba85e839716a5	e68d2148ada6e11a3cfd03c4009960c59d7c4c2d706bfa7bffdf10ddfc72bc08	67875	2815	5	5	0	3	1	0	0	0
Assets/Prefabs/Heroes/bind_bell_burst.prefab	5c9e2a0026d29134798889ce1036f30a	b1849e3a193e03e4f32707cc746d0697a931ddf0d4370330a2e4a1300367f43f	235744	9919	10	3	0	4	1	0	1	0
Assets/Prefabs/Heroes/black_thread_silk_tick_damage.prefab	2617672360f4cc54cb848ed904653906	c21bbfa37aee9c31d80ab535492e3c11a85ac97a40c9fbacddf92d0cb2c074d2	226265	9587	8	4	0	1	1	0	0	0
Assets/Prefabs/Heroes/hornet d jump effect.prefab	66ca9c17f65c46b46b3c1963c04f7458	1c348cdecb24c16aff792a21d6ded48881f3a2a418c4825a969f15782486a7c6	61550	2568	4	1	0	2	1	0	0	0
Assets/Prefabs/Heroes/web_shot_generic_end.prefab	9a8f828d446a4f046a62164af6d57b95	af3778d4021bd05522dc4cbdc70e72508d266c564f19a32ee1eb1d0cbafa1f37	285828	12086	9	0	0	3	1	0	0	0
Assets/Prefabs/Heroes/web_shot_rail_end.prefab	a29621fd34e111341a9eb0d659bfc5b2	d7c8092184c8ac09a338d9823f793bf346eaf66143c0470611fb511e4eec3e2c	286413	12108	9	1	0	3	1	0	0	0
Assets/Prefabs/Hornet/Cutscenes/Scene Fader.prefab	e3a044a7861a819468407f1bdc8b590b	aee1635645218574dbaa119b43cac7a555d20b66bf47ef5fe43e2527747d7cba	2999	109	1	1	0	1	0	0	0	0
Assets/Prefabs/Hornet/Cutscenes/faint_fader.prefab	0eee6fb6a9f3398459a4a9a2e07b67c1	7aa6e960ff6365d9d675df2d7e933ce538584c0f53775ee0b5bfcea575dbeaec	13554	479	5	7	0	3	1	0	0	0
Assets/Prefabs/Hornet Bosses/Bone Beast Corpse.prefab	c8b57061d5ca0b147a6e83370cc18ec3	7feb7fd700e48df5a43d8aaadeb173c2a2cb8ff8be4260c62485b40919493461	160481	6524	3	7	1	0	0	0	1	0
Assets/Prefabs/Hornet Bosses/Clover Dancer Sickle.prefab	9b051403c56c2fe4abef0ee1430daf58	847cd42ab21ed9993f8522329b784fe7cfeac2300fa924b95d5c4ba5c8255d24	145411	5993	5	7	2	2	1	0	1	0
Assets/Prefabs/Hornet Bosses/Cloverstag White Sickle.prefab	ae09b0affc5d62444bee2c4d60270168	e5aa42464b14e04aaaa02006c286de59af5149a7fffa1c0b0cfd46b08f8c105c	416732	17227	10	12	2	3	1	1	1	0
Assets/Prefabs/Hornet Bosses/Corpse Crawfather.prefab	f4f4b9dc0442fbc42a888ca19856a162	b989e27c54245bc79ff1e5122c7ae72099cb1e66ca918ac3978d8c365b7cfb1a	532417	22081	17	29	1	2	1	2	3	0
Assets/Prefabs/Hornet Bosses/Corpse First Weaver.prefab	b84317b8827e15d44a2b82b2e5231da3	c022ce6f45276216058da01fec47a24f59bc4d016fb4eacd8027503dcca6e09c	153200	6256	4	5	1	0	0	1	1	0
Assets/Prefabs/Hornet Bosses/Corpse Flower Queen.prefab	52e723b3affd86041bb679fa288114f2	e53c0a3e66fb32f602db2c74e010c9fe3be8db76860340baf872c1a7991ed1bc	950730	38891	37	29	2	12	2	1	2	0
Assets/Prefabs/Hornet Bosses/Corpse Garmond BlackThreaded.prefab	f6f46d18598ddfc4f883b2b6b1cbbe79	cdee3580da2194f0e9045e6898d903673f528be8ac5983d4385828b31cd7c621	121122	4419	6	14	1	0	0	1	3	0
Assets/Prefabs/Hornet Bosses/Corpse Giant Bone Flyer Quest.prefab	08c23c5bc2895e240a7af38a4b519948	eac946670a174505a3e7ae185897dce6584782aa42276d238246bef2aeb03fe2	685535	28358	28	57	1	2	1	2	11	0
Assets/Prefabs/Hornet Bosses/Corpse Giant Bone Flyer.prefab	942ca47451d7b4f4cb2e61888f2b80fb	6fbd42bb85039c190fb67824c5680d4933aef0ed332a6794932563ddd05ea7f0	440774	18067	14	24	1	0	0	0	7	0
Assets/Prefabs/Hornet Bosses/Corpse Lace1.prefab	99ad2d14d690925429e36502ccb349af	6da19a6cc2f43b1925745c24b43cb22f00faa363042075001982b0218316ab8d	360008	14786	7	8	1	1	0	0	1	0
Assets/Prefabs/Hornet Bosses/Corpse Lace2.prefab	82193e8e629a5f24fa462b3428047cb1	a229885e10964306a2104539d6a2f020f04505a9760eee96e61c500402b92afe	436166	17649	8	10	2	0	0	0	2	0
Assets/Prefabs/Hornet Bosses/Corpse Last Judge.prefab	5518161d4e204f243b475a637eef895f	1a1189f7a5644692cc64f88ccf4e169be0a38f27aec83dbf6ae01a2987814871	901924	37113	30	14	1	12	0	1	13	0
Assets/Prefabs/Hornet Bosses/Corpse Lost Lace.prefab	9127ef1140280ee44acab774d241a681	e07d8d608f855cf5a408eb0065f9b537deb390e25d22f1f1d3863a1d1a12e0ec	787767	33020	20	14	1	3	2	0	1	0
Assets/Prefabs/Hornet Bosses/Corpse Skull King Bonetown.prefab	acd926dfcb92ddf46ae01890419a1541	c782302dc2d03058aff5ce39147791488f37ba4cb24838226b432b515cfbe897	307472	12558	10	22	1	0	0	0	5	0
Assets/Prefabs/Hornet Bosses/Corpse Skull King SkullFragment.prefab	baf5f7ee3e478cf4791704659546765d	914e8efa4bf5bee0502750746867a593b04b41fc549d6a3821e8b0abb05e2dda	779121	32143	29	63	1	4	2	4	10	0
Assets/Prefabs/Hornet Bosses/Corpse Splinter Queen.prefab	0dc27baeecec33b40ad53602dbc9fb90	8baf19bba1d2c569d5cd6d2a2426fd27c81196734edb6207a4930d498937bb13	324434	13150	14	25	1	7	0	1	7	0
Assets/Prefabs/Hornet Bosses/Corpse Tormented Trobbio.prefab	c3d9134dba100d144a50011e5074b703	ba65ec66eaa22cd708a677f77c031193bfdfe5c6215baebd99090c851b316f00	717751	29218	19	18	1	1	0	4	2	0
Assets/Prefabs/Hornet Bosses/Giant Centipede Bomb.prefab	49f8b30b211d6144a8eaba7e042f9679	73164ae11f27ec47401e625283be2962667d5fac89330eb07fb10bfcf02fd0e4	558948	23117	18	7	1	3	1	1	3	0
Assets/Prefabs/Hornet Bosses/Giant Centipede Death Explode v2.prefab	4a044b6dd6a52044b830d21f1e80f7e2	31da217e28e1236c5af4381fc331f5b70696f917a631d784eba96a3513f921ce	284332	12029	11	1	0	3	1	0	1	0
Assets/Prefabs/Hornet Bosses/Giant Centipede Death Pop v2.prefab	956ab75aff20e2e46aa1a7c76a9cc419	8fd4e8fd48d216119c4c7ecc3ad09c05bab617e8214aaa4b224811716f117e0d	230605	9730	10	2	0	3	1	0	1	0
Assets/Prefabs/Hornet Bosses/Hunter_Queen_ground_spear_set.prefab	7703fca6d065a3e44be123e57de7f7d3	6bd2cc54d3d99d5a7397451c75607ca53a95cb40b1d81f0cc5423ca772207753	4067189	171384	137	88	0	17	18	0	17	0
Assets/Prefabs/Hornet Bosses/Last Judge Charge Bomb.prefab	7b36aa749a1eeb24887408d3d26276cf	2ca5e39fbf87a51debb159d29615646d5be4f53a55fbee461c4cba9c671cb928	343902	14504	11	4	1	1	0	0	1	0
Assets/Prefabs/Hornet Bosses/Last Judge Flame Wave.prefab	0a9021663b4374b4d84d799e34d58fc7	dbda6b9761b623959fe7d591ae7016a9ab1a7829eed03c02d42a5194b9ae61c2	237061	9678	12	11	2	0	0	0	8	0
Assets/Prefabs/Hornet Bosses/Last Judge Stomp Wave.prefab	8a6d21decd50668439adbb85af46243b	507d25595a64e0c02c74234ac3ba68543743e3a41caa5556874db27a160fa3ec	186007	7785	8	3	1	1	0	0	2	0
Assets/Prefabs/Hornet Bosses/Lost Lace/Lost Lace Ground Tendril.prefab	fd0c5f6e66cf0fb45975e471d64b2cf6	84d2985e3027d59116a1b38d449265bd567a1d9ecc450390dccca937a00c05d1	444270	18079	37	16	1	25	4	0	1	0
Assets/Prefabs/Hornet Bosses/Lost Lace/Lost Lace Summon Bullet.prefab	b2573e5c477cb914ca8ac0cded013ac9	71c8cc440a51921cbee2443f7fe0fb469b73a6d03cfa19ed9b7392d93062f575	624893	26504	13	3	1	0	1	1	0	0
Assets/Prefabs/Hornet Bosses/Lost Lace/Lost_Lace_Wake_Tendrils.prefab	0ac23d51a583cb64ebbfd78a8b602626	17afc775d38e3cb7ecdd5d42223c956dfca3488456a002723bf8cff349e90cbd	308771	12593	16	9	1	9	2	0	1	0
Assets/Prefabs/Hornet Bosses/Lost Lace/Lost_Lace_dive_in.prefab	87a7e15a5284c5a4494ff3b651ce4a61	0f37051931f40da55c53ada7e1d3f0bb33ec0272ea78610ac93d61c89734269d	235215	9908	12	3	0	5	1	0	0	0
Assets/Prefabs/Hornet Bosses/Lost Lace/lost_lace_cross_slash_catcher.prefab	49570618d80fe974bae1160167a567eb	9c123d68c3d4da30307e1cb96f655a484992261bf4b6a926a77b7f76ab5eef2e	287249	11807	15	10	1	6	1	2	1	0
Assets/Prefabs/Hornet Bosses/Mossbone Mother Ambient Corpse.prefab	2b32c4ed16b666e4cbaf17e756031422	818dff0b6b842a28b1f2fe3bdfdbc2c9a2d920ca74e9b967b6a3583fb76784a8	376690	15402	14	23	1	2	1	1	5	0
Assets/Prefabs/Hornet Bosses/Mossbone Mother Corpse.prefab	0a020c81c37dfe545bb6daf88d621cd8	e82e9b5b9b6d2d541d7ada5ddde1b2ce0b423834d006758236401104b86f3b95	394164	16365	12	21	1	0	0	0	3	0
Assets/Prefabs/Hornet Bosses/Shakra Ring Friendly.prefab	f4bf757a0f5def141a8753cac20b0f25	7de1c7cf0c90aab4d76a2d463e13177efd6f73f44a20caf1cec58025833d5b5b	285997	11471	16	15	1	3	3	0	9	0
Assets/Prefabs/Hornet Bosses/Silkfly Ambient NP.prefab	2109162560797a14588b59b50be7aa32	086c443a5056c62eeefaee956f249bc59a8d7ff66105b20a2c19bc6e88edc7a5	66786	2522	3	5	1	1	1	0	2	0
Assets/Prefabs/Hornet Bosses/Spinner AtkBell.prefab	d44306d3c9b8ede448872c66149931cd	40f1b363e734e282fdeb2c89b60a43217e1eab22c84b7548133258f4d320c5b0	366113	14723	9	13	1	1	0	1	1	0
Assets/Prefabs/Hornet Bosses/Spinner Impact.prefab	65f76710c7e046e4f84573dea09a32ae	6bea2766d063d704cd439d1182b1722c2ca4bd3af1a1c7d7ff4e06ef4dc109e9	293662	12369	12	2	0	4	1	0	0	0
Assets/Prefabs/Hornet Bosses/Spinner_Harp_Projectile.prefab	13d4f9c22b5dbc945b15d0d58b74953f	205f67b12da03993cfb6c7f4f12bfd77b306368c0e43ae869828b3f094c81bdb	73399	2704	3	2	1	1	1	0	1	0
Assets/Prefabs/Hornet Bosses/Spinner_vertical_slash.prefab	8d660c743bbfab044b412c1622a9b02d	126b963194018454f0b8cb81a6778a2f4301b39598cc27c7868854be8f2b65af	436974	18271	21	6	1	8	2	0	1	0
Assets/Prefabs/Hornet Bosses/Spinner_vertical_slash_long_new.prefab	06624928a1576c149bfe17a64a2b41e2	409e6410b4a7d3bd101172d02ce76eb8d0299bcce77b6225feec961c2f18cc0c	435608	18245	24	9	1	8	2	0	1	0
Assets/Prefabs/Hornet Bosses/Tormented Trobbio Tornado.prefab	ca52816ccd2fe3f4790a4fc865aeea53	a449cb552d8a564e4ceb0abb4fb16d74065347a1c741c4771a24ed4bc08702ac	175525	7134	4	11	4	0	0	0	1	0
Assets/Prefabs/Hornet Bosses/Trobbio Bomb.prefab	04bfbcef4b02e2e4b9fb18f9d0b7a165	9ad2cadb29a033fe541c19731a88df6ad6d2a07063a2751c003f1e7dc9239980	843218	35113	21	14	1	2	0	1	2	0
Assets/Prefabs/Hornet Bosses/Trobbio Cross Bomb.prefab	cda730e01925b9e45839fdc460d6787e	36752746029338687cc3a89c62916208499bc59db40ce5e1a21a03783f4d8da2	1343156	56314	30	21	1	2	0	1	3	0
Assets/Prefabs/Hornet Bosses/Trobbio Tornado.prefab	0477261675dc04c408016032bc0b1626	e7525549a282e5b7b68e5c30fbf4dfc2c41b432b80e6ed2b6c8b36fba26d1999	184979	7501	5	14	5	0	0	0	2	0
Assets/Prefabs/Hornet Bosses/Trobbio.prefab	df8253fd53570b24287844ff06e99bc9	4745d4a4ea7f8be9c8b831ce1f8193aeccf41e429c01c20f6ccd238e0ace172e	1999705	78561	51	53	5	3	1	8	13	0
Assets/Prefabs/Hornet Bosses/Vampire Gnat Corpse.prefab	25b088c4ff2cc2b4e8e03e8d8a8f2b0c	cab9d83fa2b259291608cce31af65e86ded09f836ec34c71cbccf7484ce5a02f	515482	21157	17	23	1	2	1	2	3	0
Assets/Prefabs/Hornet Bosses/Vampire Gnat Sickle.prefab	4ae1361f0b556f64facf50096397428c	07d715654e9f13803dbc10c9a5ccf51fa9678793f9e072e33e39a4444250aeca	892360	36086	21	30	6	2	1	3	4	0
Assets/Prefabs/Hornet Bosses/Vampire Gnat.prefab	350106bd9ef134c48961fae6faae536d	c246ceda0666eae96d87372578c32ed3b74f65a19836dea0e84c699eeba5d674	1687463	66465	53	71	6	3	3	5	14	0
Assets/Prefabs/Hornet Bosses/lace_bomb_slash.prefab	ea0345b2e38bb134782d97e5895ffec0	12032123ed943960833474a1bef7f1431730f41d029efff26c07518d6c9fe604	136073	5617	11	5	1	7	1	0	1	0
Assets/Prefabs/Hornet Bosses/lace_circle_slash.prefab	481a8aa08de6fc7459ce1c12f7638616	35a7cd92f1d9eec7ab05409599201d9cf45e11749fc278029a397cf8719ca471	27558	1034	7	9	1	3	1	2	1	0
Assets/Prefabs/Hornet Bosses/lace_wild_slash_blade.prefab	6355927b2c8aec1458c024c29a5bbcd1	6f1a057feeef54f14bfc5f59cae1dde4479ae51124a550beadf5c0601cb31a0a	71141	2918	6	5	1	3	1	0	1	0
Assets/Prefabs/Hornet Bosses/white_stag_tele_flash.prefab	2ba89c4dada5cdb479eaa1e1b942cf1f	809dbd7a9fb0fdabaeb870821575ec1fa93b069cd8be96280ff4066aec3d7208	115071	4855	4	1	0	2	1	0	0	0
Assets/Prefabs/Hornet Enemies/Aspid Bullet.prefab	bbb2c293845b0aa4e8d6e1f07c3db787	13f23338d3d12f14cdd13010b9377b770ee6cd2a19b31c0043d960bae55f3d3f	630587	26699	18	18	1	1	0	1	2	0
Assets/Prefabs/Hornet Enemies/Aspid Collector Glob.prefab	176466bae10bb084fb0e35916feaab98	0ca63ad44647215bf022c744c6b0b786cc938884fc0433a7bb58c435c5f47072	201495	8354	7	9	1	0	0	0	2	0
Assets/Prefabs/Hornet Enemies/Aspid Hatchling.prefab	2cea5060c45db5643b5a872c516a0d10	1769bdf5c03e24fa4a3aff04ea86260b12d69ab0f84172ab19034e28bf209d48	164875	6459	4	13	1	0	0	1	2	0
Assets/Prefabs/Hornet Enemies/Bone Goomba.prefab	38b1747cb03e53048bc006249317b38e	68b5604b4687f5fc5f7796070f68e78e6877bebc80421b0695de27a239c06539	275674	11101	7	19	1	0	0	2	2	0
Assets/Prefabs/Hornet Enemies/Bone Hunter BigSickle.prefab	37e3c29a51e327c4aabee2ccc8a8f689	ec6b90443fc21faa75d08f73b44ee1ecb4f4f2017c48d8cf071fcb9359cc987a	63332	2658	2	6	0	0	0	0	1	0
Assets/Prefabs/Hornet Enemies/Bone Hunter Chief Javelin.prefab	f15b9dbf3420ac44ab87a7c990c3c83e	9a11e467917c61b247f9ee37030893fdf577a8919c0fd59d807f7f218baa22fa	124495	4767	6	13	1	1	1	1	2	0
Assets/Prefabs/Hornet Enemies/Bone Hunter Child.prefab	6ff1f4f7ea441804baac81a94c28e3b4	71fd8c3a0dc074df91b35ab150f44dc2ff953de47d53f27994c096fee4b06824	855963	32770	21	32	1	0	0	2	11	0
Assets/Prefabs/Hornet Enemies/Bone Hunter Javelin.prefab	940caf1386ef345469cd6a61a87b4d0a	37128cad80de02f91382c6173acc7f7ad36b2aced982871ff2b450f115371fc1	128386	4936	6	14	1	1	1	1	2	0
Assets/Prefabs/Hornet Enemies/Bone Worm BlueTurret.prefab	5a4d7bb4faa540849bbbe1fd109bb7ff	852b41bbf42e13e71830cf9bf8af42669ff801780ba0c83b45a5b1eea02b5ecc	667681	27038	38	59	1	15	6	3	12	0
Assets/Prefabs/Hornet Enemies/Caltrop Ball.prefab	8731492dbda2773459293401560629c9	c493d03e59fe0adc3e918eba7f83ed8175558af6942ac8fa51dd19fcbe9cbdfe	66458	2470	3	11	1	0	0	1	2	0
Assets/Prefabs/Hornet Enemies/Caltrop.prefab	2514394e884c6fa44a1ddac752e66def	6386545dac8bcd4f701d77d5ca26878b7a73309b116a6d5474629c074b837cea	152942	6013	6	12	1	1	1	0	3	0
Assets/Prefabs/Hornet Enemies/Carmelita Sickle.prefab	2e1083d84a5d5a14c8f6328f0817c202	9d4d648ca1de46f231623935d82d8d69fc589b9bab2bc52acf2c38ecc370accd	172031	6641	7	16	2	0	0	1	1	0
Assets/Prefabs/Hornet Enemies/Centipede Farmer Projectile.prefab	b72e5d0ffec8c3b46acb9c808da1dafe	ba3eecbc4ca35f3c13f82f5de0effc75422f4e141b2d9e9fb0e64e35ca088506	177180	7044	7	18	1	0	0	1	2	0
Assets/Prefabs/Hornet Enemies/Chef Maggot Blob High.prefab	453394f16e783764b981f542a3fad8ea	83b4979de2e14fadf00a533777b87b4378e4c663c858575093749c0bdd5063eb	346187	14673	8	8	1	0	0	1	2	0
Assets/Prefabs/Hornet Enemies/Chef Maggot Blob.prefab	e50a92ec6e7fde04baa7ba0a70bba1aa	01420ada084aba323f759c526fd0224d41f8daedd5ffbcb1e1eba3163c3de9e9	346577	14685	8	9	1	0	0	1	2	0
Assets/Prefabs/Hornet Enemies/Coral Bubble.prefab	d0cef094b3221ac4e9b003f85171b37c	8b575fef7ba2c94fba0394a76d9c117e44a7c38b5be66c49db3feb843b5543fc	133096	5256	7	11	1	0	0	0	5	0
Assets/Prefabs/Hornet Enemies/Coral Hunter Sickle.prefab	497ddff65c5201644b89b2a07b67d221	522e88543717c279a51d9348fe0caaf3a23303ea3e19758e399a45d53848b4eb	135458	5356	4	7	2	0	0	1	3	0
Assets/Prefabs/Hornet Enemies/Coral Hunter.prefab	6c856bdc39561bd42be17769a9e7a36b	aac7075d87ebe7cf84647c153cdc65651cde84bc8fd2ae7e272e77eb610fba55	410071	15023	15	20	2	1	0	2	5	0
Assets/Prefabs/Hornet Enemies/Coral SingleSpire Wall.prefab	74f559c424128334e91aa61208992746	2a3ca1f045c20ffd60fe6c7108b52ebdbe03c1ad0a0d91e20bca0eb8e6b2bb21	509931	21012	14	15	4	0	0	0	3	0
Assets/Prefabs/Hornet Enemies/Coral SingleSpire.prefab	b66afa2975fc6b646819a79324b5d5c0	eb6aefceae38256eec3e9f9529e68ccbdda48291bff54efac849fab558f63de2	509933	21012	14	15	4	0	0	0	3	0
Assets/Prefabs/Hornet Enemies/Corpse Aspid Hopper.prefab	a0be6c70b92214a4d96cc29e3766b347	4f84a726ac9134a38c818cee2c6e1ce64b68516fc7db20e20f4b2011aa0866ed	893398	37652	32	32	1	3	1	3	7	0
Assets/Prefabs/Hornet Enemies/Corpses/Bloom Puncher Corpse.prefab	c9e17d48dc8956b48ac25ecbcb3c4af9	1b5a5e70280c9891c58622b5730d56cd708a3efdc96ff14be1e2ab8f72bc21f8	114599	4839	3	5	0	0	0	0	0	0
Assets/Prefabs/Hornet Enemies/Corpses/Bloom Puncher Head.prefab	91516817ce9658948981e650ae83a982	7a68f97819d74945d157d9e25542c73e3d9bf8988e602d832f5ad25bd8d6c45d	189205	7653	4	6	1	0	0	1	2	0
Assets/Prefabs/Hornet Enemies/Corpses/Bloom Shooter Corpse.prefab	5eb62892b2ae76940b9b3bbf9305862b	75cfba3ca2f76d4e683bebdf7b17e59df18c2a55c3c26455aa6e090d4f531bcc	113193	4779	3	4	0	0	0	0	0	0
Assets/Prefabs/Hornet Enemies/Corpses/Centipede Trap Corpse.prefab	4422ac5a48534204aad8a5dc620ff854	4fd9e7dd11597f8ce9bcbd47d3b74aa9eb8f98f1f2e7ae3fc769ef0dc0c6c6db	155213	6378	3	6	1	0	0	1	1	0
Assets/Prefabs/Hornet Enemies/Corpses/Corpse Abyss Crawler Large.prefab	d01b46363ff2c534a89a671362166e08	94cef7778c13c73a4ced0b19b5a6be4ac5bc63728282008748859b5119cd4444	163894	6628	11	31	0	0	0	1	5	0
Assets/Prefabs/Hornet Enemies/Corpses/Corpse Arborium Keeper.prefab	84be76225e808a346bfdc35e89d02f83	43352e4af09509203bc3eb442aefaa259b1124e22fe58604aeb3dd94ebce33b4	27142	1012	4	9	1	0	0	1	2	0
Assets/Prefabs/Hornet Enemies/Corpses/Corpse Aspid Collector.prefab	effdad37fd56aac43a070a458f5b9b57	2d8580ba64a83899b6a5d312b85b0034f39b78fad0cbc92a547ece7ed251b7b8	10581	380	1	8	0	0	0	0	1	0
Assets/Prefabs/Hornet Enemies/Corpses/Corpse Aspid Hatchling.prefab	478a6d0c45faf5348a6301ea637f0cf8	c376a6fae9f9a59a7b6014a5399b441af3526d24a38ed0ca5a35c4f205fac533	4514	154	1	3	0	0	0	0	0	0
Assets/Prefabs/Hornet Enemies/Corpses/Corpse Bell Fly.prefab	01210848b5da03b4da8b5523516cd8e4	c5a288de00ab229bcf6d78740e20ef99ccbe3e41bbb0f0c7eba1b6cd128ecaff	52508	1937	4	10	1	0	0	1	3	0
Assets/Prefabs/Hornet Enemies/Corpses/Corpse Bell Goomba Shiny Variant.prefab	8b4ec9de32058904ca3e8259beffd5fd	9a71f001c7b84614a56eab549b5517f0c7c88da6ff18b6ea72a58ef684210081	57187	2050	4	13	1	0	0	1	3	0
Assets/Prefabs/Hornet Enemies/Corpses/Corpse Bell Goomba.prefab	a2c4fc412a4875f46b155dd9e418a16c	55f5b0ee3239ff0ad9a668ae35df6225b838bb5be5440aa48108724e25e8ef3a	57193	2050	4	13	1	0	0	1	3	0
Assets/Prefabs/Hornet Enemies/Corpses/Corpse Blade Spider Hang.prefab	2bdb61943ed4b954ea5e73fbc97bb021	7c7ce6d408f1f6bbd94766beac211f9763d1035481504e5516effef3ac803eed	10588	391	1	5	0	0	0	1	1	0
Assets/Prefabs/Hornet Enemies/Corpses/Corpse Blade Spider.prefab	8af4e45d20d983149b7372a1284a964c	830e48b9ba58a920dd11937de3cd1866dc38ddde67c8ef95ca2eebf96bbe7287	10581	391	1	5	0	0	0	1	1	0
Assets/Prefabs/Hornet Enemies/Corpses/Corpse Bloat Roach.prefab	107c44f84e5f65644a919e1b776cf205	6b6d1e655295c32ff8d71548b054b8fefa0c6d3bdbc75c0763018ae993903972	219012	8984	11	29	1	0	0	1	5	0
Assets/Prefabs/Hornet Enemies/Corpses/Corpse Blue Assistant.prefab	3ad705ce5bb110246aeff1a46b957d96	ea255c65dcca853ed1bbdeabf843c108a16119b35727de1981f22c6dd5cecbea	20674	755	4	10	0	0	0	2	1	0
Assets/Prefabs/Hornet Enemies/Corpses/Corpse Bone Circler Vicious.prefab	4ba3084825e903949b495adc36fab0db	ba2d9b4323a523a55955a1902d39484f08743b233ed753939ae1b22739904696	294200	12409	8	8	1	0	0	0	1	0
Assets/Prefabs/Hornet Enemies/Corpses/Corpse Bone Circler.prefab	b0c2b0a954f500b4486a344e88f7f063	1a187d006f89e3f3367652d4cec91f67a4b1852c27d2f4e182def140652a6405	296313	12504	8	8	1	0	0	1	1	0
Assets/Prefabs/Hornet Enemies/Corpses/Corpse Bone Crawler.prefab	da616176719de94408762ff8119657f9	02e13bc9eacf957ff45c119b1bcb72e33569d790a16f8ef56f988ef0664e359c	26612	1021	4	10	1	0	0	2	2	0
Assets/Prefabs/Hornet Enemies/Corpses/Corpse Bone Flyer Transient.prefab	ddebbbfd10a598149ab8e55fa01d6c7e	6df9766208067db342b5e2f04d1b0696aa98c9688a520c8a6428b6ae24a2bd6e	17314	635	4	9	1	0	0	0	0	0
Assets/Prefabs/Hornet Enemies/Corpses/Corpse Bone Flyer.prefab	dc121e4b411d4a949aea6d1ecaba34cb	957a82fda6a991f2d88cd6f5f89f826c13d3e234ebfb2e70e60149d030a6ae83	594869	25090	18	21	1	0	0	2	2	0
Assets/Prefabs/Hornet Enemies/Corpses/Corpse Bone Goomba Bounce Fly.prefab	6250ccef0a5d9694bb9bc7d48ff4008e	464eef55555445eb8096df39bd0525e8aac19d3d49b8b99e890eb7fbd3cd4aaa	461456	19519	12	9	1	0	0	0	1	0
Assets/Prefabs/Hornet Enemies/Corpses/Corpse Bone Goomba Large.prefab	80c279676323556489ad09b528b4d64d	7ef0feafb0bffc5d5e005794a7cab4ae7a1623ec471de04f08cfdc12b35267d7	1227586	51872	35	27	1	0	0	3	4	0
Assets/Prefabs/Hornet Enemies/Corpses/Corpse Bone Goomba.prefab	e52196971a656e944932dfe162079df6	75d5cdfba20b09762e2f2a26ec39ac4667d3792dfd170636eb895918f6fbd167	352411	14878	10	8	1	0	0	0	1	0
Assets/Prefabs/Hornet Enemies/Corpses/Corpse Bone Hopper Giant.prefab	2e84caff76ac77f42ae39c80eefc09d6	3f502b828e3354cf9c04db4eb82003e23f0194160682001d62f56eaad1a1a5bc	170428	6958	11	22	0	0	0	7	4	0
Assets/Prefabs/Hornet Enemies/Corpses/Corpse Bone Hopper.prefab	359a7d49b343cda4c9a7a742b31d9734	a8f19b1c51228e0d63399d6d39411590a404e4a12eb4f445c61e9c670e954c1a	591367	24971	18	15	3	0	0	2	2	0
Assets/Prefabs/Hornet Enemies/Corpses/Corpse Bone Hunter Buzzer Transient.prefab	1b0272fb389f3e645a9b07c46153d447	c82e1473f59eed1fdbed93e9c1723cdd20bfb54321d596330fe05c9f4c7c6d21	292301	12347	8	7	0	0	0	1	1	0
Assets/Prefabs/Hornet Enemies/Corpses/Corpse Bone Hunter Buzzer.prefab	2287daa0eea08ec4ebdf38c04103abe2	6faab3b3dc3c4a9db79499b537d395700dc0fef7d7b609b51b644cde346464ca	292291	12347	8	7	0	0	0	1	1	0
Assets/Prefabs/Hornet Enemies/Corpses/Corpse Bone Hunter Child Transient.prefab	15ccd83a297aa3744ac30e13fe00aaa3	9b5f428a301467ed71f93ba6dd02f83df4dccd31a3cb687bf2613ee715128ea0	306324	12848	11	15	0	0	0	1	3	0
Assets/Prefabs/Hornet Enemies/Corpses/Corpse Bone Hunter Child TransientAllPieces.prefab	ccca856bd1278314f889ba80e37491ec	849fb7136da827335fa3ca35dd6717d63e87cc7d44fb55090321750e5e083a0f	23193	838	4	15	0	0	0	1	1	0
Assets/Prefabs/Hornet Enemies/Corpses/Corpse Bone Hunter Child.prefab	536b0f14bb169c346bf9e73a864c850e	fa2e5e13adc8e3f9cdec1c0b96dc67318b40927b92cfee61ccf277c1f2130e51	313172	13115	11	20	1	0	0	1	3	0
Assets/Prefabs/Hornet Enemies/Corpses/Corpse Bone Hunter Fly Chief.prefab	dae3c14d27e4f4d4fa88149ce1da6e09	2a870cff2334a01045abf85ecc93d124aaa31b4075927ca6d7e22236626e5676	13720	514	2	7	0	0	0	2	0	0
Assets/Prefabs/Hornet Enemies/Corpses/Corpse Bone Hunter Fly TransientAllPieces.prefab	660ca71c479cd8640af194df589ac759	274e866ef469ff502c6a53179d18268066ac2b5ee20af3bdbb32404b9fd04af7	23209	838	4	15	0	0	0	1	1	0
Assets/Prefabs/Hornet Enemies/Corpses/Corpse Bone Hunter Fly.prefab	7f3d332544f506f458670a20f35d7a7a	07c0da3cd8ca445b924c61e65239c436b262da453f1615ffb3abe2dc2531f634	26682	975	4	15	0	0	0	1	3	0
Assets/Prefabs/Hornet Enemies/Corpses/Corpse Bone Hunter Throw.prefab	db2bc3195e99efb4a84591c23b0a90b3	5fb462e32aa91b6c748c00e637413d896bdc00ee4b55a887a561bcf312bf2235	39118	1434	7	19	0	0	0	3	3	0
Assets/Prefabs/Hornet Enemies/Corpses/Corpse Bone Hunter Tiny.prefab	86d02bd5c442e404e8453fec4ead4db7	a69aecbdb9209c4df804f69cb0e17b692d7847012b8690d6242b78be8678082c	31579	1155	5	19	1	0	0	0	3	0
Assets/Prefabs/Hornet Enemies/Corpses/Corpse Bone Hunter TransientAllPieces.prefab	63d346cd42d64c34dace89b0409f8493	6d3baca8d8f3b9243b1d7f0c037964d87b19ce66d9ba79fc536d4aad3f616b6c	23181	838	4	15	0	0	0	1	1	0
Assets/Prefabs/Hornet Enemies/Corpses/Corpse Bone Hunter Trapper.prefab	d7ffd995b0bb7454ca6b934a3ee510cc	ef5bd2182668ce026c4b2f4a9dfa217b5db95b2b44a89c7e57f2ecb114820734	187570	7525	5	8	1	0	0	2	1	0
Assets/Prefabs/Hornet Enemies/Corpses/Corpse Bone Hunter.prefab	ff54cf80eb741bc4594c3e9db301687e	86bec5650338d89693d9e382e841a41d4c9f06e3a3fd8644e23c4aad336a5024	313502	13127	11	20	1	0	0	1	3	0
Assets/Prefabs/Hornet Enemies/Corpses/Corpse Bone Roller.prefab	713201b64ad53a84e8f5cb779a24cf70	cf878a02fdec8077300dd090ff298bab74234d846b645e2581d17756604263da	10524	391	1	5	0	0	0	1	1	0
Assets/Prefabs/Hornet Enemies/Corpses/Corpse Bone Spitter.prefab	c3708f1cf7bf55e4cbeed11855b702c6	89580222a090407e983f3b5ee261a43028f66afb86b745cd559a35f4c3ae7086	18412	689	4	6	1	2	0	0	2	0
Assets/Prefabs/Hornet Enemies/Corpses/Corpse Bone Thumper.prefab	1c29a98695f3bd24488552d326417ce8	e21199a849053126a40dd3282a94d5c21f4a7432f3afbcff009463dcfca21fff	22987	849	4	10	0	0	0	3	1	0
Assets/Prefabs/Hornet Enemies/Corpses/Corpse Bone Worm BlueBlood.prefab	ca1d81f163a78344fa14da5080787458	37a9c678548b88be00bb9ef0570e5d2fc9f3443dc6f5e4443af6b3c0b58cb776	194967	8081	12	13	0	4	1	1	1	0
Assets/Prefabs/Hornet Enemies/Corpses/Corpse Bone Worm BlueTurret.prefab	cea1a69e4b75a844c985b196d755b2d3	23af0f89f07305dbb06c193e96885fd4bfc788852bf6d061ebf98939aa81de8d	314053	13094	16	18	0	5	1	1	2	0
Assets/Prefabs/Hornet Enemies/Corpses/Corpse Citadel Bat Large.prefab	c244e81b7610eea42b272165a8a43650	4e2dfea12d2d2cab139e34ea3af877681f52c6b86b2ec291174f05470f6d5b63	8221	293	1	5	0	0	0	0	1	0
Assets/Prefabs/Hornet Enemies/Corpses/Corpse Citadel Bat Transient.prefab	aa2ea86e75be93041b71b0349dd3f400	74dddfb6f1d503c583fb020f9614f4ca8dd387f10a71f33445d721fda69dc185	8226	293	1	5	0	0	0	0	1	0
Assets/Prefabs/Hornet Enemies/Corpses/Corpse Citadel Bat.prefab	9564922f8ddc00f47acbc61ea2f9406e	0631adfab290a991f04dfb7912aa5cbbd85b38cbb5fae3a0dd952f8429ca8203	8525	297	1	5	0	0	0	0	1	0
Assets/Prefabs/Hornet Enemies/Corpses/Corpse Cloverstag.prefab	da11f74cc05df4349bd233fe985987ad	aa09c1dd4f79b97d24cb94f563a099f866ea5091d7cc54209d272d43e8459856	8340	296	1	5	0	0	0	0	1	0
Assets/Prefabs/Hornet Enemies/Corpses/Corpse Conch Shooter Heavy Transient.prefab	067cc89430a611f4f81a6449d1ca4ae2	02d1dd6fd6c28ec58e6a33b86537cae46fa9521e8f6adcbdd19f12cf3d765434	65268	2710	2	5	0	0	0	0	1	0
Assets/Prefabs/Hornet Enemies/Corpses/Corpse Conch Shooter Heavy.prefab	2d8ecd277dcee804ea64b537895da4a0	e4e81250016181057042eeb522bd11b45cc1cf67773feb043803e5e25b394153	65302	2711	2	5	0	0	0	0	1	0
Assets/Prefabs/Hornet Enemies/Corpses/Corpse Conch Shooter.prefab	887f5557528efe742b7941d77e71a999	193cbdbb432a222d473dce50a07cb34cfad2e68169f351e4ee2f5270f9906465	65305	2711	2	5	0	0	0	0	1	0
Assets/Prefabs/Hornet Enemies/Corpses/Corpse Conch Stabber.prefab	620d4e43af83c634cb241fc55a077c7c	5d1e4f5570bb0748e603392ea2e466cca9fa95e80bea13e775d0553934926d23	8323	294	1	5	0	0	0	0	1	0
Assets/Prefabs/Hornet Enemies/Corpses/Corpse Coral Big Jellyfish.prefab	e6120320b8efa4e47952bf4e8b36bb2c	dfce46d671c5f06eee8c358b1e7a8a9238b24c22dc239c49d57595ffde3992d4	252109	9294	27	72	6	0	0	6	10	0
Assets/Prefabs/Hornet Enemies/Corpses/Corpse Coral Brawler.prefab	799b0d8f7d2bc744fbfaec31388afa28	1caf785d30db1c73a0df3f1fb64df542866e8e87f1f40028d8468b260b77b887	367463	15445	11	11	1	0	0	3	1	0
Assets/Prefabs/Hornet Enemies/Corpses/Corpse Coral Bubble Brute.prefab	d710d3c045a42a6479d7f045df00a015	0d34bf19ef2fba57ee943df22035cb817c6d5ba1a14be23c8eb82a3f99b178ca	481626	20275	13	11	1	0	0	2	1	0
Assets/Prefabs/Hornet Enemies/Corpses/Corpse Coral Conch Driller Giant Solo.prefab	317bba91a7db4a647a34946963a90e25	217554c687a54e6ad73143441491a76da57080258c1c52b4e5d4dd450ad9b815	188243	7521	7	16	1	0	0	0	4	0
Assets/Prefabs/Hornet Enemies/Corpses/Corpse Coral Conch Driller Giant.prefab	2db4e4a5de4ea41489b2d3cbe83c07d2	6afaf1ed279d62e5596d3953bd137ed914937cb23b2e1e6243d360dbff2cfb62	182717	7319	7	16	1	0	0	0	4	0
Assets/Prefabs/Hornet Enemies/Corpses/Corpse Coral Conch Driller Minion.prefab	9d3756af97d98104b811640e3f342dca	768f413b6f5847860978e7fc854066547d848041b93e9485c5dd8d703c126521	123229	5169	3	5	0	0	0	0	1	0
Assets/Prefabs/Hornet Enemies/Corpses/Corpse Coral Conch Driller NonTransient.prefab	c95a309c774dc384e9a3129d5c6b181b	b46ccb678025be60ddcd08ea38f9f41d4a84abe0c835b14290bac322eae20ab0	254582	10621	10	15	0	0	0	0	4	0
Assets/Prefabs/Hornet Enemies/Corpses/Corpse Coral Conch Driller.prefab	32aedb32bb3d01442bab572a29c0f957	8a943e9d35e51d5c642c13e70fda86b7be6cc34fa35c52ff1f18af6c1603f309	254625	10621	10	15	0	0	0	0	4	0
Assets/Prefabs/Hornet Enemies/Corpses/Corpse Coral Flyer Throw.prefab	122793054aaf3424ab6d312ad437d1b8	862701801aeee0a474bfd5dc28aaab8cfb9b27416a0051ee449065bd6e9c9c0a	235287	9929	6	5	0	0	0	1	1	0
Assets/Prefabs/Hornet Enemies/Corpses/Corpse Coral Flyer.prefab	3f7828ff124946b4a8b96f4b80b2348d	51e8a1d762d57528dededb19677e3511b3d0691e534f483a5257b4b83f209818	239110	10080	6	6	1	0	0	1	1	0
Assets/Prefabs/Hornet Enemies/Corpses/Corpse Coral Goomba L.prefab	6368008b69a0ab74a825533ab824bc5a	b4672ef15caa53b126b393f24d8e53b85e742bfab9a4b8fabe452fb0c58f7679	147689	6049	7	12	1	1	0	0	2	0
Assets/Prefabs/Hornet Enemies/Corpses/Corpse Coral Goomba Large New.prefab	663b73b2e3e3f6a448a550a5c497f499	ddbcb9c1fbdd92a6391e795894ca2b233387ec475d5a8afbf15ae822348bc16a	293299	12048	17	36	0	0	0	3	7	0
Assets/Prefabs/Hornet Enemies/Corpses/Corpse Coral Goomba M.prefab	91853dfddde7a944987d3f11689a2df3	c5dae247df4fdef75b5f72e54362ebddbf8264776ae89b8f34f06fb4f46ab6de	147548	6044	7	12	1	1	0	0	2	0
Assets/Prefabs/Hornet Enemies/Corpses/Corpse Coral Hunter.prefab	5cd6734ad76f1bb4b9e9e9bf52601756	3a1adf7539c152e18160ea2cdae39df44de0d4b1885ff4c796401e6b71bb1f35	295068	12444	7	6	1	0	0	0	1	0
Assets/Prefabs/Hornet Enemies/Corpses/Corpse Coral Judge.prefab	4b2ea99f4b9257f41867f4727c477148	e049b896f62da143dcd5828c8048c984c51306d40f6a82336f0c5b3a3f1edf3e	31857	1174	6	13	0	2	0	2	3	0
Assets/Prefabs/Hornet Enemies/Corpses/Corpse Coral Poke Swimmer.prefab	b1a4c1ae2d774734a8992f1e36d8df6b	b2ead52672e67023bde7f1d7b69b0778a8fa1efa0b5fcfa01339b0a79e0433ae	18465	692	2	10	0	1	0	1	2	0
Assets/Prefabs/Hornet Enemies/Corpses/Corpse Coral Spike Goomba.prefab	5b12bdd13444ea04c88a47fb97d4b01f	6f568d71b1c7e86325482d38ccf68d1d3a3a8cc798bc3471e7a485f4f79c4159	68893	2861	3	5	0	0	0	1	1	0
Assets/Prefabs/Hornet Enemies/Corpses/Corpse Coral Spike Swimmer.prefab	8f66b0c7269b047448d13b2ea01e0abb	51202f7c1fff24f5152990a43875038b37abd9c34f7a54b16621e56b13ac7843	9768	356	1	7	0	0	0	0	1	0
Assets/Prefabs/Hornet Enemies/Corpses/Corpse Coral Swimmer Fat.prefab	d4c431c3c99165a4a8394966859f3ea9	ab3403ef8ec3675eac9d59712c7cb4a68a448a51157ec983145b59592b3c0a50	9737	356	1	7	0	0	0	0	1	0
Assets/Prefabs/Hornet Enemies/Corpses/Corpse Coral Warrior Grey.prefab	e00222da3d23dbc43b70c2e3f1255c3b	8f71363c6dc9e705c1613702839820105385b688bc8a47e49c9b97fb7e70ed60	835883	34902	22	29	1	2	1	2	4	0
Assets/Prefabs/Hornet Enemies/Corpses/Corpse Coral Warrior.prefab	eb444a5fa07aa834086baed74010f0f9	31383850bf955d8765f19d4c92b47fdfdb892796086014053ade11bc26fcbbb6	308055	12945	9	10	1	0	0	2	2	0
Assets/Prefabs/Hornet Enemies/Corpses/Corpse Crow.prefab	fde3fb478e654a6469ec9be83392b9f4	9c8e16de0367b04a8163fb0e991d94649d86f3e55c4b6b358a8124216ce00da2	120361	5063	3	5	0	0	0	1	1	0
Assets/Prefabs/Hornet Enemies/Corpses/Corpse Crowman Dagger Juror.prefab	c2e39c638f708b6469f88e080bb74afe	3b16be2aeaac7766d9efe7f60414073a07167b644ba6a46201a9b61e3e8c51a4	204835	8439	9	25	0	0	0	2	3	0
Assets/Prefabs/Hornet Enemies/Corpses/Corpse Crowman Dagger.prefab	f3e85bc84782d0a4e88b71c92c7974d5	31517f572a7fc25c1db73cba8980e5e7b2a334c7ba54ed22384b38c946d538d5	119809	5040	3	6	0	0	0	1	1	0
Assets/Prefabs/Hornet Enemies/Corpses/Corpse Crowman Juror Tiny Wild.prefab	5d96aa5e54719154e8d51fdc0fa1842b	4649a2bb9fe4da6c84a241de75a0f3526983d9efa538d546949dd189d7353018	195191	8106	7	19	0	0	0	2	2	0
Assets/Prefabs/Hornet Enemies/Corpses/Corpse Crowman Juror Tiny.prefab	e5f633748a90a1b41b01a04f6d2fa5ad	c830e49fef09b926a00b8cf7bfb793e445ecf0d0d87f057297b0082b077d9d1c	195184	8106	7	19	0	0	0	2	2	0
Assets/Prefabs/Hornet Enemies/Corpses/Corpse Crowman Juror.prefab	fde7c02ee7b6a754bbef6fcc742934d7	0366a22910f8b85c414494d7b02e4a01f2b6a5566bfda835bd8fc699f147c7d5	222059	9060	13	32	0	0	0	2	7	0
Assets/Prefabs/Hornet Enemies/Corpses/Corpse Crowman.prefab	f9a0041d66d97cb41ab168910015448e	9285ce0fde92d4c38a1ff5aa9f0e526074d1cb1d6a4ec83d11a0ef8de5726f21	127205	5308	4	10	0	0	0	1	2	0
Assets/Prefabs/Hornet Enemies/Corpses/Corpse Dock Bomber.prefab	0841823224391b74b87205c0c035f1f7	166b6c3654357400776a1fa7d696df7eb7f579560324ad17116aaac56ed38fa8	455075	18979	13	17	2	1	0	2	2	0
Assets/Prefabs/Hornet Enemies/Corpses/Corpse Dock Charger.prefab	3336e7503b0d10947901f7183213ed9f	a35c358c9272c2c39433f61e2d60cd5f63f0937afff29bbd761f1482b81980b3	308720	12957	11	13	1	0	0	3	1	0
Assets/Prefabs/Hornet Enemies/Corpses/Corpse Dock Flyer Transient Lava.prefab	1ea7c38f4f437604199079a8daaa86b1	eb2f3140898a726c6156869b9bb9c2880f6a687a195c9597923dd596d77372fb	232413	9775	8	12	0	1	0	1	1	0
Assets/Prefabs/Hornet Enemies/Corpses/Corpse Dock Flyer Transient.prefab	d94259332149dcf43ab2e6d78986a74e	9c6fa2930521e9ca4bd09a3d4c4891adfae08e849b99c009010e8fc6eed0325a	8485	297	1	5	0	0	0	0	1	0
Assets/Prefabs/Hornet Enemies/Corpses/Corpse Dock Flyer.prefab	f77f9c9575e204445a474857669e5b53	18567ed5d89af7b15dc202f27653d80485fe4bafbdb20c97cd63010f49b3eca8	294204	12410	8	8	1	0	0	0	1	0
Assets/Prefabs/Hornet Enemies/Corpses/Corpse Dock Worker.prefab	cbca99a32c61f434bac4cbab7247a8ca	e474af43f70065cffad943350ac4f13417307980480f06a05fd4e5108381955b	304610	12807	9	14	1	0	0	1	2	0
Assets/Prefabs/Hornet Enemies/Corpses/Corpse Dragonfly Large.prefab	0fd617254dfbef84fa5f08bb5126f410	8656917b290bd2bf10db8da832228eaffcc72a9f13665086613410bf61d4e111	8338	295	1	5	0	0	0	0	1	0
Assets/Prefabs/Hornet Enemies/Corpses/Corpse Dustroach.prefab	b93068bd99de32a408966eaed6c7c243	7bdfc630b0ae80315f29403f62e4b975ab850bb855cffcd0b2025eb4d62b2162	8480	301	1	5	0	0	0	0	1	0
Assets/Prefabs/Hornet Enemies/Corpses/Corpse Farmer Catcher Transient.prefab	80472aa9076600a40b4befaf3473adc1	fe86480535f7d2e13f007133370bbaf4308a123669d33e623392508f4aa4ebd1	31021	1158	9	10	0	2	0	2	4	0
Assets/Prefabs/Hornet Enemies/Corpses/Corpse Farmer Catcher.prefab	2e6dbfcde2eb26042a684d7195fc7d90	63921d344ef9f6c80ed0c305d3e0db2ea5c47b720490c096eab75c4a9fcf175f	31015	1158	9	10	0	2	0	2	4	0
Assets/Prefabs/Hornet Enemies/Corpses/Corpse Farmer Centipede.prefab	c1974350b8a610a4f828fef423914b32	a2f210c129e097dff9f05990ce0052550287c7336a99712965ece7c2700b8351	30425	1130	9	10	0	2	0	2	3	0
Assets/Prefabs/Hornet Enemies/Corpses/Corpse Farmer Scissors Transient.prefab	862e70a58aa69534aae5ba53a24d38c3	4aed83bcb5e8314a21554266d18aa8ac7dea3be56560e9f567db5e4c03866d04	30619	1127	6	13	0	0	0	1	5	0
Assets/Prefabs/Hornet Enemies/Corpses/Corpse Farmer Scissors.prefab	7a7cdc0ae74b87143ae87713a8b5147d	8d2fcf1a3ae99c00ad2b395e629dbd28998893557b06d2fab1c4a9f4ac74dcb3	30665	1127	6	13	0	0	0	1	5	0
Assets/Prefabs/Hornet Enemies/Corpses/Corpse Farmer Wisp.prefab	23fb574ba07876340bdc821a74ad2bd0	1f6daf7c48bbacdb4b1cc7f9ceb6c25c485d67c7c1f53303d04c540b942e9cd9	657877	27669	19	15	1	1	0	2	4	0
Assets/Prefabs/Hornet Enemies/Corpses/Corpse Fields Flock Flyer Short.prefab	93c09a739516f644a80956cee06728d9	cc95448e2871b7d16e3babf04dfb86ced183d5e07fbb15555799b8ed86f0aaf9	8998	314	1	6	0	0	0	0	1	0
Assets/Prefabs/Hornet Enemies/Corpses/Corpse Fields Flock Flyer Tall.prefab	f5df17714f0705d47be60b68ac8ca5f9	fa8b81b5a6ee7489e18decdf3efa005fd8957d727cc1f3c80817f6882eaad132	8997	314	1	6	0	0	0	0	1	0
Assets/Prefabs/Hornet Enemies/Corpses/Corpse Fields Flyer.prefab	88da15c5ea112c043b480222aafde84b	3ba9ac7d6a679623f67d0fbaac867aa73c41f6c64894be05eaecdd06b58e807b	62716	2613	2	5	0	0	0	0	1	0
Assets/Prefabs/Hornet Enemies/Corpses/Corpse Fields Goomba.prefab	046a716760a8eab4ca362600a68f48d1	83e01874a023d14b34a5e14b0178fa573babe2d30e28334c14638bdf3ca5e780	62731	2613	2	5	0	0	0	0	1	0
Assets/Prefabs/Hornet Enemies/Corpses/Corpse Flower Drifter.prefab	62baf9b437f195e458bd3a0606d9d1b0	38c5c73bafcc7f1774789eea7b021f5a66e2e326cc4b09d4daa86f1815eb47d4	179723	7542	7	9	0	0	0	0	2	0
Assets/Prefabs/Hornet Enemies/Corpses/Corpse Gloom Beast.prefab	81bd4c457a6badc47851e50bec4c5977	00f3e3f238f741396a4f20b08f9e85bcd4a55d87d49a94a1e2956f06bd16907e	189293	7918	8	14	0	0	0	3	1	0
Assets/Prefabs/Hornet Enemies/Corpses/Corpse Gnat Giant.prefab	9a00575c0a787374cbd681e6f81824ba	7de6c108076612172a067bae778a0bddd2cebb11772e78dfe9f4d3e1c92020cc	22833	844	4	10	0	0	0	3	1	0
Assets/Prefabs/Hornet Enemies/Corpses/Corpse Grass Goomba.prefab	77f6149ad21e66249aeb175b0a61d3c8	2d6d07834f3e5c9295bec905b261f6f855b66334a8b8302d6af529c4c3c3503e	8411	296	1	5	0	0	0	0	1	0
Assets/Prefabs/Hornet Enemies/Corpses/Corpse Grasshopper Child.prefab	fc2ca892826681e448e9456897262034	2ab357cea2a5416a0981660e9b801096c22615b9ad48981cf41defe0ecae8da6	8266	294	1	5	0	0	0	0	1	0
Assets/Prefabs/Hornet Enemies/Corpses/Corpse Grasshopper Fly Transient.prefab	8c0d7fffca24c1740a4170a78fe904f8	40a95046dc953c9b7a7063346331b0e93ead40d5882505998d49975bdbc2ccaa	73629	3021	4	10	0	0	0	2	1	0
Assets/Prefabs/Hornet Enemies/Corpses/Corpse Grasshopper Fly.prefab	afea688b2a98dcf438ef26edff3631c7	9132d3bcaec20c5a0cb2d90e0a7c0fa893af2636960be4f88f906dcfd83d0450	10556	392	1	5	0	0	0	1	1	0
Assets/Prefabs/Hornet Enemies/Corpses/Corpse Grasshopper Slasher Transient.prefab	7db4f9fcc3dabb240a85baaecf3f3337	4994a0543cc9102f3ebe0b7799e4a184a4572d6188e7161cac413fd61f66cefa	73549	3020	4	10	0	0	0	2	1	0
Assets/Prefabs/Hornet Enemies/Corpses/Corpse Grasshopper Slasher.prefab	fda957e55929a2b478a1a6be4a71acb2	15a4f6605c93bd66a5314130814e4c56a52463dd790aaf52adc51b9d45f509a2	10483	391	1	5	0	0	0	1	1	0
Assets/Prefabs/Hornet Enemies/Corpses/Corpse Green Prince.prefab	ad18479a567b2c349be3dafad3ff561b	bbe97853de9619fc74fa6683a0c89d510d5abaeed46d8157c525c033400c589b	892918	36493	35	28	2	12	2	1	3	0
Assets/Prefabs/Hornet Enemies/Corpses/Corpse Grove Pilgrim Fly.prefab	8680208bcc0b19a49ac15e6491e67f96	5854f009b18196747691d86cef287c3c9ed04fcaeb1198724d8c1800e37d46ac	129490	5381	5	10	1	0	0	0	1	0
Assets/Prefabs/Hornet Enemies/Corpses/Corpse Heavy Sentry Transient.prefab	4e713dad7a87c8147b5a397fd438b361	98d08f5d4dfd6daebab4a9b3e77882983d9ebba8449eb6a86d7248603cf130b4	367800	15136	19	42	1	0	0	4	5	0
Assets/Prefabs/Hornet Enemies/Corpses/Corpse Heavy Sentry.prefab	0852aa150eb9c1645be557b0bd540503	6712260859eac0cfc72d6f4747f4695fec1adfd894818becdd3f884e267af5da	366287	15084	19	40	1	0	0	4	5	0
Assets/Prefabs/Hornet Enemies/Corpses/Corpse Hornet Dragonfly.prefab	1f9e0e55b591fc849a2365d219cb3106	059a997492dd82e06fc63deb8e8bb06b6d1668fab881fc30e61a2ef454d72b6c	15165	541	3	7	0	0	0	0	2	0
Assets/Prefabs/Hornet Enemies/Corpses/Corpse Hunter Queen.prefab	10d01d7b57f07e4478d3ec2b39c29f39	dbf00546c08a9a71ee27d6b5a61cf8acf95edee2d70cf62de5bcbc9ed395b030	907107	36994	34	27	2	12	2	0	3	0
Assets/Prefabs/Hornet Enemies/Corpses/Corpse Judge Child.prefab	49b7378c8fcc37648bb67618519df068	40e17360b6e6cee99ceb3430962cb102f17dc6fad0b73a8cfa46e88135fbf97e	16897	634	3	8	0	0	0	2	1	0
Assets/Prefabs/Hornet Enemies/Corpses/Corpse Lightbearer.prefab	6b4e8e1f372165f4b9cba475049f2127	1246c0cb907328c52e65da777234e8354ca3c284e0cbdcfcd3a047e00f4ef709	67554	2808	2	5	0	0	0	1	1	0
Assets/Prefabs/Hornet Enemies/Corpses/Corpse Mite Heavy.prefab	dad5429aa070d4846a822f94733a52cf	94583703dfe26f688d092d4f8af184745b153b78e4be523a53a4fc8492d03afb	8189	293	1	5	0	0	0	0	1	0
Assets/Prefabs/Hornet Enemies/Corpses/Corpse Mite Transient.prefab	3f711e0daa65e1349be69f55db4b90b9	7f3d696cd943d5b3990ec299919c21a0bd23278fa821e54fbe19dbb8a4d4ee98	10732	375	1	7	0	0	0	0	1	0
Assets/Prefabs/Hornet Enemies/Corpses/Corpse Mite.prefab	8f8908f787aec7b4c8c371f961649a55	64bb0823154ba003f84188e43905d8d7a4e8408b3616763709f669e267495ee3	10950	378	1	7	0	0	0	0	1	0
Assets/Prefabs/Hornet Enemies/Corpses/Corpse Mitefly Transient.prefab	f0d04763853211f4cbccf58fa2716900	e5188b045c0b31faf03c293fa36b97eaa43786b7a945196430c328f0978fefd6	8200	293	1	5	0	0	0	0	1	0
Assets/Prefabs/Hornet Enemies/Corpses/Corpse Mitefly.prefab	5059f3921999ceb4c83126318f0a1610	88edf06dbdd699c0c8fe409daf4436c1df796884ca8160bbcfe2a7c81f1c3358	8266	294	1	5	0	0	0	0	1	0
Assets/Prefabs/Hornet Enemies/Corpses/Corpse MossBone Crawler Fat.prefab	a78af2ad9d7c6b741882c69ea16b2de7	4281119d6cfbe7fe5c2d09c39d0b88beb358c6d078d4da023943d395dfb683dc	77101	3160	5	8	0	0	0	2	2	0
Assets/Prefabs/Hornet Enemies/Corpses/Corpse MossBone Crawler.prefab	309887ce07544024ebd0c554d2602d21	0b244929d00266e9eb93e40378d5ca4d84e54e51212603b743bdc800fff1b595	10526	391	1	5	0	0	0	1	1	0
Assets/Prefabs/Hornet Enemies/Corpses/Corpse MossBone Fly.prefab	90c813d80b4696342a75dbaf752eaa36	a031405dd9c1064def6ea7112b21a26932ed4b010d7c0eeb8f6c1571dc432a17	10535	391	1	5	0	0	0	1	1	0
Assets/Prefabs/Hornet Enemies/Corpses/Corpse Peaks Drifter.prefab	d0a32bda21b29b244b768f24c6cc4be0	38b70cd1c413d310cb8f5a8867001f5aa1a22effd435e16fc68522ca1419a106	7392	261	1	6	0	0	0	0	0	0
Assets/Prefabs/Hornet Enemies/Corpses/Corpse Pilgrim 01 Dummy.prefab	b25f2902a6ebbad4880945135d2f40be	33c0a8e8a549869a3fdf7d6d8c7e0b599e8cffe4dc3477ab31a49d5532c61fc6	8261	293	1	5	0	0	0	0	1	0
Assets/Prefabs/Hornet Enemies/Corpses/Corpse Pilgrim 01 Song.prefab	879f1f8ee89ac7c40905534e9df380f4	385a3f95920b943c0cfefb246f267e71d9b7e325f7df0df779850d0dfc02ff74	10823	399	1	5	0	0	0	1	1	0
Assets/Prefabs/Hornet Enemies/Corpses/Corpse Pilgrim 01 Transient.prefab	8fb3799c978ce4a489b67d30aa1b4011	f11c3e69285f73ca87b7fc5ca5698297b95308d8971b74613c12e5bc59fda454	10684	399	1	5	0	0	0	1	1	0
Assets/Prefabs/Hornet Enemies/Corpses/Corpse Pilgrim 01.prefab	fddde555cc7e6a04b98025964c506f28	dad55082e401f9c6fea4d685877b087a1d7f719115e8d7b5ed44bcad2013730d	10813	399	1	5	0	0	0	1	1	0
Assets/Prefabs/Hornet Enemies/Corpses/Corpse Pilgrim 02 Song Transient.prefab	041b0ad967f9e4741933ca843d09d58e	6f352ed823850568e6bb194e4b4ce9629c523e8ad6293519f47c2d3e4beca8e5	10538	391	1	5	0	0	0	1	1	0
Assets/Prefabs/Hornet Enemies/Corpses/Corpse Pilgrim 02 Song.prefab	ce9ff5112c2b95445ba7b5d3caab62f6	7ccd1f19ab4b7b14526b458965c28db3e85bb082feb54d85840e22dacf0823fb	10819	399	1	5	0	0	0	1	1	0
Assets/Prefabs/Hornet Enemies/Corpses/Corpse Pilgrim 02 Transient.prefab	7e7b969fcb785cf42895f4c91063b89b	d6382df3b0d664b5e134ab43c07a58dc4a63e9f2c3828eabe451009b09847afe	12416	453	1	6	0	0	0	1	1	0
Assets/Prefabs/Hornet Enemies/Corpses/Corpse Pilgrim 02.prefab	10ac00113f227f047b0c1e2525e0fb64	25bc1fc2b6a3766f0b167d68d7162e714e45689b2a3bea97f4e88741855cf8db	296540	12512	8	8	1	0	0	1	1	0
Assets/Prefabs/Hornet Enemies/Corpses/Corpse Pilgrim 03 Dummy.prefab	9f6bfa715f60a3145916b855fce16654	a2b660d8e481e6e1ec4ab784e723629c5a3c2d5166c815d8a10ee2396590c976	8272	293	1	5	0	0	0	0	1	0
Assets/Prefabs/Hornet Enemies/Corpses/Corpse Pilgrim 03 Song Transient.prefab	98319f17295394a42baa5bdc7194f5f7	1409dcd8ebd83826e218d25aa3b76714097349d1a133416303e58a913efa0eac	10745	399	1	5	0	0	0	1	1	0
Assets/Prefabs/Hornet Enemies/Corpses/Corpse Pilgrim 03 Song.prefab	6e8743f1062b02a409b80cba1095da4b	656829490647673ee4e81acf0a5660664b5b4327f7ca9fd0a40d34293fce4414	10735	399	1	5	0	0	0	1	1	0
Assets/Prefabs/Hornet Enemies/Corpses/Corpse Pilgrim 03 Transient.prefab	181308893745bf5449ca36a3c7902548	8448cf86bcdd1c1fcda0e50cf706d5956b593bdf71dc0ac029fb5652d24a3afe	12288	452	1	6	0	0	0	1	1	0
Assets/Prefabs/Hornet Enemies/Corpses/Corpse Pilgrim 03 Understore.prefab	5982ccaec6a1b31418b2d2f4eb48898a	293f6e2f34a0ef830f3ee0bd00c151e025a803fbc33d07f3f72c7aa7b8407889	296206	12504	8	8	1	0	0	1	1	0
Assets/Prefabs/Hornet Enemies/Corpses/Corpse Pilgrim 03.prefab	0f2ce9a43cfa7c34ba3856d588cb5995	a37930636f9ac70df53a1f8aef733a7768053df000029a837be94dbbc46b34c3	10762	399	1	5	0	0	0	1	1	0
Assets/Prefabs/Hornet Enemies/Corpses/Corpse Pilgrim 04 Song Transient.prefab	1f9083d5f82bf9f4c885e382a0d01313	4c47af5a8a1cfac0537196de7b5e9014a06aa018fdde66f21d713b4fc9e8e7f9	10829	399	1	5	0	0	0	1	1	0
Assets/Prefabs/Hornet Enemies/Corpses/Corpse Pilgrim 04 Song.prefab	82dc292f17b15d14ab059f00749ad157	2fde524f111a30121851c3bfe8cf916875eb117f8bab2c9b591fad075ab449d4	10819	399	1	5	0	0	0	1	1	0
Assets/Prefabs/Hornet Enemies/Corpses/Corpse Pilgrim 04 Transient.prefab	ea6bfb1ba4bcf174eb33409e259f2ff6	3c869bcc9510e3169a21ecbf56b36a31cb5513be69f6e6d4236f74c07b09b588	12072	446	1	6	0	0	0	1	1	0
Assets/Prefabs/Hornet Enemies/Corpses/Corpse Pilgrim 04.prefab	c124f799b6f0a404f9d5e6bcd1e714ab	4f3827c34f8e1d275d9f395e21cacdad081a2579dd6845f9e68e78659c092395	10817	399	1	5	0	0	0	1	1	0
Assets/Prefabs/Hornet Enemies/Corpses/Corpse Pilgrim 05 Quest.prefab	ed221379635050e4181ea4a0ae04401e	4860e1197fdb6d7baa97939cc0e5c9c16270eadd307e7ad1029a972ae5c7fa3e	10829	399	1	5	0	0	0	1	1	0
Assets/Prefabs/Hornet Enemies/Corpses/Corpse Pilgrim BellThrower Fly.prefab	d099285eace7f094fbe40aeb00554227	ad4538f5ac0bd270f7eafb372960f478397b749fc90bcd4c63c8bead51c84401	10830	399	1	5	0	0	0	1	1	0
Assets/Prefabs/Hornet Enemies/Corpses/Corpse Pilgrim BellThrower.prefab	b121d09a486437443aca157a3ad6de55	aea2157844aa4c5611e31e8751b776d46e0c4dfb54cc497da5eb6e3e8388100d	10829	399	1	5	0	0	0	1	1	0
Assets/Prefabs/Hornet Enemies/Corpses/Corpse Pilgrim Fisher.prefab	ba9bdaa2162af1143a7ef507e7fe97a3	cf1eddad58bd621a9e23e6a1b4a55a6836c82f51050cda89298e281f823baf15	19183	699	2	11	0	0	0	1	2	0
Assets/Prefabs/Hornet Enemies/Corpses/Corpse Pilgrim Fly NPC.prefab	5f14a4d46a56d8344863eebb4713834d	4fcd867bfda3b73aece17b1f700a234f81e32543357f7e6b6ebeca02b06ce627	8381	293	1	5	0	0	0	0	1	0
Assets/Prefabs/Hornet Enemies/Corpses/Corpse Pilgrim Fly Transient.prefab	ef8e1e0701bc68442a4ac442a782768a	14f9b799091675d38868b46f9679139ea8d96c9f62969e35d3eac057407e9282	10756	399	1	5	0	0	0	1	1	0
Assets/Prefabs/Hornet Enemies/Corpses/Corpse Pilgrim Fly.prefab	0ff9835c778ad9d4eaac1e5c029ff731	334eda228357aa6b3001df94d9e7831c962458ec5976ab7d80ab5dcb9661fa4e	10823	399	1	5	0	0	0	1	1	0
Assets/Prefabs/Hornet Enemies/Corpses/Corpse Pilgrim Hiker.prefab	590b17c5272f7eb4ba94d9348fd7146c	2a8f819059d8aa92cfa7e723c63706a05c185d9fc114ae8c4f62222c5d3740f0	17923	661	2	9	0	1	0	1	2	0
Assets/Prefabs/Hornet Enemies/Corpses/Corpse Pilgrim Moss Spitter.prefab	52eb06504151d1841b16459558996dab	3b712123b0e766660aee4cd811a33395981062925634e19b1fde00e35702bd07	10829	399	1	5	0	0	0	1	1	0
Assets/Prefabs/Hornet Enemies/Corpses/Corpse Pilgrim Staff Understore Transient.prefab	cdd7e7f660ab58341b51ba5079e2fd8a	48fb3e977de0a01c05658da00f10ef8065c86941b8cad8230060585be3e67589	305106	12800	10	15	0	0	0	1	3	0
Assets/Prefabs/Hornet Enemies/Corpses/Corpse Pilgrim Staff Understore.prefab	0072ce1acaa4a684fb16057db2377432	c6ed7fa6a3c1071c2fdab53d0230ced907327bc2f720b1c27ae504b16d73b100	306320	12866	10	14	1	0	0	1	3	0
Assets/Prefabs/Hornet Enemies/Corpses/Corpse Pilgrim StaffWielder.prefab	50462f8b54f80374f93fdb4f4943700f	f7a95fe196eccd0893f292343026bed618898048d7c047b7ce4d6a6f0f1a9d76	22864	846	3	9	0	2	0	1	4	0
Assets/Prefabs/Hornet Enemies/Corpses/Corpse Pilgrim Stomper Song Transient.prefab	7fa3eb7cdf1051d4a87618feeb9b51f0	397c10c9c293e361383ed90f3f861da399cc4d85d09db2ad81b9b50a7fe2d7a0	10615	391	1	5	0	0	0	1	1	0
Assets/Prefabs/Hornet Enemies/Corpses/Corpse Pilgrim Stomper Song.prefab	3f5cdecdc311fdd4e81fd4e150d54d95	085d61a6467244af5886f3d6a26fed487d8e9b1db787ebac0147a8396dd1851e	10826	399	1	5	0	0	0	1	1	0
Assets/Prefabs/Hornet Enemies/Corpses/Corpse Rhino PilgrimsRest.prefab	e07a11e2484a00e428ed2bb1cf346278	2ff307a68e43e42c25d743af8ef0fed8ada0ed987752a4162d73bd2c5dc10e7f	24132	894	3	10	1	0	0	2	1	0
Assets/Prefabs/Hornet Enemies/Corpses/Corpse Rhino.prefab	beaeaf5b2f854e34abcb9b6579dec57e	dd6edbac52af4ce468d76ccd5afb73e06a2dca459323b44ba18c4bbec5c402f8	19185	704	3	9	0	0	0	2	1	0
Assets/Prefabs/Hornet Enemies/Corpses/Corpse Roachfeeder Short.prefab	87b02fa5a1fda4c4e8ebfc65b9634975	4283624bfcb7cda777328f389a4d10615f8c25adbb3068b3ebd53a4375785b1e	10567	391	1	5	0	0	0	1	1	0
Assets/Prefabs/Hornet Enemies/Corpses/Corpse Roachfeeder Tall.prefab	e9bb30ccb11437e4cb0062ac4c2e7f0e	c6caff80fd58e1e688a59b29e2b75d7e2ecaae06e1b878f01b16fa7fa9cff0df	17006	630	2	8	0	1	0	1	2	0
Assets/Prefabs/Hornet Enemies/Corpses/Corpse Roachkeeper Chef Tiny.prefab	2573864a48387a24e9e29f1686267e54	eee2af30e709358414154bc6bb7d2a860775d46e26ed70248a7e9b768aa134fe	75799	3118	4	9	0	0	0	2	2	0
Assets/Prefabs/Hornet Enemies/Corpses/Corpse Roachkeeper Chef.prefab	9d9b0026a75874c4fa81a2030ad48941	2ae58cad7e33bde6776da847adb64f34eff8c740be2efdf46087c6cacadd6207	334855	13566	13	33	1	3	1	3	4	0
Assets/Prefabs/Hornet Enemies/Corpses/Corpse Roachkeeper.prefab	52aa9973765fc7c4aae1ccf596c4462b	25b06fbe43e61e9c20e67361a0921d08f9b21bdd25e2e313712ff295ba2f5783	135394	5632	7	10	0	0	0	4	1	0
Assets/Prefabs/Hornet Enemies/Corpses/Corpse Rock Roller.prefab	a76035fcf81bc7e4b95f71d28666da92	b1f887cc443f12bb94021a4157ebc42b30db8c63c3e844a3199606e10723f5c2	446579	18628	13	9	1	2	1	1	2	0
Assets/Prefabs/Hornet Enemies/Corpses/Corpse Roof Crab.prefab	9cdff5a4d08a8a241a250c695ddb609d	f8a74e4cc3d4a537e8756ddc98664ddf887c772b897ba510a759aadf7eaa5006	439268	17688	20	48	1	2	1	1	10	0
Assets/Prefabs/Hornet Enemies/Corpses/Corpse Rosary Pilgrim New.prefab	95b12f4d25a95904398d1d4a0add4da4	57e47fdeed05046f74d5e9a9e26c06655c5db7df20ae1e0fb37456cbdf477537	305540	12824	11	13	0	0	0	3	1	0
Assets/Prefabs/Hornet Enemies/Corpses/Corpse Rosary Pilgrim Water.prefab	5523cbef4f31bb04ead035b2096fa325	300196e81a17fd0c7005f386f866441f008c8e89f90a3e0113adff90d907ce5c	298338	12552	10	11	0	0	0	1	1	0
Assets/Prefabs/Hornet Enemies/Corpses/Corpse Rosary Thief.prefab	f526f55df52a25f4d89f7204712c0d0b	5cbfc33e6aa60527f5fd40f53753d3b94eccbbcb924a836d2596778de99061af	10540	391	1	5	0	0	0	1	1	0
Assets/Prefabs/Hornet Enemies/Corpses/Corpse Scholar.prefab	89a68836ab0aeda4c9a8be24bb30613e	3ce77d8225543eb6e1918ff948d72e186aa368b974fbb80e7b659e63e6620b10	10581	391	1	5	0	0	0	1	1	0
Assets/Prefabs/Hornet Enemies/Corpses/Corpse Scrollkeeper.prefab	9180937eecea0884d934943309e2ce15	0cac46759f8ce53841d0f17c2dd675ce2b5d7938833768227c405054b8b12f4a	31141	1145	6	14	0	0	0	3	2	0
Assets/Prefabs/Hornet Enemies/Corpses/Corpse Seth.prefab	2e8cd473098abd34d8c16d6c11572c42	0bb8ec500ac099354f4bdd32a52ec2cc7479e6a9450bb6cba636dd0043514849	145890	5696	12	19	1	2	0	3	4	0
Assets/Prefabs/Hornet Enemies/Corpses/Corpse Shellwood Gnat.prefab	009b8839bbe31ef4a83b2851b0852a51	3431a1711389c252d72e429fb94acd8fe299d0df7b4589effcfec32b89f53792	114282	4825	3	5	0	0	0	0	0	0
Assets/Prefabs/Hornet Enemies/Corpses/Corpse Shellwood Goomba Flyer.prefab	2a53dff8f4e62ec439cf35547d36e926	f89a13b67523cb7bc8a9383a13a13630c659e6272eadd656be61d5e2a2dd9014	163068	6602	4	7	1	0	0	0	1	0
Assets/Prefabs/Hornet Enemies/Corpses/Corpse Shellwood Goomba.prefab	eaa24f5880fc5e74ebc13c955d3328fc	e4043b32b6795086f95b5d502d091475443b01c2d60b13c5ea88951e0d499e65	152268	6224	4	7	1	0	0	0	1	0
Assets/Prefabs/Hornet Enemies/Corpses/Corpse Shellwood Wasp.prefab	436c1d8b92025c248bba32f42f541b23	fa7b8e6c36a07d31ad40211ae0ef0d4f32e719f7ae60bbe1e83c438b707e8276	8370	300	1	5	0	0	0	0	1	0
Assets/Prefabs/Hornet Enemies/Corpses/Corpse Shield Dockworker Transient.prefab	53a5ac335a010644eb52858293db2bfb	6c95f0efaab7c999218ffa021d7e9c4a66d46303c8998b9657fa7324751879e6	20671	774	2	10	0	0	0	2	2	0
Assets/Prefabs/Hornet Enemies/Corpses/Corpse Shield Dockworker.prefab	feee5c5f4c05ee746b6b4f97ba8e28cc	0e4c9fede0ebc2e6364aaaef34d3bbabc908d6a623f866cf610b0d0403482a78	585380	24720	16	16	0	0	0	2	2	0
Assets/Prefabs/Hornet Enemies/Corpses/Corpse Slab Fly BabyExploder.prefab	b1507a1e718c2b9438f3418f78bf70ff	4cd830a06a10703cbca6c8168d6aacfb0b8eedc7a47b0ad8599769b277666971	93240	3730	4	8	1	1	0	0	1	0
Assets/Prefabs/Hornet Enemies/Corpses/Corpse Slab Fly Broodmaster.prefab	af6c5a4f77b426b48a866f0dfc65b5e4	71e538b000414f6aca16097f18fc6eb7347f7c515e537ff4acc64048449d274f	381670	15598	18	40	1	2	1	5	2	0
Assets/Prefabs/Hornet Enemies/Corpses/Corpse Slab Fly Large Cage.prefab	e8b27884e5d3ee24bb86fad93ca8e056	24514fb59cf7d62e5081fefcfde5755bb8aa1409f621e56601fb0ea8c54eccad	127639	5091	4	16	2	2	0	2	3	0
Assets/Prefabs/Hornet Enemies/Corpses/Corpse Slab Fly Large Dead.prefab	87d3a1727c2bff249abec2f7e12c58d3	1076118354647e412613e26d83d8e6298ff2fb0448924ce08c713b23c90d13c8	8184	293	1	5	0	0	0	0	1	0
Assets/Prefabs/Hornet Enemies/Corpses/Corpse Slab Fly Large Transient.prefab	f1776677c0c40734b98abe1b07f3e7d9	035d9791d39582948b4bc1c5ef1041762098b1eaf876610b49271ed1da92d60c	8318	293	1	5	0	0	0	0	1	0
Assets/Prefabs/Hornet Enemies/Corpses/Corpse Slab Fly Large.prefab	7eeed630070234840aea9744b97695f9	65d9982ede4e82068647f00b5be288122a0ae89d7a1bd9f9eb921886d231a31e	8305	293	1	5	0	0	0	0	1	0
Assets/Prefabs/Hornet Enemies/Corpses/Corpse Slab Fly Mid Transient.prefab	708f98667c593fd47ad7c0850c0075a7	245bc75d62b73840dd626ad31db79602d6ae81f8fd093e3a70d47d0d775bdfc4	17800	654	2	9	0	0	0	1	2	0
Assets/Prefabs/Hornet Enemies/Corpses/Corpse Slab Fly Mid.prefab	ecf997b383cd62845b57ddc0412a4d3e	ac94cb59cd206b4e91bc1aa8a3ffdcd66237346d1981c4d0bc5652636e55960e	17781	654	2	9	0	0	0	1	2	0
Assets/Prefabs/Hornet Enemies/Corpses/Corpse Slab Fly Small Fresh.prefab	f876490f986f06e4291590531b057584	95d7ddb151dfc722e474142ebc68bee37a5c3636872a8107f8bc2babc39e3d0d	10137	368	1	8	0	0	0	0	1	0
Assets/Prefabs/Hornet Enemies/Corpses/Corpse Slab Fly Small Transient.prefab	e086dba6a5c9afa49aa92892e5b1006f	f91fbbc542f06e2733c354604a268fe73af9e153329542aadfc35ce5df7743e9	10542	391	1	5	0	0	0	1	1	0
Assets/Prefabs/Hornet Enemies/Corpses/Corpse Slab Fly Small.prefab	f030c78c78437384fb17d769e1b966e3	119f09050c17a978bfc74c66801b48097028e7f884b148f937d2a88f1118ec2c	10532	391	1	5	0	0	0	1	1	0
Assets/Prefabs/Hornet Enemies/Corpses/Corpse Slab Prisoner Fly.prefab	65e76147a52d10348a51481c83359ffd	21684161071a8b92440ed318868c17ee95ef4df238566742fed0ea61b2c348a4	70085	2915	2	5	0	0	0	1	1	0
Assets/Prefabs/Hornet Enemies/Corpses/Corpse Slab Prisoner Leaper.prefab	458983f5f94968e47aeb01d66bac55d7	b243a618dfe7726cbae1029829a7dd90b8570f7cb86c2749e6add0b8ba936463	70009	2914	2	5	0	0	0	1	1	0
Assets/Prefabs/Hornet Enemies/Corpses/Corpse Small Crab.prefab	3cb846c7cddbfee488c36195ff2f207d	4cbaa8e9b4157c4ee85cf94e402e0342a2f615845e70fc18cef7f842420a38fb	8189	293	1	5	0	0	0	0	1	0
Assets/Prefabs/Hornet Enemies/Corpses/Corpse Song Administrator Transient.prefab	ec1672db162522644afb98eadacd9f61	8fb94e05d3bd1cdf790c0c2eb58cd79d9fdad283ab5b2ce9fb385ff85ecdef4c	10751	399	1	5	0	0	0	1	1	0
Assets/Prefabs/Hornet Enemies/Corpses/Corpse Song Administrator.prefab	a8ffb713be95c2a4f98e1d72e9d769d9	ce2f701cfa2bb5bb48dffea3f36d8961813d784e232f4bf0bd39bbf8a7ad9cfc	10741	399	1	5	0	0	0	1	1	0
Assets/Prefabs/Hornet Enemies/Corpses/Corpse Song Automaton 01.prefab	73c5ed4133e165843be6931281703bf1	1475e7620473ea1c5e5368986ed6d957c8173f1b2a552eed4b0c6c6b68077ccb	26360	964	5	13	0	0	0	1	3	0
Assets/Prefabs/Hornet Enemies/Corpses/Corpse Song Automaton 02.prefab	16845ee0905109a4d88a82f4bd32f339	707698ec5ad68d3f739a78bac5492d91a2e8491862fe7a308e706036b25c675b	33490	1224	6	16	0	0	0	1	4	0
Assets/Prefabs/Hornet Enemies/Corpses/Corpse Song Automaton Ball.prefab	c107d8c166f6d1a4f9e6cbe50fa650f2	7949402920bb809d78abe296763ecd12d0aa202995e4ddcc85073469ad4f9a3d	253783	10321	17	34	0	10	1	3	11	0
Assets/Prefabs/Hornet Enemies/Corpses/Corpse Song Automaton Fly Spike.prefab	af4eea31dd12a2e44b1200e837fa4347	f2b766c7f42ec77610ec71e71b58c85539b3f1d1eebad8c1f213d70b2dd3fd74	8854	322	1	6	0	0	0	0	1	0
Assets/Prefabs/Hornet Enemies/Corpses/Corpse Song Automaton Fly.prefab	31fd80f9c73347947840a7f28d578915	736635b6675083b1b8225e3db1046fa9b7150247e0c81ba392678909ed7f8b84	9348	339	1	6	0	0	0	0	1	0
Assets/Prefabs/Hornet Enemies/Corpses/Corpse Song Automaton Goomba.prefab	308e55a29d3a2294bafbbef0daba275d	89c382087629f6069ab6062c112317a05a2d05f74b5586f66882b6d5abcd748a	31771	1166	6	14	0	0	0	1	4	0
Assets/Prefabs/Hornet Enemies/Corpses/Corpse Song Automaton Shield.prefab	3340caddc7fec124f83f8c203f3b710b	bf807edcec1396fa25922dab4581e94b290801a586008beb5e47c86a694e4dd4	52359	1917	9	26	1	0	0	1	6	0
Assets/Prefabs/Hornet Enemies/Corpses/Corpse Song Creeper.prefab	ff7410a13616f864c9ca2f52c5262221	8e44eeaa625b20022239174b3bc413216468dbc02bc81a46070125b212329684	38578	1415	7	17	0	0	0	3	3	0
Assets/Prefabs/Hornet Enemies/Corpses/Corpse Song Grand Reed.prefab	f5c9e6b5c31c59945a980587ecf00255	9426340a4ad9239363199327486c503d6ade1d54e8d4f5afb257d4123f3fbc4c	365545	15056	19	40	1	0	0	4	5	0
Assets/Prefabs/Hornet Enemies/Corpses/Corpse Song Handmaiden.prefab	73e524e60ea643e4da634a981e6e818b	c28f25c1203d58b041efc66aad1a5b4b30eb3f2f4471b8784def33cf1ed0f55b	304876	12817	10	11	0	2	1	2	2	0
Assets/Prefabs/Hornet Enemies/Corpses/Corpse Song Knight.prefab	83a3fe540172bfc478535bb0200db101	7d0c51eab475cf020730f71d99c83051fcfae2c21b93a3b4527623cb328babba	350600	13861	15	30	1	2	1	2	5	0
Assets/Prefabs/Hornet Enemies/Corpses/Corpse Song Pilgrim 01 Ward.prefab	fdd7f4ae0e2911a4abb10a13e31cf499	9d395f5aeb328513dd19358ae17a14ff725b4dc7d0817fbacd9092d9a46a579b	8205	293	1	5	0	0	0	0	1	0
Assets/Prefabs/Hornet Enemies/Corpses/Corpse Song Pilgrim 01.prefab	27d9e86dfff893344bdaaf2c01a2dfbc	2e4798b8ab2176bfb2541a21062dca81c6fd4a4bd3e744a306e636b1fe0f381d	31315	1147	5	15	0	0	0	1	4	0
Assets/Prefabs/Hornet Enemies/Corpses/Corpse Song Pilgrim 02.prefab	907eac3a6f50847468474fb589387c1d	ef19c85124607eb8e24804e717227e1c4e3f7c5728381566fb0c4a9599fbf0ea	179726	7568	4	9	0	0	0	1	1	0
Assets/Prefabs/Hornet Enemies/Corpses/Corpse Song Pilgrim 03 NoSilkDrop.prefab	0728a63c35ad5db43ab4ac11e276fc27	3c60b43db0fdfdedd210d5f48891197d3527602b24ac72ce2b6385f8dc8627ed	20682	750	3	12	0	0	0	1	2	0
Assets/Prefabs/Hornet Enemies/Corpses/Corpse Song Pilgrim 03 Transient.prefab	e02d9eff15f236545a98e382216f7c59	f861d1eb6619a05ff5ec091c6051e28ebf91ce58564280cea537255c5e24c8c7	19691	723	3	10	0	0	0	1	2	0
Assets/Prefabs/Hornet Enemies/Corpses/Corpse Song Pilgrim 03.prefab	bbba89a92f278a2419aefd48819b12e7	5925fb43d5a72425fcac5afc09836ccffc797115df3cd419d26130c4f4e45e40	354151	14628	15	38	1	0	0	2	5	0
Assets/Prefabs/Hornet Enemies/Corpses/Corpse Song Pilgrim Maestro Transient.prefab	1f9c6dbc13977da4ba0c97b42dbc14fa	10626523ab739ea824f96257ad053d2cccb7b7bf13f126e9c093ba08ef4f89a4	18750	692	3	9	0	0	0	1	2	0
Assets/Prefabs/Hornet Enemies/Corpses/Corpse Song Pilgrim Maestro.prefab	1ab3b9fec4cebe7408d59e6c95d11096	ffc0e69180269a69be277100afb3baafd8321f328b7da38e7054bc66b0a6423a	18740	692	3	9	0	0	0	1	2	0
Assets/Prefabs/Hornet Enemies/Corpses/Corpse Song Reed Transient.prefab	c405569cf9a31ca44a19d2b95336bb07	a9870e5f160f36a8c2eb001c3619524f79e999dbebe10e739875bc89717c0965	17404	625	3	10	0	0	0	0	2	0
Assets/Prefabs/Hornet Enemies/Corpses/Corpse Song Reed.prefab	f9763a8b347578d498eb6e793a72e582	c4fd9a8641781b94b4d66f6f672e0fdb83d9acc6806a98788a0e241a282f0beb	20666	750	3	12	0	0	0	1	2	0
Assets/Prefabs/Hornet Enemies/Corpses/Corpse Song Scholar Acolyte Transient.prefab	dfd4c2488b986024fa624f845c17ceac	4792a6e8e4ece9e0340ad3a8a2a88d8d2c2112c4ca3ae587c9e3609b3dba44dd	10571	391	1	5	0	0	0	1	1	0
Assets/Prefabs/Hornet Enemies/Corpses/Corpse Song Scholar Acolyte.prefab	de14c0cabe2c46344ad164329d434d07	001ec8d4d17e8215d1fa3924881cfcae23f38658fcbfef42d0e63932590ac584	10561	391	1	5	0	0	0	1	1	0
Assets/Prefabs/Hornet Enemies/Corpses/Corpse Song Threaded Husk Spin.prefab	4beb56d9fa793924e9139117b5ea1314	e0cfb1d2cfe9127a8851c77448a60380e3bf405e313f08e02de42353f4bfdcb3	179690	7565	4	9	0	0	0	1	1	0
Assets/Prefabs/Hornet Enemies/Corpses/Corpse Song Threaded Husk.prefab	2d0e8480464b5204592ec7e99f8bc181	c488e72ede8587c3246fdd60569e94092a9ed18907a6d138278bf056f653f17a	179737	7568	4	9	0	0	0	1	1	0
Assets/Prefabs/Hornet Enemies/Corpses/Corpse Spike Lazy Flyer.prefab	4083a9b8ede1df941bf8369dd43c6828	172095850eff2139aea6f3e6ea3ae3cc43f3e0160d8222cb4b3904f7eedf7183	5819	205	1	5	0	0	0	0	0	0
Assets/Prefabs/Hornet Enemies/Corpses/Corpse Spine Floater.prefab	5c0b4712f7c3e13489394c64872bebaf	5bba2d9d10a3fde012babd6b8b7a4e88879e37f8310a002f3787e4c0b1a84f43	8195	293	1	5	0	0	0	0	1	0
Assets/Prefabs/Hornet Enemies/Corpses/Corpse Stick Insect Charger Water.prefab	0cc8f44ea4d93b4469cdcc2634eab5d1	87621189f2cdd87d462db561ef805ddf79702f61012a62315da21b60c3a34f34	7176	260	1	4	0	0	0	0	1	0
Assets/Prefabs/Hornet Enemies/Corpses/Corpse Stick Insect Flyer.prefab	e082b27d5396cbd44a45b973839206f3	979f398564ad315b57443d1246f7923133a2eb381eb71cff2e3b245b9de3c610	163854	6696	12	22	0	6	0	2	7	0
Assets/Prefabs/Hornet Enemies/Corpses/Corpse Stick Insect Water.prefab	27c622b98f84e594f93514f7f05a74b9	4014e78cd2b690b51795601eed85dffc08cd7713e4ceebb65c984a3b548d066a	7168	260	1	4	0	0	0	0	1	0
Assets/Prefabs/Hornet Enemies/Corpses/Corpse Stick Insect.prefab	338c51ff902405f44ad121eb83a1d517	90bb97a1c587ff3bb1bc5fd4e868d443ce807c7e65549ce41f91aecc4fb9ddac	228922	9710	5	2	1	0	0	0	0	0
Assets/Prefabs/Hornet Enemies/Corpses/Corpse Surface Scuttler.prefab	75cd2c5e9ff96e646980c51b464dd376	7459d46ee19c1a8e9b568bd953577341fd6066193f5d2068a1379a174a83b5f1	8198	293	1	5	0	0	0	0	1	0
Assets/Prefabs/Hornet Enemies/Corpses/Corpse Swamp Barnacle.prefab	1af1c5bdfc96dd24f8bc1d82794a6ff0	bf591d8ffec1d0489f9d23ef40f24a1e637eecd112368bb120601662d82eb5e4	167724	7113	4	2	0	0	0	0	0	0
Assets/Prefabs/Hornet Enemies/Corpses/Corpse Swamp Drifter.prefab	14e51be6b55a77b43bcc03c83aaedf27	ceff98c747c581d0da02982f34bd804de1e787a7f495794eaa3001686536ec27	74980	3074	5	9	0	0	0	2	1	0
Assets/Prefabs/Hornet Enemies/Corpses/Corpse Swamp Ductsucker.prefab	cf727dfa6eefcba4aaa62e3572fa70b3	97fd938fe975697bb80b3a11b156fcdcc2a04e097e599cd140fa2efd20fd21b7	178883	7186	12	36	1	0	0	1	7	0
Assets/Prefabs/Hornet Enemies/Corpses/Corpse Swamp Goomba.prefab	b5e876b1a04a57440be9713f19ea3b75	bad30d94a66f4d681773e6d04298a3256c4482d0cbce16a74fe8b934d49584d5	113723	4492	6	12	2	1	0	1	1	0
Assets/Prefabs/Hornet Enemies/Corpses/Corpse Swamp Mosquito Skinny.prefab	79189217a5c9d6e4f8806db50b99a643	cca2b805c1eba6be42be3c9b6f76beebdf39bb30170d86c45d7a314eed8818a0	348922	14740	10	8	0	0	0	0	1	0
Assets/Prefabs/Hornet Enemies/Corpses/Corpse Swamp Mosquito.prefab	29e0a3fc7e4bfb24eb2c54e03a5613c3	82f0ff87daaa4e4425983b16e776130363c6b1a0746bd4c49147f6b4c41d419c	92723	3717	4	8	1	1	0	0	1	0
Assets/Prefabs/Hornet Enemies/Corpses/Corpse Swamp Muckman Tall Transient.prefab	8eff5bb0469321e42bbe9c2d33d9a85d	3ff909ce91529df2d2ffbd57893ee0f6fbec929973a285e4eb40ede16a230329	71425	2921	4	10	0	0	0	1	1	0
Assets/Prefabs/Hornet Enemies/Corpses/Corpse Swamp Muckman Tall.prefab	fac21f20138e0d6448645123c1a416cc	f943e7ccd67fa7c5e3f1aa31f9822c57164608c5525fb77f927f946d4e370260	8314	293	1	5	0	0	0	0	1	0
Assets/Prefabs/Hornet Enemies/Corpses/Corpse Swamp Muckman Transient.prefab	c729485213cd88f4198573254fe14e64	790f2e8ad3153adff96d0a38f13826411bbd07540aebe8792186cf09b42709f8	71292	2921	4	10	0	0	0	1	1	0
Assets/Prefabs/Hornet Enemies/Corpses/Corpse Swamp Muckman.prefab	9eaca430f15d0bc48b3aeb27092ebee3	73fb3e48d1dc5448fc322a25ba6bb272655b23847b513c659f991f7504e82177	8736	307	1	6	0	0	0	0	1	0
Assets/Prefabs/Hornet Enemies/Corpses/Corpse Swimmer Large.prefab	bbadd6bc4fe8bc4499c403159ccd1139	9ea3dc46539478a947973703fde45f28fa77f120e16401917ae0aba5db2f6883	619159	25998	23	29	2	3	0	2	5	0
Assets/Prefabs/Hornet Enemies/Corpses/Corpse Tar Slug Expl.prefab	0c7103742aaf0ca42a5ca94f527cc423	981713d356b84434ebf2cea9996779061f29557ad8f9629f5e80a1ba79a4a523	535376	22546	14	11	1	2	1	0	1	0
Assets/Prefabs/Hornet Enemies/Corpses/Corpse Tar Slug Huge Expl.prefab	adc41b51409dc8e4483ed492280aaee9	20cbd14aad98528f6d1c1d52dfc457ce17495f428947e434bc6db8df52fa26a5	146521	6043	6	6	1	0	0	2	0	0
Assets/Prefabs/Hornet Enemies/Corpses/Corpse Understore Automaton EX.prefab	09508a82ebf160340884ddfa1f70c7c0	4d858e0390a197f8e04d0bf3b44ced39254cc151ec6ebdc28a8b17440dd377d0	16398	604	1	3	1	0	0	0	1	0
Assets/Prefabs/Hornet Enemies/Corpses/Corpse Understore Heavy Dropper.prefab	64bdeaed1b1faa742a7e16d0c807f751	31f23575c70137993164439ca045608b2a49445d396c0c2cb853beaf57f90e1b	11387	416	2	7	0	0	0	1	0	0
Assets/Prefabs/Hornet Enemies/Corpses/Corpse Understore Heavy Transient.prefab	54e7b6c7e8db45f42ac1116efd8a60ec	581016d9585fb88a08ae63b874787d98ca8d3ca0f3f9365eda7fa07addb245ae	13838	514	2	7	0	0	0	2	0	0
Assets/Prefabs/Hornet Enemies/Corpses/Corpse Understore Heavy.prefab	4d2126dd5ab8a8445a3335874224622c	da11aaa4a49cebd6d492320daece9ceaf1169506facc81cf4523eca50d5034f9	308753	12961	11	13	1	0	0	3	1	0
Assets/Prefabs/Hornet Enemies/Corpses/Corpse Understore Mite Giant.prefab	d919c75a6d5851e4fb5bdd69b43439d4	33cbcb8757195e68922905a6c55336a962b8028594b00254adf29a9103f9f920	125436	5230	5	9	0	0	0	1	1	0
Assets/Prefabs/Hornet Enemies/Corpses/Corpse Understore Poker.prefab	39d968af234cfa247b8783381a4bee5c	3fdbe2d6d750c09679e3c14fc9b9b729ac984a58f5d16ae24b8d2060cc7e5efd	303783	12781	10	11	1	1	0	1	2	0
Assets/Prefabs/Hornet Enemies/Corpses/Corpse Understore Small.prefab	c2510a193d6b93d489d25c4fd2ac1c1a	4d73aae6531481c94fa1735235e2faad787c659ef6a0ef7f1a4f228ddba90b0f	18761	692	3	9	0	0	0	1	2	0
Assets/Prefabs/Hornet Enemies/Corpses/Corpse Understore Thrower Transient.prefab	ca3c6089392badc4e9a8b429330bf820	dab2446ea72cc024b8d41e3f36d5d34727b0501bb58dba5d3f3ee7379bc20fdf	304061	12787	10	12	1	0	0	1	2	0
Assets/Prefabs/Hornet Enemies/Corpses/Corpse Understore Thrower.prefab	8604eb4df13bda84fb784e086e3a9262	057effcb6f3b6ad95f28f65914d51a041c7f904c07ed3559dd9c35f4935ea84b	309077	12978	10	14	2	0	0	1	2	0
Assets/Prefabs/Hornet Enemies/Corpses/Corpse Updraft Flier.prefab	577bbd4dc2e277343873be3021df9971	b16d285ed02679ab61fb98c13a8f36b6d03bee0b080c5588a85c71cd427b6e5b	8197	293	1	5	0	0	0	0	1	0
Assets/Prefabs/Hornet Enemies/Corpses/Corpse Weaver Servitor Large.prefab	80684912d21a0d84499534c080a5e478	d82bbd6a0c8185515e965d834142bc5477b3f571980b605d66e8e0ffde6312d1	726847	30566	29	22	4	5	3	0	6	0
Assets/Prefabs/Hornet Enemies/Corpses/Corpse Weaver Servitor.prefab	9c1b58e067851fd40a3ae3092416d20a	7ac5d382b800cbfeb504846593e10540640e645c5c1428edab895c9da59935ea	270189	10921	11	9	1	4	2	1	3	0
Assets/Prefabs/Hornet Enemies/Corpses/Corpse White Cloverstag.prefab	f08925c0903cbff4f8cce58ea81bbc09	a32164d3d00c26d8c1932e402553b2ea43c6d882cc5c689e0854f92f8d920272	353305	14542	12	9	1	1	0	2	1	0
Assets/Prefabs/Hornet Enemies/Corpses/Goomba Bell Break Effect Silver Variant.prefab	68420a31fb7dc394199a71d25429648b	c9d7145b39dd06232bc905b03a7e0e0e7c9b5a175d7c6d9ccb95ce68c73ccdce	58935	2480	3	1	0	1	1	0	0	0
Assets/Prefabs/Hornet Enemies/Corpses/Goomba Bell Break Effect.prefab	01ef48ff4ff3bb140a38c43850e55e2f	34828dd3f679868ca3e291df29c73fb7768a42c878147c96940a01556fda9371	58943	2480	3	1	0	1	1	0	0	0
Assets/Prefabs/Hornet Enemies/Corpses/Swamp Shaman Projectile.prefab	c6edde601d830a640bf2d44f29b7edb9	78f6a2f98229b0e515c7329026cf61d4f8e5213a12c48e5f3da7f0b41f0e2728	140386	5569	5	9	2	1	0	0	2	0
Assets/Prefabs/Hornet Enemies/Crow.prefab	60a61d6603e88e64b9308895de2eb97f	341d4a71b10fa178e059024e7d324f89a6ff7f97ef2937ca7327877c510176c9	610363	23663	13	21	1	0	0	2	8	0
Assets/Prefabs/Hornet Enemies/Crystal Drifter Giant Spike.prefab	ab900f53530728e4d9d00975841c0fe8	a4fe2fbf301f667a3aa0882d496a2b2d4ba903feeece55a3f514611e02e644b4	127306	4975	8	13	1	1	1	0	4	0
Assets/Prefabs/Hornet Enemies/Crystal Drifter Spikes.prefab	b4ec8f905d6aac748926616e0cb69ee3	b876e07e7adc77af786eaf7dcef8eb46693bbf0c4f706288c25717034115ba44	117337	4631	8	15	1	0	0	0	5	0
Assets/Prefabs/Hornet Enemies/Delayed Pop Explosion Trobbio.prefab	fadc2a7c96172b34391cb0120c8ac555	5a1ee2f4ef5bd66b2dfaabb97e8e65c057c1bd87c2992dbd9f478e06e55362e8	239686	10068	9	7	1	2	1	0	1	0
Assets/Prefabs/Hornet Enemies/Delayed Pop Explosion.prefab	39444cef29873f94282c1c7e8e2a8a93	e7bfad6fec8bde6bec0159dc227029b51513adfdaff894c2e6ac76bd7c143138	238961	10057	9	8	1	2	1	0	1	0
Assets/Prefabs/Hornet Enemies/Dock Coal Spear.prefab	89956436a61e86e4194218eb228d81c7	1697aca92836fcf0491611cde78d61a68f68bc144193c612ff7cefde4f4d5d09	747297	31035	24	20	1	3	1	1	5	0
Assets/Prefabs/Hornet Enemies/Dustroach Caged.prefab	bcd07df3348fcbb43a624231005322fd	5b305c41aec23358d37e56802304e18b193985ebfdef2cb8df6619d0864c8822	178144	6909	6	17	2	0	0	2	1	0
Assets/Prefabs/Hornet Enemies/Fisher Projectile.prefab	377408a598360234dba6c85853a063a9	5100dec757d8919805c8b7d40f890542d9a6298e61caaea2b8bf43f4e0e43b77	115322	4445	6	16	1	0	0	0	3	0
Assets/Prefabs/Hornet Enemies/Flower Queen Boss.prefab	3dc907db1d80e0745acb124e640a9d30	a0c5521b6315b729393c140b691f6b49efde45ed6bcc959ed4391ee5f616797b	1506933	61155	52	63	11	0	1	7	18	0
Assets/Prefabs/Hornet Enemies/Glob Bullet.prefab	3865e18310471ea45a2894065d93bbcf	c36db99d8cbdd1ae8af37017c892fa3831ce6059b5cb8bac99a16f759ae03427	630520	26699	18	18	1	1	0	1	2	0
Assets/Prefabs/Hornet Enemies/Gloomfly.prefab	8f3f912024c7a6d43855a5a67c119bb9	c608892fa2bd2fcd4f9b8ab45098c40cb5ff9b583d698204f3d6d2d682866a7b	693560	26904	16	29	2	2	1	1	4	0
Assets/Prefabs/Hornet Enemies/Grasshopper Dart.prefab	d2686d29852b1b44083a9a3cf5611025	7d84456a306afa9a8347c73b67c2164e1bb33365764856e068d9a95ef4e8a8d7	259139	10210	9	21	1	0	0	0	2	0
Assets/Prefabs/Hornet Enemies/Grove Flock Flyer Corpse.prefab	79b923e4b9af2794b8c0952dcd643c5e	3d0ed0e69b991de053cb7b83ab7216ecdbf60cb07bb85a6eb75be278f58dbe92	117686	4962	5	4	0	1	0	0	1	0
Assets/Prefabs/Hornet Enemies/Grove Pilgrim Fly.prefab	58284d0aa5f04aa418604451e1868e47	4eff808b258cc87a64db4d67b33b5206c7f08c4a0888e6f3d39d2c28d9ccc3b5	262315	10327	8	15	1	0	0	1	3	0
Assets/Prefabs/Hornet Enemies/Handmaiden_Spear_Blast.prefab	822173c07b421c34db5ab0900a464a7e	8d0bd407db24bb5fb1697f164c249eed57e382d6f342b3dc067925fcb154bd5e	312575	13067	16	4	1	8	1	0	1	0
Assets/Prefabs/Hornet Enemies/Hunter Child Sickle.prefab	12c598a3a7b7648449a62d7ddaf40a2c	c85f9d1b763408735c81ca6832e2581fb0bdbc89d1b240249c1c203402ebc328	173444	6717	8	16	1	0	0	1	3	0
Assets/Prefabs/Hornet Enemies/Lifeblood Projectile.prefab	f0b7da70cb5b91440a885ce064d8015a	0b2b9575ccbabddeef42d01306257fbb79586f1b9d5f983277ea59788dfba94b	196037	8150	13	9	0	5	2	1	3	0
Assets/Prefabs/Hornet Enemies/Lightbearer.prefab	e4ea1a797ce925040bd9f541a6f715b4	67b785829da2ada447f59a4ad9cb384866e624786b868fdf22af7766724e7a9c	314836	11492	16	31	1	3	0	2	6	0
Assets/Prefabs/Hornet Enemies/Lightning Bola Ball Enemy.prefab	774e07e49514b934a9886de2695fecb6	0ff49ff0e2dd29df8e3399b5ffd94cabc0357413c7dd29957bc80f6f0bef1e9f	352403	13892	11	15	2	0	0	0	5	0
Assets/Prefabs/Hornet Enemies/Lightning Bola Ball.prefab	38a4083f06a7f9b48b2eed3339f45e44	ddf0e8f2d32ce15fae8a7a4c4d0becdaae8246628b2cf7a0f8b1375a64415de4	441118	17311	15	19	3	2	1	0	6	0
Assets/Prefabs/Hornet Enemies/Lilypad Plat.prefab	cdd8155c6e3490d4eb8a1bd1527dde73	649718739dd48a0cf2085a3d8f441de1296448ed822d1aa22dde279d3228ef7a	822464	32718	28	36	3	2	0	1	11	0
Assets/Prefabs/Hornet Enemies/Pilgrim StaffWielder.prefab	e03cb68a276514b49a481242c2876541	6b79901f313050a03862b67e576274ca30f59bec8bc72d2e8b530b9bd8cb4045	377758	15224	14	28	2	0	0	2	7	0
Assets/Prefabs/Hornet Enemies/Pin Projectile Juror.prefab	c918c542b9a750245be5d9a1e6a8ed63	a33573533f4533261fab60cb689a591f25bea612f596742263034b6bbee419ce	116659	4505	5	13	1	1	1	0	2	0
Assets/Prefabs/Hornet Enemies/Pin Projectile.prefab	106c581263636984099153662c514c12	e45fa2d5694d2379d972ba3900e264533ef691bf6737db05b5787a71df2d79eb	123732	4741	6	12	1	1	1	0	3	0
Assets/Prefabs/Hornet Enemies/PinSword Projectile Juror.prefab	14e37fbb733dcaf45a89ff6917749eb4	84645372e778e2bc83d34dca8fd8a20c98f110ef522126d2ce8519bb957c8d8b	99040	3880	4	14	1	0	0	0	1	0
Assets/Prefabs/Hornet Enemies/PinSword Projectile.prefab	7e62b288b4156ae4a9499404135a881d	73f7366860aadf028dba68dfd3ac0bd7b9caa175d4fbc93546ee987366229efa	101466	3963	5	13	1	0	0	0	2	0
Assets/Prefabs/Hornet Enemies/Pinstress Boss.prefab	25ec0105f14d33342b3f3f26468d1ed4	eb2c09f5b651a5fe04baee304fca71ce137962da52de8e89ba84d579cd524f13	2170932	82427	59	79	5	2	0	7	17	0
Assets/Prefabs/Hornet Enemies/Pinstress CrossSlash.prefab	a3c9f817a6ba7134795e105d7435f659	4fe00fdc5368a37a6bcf606a311e9a741282f584c1297b29544456a30e33b5b5	39414	1414	6	12	1	1	0	0	2	0
Assets/Prefabs/Hornet Enemies/Pinstress Dart.prefab	aaafd73827dd270429a151d4e7f1ff9e	3c235989ed554306c397c97edcc6ae3905fedcbcd51b63344dfa8697fbf3160a	119041	4549	5	13	1	1	1	0	1	0
Assets/Prefabs/Hornet Enemies/Pollen Damage.prefab	396c134e9a4dcd7449aa59a8c7b5ed0d	145094f1a6757b65d64f861d9c5b4341d335130f615c570d9fd6fa5b8ea4c3ec	109591	4668	3	1	0	0	0	0	0	0
Assets/Prefabs/Hornet Enemies/Pollen Shot FQ.prefab	0cdd2f7609d323243a21c1ec62152feb	be6763d2ec8c7e8fa7b4b00a4a73dcb3db9311ece54cdeff0c4136e0b9a9493b	245894	10017	6	11	3	0	0	1	2	0
Assets/Prefabs/Hornet Enemies/Pollen Shot.prefab	98b6cb4283ae6604d84a9e1f0822324a	e225d6fd1d4e075c514ecaa7ec0820396a6310c6e3892d944d1bd675d4995640	234877	9567	6	11	1	0	0	1	2	0
Assets/Prefabs/Hornet Enemies/Roachfeeder Short.prefab	f6a29375998c896469e1540a213e18eb	9761c9334b81b10cc1cce05b53503ad79639a935d8b10918cfa5e2872a50a54e	220508	8160	9	20	2	0	0	2	5	0
Assets/Prefabs/Hornet Enemies/Scholar Anim.prefab	d086a9da9d602a841930393132c0ab26	92bc496b0beaa3449fe7662cf4939173ecdcfee1638fd59c2de6e532971ba5b5	33709	1096	1	1	0	0	0	0	0	0
Assets/Prefabs/Hornet Enemies/Scrollkeeper.prefab	ff8e2ca37b6ff2a43b87ec927019d537	96877c1867358331a46a42d26f41f74a7680ab003f27ef841510a82a9b0ce1b5	888894	34533	42	49	1	3	2	2	22	0
Assets/Prefabs/Hornet Enemies/Shellwood Gnat.prefab	7967faa42af31e24bb3ca252377e4737	8a7f0aecf146859d811cae25ddb6d390b36d6f09f9464b651d1ae3089149bd5f	98554	3659	5	16	1	0	0	2	4	0
Assets/Prefabs/Hornet Enemies/Shellwood Wasp.prefab	fb1c1fc500d4bf041bba290a3b0b8a57	2a587a6fc43baf06b8eea9000e7b4bae43c2f1e8154c1277bbab6f2fecb45753	238135	8782	12	25	1	0	0	2	4	0
Assets/Prefabs/Hornet Enemies/SilkAcid BurstCloud.prefab	6dbfbf12d34302d48baf3ebee1de1f6c	849faf7c1a3158e5e20a8d3a3bc8ceced4571f998516dbc7f97f12681c1c1888	126205	5300	4	3	1	0	0	0	2	0
Assets/Prefabs/Hornet Enemies/Silkfly Buddy.prefab	26f65894094807c45946bd40d17acc2d	096da5084e272bbcab5594e0eb1bd4c40cf0fe42a2b215dd2d83c291c1056999	71915	2681	5	6	1	4	1	0	1	0
Assets/Prefabs/Hornet Enemies/Silkfly Mistmaze.prefab	5307931a4a7e82f4eaf2f41456083a55	b4d129a71a2aae5b5bd145a4ad681f3d3940757918288fd5e7b13c28890e3377	111361	4091	10	10	1	6	1	0	2	0
Assets/Prefabs/Hornet Enemies/Skinny Mosquito Bullet Void.prefab	313f87646abbc7341be575da039dc056	838934f88ccd26076038d8c4ead7894eb24123d8b5d23db63f4059de175ad4ae	704240	29740	23	24	2	1	0	1	4	0
Assets/Prefabs/Hornet Enemies/Skinny Mosquito Bullet.prefab	2b28e9ff74bbcb149967b04f5340b7db	0bd6c0270dafb1da3175b210f8c6a41564388ea245cb58482cb07eedb1cf1e8a	704466	29742	23	24	2	1	0	1	4	0
Assets/Prefabs/Hornet Enemies/Slab Fly Glob.prefab	8fe52630ad1b4e341a170b75758c76db	38d8f8ee7a775d34d020260d8c0aeab7503e966b2fb1aa4d3044f1432e3fbd27	756043	30477	16	25	1	0	0	0	2	0
Assets/Prefabs/Hornet Enemies/Slab Fly Large.prefab	1ba88d56523231044a512642169ed3ae	381b4885c1f6359e2e836d5c6e718bf341a103af569b98e2a345824ed5f3796e	525548	19661	27	38	1	0	0	4	18	0
Assets/Prefabs/Hornet Enemies/Song Automaton 01.prefab	131971bd576eb1a43bc08012f344890a	4165c9f6e7feb720cc0b44c5eef29026d64110381a422d79c1ca6f4d77b7b0da	262425	10026	11	24	3	0	0	3	3	0
Assets/Prefabs/Hornet Enemies/Song Automaton SlashMine.prefab	9cb86d03bae334a448ebf6ae0d74127a	214f8d0d41d3d85504da6fba1c28032bd9d97b6b2924ec89f0751cdb70a725ad	335470	13613	11	8	3	2	1	0	4	0
Assets/Prefabs/Hornet Enemies/Song Automaton Tiny.prefab	e8bee63aba800af47bd0a50086b424f6	a0970f7c282b23d718a8bfac8cfd75754f37b0e884bd4b51b720292f6b49b1d9	200793	7383	5	16	1	0	0	2	1	0
Assets/Prefabs/Hornet Enemies/Song Creeper.prefab	2296b275c4d37ea448bdd4c6bce9deb6	5c0ef3f586e51cd850377436bd3cad934bcdd26379f106c1d62ec4f97961db5c	423342	17630	29	34	1	0	0	4	17	0
Assets/Prefabs/Hornet Enemies/Song Handmaiden SpriteCache.prefab	88d1aa0e2c75aa644b7fe2db917976d0	d2bfe11b907926307503776376f24828ebd012672d8ffcc78f93c496894d6e17	3263	113	1	1	0	0	0	0	0	0
Assets/Prefabs/Hornet Enemies/Song Handmaiden.prefab	c3248fca6673ac746af1a73160760b8d	18283517f939ba3b1461c71ba0bd21b6157131061b05f2ba3fc3a78552a4402a	1068731	41447	39	56	5	5	0	3	13	0
Assets/Prefabs/Hornet Enemies/Song Knight CrossSlash Friendly.prefab	bc7ff3f8d6a42234eae3ebc6c30bf8d8	961fa5aedbb956418007c72e50ca94ecf54d10c804302f2d773ce8d52e89a129	45800	1669	6	12	1	1	0	0	2	0
Assets/Prefabs/Hornet Enemies/Song Knight CrossSlash.prefab	4436949f38524f741ae43c489293ec41	68aefb1ee13e001de48fc68f0c7e1e6a4a8d1904d8e88a13acc35c105680ffc3	41148	1476	6	12	1	1	0	0	2	0
Assets/Prefabs/Hornet Enemies/Song Knight Projectile.prefab	1adab7392cd2e7041bde2aee8928754d	3fa3eef41c15a24a3866183fd602774fdfb39b0c50a1af0acecc31007e091e77	226792	9308	7	10	2	0	0	0	2	0
Assets/Prefabs/Hornet Enemies/Song Pilgrim 03.prefab	6fd5cbdbca6f09742b0eeb17dc6fe7e0	ffe62e1fc9235c82ea6768c6b05528bd3135f3e6463ac2563850fdea306539a3	618232	22960	30	42	7	0	0	2	27	0
Assets/Prefabs/Hornet Enemies/Song Reed Pin Projectile.prefab	462f082ccac814641a0c681a2664c7d6	c41cd3b0e96b86a6e668c73dfc7d85d23ad9f395f0ab2ca947a36225bcae0b15	137583	5208	8	21	1	0	0	1	2	0
Assets/Prefabs/Hornet Enemies/Song Reed.prefab	d2e414858712bd74da2a3a6d89ac209a	1adf44b7c170a2efb7958eadba3e1bac47fdfe80e3fc3c6f3a7c85a591df3e51	552183	20371	27	30	2	0	0	2	18	0
Assets/Prefabs/Hornet Enemies/Song Threaded Husk Spin New.prefab	9389d96a8a0e1b946b7aacd0b270796d	23682d3504873ea02152a7ace79b44536944548113d23dab8b8c149fb3f4ad29	762546	30843	17	22	1	0	0	3	5	0
Assets/Prefabs/Hornet Enemies/Song Threaded Husk.prefab	dd5a5c872151b6d4486ec5563a67a015	0b3009956d0d5db0e4d647a37e39decc3d865fdd4bb509cb468e5472b300a3ac	838658	33979	19	26	3	0	0	3	5	0
Assets/Prefabs/Hornet Enemies/Spine Floater Spine.prefab	ec7cdeea1dba2fe49af2d0783e70215f	f412af5c1a4a4ef139ebabfa9fde0085a37621ad8106efb051f2da7cb1d21733	144925	5615	6	10	1	1	1	0	3	0
Assets/Prefabs/Hornet Enemies/Swamp Muckman Dart.prefab	eb83bd60cd4192d449e8845529a9347e	933ef7517f86e613a1cbfde63eddcbc633a3ee7e2e0b5499c71de46431d54279	245727	9822	11	18	1	0	0	1	4	0
Assets/Prefabs/Hornet Enemies/Swamp Muckman Stake Projectile.prefab	75e145d93d5bf4b42b515d7aaf4b0169	b323ae9c5fa12a6abfa9f7802c45fa785c56a694f39131d7448f3579b70cdd98	279034	10790	10	17	1	0	0	1	3	0
Assets/Prefabs/Hornet Enemies/Swamp Shaman Fireball.prefab	2c4c969c56285b24db9a88d487e50b02	1901a163c04a0b7e3fbd290ce4d944d9841f47ffc7171ff8fc1c99006447b344	319307	13328	10	10	1	0	0	0	2	0
Assets/Prefabs/Hornet Enemies/Swamp Stake Projectile.prefab	c5b8944494849504cba8a0173034c38f	86e8508b6cae0f8f99cf90e80020a9bd47d34301ef5796cb9d2660ad07a8b8e5	281524	10900	10	18	1	0	0	1	3	0
Assets/Prefabs/Hornet Enemies/Understore Automaton EX Death Chunks.prefab	8d0a1d849742b914c9f647b197a7aa17	0cfd572db7c255a00caf0feb12037775091299165ae0a7f7798fb5852023d5fb	185613	7780	7	10	0	3	0	0	3	0
Assets/Prefabs/Hornet Enemies/Understore Poker.prefab	31019398ce122814090458f643f844fb	74482120d871342f335ef131306c36718c10d8092f80f05de87dc2f6211ab770	610881	23388	20	32	1	1	1	3	9	0
Assets/Prefabs/Hornet Enemies/Understore Projectile.prefab	bc7ae08b50fbfb745857139f9b38135b	4cfaea7d372e449b845f57dfd3d7d37b0c65bfb0df0cbd7d3ecfa74d7dab59ab	107210	4294	4	11	1	0	0	1	2	0
Assets/Prefabs/Hornet Enemies/Understore Thrower.prefab	881b36010caa3224dae34c6c5456b635	8a8d644203d861cedf80c16825f136d3a8c33933c7eb78bd4a8340d5a9110426	512926	19159	21	31	2	0	0	5	12	0
Assets/Prefabs/Hornet Enemies/Wisp Fireball Light.prefab	f374dc24d6f7f5d4eacdb7e3eca03bf6	5bb72983cd7f34b5ee7fc630925331d059619b39acadc26d1a2fd53b08566ed6	133673	5518	8	15	0	3	0	0	2	0
Assets/Prefabs/Hornet Enemies/Wisp Fireball.prefab	f72e802ae143b324f9b8d3df576c0ede	331b80a1e5d1722618394f619f79afc8982aa76d158c6d99489bf7dc30337559	1203874	49623	35	29	3	6	0	1	9	0
Assets/Prefabs/Hornet Enemies/Wraith.prefab	e6a2a88a4e7635b4984bc76372865243	05a8e74b7af0206b8a5f9a1a7cf19c5f61b05d3a9c9bb284feb06011765cff83	1123683	45722	26	29	3	1	0	4	7	0
Assets/Prefabs/Hornet Enemies/Zap Damage.prefab	ad24919500406d047810a00ba4960931	d22a6a17453d46e432c330fedffd755feb674b127898e995ee8d92935b7711d9	58557	2465	3	2	0	1	0	0	0	0
Assets/Prefabs/Hornet Enemies/clover_dancer_blade_sphere.prefab	92c9f59dc7ea3524e83ba96b157b4cb8	eb382c204a54cf645830981121369ae96723f5d0a58ed688ace90925f8d2db13	255487	9797	14	5	2	2	1	0	1	0
Assets/Prefabs/Hornet Enemies/clover_dancer_flash_impact.prefab	6159e14d40effb349963eaec6e21227c	50c3662a31dac6e108e38c9b100fb832107f6e0db287c1faf3da2d5ed9826f57	65536	2707	6	2	0	3	1	0	0	0
Assets/Prefabs/Hornet Enemies/cog_dancer_blade_sphere.prefab	0f50dcbc6f514154e8765eb61a0a2dac	c227eb4fee9d4fcd12136716fbac4464c8637b916ce758443e62625193d43e2f	123706	5187	6	4	1	2	1	0	1	0
Assets/Prefabs/Hornet Enemies/cog_dancer_flash_impact.prefab	5a0fc648b4c75134c907a37a32c1f3e5	6f84f899918e8a6c4b81e6db0e69b6ec7f6d9296b7adf1b3cad789667a7461a3	65533	2707	6	2	0	3	1	0	0	0
Assets/Prefabs/Hornet Enemies/cog_dancer_parry_flash.prefab	0cbb2f0e411511642b5d225a7036750c	94bef757d0aa6cb4d4ce3612ef8af7043cb2da0dfda57595df6c91b6a2a75c9d	65631	2707	6	2	0	3	1	0	0	0
Assets/Prefabs/Hornet Enemies/globe_projectile_impact_flash.prefab	fe78a96e03894fb438273f80c1ab5c6d	5569a959b6b9fb4ff1904723e453d4238c078db3b8c4f27cab787e4fc4eb639e	186445	7798	9	4	0	3	1	0	1	0
Assets/Prefabs/Hornet Enemies/goop_splat.prefab	74f7e22f29c892f428490fcb56c58f8f	bdecad37e7b0862226613376085aecb27fa385d5b30cdc7bbc04adaab0fb6288	112947	4780	4	0	0	1	1	0	0	0
Assets/Prefabs/Hornet Enemies/handmaiden_spear_silk_explosion.prefab	03c042c0e297f7641813b1cba9df5d55	a07f333633aded74f4c694d39532045dcdcdc305d8b105cc45c6d0c03ff4019b	351697	14847	11	7	1	2	1	0	1	0
Assets/Prefabs/Hornet Enemies/rune bomb small.prefab	959d3fa9156df9241a26513fb1239b01	a90798ea45f4f17fa3d76787cfbdc09fe0335bc99dec2bbabfea4f820d561d32	301727	12666	14	5	0	6	1	1	1	0
Assets/Prefabs/Hornet Enemies/rune slam.prefab	56003256d1ecd624793c4ba876fd504a	ff93187e7f6eee69d702f0ee903a1da7acb366e2a5dc17aba4e87bebd0c30ecd	593420	24993	26	5	0	8	1	3	1	0
Assets/Prefabs/Hornet NPCs/Bellbeast Child.prefab	b1a6f54a8dac9984c8eb2e2e992a0e2e	d731143535872a49c9f7776cbf003607e83c4d997b7e94c5dc393b87cd65050a	982823	40051	21	18	2	0	0	2	3	0
Assets/Prefabs/Hornet NPCs/Caravan/Bellflea Bouncer.prefab	b3a166e407b4b1248a5754adee24a421	1e2857cba086960712d0791135183bc8c0113c9532dca47982256dae709cef32	371569	14421	9	20	4	0	0	1	3	0
Assets/Prefabs/Hornet NPCs/Caravan/Flea Game Score Effect.prefab	26b9761941da7b348b56ad71871c122d	8297444eaa38b3e78186c2eb2675eb90ae1e47f42de98a6429013f8ca05edb38	171414	7274	5	5	0	0	0	1	0	0
Assets/Prefabs/Hornet NPCs/Caravan/Flea Hunter Projectile.prefab	10a23c8383e0fe048868e0cf73cbca3c	470984f10677086279ae037c2d15da1232b21a366ecabbd2eed6801e2ccb2f23	122785	4731	6	12	2	1	1	1	1	0
Assets/Prefabs/Hornet NPCs/Enclave/Enclave Pilgrim Small.prefab	438f5765b02a2c84787a34f5a7ca5b95	9e4b17353dc11f485cbc18e58ce9bf34f6bb62f6c0106454eb51aa1f1e24d3e1	75679	2813	5	13	1	0	0	1	3	0
Assets/Prefabs/Hornet NPCs/Garmond Fighter.prefab	b9862434ee685944aaeb088a91275fef	352dff990f86d56c6c4f042fa7f425190e91f9ea2f20e7cc2161ee5509691981	777489	31105	43	76	9	1	1	10	16	0
Assets/Prefabs/Hornet NPCs/Garmond NPC Anim.prefab	5f87d95a4cd5441499cf81b73332fdbe	698630d58c84faefd0631cb172421b8181478ac3e59e30a058ef709ec3121a10	21528	716	1	1	0	0	0	0	0	0
Assets/Prefabs/Hornet NPCs/Shrine Weaver Ability.prefab	78f6e712be82e3c47838e3b41d0894a0	e80cf1a38bcd2eeaa1e1bc5370ec77a58474b0b98d1cc8e8b28048071fab80e6	869748	34673	42	40	2	12	0	4	5	0
Assets/Prefabs/Items/Blue Glob Corpse.prefab	9d15920cfcd45f14ea500ce66abacab3	be9540cc6102808ddc8bcaeb0781293ceab26d7fb368dc95c22e88658d87a3ae	18300	647	3	12	0	0	0	0	3	0
Assets/Prefabs/Items/Blue Glob.prefab	bfb20fca106c91e45ad2dfafc3775dd2	144413828234d2543e0b1108d6e37aa407040055aab959cbd3c3dcebc2079d75	17644	627	3	11	0	0	0	0	3	0
Assets/Prefabs/Items/Collectable Item Pickup Child Small.prefab	d56904bc29e45de4fa7b6f7462cc33e2	c8f90828b20c43d9b25295cc0e94b79487568c4386ac7268490785390223482b	76533	3146	5	15	0	2	1	1	1	0
Assets/Prefabs/Items/Collectable Item Pickup Child.prefab	67736e1ada8c09247a46b6c06ef759a7	54a1ff768f171b279e2591666aced8e40dc4a3602553878c97d8e54c79cf4bbb	75886	3125	5	14	0	2	1	1	1	0
Assets/Prefabs/Items/Collectable Item Pickup Cog.prefab	bc458567b3954fb429e926f0c1bac106	60cad6a0ed4913a1418697a74cd3e93a3593c85d34844884821554309c9d4b5a	30927	1151	8	13	0	4	1	1	3	0
Assets/Prefabs/Items/Collectable Item Pickup Feather.prefab	092f698f2f00b0e409afc2b253680715	7463ad49873d0b7eb20a306a0202307b8c10aa289ae0190d1949540ad69a4a57	75216	3103	4	9	0	2	1	1	2	0
Assets/Prefabs/Items/Collectable Item Pickup Instant Small.prefab	9a347a09af3c59540ab675fc0bc7e02d	af2392587040d1712c5e6e77b097fea395e480f3349b958dce621a42da8a8749	74158	3059	4	10	0	2	1	1	2	0
Assets/Prefabs/Items/Collectable Item Pickup Instant.prefab	6819f8a206e72834d8fed7892bc8db9b	6e221ed88a4f4fd6e6082efec52088e229e61e848e1b551b101ef7c7211fb42d	74168	3059	4	10	0	2	1	1	2	0
Assets/Prefabs/Items/Collectable Item Pickup Meat.prefab	a8b1a8cd220db6a4dafc4228a2768d6b	74447d0b698b1756dfc2daabaf7a50999ce41dfb1dceedf96c4c01837aca3ae8	77861	3178	6	11	0	2	2	1	2	0
Assets/Prefabs/Items/Geo Large.prefab	c9ac21976e914c947996eee293f231fc	7662d347829baaf3778791a17c7ac4b62111f30b2de16f5907dca400ddb9deb4	251995	10520	13	12	0	3	3	1	3	0
Assets/Prefabs/Items/Geo Med.prefab	681769c52f5a1cc4682aef01c4f3f0a8	b0c0741c15c253ee6d78f4d55788027d4c4b8e712ef0d348b7f76e1f613889b5	252013	10520	13	12	0	3	3	1	3	0
Assets/Prefabs/Items/Geo Small Magnet Range Variant.prefab	25e2d39633fbefb4fbbed5887c6daca7	8ffd652df2bad6fd41b919b33f1013fbd7acff01fccac9520c1364d94a34a256	254474	10612	14	14	0	3	3	1	4	0
Assets/Prefabs/Items/Geo Small.prefab	04706fb09ebdd02468d2069c3b389127	c9711325056367e661fe4a49c17fc19a266bc12b105b6f4c7a17aac424f79610	252084	10522	13	13	0	3	3	1	3	0
Assets/Prefabs/Items/Health Flyer.prefab	806516d1bd9944a4fa58378f00967bd8	9447b0db111776ca4c1e51afaac95e09a19866452bf4e9912105834053fd779e	640338	26677	24	31	1	10	0	1	3	0
Assets/Prefabs/Items/Heart Piece Instant.prefab	3973c46ee7398b841ba11958d33b799e	2fab68a88dbe0a04f1ae9ae611c91765696b163c7d366c4d0c002ce5c9e90821	164183	6628	5	7	2	0	0	0	0	0
Assets/Prefabs/Items/Lava Bell Coal_Region_Shield.prefab	2ce5416fc4fe11342a8041a0ac3ccb4c	27ca153aa2900b60dd87022287db431d996d43c3cdf1c8b3823c7bbde83f42b5	178454	7505	7	9	0	2	0	0	0	0
Assets/Prefabs/Items/Lava Bell Rune.prefab	a3d05d67746846e419e02345c9f18504	8ad126d26b5d9c17695c74b4f0fe19ec0c865ff3cf868e9f4079376c8275c81c	228435	9628	9	4	0	4	1	0	0	0
Assets/Prefabs/Items/Memory Orb Final Wave v2.prefab	2d41c924015fb1b40b4d19f282baa4a3	3a6011b3125a8f8fc12c293a374eff787908a329b8f1d6245cecaa1e59d296ce	79300	3249	3	1	1	0	0	0	0	0
Assets/Prefabs/Items/Mossberry Pickup.prefab	32554cfaba637dd4882f4a296e4f897a	0a866131874b676cdd7691e43d5ac0e1f1c2a853cfadde4f15465264fb960433	171235	6762	7	3	1	4	3	1	1	0
Assets/Prefabs/Items/Reaper Silk Bundle.prefab	2f30d0c0661641449bd1d4c1c4fb26aa	c3fe716ed1a6751549a6731de013e2451896c11e16f2aae58d95a5dab1ccd4de	473618	19575	13	21	1	1	0	0	2	0
Assets/Prefabs/Items/Shell Shard 01 mid.prefab	2a97bdc1bbee2da42b75377ef0ac1102	82f07ec2fba9bf9f3b93d641c979bfbe8dfa847f115511c8da9fd149d781b9f2	201469	8350	13	17	0	3	1	1	5	0
Assets/Prefabs/Items/Shell Shard 01.prefab	0f972031bc6d93641aad002d6af5b347	000203bba91d42dc857e5108e8fa4a648d3ee622b52b6643bf99460e8b633974	193811	8075	10	16	0	2	1	1	3	0
Assets/Prefabs/Items/Shell Shard 02.prefab	c0dcab7c59cc9814cbe48f48ecd93fd0	805932df898e3321f74ae58c2053dad2fe5b7eb89369dacc09da706512069d09	193825	8075	10	16	0	2	1	1	3	0
Assets/Prefabs/Items/Shell Shard 03.prefab	95fdb805e06b31a4aaa45eaf82bf6fdb	b724f23dc3bcb93b1bf2fbe5e22e23a93300d4607f1c0ea26e6be9ec78758c5b	193822	8075	10	16	0	2	1	1	3	0
Assets/Prefabs/Items/Silk Ration Citadel Large Core.prefab	2331a483497c53b45b37fadad2f85ebe	609956a26d571de902eb9b521cba9a02a0b23acefaa73dcdc3083dec5d748f42	8332	299	2	5	0	0	0	0	1	0
Assets/Prefabs/Items/Silk Ration Citadel Large.prefab	7ccbfb0c3e2743748bad524e25387aa9	53d9db98aadd1f4bff375dd29de9846fff11ba107441eed31b2bac5936b9d09d	305710	12839	9	20	0	0	0	1	2	0
Assets/Prefabs/Items/Silk Spool Instant.prefab	0ecaade8d35a6df4eb2e67712e4c08d7	c8ddcdcbdd3a39f4876afa3549d1882f414e86743de3fd2ac10c0826a5703e53	157789	6391	5	6	2	0	0	0	0	0
Assets/Prefabs/Items/Spine Pickup.prefab	a06669a7acadada4e8f34964a2ad09c4	efd5a67feff90d2df7b4d562c9cdae29909542d019dc92efc631f99dba86812e	14311	513	1	2	1	0	0	0	0	0
Assets/Prefabs/Managers/GlobalPool.prefab	95392fbd137298b4ebc4f04b95977bc8	7b3dbd6beb7df427c34f2243cf5a372da13b66b066c571ce4b49d0beec07e20c	13558	292	1	1	0	0	0	0	0	0
Assets/Prefabs/Managers/_GameManager.prefab	d77b0e47e9b319e4c8444ed984d195e0	cacf1f2754434f8868c4c92ef4fd12065264ed07574634760c55c63349248b92	314340	11729	25	59	7	1	1	17	4	0
Assets/Prefabs/Props/Coral/Coral Crust Tree Pearl.prefab	4601d8f5ab3f5bf42b1e05dd3783e18b	9098f7d2cbad0a39e2436f8f3dc7971d991f9d3f251e35b1c6fed03eb0c80ec3	155195	6308	6	13	1	1	0	0	2	0
Assets/Prefabs/Props/Fresh_Fly_pop_explosion.prefab	8441bc66cd1bf034bb60ebb1aa8a0447	8fe268c22b655c02529b34d4e8ab2a88ab6d53917dc1aeb31d2b5fb66f21da15	126502	5293	8	5	0	3	1	0	1	0
Assets/Prefabs/Props/Harpoon Ring Citadel.prefab	358ba7979d99e264aa0bd1f4b35c474b	c886da133bd25b3b925c1ee0388476c5606443988f7c8aad86d25efb93017eb1	198351	8197	12	14	1	2	1	0	1	0
Assets/Prefabs/Props/Hunter Trap Cage.prefab	d15b3fa9afbf1de40924c439f56c2b8b	53d8e3fb04ed7b3b5bf8acb49b0a401e31dfee570dfb8d1a847f33ecf1c4aa42	534271	21816	29	30	1	7	0	0	16	0
Assets/Prefabs/Props/Shell Shard Fossil Mid.prefab	d802d39914cff9c408e254450582d156	06badf73b8ee875486496173289b4ee08a8dc6657f4de0e8f6f6c4f7f5524e32	12779	430	2	3	0	2	0	0	1	0
Assets/Prefabs/Props/Silk Boulder Large.prefab	947523e739e8c5642b2218ebea2ef670	854722a61716fc5c7f7bdd7e2fde1ea92a8325b850690c40a69872b47552a79b	570404	23830	21	19	1	2	0	1	4	0
Assets/Prefabs/Props/Silk Boulder Mid.prefab	4b0439b70459f164ba1b47d5f8f801f2	ea9ceae585205209037bed184b20c15dd43090f731a0985e8d4c63d0840839f9	584225	24368	22	20	1	3	0	1	5	0
Assets/Prefabs/Props/Slab Chain cage_small_break.prefab	9c1d5f31a94c1e64a967b514a61f6843	4b931783d2299d8c1e368ea01a3b576218ea6a6a26481866eac058c6d6c0a7b3	278173	11528	17	17	0	5	0	0	5	0
Assets/Prefabs/Props/Swamp Bounce Pod Explosion Shaman.prefab	9472c5a81ac35174bb696596720dd2f9	90908b4738527c3e2a22ee7010a4c68e225083dd21df6766fbd240e93c0dcc52	232238	9793	10	4	0	3	1	0	1	0
Assets/Prefabs/Props/Swamp Bounce Pod Explosion.prefab	52517b2382df88348a539d7157333851	4ab85ecd59b7f4239d2ce114e4de536c446698364c89a9eddc082dc63b7963b5	235396	9931	10	5	0	3	1	0	1	0
Assets/Prefabs/Props/Swamp Muckman_Dart_Explosion.prefab	bab4b8f78671e2746a5bc79481039a47	daf6812b1289147d7b418056d826685627fd72e06bb0c8f462e347e38e091137	180291	7582	9	5	0	3	1	0	1	0
Assets/Prefabs/Props/Thread Spines/thread_spines_coil.prefab	e834993565e8dc144b89ce5aea72f671	9ec247dba96451d99df19af20d599d95135446613de9ec70edd2fcd290e38675	4647	166	2	1	0	1	1	0	0	0
Assets/Prefabs/Props/Thread Spines/thread_spines_large.prefab	5be9573640e8405449a364a38dc799d3	17c0c7e39ab1276e3e0ad31a251426b22a5966afa6592120a049da39c4b17de3	4649	166	2	1	0	1	1	0	0	0
Assets/Prefabs/Props/Thread Spines/thread_spines_standard.prefab	ccdfd7a26ee4d194382ff5556a55a0c0	af8748cd8bb8e5625d206bf6b75b58ca12eb7615c17856c53ee094e17760130c	4650	166	2	1	0	1	1	0	0	0
Assets/Prefabs/Props/Ward/Ward Chair.prefab	6701865e23d596b449dc86ce29704cd6	33385302c038d2f9e651544811879cbae3fd200ed0980ac5342ef51c8f1e2b72	347041	14183	12	10	3	3	0	1	2	0
Assets/Prefabs/Scenery/Animated Scenery/Water Cut Effect Hornet.prefab	a4883b1dfefbd4e4da2dd47e69e31b03	b0102150b3c2e4b78ad6d5cc1d2168b8d17c657a2aeef368ebf2029017b5324b	118492	4980	4	9	0	0	0	0	0	0
Assets/Prefabs/Scenery/Animated Scenery/particle_barrel_splash.prefab	37c484c0c9c780c4bade05e5652de202	6af68af10ea5f1f3949ae7a78ddd1e9ab814de781313308743eb6061257df131	108975	4650	2	0	0	0	0	0	0	0
Assets/Prefabs/Scenery/Animated Scenery/particle_orange blood.prefab	19d1bed51e2d53a478d5e1e7c82bf614	189a732f2a6c4c0913963161a1ffb7039e4096df41dbeb290832004cb5176b7a	111084	4732	2	2	0	0	0	0	0	0
Assets/Prefabs/Scenery/Breakable/Debris/Bottle Glass S 4.prefab	b389d15b6d5fca540be0dda6da18ac24	49b491551384d687cf7095ab10f4742a96c693ac2bb5f3ba98832a557c6877c8	7874	294	1	6	0	1	0	0	1	0
Assets/Prefabs/Scenery/Breakable/Debris/Particle Rock Large.prefab	7b3c94ae29cf3e5488fe6182e506c1ea	ffb5c1bd3b11b34965221966fa7a12225c1748aba3c03016391d5906d039cbd7	10377	387	2	6	0	0	0	0	2	0
Assets/Prefabs/Scenery/Breakable/Debris/Particle Rock Small Shrinker.prefab	7065f3589834c6341b367f47e2385a09	c3f02069045b5fd2082a0f8bfa7c929da1f70da492faeefbcc6cbb97c8d02505	10333	385	2	6	0	0	0	0	2	0
Assets/Prefabs/Scenery/Breakable/Debris/Particle Rock Small.prefab	32adeef47e17f99478f6b9f72ee6d6eb	ce0773d7335d3245ca578ad72d6093f434db687032f7c0bf6da907162ca2af91	11280	418	2	8	0	0	0	0	2	0
Assets/Prefabs/Scenery/Breakable/Debris/Particle Rock Tiny Transient.prefab	e31cf3517c3264549895dd7fcf7c8e9d	ef7a53ef3638908d3a76ee6d0bb146316bdb90536024d93eac19bf689ea385de	2556	94	1	2	0	0	0	0	0	0
Assets/Prefabs/Scenery/Breakable/Shellwood Twig Wall.prefab	c33da5777757ea642b7f7b5ebed6d85c	4f87182b8103bf706bfa8b1c141d811bd6aae385782346121ed108f44ed2c836	772877	32143	25	25	1	1	0	0	2	0
Assets/Prefabs/Scenery/Gimmicks/Remasker New Sharp Ultra.prefab	28a88d667c836bd488eda6a0879e9d68	6e15f09f0246c37213d4e80d29254fffa6ff58118a6e38aa34fa77780c3aa347	8330	320	1	4	0	1	0	1	1	0
Assets/Prefabs/Scenery/Gimmicks/Remasker New Sharp.prefab	ccb5a1abac193514bb8d2dddf2e41078	9fca6815ddacf7ef283df67fc6b0e9e8f2bb7fc19d901f20ede3d1521cd4d30e	8314	320	1	4	0	1	0	1	1	0
Assets/Prefabs/Scenery/Gimmicks/Remasker New.prefab	c4671ba57e6daeb419dfd90177d88a96	17a7bbe86183be54b63fdd93174f3f774d9760d3776e6b100fdeb0c460f36886	8259	320	1	4	0	1	0	1	1	0
Assets/Prefabs/Scenery/Hornet_Core/Belltown/Extender Plat Platform.prefab	c97b2f43d34068047a3023970a6ea048	d22b111a62086456d5dca10e5761a7fa0b69378ac7eb720dc60789ed759bc690	129684	5389	9	7	0	3	0	0	2	0
Assets/Prefabs/Scenery/Hornet_Core/Bone/Bone Spikes Large.prefab	bd135ff127d1da54a84761b39c84c12b	c9bd9036e1c8364310be21cacfd641dc3aaf1ea7b3214f5d719f23eb2a2a82c0	23827	912	3	8	1	1	0	0	2	0
Assets/Prefabs/Scenery/Hornet_Core/Docks/Barrel Plat Lift.prefab	3914a4619966a204ea96e50ffde719bd	28b1162dc32a2e4f5481a8b5eee1f65fa8f69a7205369204af6cdc0d008dfe8c	122352	4483	19	10	1	14	0	1	4	0
Assets/Prefabs/Scenery/Hornet_Core/Effects/Frost_Region_Enter.prefab	fb871930370f5c34abb0a7824e5750a5	1317c643d1f75c1647f9f98586af0342bb28fa39ed0d5b8aa133bc4c1c454f93	7866	270	3	2	0	2	1	0	0	0
Assets/Prefabs/Scenery/Hornet_Core/Effects/Heat_Region_Enter.prefab	ecf20dc5061e6f548baea0e3728059c2	e0e19614e57449169e7e33e694f156423b3767d79747cbedf2586b8057f3b200	7868	270	3	2	0	2	1	0	0	0
Assets/Prefabs/Scenery/Hornet_Core/Effects/Maggot_Region_Enter.prefab	97ef1ba6808d52b49ac960f6daf593a8	190c3e5b5300ceecf323ca357673bf6456671ff013bce93ac35521f801059051	7869	270	3	2	0	2	1	0	0	0
Assets/Prefabs/Scenery/Hornet_Core/Hornet_Breakable/bone_breakable_tri_teeth.prefab	e605b2df57a79e847b47ce4bfd24f493	120a3da75c918d5a1865f89f7128a97eeb19e2fda3a1111c118b67f074c3abe7	137763	5687	9	6	0	6	0	0	1	0
Assets/Prefabs/Scenery/Hornet_Core/Hornet_Interactive/Abyss_Quake_Instant.prefab	b5a0962601b8c5c4387420762def3605	1804d995a58c5f61d8737953ed9aaf8f7a2a65cc46ea952c840037bbace77688	243430	10199	14	14	0	0	1	2	0	0
Assets/Prefabs/Scenery/Hornet_Core/Hornet_Interactive/greymoor_flip_bridge_BG.prefab	238175716183b1e4cb305541329f1b72	830de5b2e9cc140ad6afd3534805fb87f56b536abbf1ea4385b03664cd74b429	126888	4950	20	10	1	7	4	0	6	0
Assets/Prefabs/Scenery/Hornet_Core/Hornet_Interactive/lava_crumble_plat.prefab	1dadb62e94d09244ca87feba165e0c03	a1f7ab63853679f6f7d7d3ec3edfb8a1a8391b98f371e7d90b2dcfebf87af9a7	456914	19339	20	9	1	3	0	1	4	0
Assets/Prefabs/Scenery/Hornet_Core/Hornet_Moss/moss_berry_vine.prefab	2d4b378b5cf2af5479ce795602577a15	455bfcec2c99eb85c5550036be01179010a30df62efac888f41e05653c1dac10	215641	8848	13	5	1	5	2	0	1	0
Assets/Prefabs/Scenery/Hornet_Core/Understore/Centipede Grind Particle.prefab	ce7350de5ac9e7d45a0317f5ee555c52	c75fb92469fc5294f6620ec46b3171b55a45b7a6a83e378f944b64d1db6f7d34	112684	4799	2	3	0	0	0	1	0	0
Assets/Prefabs/Scenery/Hornet_Core/Understore/Cog Grind Particle.prefab	0cf378efd2d17664a9fcea39fc5b4e0c	4617dea5476cedd219406b3ac3539e5a30d7e32f20a49b3b402002b8b45e7358	112411	4788	2	2	0	0	0	1	0	0
Assets/Prefabs/Scenery/Hornet_Core/Weaver_Shrines/Thread_Memory/Hornet_red_memory_start_fall.prefab	720c4096f802fdc4b8a4b44dfb1de6c3	084dcd3adff39755c1aa5eb1842924ba8276d1194a950f1307496a80c4ccc940	3193	112	1	0	0	1	1	0	0	0
Assets/Prefabs/Silk Possession Obj.prefab	2c5d8044b5de0854c817d8b4ef771415	38cafa32641f9728023efc0177d08b919a91aeebce90c9caae7cd3909d9f47b0	133331	5492	9	12	0	2	0	1	0	0
Assets/Prefabs/TileMaps/SceneBorder.prefab	d7f12e1af528ef34097409f2af68d437	259f2f8bfc7466be35927aa97b4c8e92a515a7923969050adc77b3dc278033f1	4947	177	2	0	0	2	0	0	0	0
Assets/Prefabs/UI/Arrow Prompt New.prefab	c4664b55c2396aa4c892e585d1edac36	8677e551dbcca8236e97c0896d0259b868a83cd210ac9b29d8b5f820361b5652	18852	672	4	12	0	1	0	0	0	0
Assets/Prefabs/UI/Blue Health.prefab	cc20b710e2cfd954fb03b48733c68ba3	ea4680e46fc81354d9561711645b640fb8b04e1b541e42ed38e3cf8167115d3d	501475	20990	15	23	2	0	1	0	0	0
Assets/Prefabs/UI/Charms/Charm Place Effect.prefab	f93559b0a97fcd94ca6613b2f580678d	ce1b3bbd6cff9c8026f77d8d953c193cbb38156554e6fcf2ff79672df6fdf023	58444	2462	2	2	0	1	1	0	0	0
Assets/Prefabs/UI/Collectable Get Msg.prefab	b68bac1af000c3a45b5d700d5a352927	dd18faab4c73f8d5f21ee7c30255f9ef02ec42258df34c49183042752c500a13	89379	3555	10	23	0	4	1	0	0	0
Assets/Prefabs/UI/Fast Travel Map.prefab	bfb37b45f450e93459f82f932824c993	0b9052e612e1a15a8503836a96a8c880ca44ccbc33a6a08a3ec665239e0b5134	1832695	74350	138	311	2	36	1	0	0	0
Assets/Prefabs/UI/Heart Piece/Heart Container UI.prefab	d9cd76112645b8d458cba77e004e2f97	0f75c1f16f52e035257ef5e01b3addf56718192d0c846ae30efc940e1ad670e7	949489	38894	23	14	2	0	0	0	0	0
Assets/Prefabs/UI/Hornet UI/Ancestral_Art_Get_Prompt No Button Variant.prefab	745a1faa01074ce4dad3cd768eae3328	de89bc1c2018804c9512bce3d0ba9e844d3d2f605bea2a10a1c0e941cbe7a928	135330	4820	34	60	0	14	2	0	0	0
Assets/Prefabs/UI/Hornet UI/Ancestral_Art_Get_Prompt.prefab	c8925d8c29070194ca29387ae80723d4	7b9a0b5c2f153e6259738d80ff2c78fa5971226325f6e9625597a23629d2f9f5	135319	4820	34	60	0	14	2	0	0	0
Assets/Prefabs/UI/Hornet UI/Silk_Skill_Get_Prompt.prefab	9f602b17fe1828249815248edfcc54be	81f7839c6c985006321bb737196af22e5fda82129f5538720d09547b19b92941	124227	4443	36	52	0	17	2	0	0	0
Assets/Prefabs/UI/Inventory Cursor HUD Variant.prefab	ffbe80b39ad47fa46bc6c8d88ba108db	8aaf89cb1324d3f989acb02bc0a5bc7a94f1d27f314995e6443b2e9201e51b21	15346	545	7	5	0	3	2	0	0	0
Assets/Prefabs/UI/Inventory Cursor.prefab	a3417d9192f148f48b79ebe3b377e4f7	eb990ce9a1df6f4ed5342e011095dcd463bb997aa4831058027b6f5076e6ee31	15356	545	7	5	0	3	2	0	0	0
Assets/Prefabs/UI/Journal/Journal Update Msg.prefab	1d234b23e9a973c4380fb6651d53f459	6b0ff2117df7154f3e6d89de4ae1a4223ac85a147e2ce89c26acaf7dad5e9def	244403	8689	5	12	5	2	0	1	0	0
Assets/Prefabs/UI/Journal/Materium Update Msg.prefab	7a6b6ad9b50ecb24186c1865b63129d4	393628d499e91933825af9bbf1bf8a9c1e388081fefada00cec0257dfdc84793	229424	8166	5	12	5	2	0	1	0	0
Assets/Prefabs/UI/Main Menu/StandaloneLoadingSpinner EndGame.prefab	4065818256112ad40822b04ecb821991	fedc95af59427f5a07da33f41ae1a385e7b54568d400a15b0dbe50fc61d34e4b	10432	363	4	5	0	0	0	0	0	0
Assets/Prefabs/UI/Main Menu/StandaloneLoadingSpinner.prefab	e775c6c9d9a73de47811330cc7317ecd	d59d2952222130fc90a9af1b8e5c42751a1003367402ef0beb993c06796baf7d	10424	363	4	5	0	0	0	0	0	0
Assets/Prefabs/UI/Map/Game_Map_Hornet.prefab	dd23fd0d4db722d40a3790d7bade8a96	6d5d2140bb3d0bc9e6a16848a6af9a26cccc98759b775015f0c4d6ca065f8955	5665169	201340	1561	2168	3	1180	1	1	5	0
Assets/Prefabs/UI/Map/Map Quest Marker Arrow.prefab	d2a389b2dddc54e4bb0960ed221b9236	61d42be1532eded4df475c34c48ab4571ee99f6fad1864fc7b993f112cdf4f9f	3410	121	2	0	0	1	0	0	0	0
Assets/Prefabs/UI/Map/Map Update Msg.prefab	a4a96603351344745af97cea990d7522	987a68206711d9f1c60016510a9cb16a37d2f020941887ea21750abfd0f8528c	82401	2958	5	14	1	2	0	1	0	0
Assets/Prefabs/UI/Map/MarkerPlaceEffect.prefab	ecd8793b896bc984980b49782177918c	090282fe1855e982c527b1eb0b72d7677718ce5d0dffc6ccc8c28101fc174216	6090	210	2	3	0	1	1	0	0	0
Assets/Prefabs/UI/Map/MarkerRemoveEffect.prefab	b34d75e17c76f674c994add86d36b327	a8346afa332d9985ae493ce899de816e815a31386711abdf63147e815d03e324	3707	131	1	1	0	1	1	0	0	0
Assets/Prefabs/UI/Map/Wide Map.prefab	95c2782d52604cb4c82945f4109b7754	62d0fb5f03e41792f9fb7f6b8a0729786e4a7c64d49c74608c8b5dc021293014	585266	20571	119	339	0	84	1	0	0	0
Assets/Prefabs/UI/Messages/Extra Tool Slot UI Msg.prefab	066e9f6d75c251945b603f32455595ea	fa9555defc40dedeccd55a963398852506699525e62ab11d2df02b319a3e4232	48767	1739	13	24	0	5	2	0	0	0
Assets/Prefabs/UI/Messages/Task List Get Msg.prefab	02775b2a3d08d2949a202c29756157c1	0822f673aa4d6e5284b471cd3105dcea93543e72e17c4581f22b5894462c49ae	406953	14559	10	29	9	4	2	0	0	0
Assets/Prefabs/UI/Messages/Tool Crest UI Msg Architect Variant.prefab	cb230a213a06d584592accf13891b9b3	a4e903626a873d082c2ad2bbd2d2f873d105350e2dbf97d38ddd776e2ef6c237	147671	5671	23	47	0	8	2	0	0	0
Assets/Prefabs/UI/Messages/Tool Crest UI Msg.prefab	1ec245defdf94e64e9be38791fe1f310	e78fcba23b19bf545ed7c3da5a9e0f82b6f378a48c485523c2e427854ea0452d	112738	4399	15	28	0	5	2	0	0	0
Assets/Prefabs/UI/Messages/Tool Crest Upgrade UI Msg.prefab	6072457412f837845aa0286b6e4ebbdb	0f557e8e67fa0d5b133630f1f7fe0e56c3dce58c9a6d39c76e80bc923e330e3c	52565	1878	12	27	0	4	2	0	0	0
Assets/Prefabs/UI/Messages/Tool Tutorial Msg.prefab	51eebbfed094a6c4b98aa66eeeabbcd8	94782018f91c69f85ff94915bd9b1f994bcd4349ce06d6f5a4f94fe8c7cb4b93	54152	1936	14	27	0	6	2	0	0	0
Assets/Prefabs/UI/Messages/Tool_Socket_Evolve_lvl1.prefab	048863e219d09c847889c329a40a469b	44227ec97cbb7b6e314b66b5c625234edf9c0365d8440186738cdb58e5b67a30	132221	5466	11	11	0	5	1	0	0	0
Assets/Prefabs/UI/Messages/Tool_Socket_Evolve_lvl2.prefab	d310d2fa000492b48b98236c4e278121	89f7962993b039dc2e2667f0d1833663261a7c5ba8af10c99e185a692ac2b83d	140138	5748	14	14	0	7	1	0	0	0
Assets/Prefabs/UI/Messages/UI Msg Crest Evolve.prefab	5d7c9eded15f499479d3a5747241689d	cd574429866233e354e83078c6be5665125edbfa9602746f9e1447692bbb9ae1	1144909	45750	63	74	7	24	7	0	0	0
Assets/Prefabs/UI/Messages/UI Msg Get Item Heart.prefab	8f503706d14e86b469257876dc98ee55	87089876061546058af6a40eac14fc57276b0c94c22c313413b332a8476b9ec4	100453	3572	9	22	1	4	2	0	0	0
Assets/Prefabs/UI/Messages/UI Msg Get Item Melody.prefab	e5e893a571af81940ab7883111118708	bb1f6cd24278031e95bbd885775453f2d9878654e44792eabfccf75800dfc524	87937	3142	9	21	1	4	2	0	0	0
Assets/Prefabs/UI/Messages/UI Msg Get Item White.prefab	f4daf5ad22b4c9f44a2340ebd5241c6b	ca9d2543e0394f6dd02b3d70bb47ef988ba93a4017de57ffa305bbe0a176eb89	746032	26549	12	31	13	5	2	0	0	0
Assets/Prefabs/UI/Messages/UI Msg Get Item.prefab	6ab5d407df1bd3c40973608b45df5235	e99215fb9fee0aa2ea20bab26245453cea1c805e7620781f636ad17ae857f885	1357986	48170	27	67	24	8	2	0	0	0
Assets/Prefabs/UI/Messages/UI Msg Get Map.prefab	39acf47f4413a754db3deec184ba22f0	93015374048855911bd57f0eb89b62885cef9e0b939006621b558af1ca0b4bef	567265	20230	13	35	13	5	2	0	0	0
Assets/Prefabs/UI/Permadeath Cheat Code Effect.prefab	e76bb35b02a55f24981ebde76cbef420	8f2c373b8dadee5b9730ea46b907bf96223f8f2402013f61426930566a23b590	15024	579	6	2	0	1	0	3	0	0
Assets/Prefabs/UI/Pre Menu/Language Selector.prefab	41153469354ede74c835850fdc8f53dc	0a42f7a6abf85411b9688662fbcd196d8d1605104b564424449a84fd6a011b38	245979	8283	88	101	0	0	39	1	0	0
Assets/Prefabs/UI/Quests/Flea Festival Score Board.prefab	d105330ebe8e8e74c9b0117fb82ae974	2076f2d866151f19ddde984307d614cd91d2ab7cd7a876ec3f65474ea7371f22	501016	18236	101	292	0	27	1	0	0	0
Assets/Prefabs/UI/Quests/Quest Board.prefab	2af982bb2ea343241be06a401ce6ad1a	237b166753c96ec31671bd760165eabf7a421655d4ec13ff497536c9dad16a8a	569593	22215	67	176	1	17	2	0	1	0
Assets/Prefabs/UI/Shop/Shop Menu.prefab	320b501a9f2bae7409ed6b698483f4fa	e2b6a6b26dc6c68c30104cc6a81a425b8938197e6bc1a30be74b3eb58e83b88f	1785958	65497	84	203	22	25	1	0	0	0
Assets/Prefabs/UI/Shop/Simple Shop Menu.prefab	9909f6145046ae947b47c6c3464249f9	b7083e11f62bd46d50335c9f21ea77ef1807b5155257a6f1f42cc9820eb8cd5d	441973	17358	54	115	1	15	1	0	0	0
Assets/Prefabs/UI/Silk Chunk.prefab	8fe243068a2b8a64d88a0568ecfde944	032b31c0c214e3a12b274645a04e17a9cc5626995b39e0ab59981a69b6159c8b	1294392	54870	37	25	0	3	1	1	0	0
Assets/Prefabs/UI/Silk Spool Desc Section.prefab	a8b1b39ce8dc61946964ca1672eb8347	216820db74bea25094bfb5c922686a1826bf751639db3457a7c4f8232d91d9b7	59149	2086	16	34	0	5	0	0	0	0
Assets/Prefabs/UI/Silk Spool UI.prefab	25cc526e9c3920f439270bb6bb68af53	226376ce2d3acdd895ae8234b72f1f9f62249112347e2313ff78b2a0bc707b89	258097	10409	10	16	3	4	1	0	0	0
Assets/Prefabs/UI/Tool Icon Change Effect.prefab	e3fd5209ae608a646be987c3aed71010	00de4046cb89c3c5324bed2d71d618c70cb3b10a61d935a0f40b9934e1305f7c	5530	182	1	5	0	0	0	0	0	0
Assets/Prefabs/UI/Tube Travel Map.prefab	2a72ba6338fa8064ca3fb53212724540	2f9b2442d0d443b29bb447c0d4f90559387ca3706e169fc0d50e3762bed5b142	1111827	44919	91	198	2	29	2	0	0	0
Assets/Prefabs/UI/Wish Granted Prompt New.prefab	3e302b1e28c431e45a2bf1b6bceb7593	ea1960f401a3953f35d80a76420d3192882aa9d92d96597878510bfc5e0cfba7	226227	8842	21	22	1	12	1	0	0	0
Assets/Prefabs/UI/Wish Promised Prompt.prefab	b70bc156b9689244dae3fb0ecc538252	697e4d4a527122978b808f563b4080eec524839ddbd974024ed1448d08055467	218971	8583	21	22	1	12	1	0	0	0
Assets/Prefabs/UI/_UIManager.prefab	b9f2afb9886920443a3230fdf43291c7	4d8da77e73ef29366238587c3564669b295672b4a398b8a7c9c82d78fe53246d	2944093	100236	947	1637	1	0	290	2	0	0
Assets/Resources/PlayMaker Unity 2D.prefab	5f8111610e7d1a44d86fbfdda68c59fe	420888c55b3d34ba75609a1603f28398887939d000790f1c7718cd6d554af35f	8010	287	1	8	1	0	0	0	0	0
Assets/Scenes/Cinematic_Ending_A.unity	6f4a01b5caf3f5347ae37da78f5f6ba9	865f798d5a2f13f6be5f35da3dc4cdeeb7cb545a0e9130972dc56532f98b0f2e	25360	976	5	11	1	1	0	1	1	0
Assets/Scenes/Cinematic_Ending_B.unity	def0c7b9098b92246af6ad7aa8464f42	dace63a91cb91a5264814747b81824478e32f577f9877b89e3478706da44bafe	25360	976	5	11	1	1	0	1	1	0
Assets/Scenes/Cinematic_Ending_C.unity	51892a6cbf1f06d489b6c6c1b2f90f73	f9e1cb1437dbfb7f5cdff7bd0b47dacb14cbadce597913f0acc5474c37e09e7a	28419	1106	6	11	1	1	0	2	1	0
Assets/Scenes/Cinematic_Ending_D.unity	6aabd14e48567244fbf05e97fb1e16cd	8e7ebb5c0aa3467277d6f79a2f56930ac7ff93e19ff7ab3c3366ba197668296e	28416	1106	6	11	1	1	0	2	1	0
Assets/Scenes/Cinematic_Ending_E.unity	e0a71ccebda10194ebd9fff674a236cd	5e1427708463498fe77ef02a7e3089a70d14c79856f24d518bb8c31d1fa87298	31208	1208	6	12	2	1	0	1	1	0
Assets/Scenes/Cinematic_MrMushroom.unity	724916d632e0eb24ab47d7bc0296da6b	d36376e13d597bb4f3d9feb598dba9d5655a318bff05c8005eb80b269f1ce380	73524	2768	9	17	3	2	0	2	1	0
Assets/Scenes/Cinematic_Stag_travel.unity	b0a78834705fba74282d6078bfe528bb	67c24932dcef9b9f204a51f22d1eebd689e427b7de1304d5a77875b614545efc	36795	1406	7	6	2	0	0	1	0	0
Assets/Scenes/Data/PermaDeath.unity	bf334234ff01f6842a053b28e5293805	c1f2cddd789ad6fba29678dd1b1a64a35e8f605fe2e51459b9c499c49a7856d6	218694	8790	27	30	3	13	1	5	0	0
Assets/Scenes/Demo_Scene.unity	daef30536adb541778379408e701a44d	49ca19de45cfb28a23928785c1237defb338a67d608b5bd860b8627e6242e619	9764	367	3	1	0	0	0	0	0	0
Assets/Scenes/End_Credits.unity	6f580cf372d18744cb4714e82c02a217	920581918f18f05bd1391a89e00cb1933b6957c53197e1e80cfcd2048f834b6d	3077677	127934	234	332	3	53	0	1	0	0
Assets/Scenes/End_Game_Completion.unity	ce70126e37174f54ab882e97fec299db	5fde6e76b414c87d2a22c73981e8698dd848b906f89ad1eab9e4dab877aa909d	2109292	87418	163	188	5	80	4	7	2	0
Assets/Scenes/Hornet/Abandoned_town.unity	0fe7cf4e2ac786d498fc84379dc2b610	25eb64bad5d12a0ba15c61984565b7dc4ae7a025abb9cec0a47a971529d6dbf4	10310919	401223	1914	498	17	1528	48	48	112	0
Assets/Scenes/Hornet/Abyss_01.unity	c22a070fb33c04a4f9434ed2035cccf2	a88e99ce20c8a900b5362bd6f127863daf7d5961f313c811cff7a918ab9d5823	8668131	335735	2005	577	3	1578	10	26	134	0
Assets/Scenes/Hornet/Abyss_02.unity	4fccc7637f934584d983970eccbaa550	c293c2b7916fcd402ab6f8091bfc5f0350fc3bbe25f841d8d7fe53476221f45c	16125593	654082	2057	917	5	1437	25	59	160	0
Assets/Scenes/Hornet/Abyss_02b.unity	eb34adf03d7a5b242a7b13ded3248274	48a14594d2fa5ef7d2b325f84dea9abd2baf4aec147a50a59edfa1f21bcbe438	19613407	788462	2805	1051	9	1982	29	78	253	0
Assets/Scenes/Hornet/Abyss_03.unity	faf129021125d1f418c336093467788c	5db2c93213b53e06de020bc5a3092d9f7807a8c5cf93a8a521156a0ad400f015	9236972	367003	1647	651	3	1199	11	32	163	0
Assets/Scenes/Hornet/Abyss_04.unity	93a01d3ffccbbf746b8db808a5909c72	bc800ec8f9ea6d224e9995d4dd1c8f7911d2c81e3b05a1238c81097e3a8ee547	10543293	413848	2153	626	2	1711	12	31	139	0
Assets/Scenes/Hornet/Abyss_05.unity	f8d6c7568a6d0784289ba611810b07bc	9ff92b09e739a634127431352414d6ad31b9b87b28b828ba3414c172eb216572	24871754	991012	3233	1782	49	2157	94	147	341	0
Assets/Scenes/Hornet/Abyss_06.unity	de2e05d168771304d8795cb534105084	8902643b394a9901c97f6224dc07ce08169baab288717162fd4184ee3c4c214a	4785285	191202	792	307	2	578	7	23	64	0
Assets/Scenes/Hornet/Abyss_07.unity	9508dccf2993e8a479df9f559870d376	8ca78f0050974e873255d06af5b5fb489553d6b60547f8082cf07532e8c55616	11498058	465131	1084	753	36	545	65	81	140	0
Assets/Scenes/Hornet/Abyss_08.unity	69a3244cfe0a1ef4883fc09ee884e1ba	66aa4cc214cf78d540ffd28425bc43510ea847f1755134ea814f1ee0fdcc1950	17451172	689172	2770	1092	20	2086	32	62	270	0
Assets/Scenes/Hornet/Abyss_09.unity	e514faf27ca4a7a4fbc2f6e175fdf479	86997ba1e5e885d8be78bbe88d96a294a7268f1ed6dfe9482029d3ffbc253d3b	127554419	5182965	14103	5139	90	8897	524	130	1615	0
Assets/Scenes/Hornet/Abyss_11.unity	a518445d7727d35448fd6bd4b90e4adc	12e01e7354a8c8f3c9e65ecd61db6e38e6413967e622bf00e4879b3674860b78	4185572	167228	696	316	2	495	5	12	69	0
Assets/Scenes/Hornet/Abyss_12.unity	363c7fbccad88aa4598973b49e7ebee9	7c6a2df2c775fb734efef046294fbf71499da1f5215557f99d7a35e0f3680428	3166783	120599	555	284	9	420	1	6	74	0
Assets/Scenes/Hornet/Abyss_13.unity	e9389121e14f10d479d26b541b0df702	0789b728a9cc973e1a27db4d1677acd38e23d3d65cde4a8c6861a44ae1e9f4b3	14157347	565022	2256	856	5	1681	19	40	189	0
Assets/Scenes/Hornet/Abyss_Cocoon.unity	e26f51053044bfd459219a2b808021aa	4c48ac6101374941d48b3035100f2ba89dbaaa40cfa1c65d5602a60b9904c111	54748353	2246430	4306	3150	61	2477	351	115	123	0
Assets/Scenes/Hornet/Ant_02.unity	4f4bb8f27de20384fa94038287759030	462f48832ff40353f6bcfbdc2a6c9f443c35a7570baba1c43293e8e52d609583	10298592	414338	1480	560	6	1059	16	26	142	0
Assets/Scenes/Hornet/Ant_03.unity	50bfa07cf4d42c14bad7088383bc71a5	dd5494a4c97bac7b9bafaccab6421d4c7b67516056fc40bbc8963c0d23015b29	9630176	381844	1542	635	15	1069	8	27	154	0
Assets/Scenes/Hornet/Ant_04.unity	90b264944aad7de49b89d2d1f23206ad	3e91dba67e30a05d7a35f926aa06ee5f35f7ba9033a15209be84387f0e58991f	18717589	732513	2496	945	22	1737	20	66	320	0
Assets/Scenes/Hornet/Ant_04_left.unity	2414af7febde1784099b379e3a53f642	e15d84b467dcf1aafcb7fd557d98df5c4af8e2c1200d934790537d94d4ec2e3b	19842701	782064	2511	1066	23	1690	18	74	326	0
Assets/Scenes/Hornet/Ant_04_mid.unity	2c68057e010014341a412ed260724d28	b76cb4a2ace106fb6830f0f56781654f239bd6edefe55bbb42877f7b7a85b758	28667558	1121357	2143	1488	52	1087	24	74	512	0
Assets/Scenes/Hornet/Ant_05b.unity	0c44e0b973e823846854cd421340d84c	8aafedd3ac729a23c9ba3d270f51dfd5001c7251c0b060f00e6092b008669aff	16042736	633439	1459	729	23	886	15	67	194	0
Assets/Scenes/Hornet/Ant_05c.unity	ace8e7326826505498f450c4991da0ec	b737c7d931e6c1af784435c73b953d5f9598990bd94629853dc3ee74ea9a7759	9456306	381645	1295	500	3	890	13	29	154	0
Assets/Scenes/Hornet/Ant_08.unity	4613f67a5e71566478c81224b2fdea85	58598bef3e27a669e700b42b80eb3a989a31d70268f93eef0d75448ad56aa500	32270748	1291698	2886	1697	45	1574	2	94	525	0
Assets/Scenes/Hornet/Ant_09.unity	62afffc56dd746646ad7c26b7552698f	1b0244454fcbb7fcf6380ac9416c1b6f08d8f47e5bd7a0069f5241e622a42272	12538117	493783	2067	685	13	1529	16	46	179	0
Assets/Scenes/Hornet/Ant_14.unity	74785f2ef7379f840861a0e572c1e11b	943386e61571d69da9f84358375df59713449bfb1644c19585a3de069acc6450	9126240	353970	1827	654	8	1409	5	34	163	0
Assets/Scenes/Hornet/Ant_17.unity	4f45c9bfa67f1d542814a5d7c3f8313d	bcf03621a93967852412166a36acb7144e26da53dc81ecc8edaf55edecd047c0	3494626	136320	410	165	11	299	3	12	43	0
Assets/Scenes/Hornet/Ant_19.unity	cd2d17136a6922e44a221260564d4777	304c96037d354b0fce59f390afa125bb7e17691d34353626a1671717ee8ba96d	32495191	1276542	4616	2150	63	3511	434	76	413	0
Assets/Scenes/Hornet/Ant_20.unity	71d3a6b527087314c8db24aa3c85b50d	621e5b069a1d5adf1c4b7cfe4bd3b7f3ae1673dab434b27b422a03c26351bf24	19091883	761779	2794	1183	17	2076	213	36	272	0
Assets/Scenes/Hornet/Ant_21.unity	1410e28d912747f48ba9120fc182ad03	35c6009e7de661d9fab0630ec688eb3fb937c27978226a6f5236b078643a1a6e	14465784	574595	1297	822	22	713	18	42	277	0
Assets/Scenes/Hornet/Ant_Merchant.unity	605beabd1c404fc4fabcdf4540d872b9	af0d905a30c0a0dcb5cc4ff28c1f2fca96891039ca30d3a0790bf70b7bbcabf1	10491859	422088	1598	518	8	1189	9	49	177	0
Assets/Scenes/Hornet/Ant_Queen.unity	ac44b57496ad4324fa20e32d17e35bd6	bc55b888db0a211a25d2915f4418edffe58d119f4494e9c2006902808b1eedc7	3163069	123059	543	197	10	421	12	12	37	0
Assets/Scenes/Hornet/Aqueduct_01.unity	1e261fb32d0dbcd469aafbe4293f242b	d75427c76030877d162bcf3fe0b5ad259dfe253650ca9103f3d0e06ca7d8e9ea	36452075	1467256	3533	1635	52	2072	258	145	408	0
Assets/Scenes/Hornet/Aqueduct_02.unity	55b3a209ac59a71498ed36da9e8b3c34	c65934c3dbc9ef97a3894a5bc731e6882464439f39e5ea3e6f51ecce2ead31c4	16723918	672485	1841	793	24	1227	34	55	215	0
Assets/Scenes/Hornet/Aqueduct_03.unity	d54c949ff7702524bac184ab3daf7b55	c2e54346451357c26e522b80f138fe35a37176a7edb50683d12b4abb91993d33	34261002	1375153	3448	1780	50	1970	246	138	461	0
Assets/Scenes/Hornet/Aqueduct_04.unity	21a4d7d0a9b701f4cac4803f27824a31	d4fd7a1864e91b194b8d00bc5e934b6ccb593a9c43404ad4e1b30089289c77e3	26879794	1083545	2682	957	40	1809	121	88	295	0
Assets/Scenes/Hornet/Aqueduct_05.unity	cd7fbbec63964fe4a9f5b3f4f9742ac0	f7757e8f93275c6a502261911031c870885dcbcd298ab6144d81a540527e9114	13943718	536408	2680	558	18	2051	44	25	226	0
Assets/Scenes/Hornet/Aqueduct_05_caravan.unity	da972b9268c38b44c93be8b4d16e9286	f6c29ff851b577648ef69e027c94e4b59811ea7068dfa4c8908ed2fb70da6c47	7504870	287197	477	618	43	189	8	45	120	0
Assets/Scenes/Hornet/Aqueduct_05_festival.unity	ef4faeadfd5088d49b7b490e0170d3ad	3ed4fe5e86e6013c4f3c818255d7e8bd730acd98e5ace6da0c984f61b27f1d31	38995751	1526141	2430	3025	231	860	30	218	405	0
Assets/Scenes/Hornet/Aqueduct_05_pre.unity	6c01a1fb608f6f543955254bf5dd874a	75117f4ceacb895e3b06ab0abf850237401d288c50f1ec51f560445a8ccbdf07	1139024	42291	68	82	8	36	0	1	5	0
Assets/Scenes/Hornet/Aqueduct_06.unity	8c33a7d96d234e641a2b2590f8fbe3f0	4a3235e265a19fe3554d03005f8a0089e9620824e3525894eb7bd9dd2871c8d5	24189902	960573	2877	1143	33	1911	74	102	297	0
Assets/Scenes/Hornet/Aqueduct_07.unity	aa1f633f58f7eae468ce86da9387a97a	32c15085f7b5fab63fe9114e023c3bfa1240c4fa665796bcc569368f02331ad8	12361355	503274	1017	599	18	576	10	43	149	0
Assets/Scenes/Hornet/Aqueduct_08.unity	e46fd943e3af4cd4a81179d41b7b26a6	a5f632adf507c4bf786f482455146bf1193d23d02fc914a502b47acc9c619169	5618316	221322	606	283	14	395	11	30	85	0
Assets/Scenes/Hornet/Arborium_01.unity	d536d8ec5078b2a409f623ce4622f1ea	7bc6fa18386126ba9eb35c332f8066e81a2f2a40907e2ed49c17a569414bafe4	13167453	517537	2519	1301	11	1726	12	41	368	0
Assets/Scenes/Hornet/Arborium_02.unity	b44d1f60a8689594b87efd486e8d3a10	5bf943d26c484a547c8560a40fe073d8d3f80f640ef373283ff056a7347e2e19	9643693	374042	1478	623	21	1045	15	41	195	0
Assets/Scenes/Hornet/Arborium_03.unity	169b19ed8b0c10a418f56803ab9a535b	4aa4858d83afb59aec6a8209164bca33fc32e05434cf1ada4f2bb584ca1462f9	10591884	419052	1604	606	13	1113	8	31	179	0
Assets/Scenes/Hornet/Arborium_04.unity	93984933402699d4ebe14fa13cecca28	d8e6b11709d1b1e335c4816dba7ddb333fa758c55869ba4f7b288d0c32313882	9486701	364766	1662	646	23	1276	44	48	156	0
Assets/Scenes/Hornet/Arborium_05.unity	5fe9315fd4d6a774b9978c9d64b43dbd	ddeaf8693408cf4947c03ab85cba34b0f431550130aff9fac0d8f50ac5354e76	9557468	376896	1465	531	19	1075	24	32	170	0
Assets/Scenes/Hornet/Arborium_06.unity	120cb06dd58be5f49a8b55a27c46490e	3409c66a16ae5919f6345cb76e2a0fe3c4d21ca405e81624879028456b775240	17783303	725023	1709	869	22	1169	0	10	197	0
Assets/Scenes/Hornet/Arborium_07.unity	fb13052494e832f4686bf97322e2eca8	c3a24b76adf6979463be69c58e321227e7fb0ad19bbbca7efe5145a2deb4f227	10421354	409048	1925	1044	13	1220	10	37	228	0
Assets/Scenes/Hornet/Arborium_08.unity	fef2d684538c7f74c80b004ec0e36266	6e7a24a905bf0063f24491086ae3bae9f24d6efe4cd05db1066f4fdc3fbe91a5	8471370	334405	1575	518	4	1170	6	20	200	0
Assets/Scenes/Hornet/Arborium_09.unity	41ee438c53780a447a89a8da2a8aac98	1ddc3a3076db8d945c6e5aab891f282a33f9930382989d5b60a101218a84059b	14804469	567364	3280	1453	18	2599	8	37	354	0
Assets/Scenes/Hornet/Arborium_10.unity	fbede6442d7cff742aff6971ba164f59	f2905065bad4e7e09b157586af32beb8d36e1fb05f09203fb104f81f37a9719b	2856076	112880	625	159	2	481	31	6	42	0
Assets/Scenes/Hornet/Arborium_11.unity	e7c81cce0bc98a74290ae00b42f98210	db08ae90665a602f3a3353ffc02188a3a2f5660ca76b6d309add789c5d60605c	20302527	790532	2596	1214	85	1762	15	70	301	0
Assets/Scenes/Hornet/Arborium_Tube.unity	cfde020e98b91c44fa3f64ab48184c32	d9f5ce4262094cd18c7706de2606a2751fa825dabc90c2d9ceeafb02cd28f1e0	2904525	116543	423	140	5	288	4	4	41	0
Assets/Scenes/Hornet/Aspid_01.unity	de4a25da46d1b7a42a74cba711a6ef62	c042091c19a2be06b7b56cc8bc6676f1e414f2456b1b35ac13c0433b619a5eba	19175277	737687	3391	1208	38	2484	17	55	372	0
Assets/Scenes/Hornet/Bellshrine.unity	0b8a2c10dda9a7a4da11db02c4c349aa	a7b6d02cdbc44e11410dd7f8199737cf9a5719eb62cb8b8e114281a199be8a22	4337514	173053	382	213	20	244	23	2	25	0
Assets/Scenes/Hornet/Bellshrine_02.unity	a7249e4f10ae4ba4e89f35e334de4f93	7377aac9af1aa315b1a4ce68a4ab8797a4f5f755972141b0aec331b64919138b	4729687	188664	459	217	21	311	23	2	27	0
Assets/Scenes/Hornet/Bellshrine_03.unity	7cc4e90ee5c05ea48a107465002016c2	e7b82031621d992acb1c0d4a93bb6b68937981841814f26215051e66f52917e9	5232391	208245	573	284	20	380	24	4	32	0
Assets/Scenes/Hornet/Bellshrine_05.unity	dbf8f457d0544724c898156ab23b03fa	18e2e27430c5336c555ebf62729466a67d7b5ac05392a25021e2766128b8cb3e	7063437	286566	607	318	23	371	31	10	50	0
Assets/Scenes/Hornet/Bellshrine_Coral.unity	d8c7247f09c04384ba31398cc10e0930	a356608114f2e6cd369f36e648def8c1802becd13f59f4d225121df1444cbb79	7279347	298235	450	187	10	272	1	3	36	0
Assets/Scenes/Hornet/Bellshrine_Enclave.unity	221eb6eaf211da149ae86c235f14bfd8	8f6628b36a0abd0d35732ad0851ee24b8d76d132bff4656ee2204c6a1dd5fecf	5089384	201427	668	296	21	448	22	2	27	0
Assets/Scenes/Hornet/Bellshrine_Lore_Additive.unity	decad7fff3698374ba2286ba67646e0c	76501cfd4061139ed6550fd3f92efe7b5e197d64399fae18c77ca18a7cdcf58e	73217	2118	23	10	0	14	0	0	2	0
Assets/Scenes/Hornet/Belltown.unity	80918293e0858224f9e758c06888f6e5	9472589edcecb58ddc42d29a2cf1cbe636e8590703192f1d708a82752c66c5ce	16630447	633974	3018	1348	57	2227	65	72	253	0
Assets/Scenes/Hornet/Belltown_04.unity	a6745e5b4c74bb144aa83ca89b43d638	79cb9ddae413ecad7067483a8307b9544471b3af2e40dd60d1ac1f0176b99af5	21853880	862838	3131	1108	34	2331	51	50	424	0
Assets/Scenes/Hornet/Belltown_06.unity	74bcdaa8b4f40e04a870b8ee2a5a74e0	5d1f95b4d9c9901f4ba6137bdf3f02aff776286ddbcc268b56d7ee44a13c4dc1	6810524	263372	1560	384	10	1215	8	17	157	0
Assets/Scenes/Hornet/Belltown_07.unity	2bc5fcd19605a2146b6a0ce58080dc92	fa40ace380df730d7565fbdba3ae2c4772343d8c1ad67be62b0b0b798f2ab446	5629705	220072	1176	290	6	953	10	21	77	0
Assets/Scenes/Hornet/Belltown_08.unity	a869007860c07a04ea3a56155dc62eda	18f8c4437e78e0424eb7b6b424eb3ed390f4d05c3b421d8f5aef524596057838	16741299	688806	1445	511	11	902	16	14	98	0
Assets/Scenes/Hornet/Belltown_Room_Relic.unity	b4a5c30fddcc1a047817b6489bcc896d	4cb9ae15a6f98dda561718ffd90eb517c541a26d0e66dfb88aed5a57abbee256	1880714	74522	169	201	10	68	5	8	28	0
Assets/Scenes/Hornet/Belltown_Room_Spare.unity	3e9cd676451d73e49b68aca895e0feaf	b1fff6cdbd5581b6b45f3d689ebce7fcaa58d7b29717ff359e19e3281a14a1a9	8359791	307807	448	528	106	227	22	15	40	0
Assets/Scenes/Hornet/Belltown_Room_doctor.unity	1c9b1075cb5c0b14dbe19cd7af6dbe03	208ae1cf08dcc0b9dcc89d94fb901b384fbaf6b34f2c76fab6943cb8fbf908c5	2133630	85520	170	100	9	89	6	4	16	0
Assets/Scenes/Hornet/Belltown_Room_pinsmith.unity	21ac3b982009cd0418bcba97b5463285	7da5a97d96753989708ce2cfd1cba934bcaad4a8f877a43a4906bc76cbbb128a	619925	23457	87	49	3	53	1	3	14	0
Assets/Scenes/Hornet/Belltown_Room_shellwood.unity	15f811151436262439f4c9a80a8ab556	4ecd7ee82859a78079741b7b9f84b52768de26fecb028386cbc39fcccf34570d	1994345	80036	349	172	3	211	1	1	33	0
Assets/Scenes/Hornet/Belltown_Shrine.unity	8c55f3992339c704aa67f17fe1e2fe23	583da4bc91a1666fcf692e2cd510fd72ffda5710b2c858938ae4d3f1cedb2b0c	15570267	621172	1780	843	38	1149	70	29	171	0
Assets/Scenes/Hornet/Belltown_basement.unity	3538192e81a58da4cbf801224d401507	ebd96fa0f2e3e8bc0ec2c0a2b1d066f1d137fb50e1de407b64e6532f3e187727	9047993	353636	1582	726	11	1129	19	16	193	0
Assets/Scenes/Hornet/Belltown_basement_03.unity	efb7bb702b79daa4488d524d47cf294b	f8c268a541a77291dd1a80410a353705285a5f0eafdda3a2a7b8d06bc54b7af1	32252454	1272494	4511	1285	46	3462	167	47	369	0
Assets/Scenes/Hornet/Belltown_cutscene.unity	7c62e4c8c91ffae4583b4c20d2b1b32e	f84384cef020c371a00ad36f849e29292fc23b8e8f93d356364ef96e8d33664f	114781	4292	9	7	1	2	0	3	1	0
Assets/Scenes/Hornet/Bellway_01.unity	dfd9600d2361b06439dab508f7fadacb	fbf767ec4680fd4cc770de556169a4632a19196f37cc9b5965a3ef152129b65d	6233628	244825	1023	459	8	794	5	14	107	0
Assets/Scenes/Hornet/Bellway_01_boss.unity	f45f54ef8a9b7cd44969dfc6acf6a897	138aad061f5472f483d68d9c68de2c560f7e3f7e806a13b28bbb099a40fb1c86	849206	32931	34	37	6	0	0	4	11	0
Assets/Scenes/Hornet/Bellway_02.unity	554e2efa6629ac84f9fac5bd23149714	b08fdb95627d0359a0a826d43886b25f2f1eaed7e8b101990186cc99cac0d073	5697366	222432	1041	449	6	793	5	16	129	0
Assets/Scenes/Hornet/Bellway_02_boss.unity	402ae9c981c68184b92c18de45cef65f	54dc5aad1403f4baabe3ff39ee90c23e7d6f410bbbf261729637b8ce4ce19b1d	849224	32931	34	37	6	0	0	4	11	0
Assets/Scenes/Hornet/Bellway_03.unity	c6ca5ed8338b3454db215a1b4c1a2c2c	b0643a1cc4039aa1aa56733af4f257eefc41c9aac1fc1a384a9c15b0769c4b4b	15177254	594974	2327	998	33	1741	16	48	252	0
Assets/Scenes/Hornet/Bellway_03_boss.unity	93c70c7b45aabe14bab4b3d3a5b81f8a	0286c1656a98e150c63a7a7077aad88b55f121972a4f7e2b1b68ada41b146193	849223	32931	34	37	6	0	0	4	11	0
Assets/Scenes/Hornet/Bellway_04.unity	f4aef6bd1194e4b4a9a7a4fe3af6b65b	9fa8f786ff781e517ee45bde477e7fe1541cc0b798cfe8d53f6f49e1a997e10b	8623470	343524	1530	792	6	1088	16	34	218	0
Assets/Scenes/Hornet/Bellway_04_boss.unity	dad5df5bae6c21b43a3c2916cff72d7c	96ebdd63d9053742d0ae2f73fe12b0399bdf4183fb3de782e8f604a32bc149b7	849215	32931	34	37	6	0	0	4	11	0
Assets/Scenes/Hornet/Bellway_08.unity	26d84866e4de6924a97388530d876bf6	f3f7a9ef13aa4b4d95355fd66d14c1869211df7b69d4679cc3fd18e4644bb729	8977944	352373	1028	653	30	672	12	24	176	0
Assets/Scenes/Hornet/Bellway_Aqueduct.unity	4d41b0f5d0a9fcf46acf75819eaf7e35	9c079db7f0d5c6aadd34621ae3bccfa3f01e66ee1e982a2424700b55a03cd1ad	9258680	360812	1386	607	29	1010	37	29	197	0
Assets/Scenes/Hornet/Bellway_Centipede_Arena.unity	c312b306cda4cef4c8c66d17901e4d03	76261051cdacb4ed1f90d2578add065a7179ff924b976c88fd9ca472d11e8cc2	23454238	947572	1729	871	85	1149	2	18	241	0
Assets/Scenes/Hornet/Bellway_Centipede_additive.unity	875e432fb5bcfba46977ef00d93c5ebf	f9cb85a0b901ec9302a2ddec5d81a39c6eb89cd841951085407b1daf86d0750b	1189325	48993	56	29	4	18	2	2	5	0
Assets/Scenes/Hornet/Bellway_City.unity	df86fa979f42ec94a8960eab6994abab	01bc2003a19c4e1c63e8a90ab09f8450c965f133680e3729d7731703290e3409	14406648	569325	2518	1464	25	1408	28	33	203	0
Assets/Scenes/Hornet/Bellway_Peak.unity	361b94b665f553f429d77f98ec923ec5	751e176d260de01c14b9d94f3d1cbc1cfdc95a8e321c1bb800749bb616f779c0	6239736	246621	861	363	17	607	25	11	106	0
Assets/Scenes/Hornet/Bellway_Peak_02.unity	be75d7e74c66b6c4383987e45357aa0c	d65f2d4aecab8196a70a737fe1bde0ab53816e63623f51599c7c54e497120d28	17377312	704270	1703	1016	70	1005	59	56	293	0
Assets/Scenes/Hornet/Bellway_Shadow.unity	2437dd82f167eb649a2325d86065ba30	f86e80035944ab7233a2ac870a0a28e5d542c6ef6d4b4ace828da5a750c1033a	8821303	347101	1133	550	26	825	29	24	157	0
Assets/Scenes/Hornet/Bone_01.unity	bad8b1abd35fc0a449a949be37e4615d	f040c7599b4a655e2a5537a3e21d281f7be0ee3499433c6b5ac4839eb2758cfc	27369194	1089170	3548	1522	41	2609	27	74	370	0
Assets/Scenes/Hornet/Bone_01b.unity	5fe8cf2c1e5e0914ea45caed16c12cb6	f6a5914f9a347c02c874bee9ae36e02233013d86e850381e471b0997976c7713	9096881	365745	882	474	21	519	25	21	104	0
Assets/Scenes/Hornet/Bone_01c.unity	f5d75a511eaed14428d373beddd794c9	dfbc7cd284ea82d61022f7abe0ccfd5c4f06ff183f7896d239bdc49227d1556a	14399546	574595	1499	742	27	966	49	31	185	0
Assets/Scenes/Hornet/Bone_02.unity	73a3bd746b3ede444b28541f3747f37c	4f8d37c73d9bcc20f49f92a9b6793f91833b4ca9f0187b81bd6a1a741e4db3d8	15678733	626662	2215	957	25	1585	19	63	259	0
Assets/Scenes/Hornet/Bone_02_Readable.unity	e722fc19d34124da0aa1d9b8f7637b5e	89559bef4bf7cfd7c951fbd9f08a894a4c702a2184afc8a4e4a901a3cea1c636	15945593	636442	2222	957	25	1585	19	63	259	0
Assets/Scenes/Hornet/Bone_02_temp.unity	19bce20bfd5d34537ab29a7a15da7a02	3cc5ea211376b952a2df86f287a3f5573383263d6c7abdba71c2d927cb26458d	15949548	636476	2220	958	25	1585	19	63	259	0
Assets/Scenes/Hornet/Bone_03.unity	cc4709e5f46b4a64c9f5290ca27165b8	9e741b37b7ef40892bc27807ad0b70bb7d2fee7ca42b62875592109c08040b9c	30103463	1219288	3030	1434	40	1995	33	67	412	0
Assets/Scenes/Hornet/Bone_04.unity	5408fb826f633a0439cf7366eeeca864	ddb760d8302355786ce5e7d7633d29d423429a1c1b9d05bf127282b5a8fb2f65	29407179	1178192	3210	1451	48	2268	34	78	344	0
Assets/Scenes/Hornet/Bone_05.unity	d50690dc7b636ae4689bfe5e68fcf93f	5d72be67d18e5e3ec7173f11f5cb296d53ff2f80ddd97b89094256e5bda0e861	12146732	483650	1996	805	5	1542	10	24	189	0
Assets/Scenes/Hornet/Bone_05_bellway.unity	bb22c854a1891b945a64b503b9f20280	044af33dd35a9cc3fe866494fe90825aee224693837ce1bf2847d478d8f41e41	854272	33135	36	39	6	0	0	4	13	0
Assets/Scenes/Hornet/Bone_05_boss.unity	4fa19ec23fb8f4f43a186363b0a9130b	54450d841a14da038688bfe1923e847387df9c9d7827f7a8f97e992125e861dd	8894711	362730	202	282	39	33	0	12	28	0
Assets/Scenes/Hornet/Bone_05b.unity	ee4f9636b8884934d81bcbf0616e8dd9	63f699621cbd2a4f0f13e6f1d7f1509e62034b0cc9ec6a2d182fceeb3dc28758	3795435	144746	833	259	6	659	7	10	74	0
Assets/Scenes/Hornet/Bone_06.unity	1d5204b9b12faee4884efe99f965fcc9	3e5f337a3c46dcf9a4fd1e2686dbbe0eb25e0f8969659815961d4b3032cadbb0	23287118	931831	2362	1430	56	1542	16	119	337	0
Assets/Scenes/Hornet/Bone_07.unity	aca8c3567a682df41a50542eb49d1390	8b5b27e242ec2a84ac3c9063a31a2e9e9c6c79a742c7ab71ba288af045f22d64	23080780	923859	2919	1539	31	2070	13	68	323	0
Assets/Scenes/Hornet/Bone_08.unity	02c6462b106c1be4e8f14ac55c547080	f6fc73879d56620c65ad663b6aa238d74b5e4f8fd2e97cf812ee09abadb058a5	10309520	405426	1752	565	13	1269	9	25	158	0
Assets/Scenes/Hornet/Bone_09.unity	24e14a261733ee74bb46557bfc06854d	36b9d41cc2d62abc5084892a40b68cc10bbc2db48ea719aa16a82527aa8a73a8	19066804	748927	2487	1201	38	1808	12	80	262	0
Assets/Scenes/Hornet/Bone_10.unity	1a012e8038ce2364f82f4db590c0a334	77b97719b803b7191c1fcb3cd3040cced47deed72ca30382d8c29d15c5c815a3	21404929	839729	2720	1435	51	1928	26	86	348	0
Assets/Scenes/Hornet/Bone_11.unity	c5fb0b5dacb7cda41bdfe509e6ec61c3	a71aff0405292c8b6b364cdd26e3ae038010fc95084d9aa7f7a8bf9aaefe03b0	16803542	656490	2317	942	26	1825	20	45	250	0
Assets/Scenes/Hornet/Bone_11b.unity	602178452fbe8334182f4a09081caa40	7ec6c9420c061c7609acfa04ccf797faf66dcc493e860d0a3cafe1c941bf044d	2431102	95296	508	110	3	391	1	3	46	0
Assets/Scenes/Hornet/Bone_12.unity	a1c7336dd2f851744add17685f71c47c	c52756124e335a3ce0a1dc538b185ee75c0ccbc3ada15f2b30b9309d7252c7d2	12882939	502716	1654	650	38	1204	19	30	154	0
Assets/Scenes/Hornet/Bone_14.unity	697041a1d56fc2f41a8003774d2de03b	b6f05eb87a88b145872427cb34d822a4c2dcffd2cc172b840320a66007c11c96	18728543	750320	2045	1080	20	1351	42	57	252	0
Assets/Scenes/Hornet/Bone_15.unity	296af1c0ed903a84c88384f286a15be9	5e2352b78408540ea42b55b8b7d72a262d986900a101895f04c9e7b10fe40c78	33940356	1401024	2124	1529	56	1027	6	62	378	0
Assets/Scenes/Hornet/Bone_16.unity	bc91708cafe5f5d45964425d1d0f1fc2	5f2a94279d661c3aa4b5494b64dc40475b252294a1425785ec91f481b2b528d7	17039667	673252	2411	1003	26	1693	6	47	250	0
Assets/Scenes/Hornet/Bone_17.unity	e6ec0b6131c438f46811d1f39e5bf436	5f9c52170a0d54f8537709faae10c6d9f4ab20db7c79ef0b3d350165023b426c	1655989	66435	246	124	1	186	2	1	41	0
Assets/Scenes/Hornet/Bone_18.unity	7a3f57c3a6c3f5f479aa60f04652161c	364ebe130464477b892b6704e27cdcd64f4ea36e0f1d2b1da379178c013633f2	10232576	402754	920	580	32	616	4	35	136	0
Assets/Scenes/Hornet/Bone_19.unity	897513bdfeee85940a16514c5abf760d	ff34c0a0d722024c2c951ae7fad755d79782a3b0a916c8281fdb74237cc42f6f	6100717	237682	1248	445	7	1009	23	4	141	0
Assets/Scenes/Hornet/Bone_East_01.unity	1839adfba1a1daa47a453695e4fcd665	063b8ac7a21299bfce72c4b2ae22189cb7416c38023715aed2df99f263ccecac	13121998	525366	1466	765	22	999	7	31	198	0
Assets/Scenes/Hornet/Bone_East_02.unity	11069659e75ff124c966effdab38a1c3	06a9c2b6e9c7dcb35c71f24d9481be8b3c73df6997456a6d1b0182ac9bc60528	17685414	696825	2317	1079	26	1559	13	114	335	0
Assets/Scenes/Hornet/Bone_East_02b.unity	9ff4638880a77164e95e659d934958bd	27a2504766e6cbea744249687661d2b968deded04120375285edfbb0bafa9621	28157550	1115166	3503	1373	43	2307	33	111	437	0
Assets/Scenes/Hornet/Bone_East_03.unity	8ee230dc1b38faa4b8efcb08cd64fec4	686102b17737fb614d7a0a75ceb53efb5be4ec1e5a2090ccfee477dd983c8875	38407073	1555604	3710	1724	54	2329	23	113	457	0
Assets/Scenes/Hornet/Bone_East_04.unity	5b3d1c91831871445bbe86128f82f788	3aef57f5a6b1504dbb846e0423882850f2a482e5982c16bdc5b5fce5e5e2af55	10156726	400519	1446	578	15	1045	12	31	171	0
Assets/Scenes/Hornet/Bone_East_04b.unity	a905834246ad4284bb9b92e60c0c88ae	2ed679d6ea43ce2c440c6f0dbcc04a90cbdd63c4ba29992ce35bd0104b56a6a6	8699897	344143	1253	537	17	861	14	28	155	0
Assets/Scenes/Hornet/Bone_East_04c.unity	e08bf24a18a05144ca79dac3dd9f47b3	086550ef660ddaec37effc11d4bae7f3dc85a28fef48c5769b50b98ae4990eb0	6215671	242001	863	262	9	624	3	29	104	0
Assets/Scenes/Hornet/Bone_East_05.unity	fb0858acfa272ca4db37616bfb293efc	b8104910b516750d397925064b812e811db07ff94cf901ecaa91fb2b88235392	31827009	1280871	2986	1615	44	1903	28	95	413	0
Assets/Scenes/Hornet/Bone_East_07.unity	de10d93b2e2394b48ab4d31f000f9c29	2c2959ec81b2a4e4e948bf9e5924f0b05471e55ad93420eed70e1dcaecbe404c	24421338	966730	3607	1711	48	2515	15	102	431	0
Assets/Scenes/Hornet/Bone_East_08.unity	349026eaad3860d47aa7bb6e6ed8255a	836d4c69da574d66b8ab401fe9921995236f8f85b27cf762009e821ad45eda25	34678521	1422502	2746	1227	62	1670	15	52	295	0
Assets/Scenes/Hornet/Bone_East_08_boss_beastfly.unity	5a44ebb0101e5b14cbe296eba1dcbcf1	057e44aabdd13281aff3a92c291dae1f3b9d2d222600b74145b9cda23ede4888	11766668	486754	310	272	23	26	1	25	52	0
Assets/Scenes/Hornet/Bone_East_08_boss_golem.unity	f836d6a2a0cd81441b3922901da10b05	c9ad7479587f5684a751910a07429b3fe0e7cda2cf02e2ac1e05dfa8646f92f7	1394771	55347	68	50	4	31	2	1	2	0
Assets/Scenes/Hornet/Bone_East_08_boss_golem_rest.unity	e9b25329aab054242a6efdd68a121c4e	94d213b5284f49fb003a5aee990fc914a1149e932818eeec6162ad1ab57af5a7	656175	25539	144	11	1	124	3	1	0	0
Assets/Scenes/Hornet/Bone_East_09.unity	6cc3b1b6cd0ff344d892d86cae976d33	d9eba44e054b5f3915fd180dd921281491167fb6eb59323f9ab349f1c5774d08	14604538	576297	2304	808	31	1590	11	50	246	0
Assets/Scenes/Hornet/Bone_East_09b.unity	a37bed62a5dec594a8c87f7c323c9a88	218af397ca02ed7782f922e5adecf6a677995618e82cd82c583f2edef3f5a90b	12326709	468709	2412	728	26	1873	2	44	216	0
Assets/Scenes/Hornet/Bone_East_10.unity	2d6ed884281b5e24fa62b48401c7d7d0	5f1b72fb18b25fc3205acd3c42ef3709f25c01701d63286d94635e6e8044eb28	16430393	647410	2333	900	41	1737	25	52	226	0
Assets/Scenes/Hornet/Bone_East_10_Church.unity	f3c15777afd2c5b43b1e97c23c49a991	febbd7b0abf9a6c336cf104917cfe09ec8aff76e48d8b556691c63f3aef548b6	9813832	397052	1096	549	11	705	26	37	155	0
Assets/Scenes/Hornet/Bone_East_10_Room.unity	85905071fba0d824c9690e2912eb1b9d	1561084ccfe0f7857b57e59d55d99841a3053e5d8a8fd63d249b2560f8f07257	7473833	294149	681	398	24	394	16	24	110	0
Assets/Scenes/Hornet/Bone_East_11.unity	36c5cce3b50dd6e4aa2a6e6a9634e9be	b43cb0d7dfe60fed4dc98c443b2566903113e73fe9861ffa552324c6d9973951	16999790	661310	2748	1193	43	1857	21	93	314	0
Assets/Scenes/Hornet/Bone_East_12.unity	1318c36cae474d542828a0f64d83a364	013e882a0766616cedde82ecb953c553f86e29db62acebaa418e8dc5d614d03b	11744184	463796	1959	675	23	1486	19	24	187	0
Assets/Scenes/Hornet/Bone_East_13.unity	901568706e9e36842a514e88e45a34bb	eb1861215400a18475549efbca9c79eb7960b8ceafd1591fc2757991e8ee7d0a	23613562	964420	2459	934	36	1650	17	46	285	0
Assets/Scenes/Hornet/Bone_East_14.unity	64f56cda73ef62a4a827e3072bae828c	f58778c9734217e505b1a4fde0f7da7906c1af21d8d93e5fe4e729cb5d1778f4	27090547	1069035	3407	1568	56	2397	26	122	395	0
Assets/Scenes/Hornet/Bone_East_14b.unity	a7595193d74168c499f42bfc5fd6ef96	7ed7bfbd92ea55bd87fc5033f93be8196c338b9a972caab39e0615719b56dcf2	26154620	1028602	3693	1390	35	2654	25	108	373	0
Assets/Scenes/Hornet/Bone_East_15.unity	cd3a12b940fa831458431313f63f1723	eb67b4b34e6819becc98d52a7dbfc8fb7e2b6c2f73ae64aa589e1da931a975f6	18590498	716560	3590	1154	31	2877	11	84	347	0
Assets/Scenes/Hornet/Bone_East_16.unity	8e164644676e4a84ea1432802a1e8c74	9c72b3d51b68bb0cc816533eba4e13be9137867e75d9448a0478c96a05b8dc08	7246590	285865	1134	363	10	784	11	39	130	0
Assets/Scenes/Hornet/Bone_East_17.unity	a596fe8cbbb8dc247ae15e1d9f04b3ca	dff877dcef7300d23cf770e966121670ea98faeb789af60f175c8b2c0f31a817	17713704	689475	2539	1074	25	1700	20	98	337	0
Assets/Scenes/Hornet/Bone_East_17b.unity	86b8193b00315d84ca054972c7418430	8b4733720dfacbb70711aeb700fea5e0efc6f2a895d1afac03a6605707762ddd	11556343	447166	2090	562	22	1593	19	32	185	0
Assets/Scenes/Hornet/Bone_East_18.unity	9a282a073417ea24a935ae7c0b90d05b	ce7bcc7bd396790e9fa9b97ac6ca195d7b2d548940fa9b9c3e3bed4173fd1ffc	18256854	720083	3514	935	20	2340	19	79	323	0
Assets/Scenes/Hornet/Bone_East_18b.unity	0e646c0903000d5488ee7dfcddd81609	87db12731438e023c6f007354e80ea1e4b528e765ca693fdd638f7d5dae4f8d1	30485988	1180533	4935	1578	63	3550	28	124	539	0
Assets/Scenes/Hornet/Bone_East_18c.unity	6a1775ce8a9737641bce5aa9c054a3b3	928c7255f00a7f5a5d3a812256385dab28457d98ee3ef121357890022c0f8674	3567595	141103	647	191	4	500	0	16	71	0
Assets/Scenes/Hornet/Bone_East_20.unity	11dd4a23db3bdc6498bfc8e12d39d34b	faaf693886e8e91c365e016a15843ca82b9758be9c63277df87b2738f9782df0	9893466	392642	1460	436	19	1108	16	24	105	0
Assets/Scenes/Hornet/Bone_East_21.unity	da22a90d7459c824bbfc453e2e4fde91	4dd4d29fb955cb1640871c78cdea3167c0cd1377bb6734333dd503d144626ae1	1156292	44442	222	72	2	160	0	5	26	0
Assets/Scenes/Hornet/Bone_East_22.unity	b3c4a5c61da12f045b3eb31c1db9a0f8	7f98e5434467a45b76cf55cc9fcb420b38b029f57940def8a68d7dc0bce9dfc1	6737262	266853	668	390	9	403	7	19	99	0
Assets/Scenes/Hornet/Bone_East_24.unity	0c4ef70d8061720479ce751e89887491	5caaf04956aa36c2d2a1d759d895d55fd79def9d7b8679b58923e4a9384c158c	38514033	1513498	5983	2418	64	4152	52	183	647	0
Assets/Scenes/Hornet/Bone_East_25.unity	559f69a78fb79d74dbb3efc75814e1cf	9caffcf8d96a96b20313ca045b9b39d6c0942377088ce42a7133db8ffa7413e3	11010761	444138	1533	461	4	1109	18	30	143	0
Assets/Scenes/Hornet/Bone_East_26.unity	5684c958151e49641a0a054f46b50369	df54fa2a22560a5f4d4f87e864d27a69a1a78ef682de59790d477d549c226b53	17206275	673654	2667	912	24	1793	17	82	232	0
Assets/Scenes/Hornet/Bone_East_27.unity	857e13d829f0d2d4092251d36dd70287	d640b6db1c04c154b7bea9952c34c56f3a6b3648d06dc40a05bb7b44d32821c8	9988878	400537	1344	497	8	943	16	25	128	0
Assets/Scenes/Hornet/Bone_East_LavaChallenge.unity	bc305d48333ef154fa17bbd178ad460d	91763db3d3b61ca4a10118257b484edb5822e672d2baab827ec97b2d690bf2e8	37136310	1493031	3253	1734	57	2167	10	59	410	0
Assets/Scenes/Hornet/Bone_East_Umbrella.unity	0bde1cd327a912e43904b30022e256cd	5154c3f7d8c4b057f3b03b061674fd9a0422a01fa8eb818c9c5bae2132b95f7a	1659629	61493	177	86	9	126	1	4	18	0
Assets/Scenes/Hornet/Bone_East_Weavehome.unity	b6cec601b69650847980992fc2914efd	e4c7e452278a3f671b5e65411c985c2d1c3039086251f962a283e8f0f1672675	11700955	446991	2149	1467	32	1708	7	30	209	0
Assets/Scenes/Hornet/Bone_Steel_Servant.unity	92fa58718bef4844ea6d840be15167ff	5625a70b52a855b28c78536d0b99c91547e5a4dec3fb7de3e2ffdf4897e3c2f3	8120132	322616	1180	429	11	906	45	33	108	0
Assets/Scenes/Hornet/Bonegrave.unity	48aabc01efb4699458abea10bc04b78a	62ce3630804d7ced80cad4d505306870a334d3dc69b5f6d11e06cfd84d35db34	30846239	1227248	3576	1528	41	2517	100	59	386	0
Assets/Scenes/Hornet/Bonetown.unity	1ddf2f633b871fe4e981c1ca65c88958	a138a87ede2898d305c44643dade0d68ec5bbdcb1d95298a4f0c48653bc45be6	40675973	1584471	6283	2356	93	4805	121	115	660	0
Assets/Scenes/Hornet/Bonetown_boss.unity	c5f8532e9b517884daeb53907efeabbb	87884741c3256c69833322254b7bf528f05dabd88f9effd2a774c59adab12759	28948299	1202906	1118	1257	59	199	0	50	312	0
Assets/Scenes/Hornet/Chapel_Wanderer.unity	14927f22e4ae6034aa3529832c6e63f1	0fd6bfba230af1d1c561676b381d69ad07299e45bdc00ff85c67b1e46bdade71	25117494	999452	2905	1478	41	2125	186	53	314	0
Assets/Scenes/Hornet/City_Lace_cutscene.unity	5b10d4fd055f2d949889700b007943c5	ff86c13ccd0a3b4da6b8031b02b6486fd488e9d1db7ccd3c9a6ebe361f3d91df	68880	2625	10	16	1	5	1	1	1	0
Assets/Scenes/Hornet/Clover_01.unity	9745f5a0f5ffc3b4ebe6dc329a0618ca	fb521c9fe5a1f8cd859029580a95d4840019977244314585f80d3b0b891c0952	7871317	304931	1645	455	14	1294	6	23	108	0
Assets/Scenes/Hornet/Clover_01b.unity	853e996d4d82e684cb6e59015a162a70	b6d17824b1a5682642ffddfd3c6637babac27582342f7185a350a4e13171f469	7511581	290584	1439	513	19	1046	10	27	133	0
Assets/Scenes/Hornet/Clover_02c.unity	18dbf6aa26216f748b483db1e478bad5	a5803685479f6f744701ee897193b756e7198f0cc71d07f6495a041b8b6a4714	44268780	1756381	5195	3102	95	3350	208	129	592	0
Assets/Scenes/Hornet/Clover_03.unity	dcc54b98dfd4f1f4b98848884b6f2fec	fdd79c3f033fa8babbc8bd0deabf961613abc2883da387248eb36eb0052d8545	24309991	989721	2950	2174	16	1827	200	77	226	0
Assets/Scenes/Hornet/Clover_04b.unity	3f26003ff05d55745bbb95004ce3e73b	137cbfddb38f7ceb368c9ffb23332fb5f6b40b21901b1f8cc9ba4d54fe1a3f75	28790309	1114701	3525	1629	109	2308	51	74	500	0
Assets/Scenes/Hornet/Clover_05c.unity	0803de41eed74aa40872dd3d17795c1e	74226219550b923e9b244d7b4dceba66d67ee82b4bf8cf95340a1b0ed9341c11	18970225	760237	2773	2083	15	1931	143	65	236	0
Assets/Scenes/Hornet/Clover_06.unity	8649f4d5b9e55d84d90123a6134ed1c6	a9a3da0921e327ef4a441fb5f942b96c713bd1d5bfdd95c98f24a2aad81647a9	28578124	1147088	3985	2413	34	2676	181	124	362	0
Assets/Scenes/Hornet/Clover_10.unity	48ac7273cee2e894e93eba304a50f2a9	59f2f36d04d51d23540a8e738d45e9edc8e290e25a2299c74b0990b9e15c17a2	37264689	1462667	3780	1741	144	2408	186	59	364	0
Assets/Scenes/Hornet/Clover_10_web.unity	bdcdb6d8530ce6e4ba53409486df9489	f8fef925027bb8589bb2dd87df91aa92adb68655ae6362464d1ecceafba8bccd	7686813	309763	600	353	19	333	3	15	91	0
Assets/Scenes/Hornet/Clover_11.unity	e5281d074c78884448faccd0b0eb067c	b3bcdd5e89fdab34aad483eab9d245affc95e8868e07758965cab03aef56802e	10124509	412134	1082	808	15	621	66	45	102	0
Assets/Scenes/Hornet/Clover_16.unity	9ea343edca613fe49a7b0fb2659297cc	0d4c396ceaed0c47c3ae2bce616198b202a19cbc94a8b45407d59af3ed48524b	28569426	1128814	3891	2354	72	2572	137	101	420	0
Assets/Scenes/Hornet/Clover_18.unity	fd48927f01bb5494bb551ebf4abb39bd	325c1a742dc518f3010098bc27ef618081ac30da01c058f64c627e4c7135f528	37261001	1509179	3966	2943	54	2316	223	124	407	0
Assets/Scenes/Hornet/Clover_19.unity	e73cb2fd2b25d9c4ab47a21ed204307b	37d4bb54dec8ee2eb8d0593afa6cec33dbe2c12818dc979a4034e22dd62f1bcf	9939072	394329	1372	735	22	933	44	27	117	0
Assets/Scenes/Hornet/Clover_20.unity	f04ee5e8e5ba3114db9c00951720ec2b	78efcde99a68efb160c23b602d775c63fc449e716fe734982058ceb41c98f69f	8127591	312488	1470	416	15	1157	2	14	146	0
Assets/Scenes/Hornet/Clover_21.unity	2481d25da9332fa4cb0257bdba1ae7c7	aae51c2b555dc0ffb62218829fa5937d359daa2231f327a84bd5df2dc5cad7a2	16346816	649544	2072	1218	34	1310	96	63	218	0
Assets/Scenes/Hornet/Cog_04.unity	0e5e346fa3b40d1459a267390e84f561	d453a6116234db9244eb879016d6ad4340de5e32d918b434a3862d53b2c5e02a	36186470	1458675	5137	2785	45	3015	348	93	620	0
Assets/Scenes/Hornet/Cog_05.unity	22d45695b5e76ac4699cdc8e06cc7f61	aefb33a941205b5dfeb2cf4879da37f9a1e0568d33673e128279250bf5f6fbe8	25313811	1001218	1768	1339	138	800	28	91	312	0
Assets/Scenes/Hornet/Cog_06.unity	33c41cb3cfeb00444876ead0830e2bfc	ef489085ecb96de4aa683dfc15d9c23eeb64b64bbe22320326748e0a9c08bc7d	6857953	273425	969	608	19	600	15	31	122	0
Assets/Scenes/Hornet/Cog_07.unity	be9c255ec60237e4e93a47e65d4d50f0	6323f77d46081dfe63301ef3d368a1494b58c55aa3e85b6fb54d6b536eb7cb39	18240097	727914	2115	1094	72	1388	23	57	259	0
Assets/Scenes/Hornet/Cog_08.unity	2e83e2677bea6d0479ebf9ea55712d31	789e77780a9cc1f8f160ddc9839fb6bfdb46c4bcb88b71b44b11f7bd215913e1	36012315	1459860	4199	2482	54	2437	296	75	499	0
Assets/Scenes/Hornet/Cog_09.unity	354db34ddbe94784ab3bcc2f3956955c	03037c53caaad63a335122c265691aa3a0f3710fe968edbd8af16abb7fd9a2b0	16560846	663268	2185	950	52	1355	109	26	141	0
Assets/Scenes/Hornet/Cog_09_Destroyed.unity	64028f35d97e50141a65367151ac0a1d	88ab1254c5da1e3e874d5d6841d955d9828a61d0d58b1de1b29a8a220ba3c6a7	9982149	393900	1842	733	9	1351	48	13	180	0
Assets/Scenes/Hornet/Cog_10.unity	c52c4eb960c560a4baf1d5b3f0394a7f	6c44cc677e2497cae0b4638d1c7bf9d3b16f63e894e2feb9a39461fe9463b6b6	6420723	255364	1160	547	6	754	20	26	111	0
Assets/Scenes/Hornet/Cog_10_Destroyed.unity	bf7dfff9a5574244ca7c3fbf300b874f	f5a41252198f1d6ad3e9733f8efd98c48ea1d12d8c28c8fb8d3f517b8f4f76de	22232702	897249	2493	1129	32	1611	33	107	305	0
Assets/Scenes/Hornet/Cog_Bench.unity	1b24a976ed0080d46b85df8e98386232	bc657dcd0de4eb24016f7d5a662769b98e6ba42108790edd5a02b0af34c84cb2	5730714	224532	854	394	13	609	12	11	84	0
Assets/Scenes/Hornet/Cog_Dancers.unity	3fda234f80123134092a08dcc0edd30d	7cb4e2a712966dd2ba3984c15cdb805d953ed301510352498033232cbed6d9da	11778122	469591	1836	674	21	1249	28	39	167	0
Assets/Scenes/Hornet/Cog_Dancers_boss.unity	14b7809587fd129438061d31867d6975	58f3e38941bf39c47df8123938bec66be761b460f374412879d93a4aaf793337	18908574	732302	1047	857	115	515	172	10	110	0
Assets/Scenes/Hornet/Cog_Pass.unity	133ddc48e24572b48aec86f3dd124666	fe1e775b7f62f6951c893a07ae770b583eb607739a3bd4965f038374d09ece2c	2601691	99261	827	143	1	609	69	2	44	0
Assets/Scenes/Hornet/Coral_02.unity	67749ccb41c447f48a6c6bdbed126a75	c91e88c63e15ff94307b9b59567d563de7103c40a95e2628ef0e2ef64cb64a3c	35336754	1399753	4059	2327	71	2479	150	150	427	0
Assets/Scenes/Hornet/Coral_03.unity	d6204f3fde00a31448e160f37df351b8	db8729587acf363d40097e38e4beaca97b8fc38208197d1f063e4eade9ed74dd	18952398	733471	3053	1248	50	2169	42	55	305	0
Assets/Scenes/Hornet/Coral_10.unity	6704ec61d6401554bbfa4dda64ed2cac	072cd8058e2122fdf63b45e177c25054e1cb54d1a7da98c860c7e21b498fd081	9650124	379267	1698	535	20	1352	37	17	104	0
Assets/Scenes/Hornet/Coral_11.unity	6d5cafabf996c9c43ab4b2f6370ce077	d96989e2d9becf8ada345e572b8d6f1180aa84bec3b9fd436c4b1dca29a89e3b	16789961	674698	1761	1116	33	946	76	99	151	0
Assets/Scenes/Hornet/Coral_11b.unity	9a657cda54789534aa9970accf4fba5c	72b3dce0837c4afd7c95519beb1ecb458c477cd7e35b50412ddc39ee7cc91c45	4784484	191440	825	341	2	570	25	21	44	0
Assets/Scenes/Hornet/Coral_12.unity	7aef642945b31b943b6c8fb12cd57ed2	a95c5b7e527c8f5b894581b008969aa827bd3632a4cf7552ab9c84e00c0bd8a1	21090521	842273	2131	1552	36	1104	94	104	295	0
Assets/Scenes/Hornet/Coral_19.unity	e1b379ac1e2832e4cbc10ca014b9084a	37b9bc3765a201c51cba2e670722d960745ff85f8c8aa966a52d130e8e76ca80	23571353	932362	3849	1208	25	2893	15	36	323	0
Assets/Scenes/Hornet/Coral_19b.unity	a1f6aab303213cd4daf1b1446efa281c	639294a7ef5cbb4826f53c93ed23c9b1fc31db62e69595c7f83186f56914a3b2	9223207	362277	1199	499	20	867	0	16	132	0
Assets/Scenes/Hornet/Coral_23.unity	7ca5c11702cc73049ad4dd21f44e7dad	2cd42385d3a63cba9c58f1025bdbff9b51bbb99dd3818d3aa8f08a76988e0976	133864060	5618019	7435	4371	19	2972	412	377	502	0
Assets/Scenes/Hornet/Coral_24.unity	b57825ab092b4e74bae3311d38eb43c4	7d16f0b4f28768d6e4fe858ffd4f7ee0dd5174410739ce9c92d5624fa2b8bcff	101275791	4261530	5042	3334	34	1771	316	271	313	0
Assets/Scenes/Hornet/Coral_25.unity	a0abbc198217ff2428dba092a8daeb8e	a0be52af080d4e2032e62fa4e5daa476dc742cd0cc039d0c8194db820fc8df8d	5760936	222495	1217	353	6	937	4	9	102	0
Assets/Scenes/Hornet/Coral_26.unity	cea6079281f655d4cb1e2e529128f220	95b58859511db23a26b65b9babf73088569ebd78394d04ce47f9fa2e6cb46bdc	44098584	1853629	2501	1316	11	1134	87	76	193	0
Assets/Scenes/Hornet/Coral_27.unity	4f1b5f1239c29e5428beb4837821fa59	1cc5594e0a91ac0ae64d688d104afe76528bfe01116dd47f75934f6a228b0cfd	80661051	3377279	4179	2563	50	1543	208	207	298	0
Assets/Scenes/Hornet/Coral_28.unity	2edae7615a378a74492b81429a318965	e36712bf5190d153c635b3b87717c630b9df74b0fe420750a2e04031cab6c9a2	12136601	480199	2251	814	5	1616	95	77	84	0
Assets/Scenes/Hornet/Coral_29.unity	f52506dc7b5e43245a08a7aa2995752b	6b092cad189cf028451212195f41d426740c3a3dd26e41298f93c51cca239639	48961750	1958500	5853	3155	76	3488	71	74	475	0
Assets/Scenes/Hornet/Coral_32.unity	20e8f999e916dab438a0cd695dcaa2a9	5598de3bcac0b33b85716f131ee67f449c12770d033e3ed16189aecc7a11de57	34063811	1375891	3811	2317	35	2308	175	149	421	0
Assets/Scenes/Hornet/Coral_33.unity	fb407a4d9331a9c4fbde2a2395a48f51	ca156ca939c9e8678f7408d80754678f240c891e5178b63c0814cb7afc057bb4	7729146	306741	730	523	22	386	13	40	85	0
Assets/Scenes/Hornet/Coral_34.unity	f1da496ac02abb14c90d3b957bd8b235	d9cf250663588310f8f5ae92602f0a4040e4b9e508b013ff8c6158a508c18cd1	19378808	776275	2554	1740	13	1398	207	158	165	0
Assets/Scenes/Hornet/Coral_35.unity	4520e67522e94a045bc3dc660179ec6d	83070303ee0ba576e70c8acd17634656080d16a65b63fbd5265b95064872e847	8014492	314709	1371	577	11	963	30	32	127	0
Assets/Scenes/Hornet/Coral_35b.unity	a990c1de7e37174418bc0b89c2f13933	89b942da2588bc5eecc92bef418d1c34e6f55a4c01b90ba13806831c61804a07	13017293	518609	2192	737	6	1650	12	32	219	0
Assets/Scenes/Hornet/Coral_36.unity	87ac89ede38b4ed469fbfe16b8994ee1	d4403b5737c49f20c7d98ed8bb0f02be4f7fb360ca44a32a3b302400dc16cb8c	3962736	153474	898	408	1	671	2	22	100	0
Assets/Scenes/Hornet/Coral_37.unity	e8a3e1b8ebf0eab46aeebce015a7a905	8969b422551d98c871ee7fe3e822882486ad28dbddbe39b21d5d00405189dde8	4316473	174150	600	208	4	445	8	15	54	0
Assets/Scenes/Hornet/Coral_38.unity	e1fe63813f265d3409fb22fe37fa6ac2	dae4fb78343f41dd2a75b08c8ea756393a6966a0166be4a2789a641631557a7b	24510388	985422	2444	1359	26	1565	31	46	316	0
Assets/Scenes/Hornet/Coral_39.unity	2a08ee51fca1e474caca5a03ef71ea23	7fc1f3ed419ab1c19d9bfa72d4d076ba6f4ba2a7e15bb9e3a427f9d1f60a0500	10091971	408058	1159	708	9	675	86	69	91	0
Assets/Scenes/Hornet/Coral_40.unity	5a31e85171ff1fa4fb8c247f87cc30b2	a8b11ab1e9cb3475ca1c7ff81cff182baa17d644bb69a221c3b890f30d910780	2509745	95625	634	164	2	515	1	7	66	0
Assets/Scenes/Hornet/Coral_41.unity	23789dcbe59fe974c992257b02cc5c8b	9723fdd10940a258353f34b1d6c82a653b924ec60785e575190a87aae3ded391	95598577	4004361	4207	2938	61	1839	62	86	370	0
Assets/Scenes/Hornet/Coral_42.unity	1ef462dc8aa47244498979168254cfe3	b46e7a9a27ba6a0af8c03ee5ed032e49f436ac20e928b51a657812cadeaa18a0	7320739	292538	868	415	15	597	11	18	102	0
Assets/Scenes/Hornet/Coral_43.unity	be71586536e31d847a7ff98d00113371	5a82a22557df18617007d39c642fd7074a0d816e5e24831fe0b19abbe857fe9a	8346347	339336	1043	636	6	573	39	49	69	0
Assets/Scenes/Hornet/Coral_44.unity	fe6fb73dc5c9c444691d0edc817e9afd	e727ba20279fc5a361912c9bac882482035dd76ad11e03db0470947dc7b98882	71546892	3007368	3958	2186	15	1658	221	200	227	0
Assets/Scenes/Hornet/Coral_Judge_Arena.unity	c559f075833795b47ab0fe8dd0335c4c	025bfc536054d6c779a8684ed93a88b7b3a1204825653afe78a438de88b656d2	17646203	705502	1349	1242	50	617	60	74	202	0
Assets/Scenes/Hornet/Coral_Tower_01.unity	edfadc4f986a58045a92ae8da731161c	ddb683401cd26c47563e0116e6a835174c7c971100dcf8176b6b17f3e0c96c5e	13424409	545021	1482	692	15	953	60	62	92	0
Assets/Scenes/Hornet/Cradle_01.unity	44c05abe4240dd24b8929c572b8fa7c4	97c3c65128fe6fd6115753537adce7e99c7342384f7bf44552adb5495fcc0716	4253884	166837	603	239	9	476	8	9	66	0
Assets/Scenes/Hornet/Cradle_01_Destroyed.unity	24f3cfd562c489f4b9ae91ad63adb07a	67792ae8ccd65d5a5e42d80aba8cf559885e6dbff87f2ec4bb8e7c6e23a81b29	13889632	575914	1106	409	1	728	0	15	104	0
Assets/Scenes/Hornet/Cradle_02.unity	b7734d4b854fe104aa1bb54a443ad911	f7f88c08e9698bc200ab92fc25da78f41fdad1d07d65ba45444bc7030faa6d34	4225799	162102	861	288	5	683	1	5	104	0
Assets/Scenes/Hornet/Cradle_02b.unity	07a97fb103b914a47819973b749ec513	98f4b8491ebfd704d35963722a3582f0324c8411690f9e90e423fa0dd9f07188	6453286	256130	857	322	9	678	3	13	70	0
Assets/Scenes/Hornet/Cradle_03.unity	9c86739c07633234c990e7323bc5a386	0d4bb1f2add16fcbd57ac513c92dc2693d3ce5e95d017dd80e415daacf8098dd	37562020	1520635	3654	2064	99	1674	112	96	290	0
Assets/Scenes/Hornet/Cradle_03_Destroyed.unity	203d2572f8fee1e4e957585306344796	5287679b249f2cb317c048cf8e65be87f1ef8e0efba954b68423869da6930224	8082172	314327	1567	321	4	1282	3	20	117	0
Assets/Scenes/Hornet/Cradle_Destroyed_Challenge_01.unity	d909fafd46be3884c80765e1758de418	d5d444d488c13551871b330c1facbb474285c89c70b785708294c4c20df90edb	22323794	831107	5453	925	55	4653	1	35	335	0
Assets/Scenes/Hornet/Cradle_Destroyed_Challenge_02.unity	dbdfcb555b74c374cac732c580874e73	21835ee6a42b3e652f4afd48c6b9ff0c0d75feec032305602d23411a7be9794d	12213146	472845	2390	581	13	2058	0	37	159	0
Assets/Scenes/Hornet/Cradle_Destroyed_Challenge_Bench.unity	f8b2b841c07da3347b34de6480400fc2	b1a716d28dc04f5ec4490728ea1a5859ce8320177e8becda8a037ea3dc41d615	3222305	123305	598	138	7	507	0	0	46	0
Assets/Scenes/Hornet/Crawl_01.unity	4f3d5b2b6f5d7c4458150a946fec343d	afbbe29adf3ba358be9aa9415e3c78d753543f3263c4992b085fa32751a6160b	32625304	1289063	3361	1745	76	2363	15	79	784	0
Assets/Scenes/Hornet/Crawl_02.unity	37674f63d6b2d8743a431c90ba633a4e	cf787659889cec94a7a31bfffd5f07d3273ef3fa032745a27cbd8145fa6d744b	17253952	696313	2028	967	27	1398	19	36	280	0
Assets/Scenes/Hornet/Crawl_03.unity	4c50d3c10050cc946b5201dbc28dbec0	dd49bbf6a6633f1d089fdf8f5a4c54ba2f8347ad9c5cf5e0b657e5777eca1d73	39256048	1567239	3276	1850	119	2124	47	112	617	0
Assets/Scenes/Hornet/Crawl_03b.unity	34c5ba9e97643e4449328f14a44655b7	8d8261c4b5440cdaffbdd1218550b3ce31f8051fa9e1305ddbdb588e1764ad59	12837708	515466	1337	828	35	929	25	28	397	0
Assets/Scenes/Hornet/Crawl_04.unity	9a007c993c3b6094eaa52632776f3a44	40987c6bfd94b178995c8e4ca89f177e20e96f4e08d209c40ba62ff7797950a7	8581262	341102	1523	462	5	1153	6	29	149	0
Assets/Scenes/Hornet/Crawl_05.unity	26038a6867b695f4f998f4554a113bc1	52a035416b9a1ea30ffcc05f0cb77fbfafc687238c39eff7ef79c1eb9705f248	29580013	1170867	3102	1325	79	2228	17	79	417	0
Assets/Scenes/Hornet/Crawl_06.unity	389ed1195c6455f4c98031f39b061296	0c801006a2c1c87ef87e6f5a916b4ce6703e5922c5f46b81b2898b7932382586	8278942	324268	1087	383	29	778	0	22	107	0
Assets/Scenes/Hornet/Crawl_07.unity	f74b0ca97ebf2d244925886127809786	ce5094fe18877dbe44fa1e87c6b69cd6203e88e884ea41e1de64111ff197a956	14771459	596732	1369	689	32	922	22	36	230	0
Assets/Scenes/Hornet/Crawl_08.unity	527b1d9fe7f5a964fb8eb8f8f7a23677	c2dd0d03fe47c942e2e18f79acb8ed432b87ba24f06c6e6fb976d568e32cacf4	6818995	272734	791	253	10	567	21	15	59	0
Assets/Scenes/Hornet/Crawl_09.unity	9b2d08d3c5b110d44848e72443f65558	e67a4a470c0b460f2e68daddcc03662bbed0bd98b7a1fd5d271cf958fccba16c	36400630	1455885	2733	1556	94	1750	22	112	417	0
Assets/Scenes/Hornet/Crawl_10.unity	5160b9759cbbf19498f54d281764b533	6cc84cd9e5d5d39993cac32e877421545561ab230da04e9fde806a978e0faff5	4171773	167972	492	233	7	359	13	10	43	0
Assets/Scenes/Hornet/Demo End.unity	7320237e75674c7408d89b49a823a556	0869253ca679b0801cb4c0f17d692e60f682d4c0ded200ae56f065fe1df9a86c	71409	2086	12	19	2	2	0	0	2	0
Assets/Scenes/Hornet/Demo Start.unity	d3f4dd3af861e5349b8341439a781fd8	f4581ed8c74dd55596b6dbf79cb00ff9d9258479340cb6cfc8cde36df591a0f8	43892	1667	6	4	1	3	0	0	0	0
Assets/Scenes/Hornet/Dock_01.unity	b329cdca63be19f4ba475bce6de72344	6f3cdef6654c748a1e6f959f665b6de1326bb663ae3723e610293d41ee7d595f	13416170	543145	1491	868	28	934	33	19	277	0
Assets/Scenes/Hornet/Dock_02.unity	d356c8ba07cd89b4fbe1258c0adb11c2	0665adb0bc760d313effec22618a864e5755bb9cbae50e3d262a76e113c1cc01	41906938	1693198	5192	2294	51	3542	46	90	607	0
Assets/Scenes/Hornet/Dock_02b.unity	c687e575f33ef5f419bed57362afedc1	3b0eb830d5f1fc1bf73739e3446104903b1ef52925245d7c08dcb56e4d3fe6a4	40245377	1632976	4490	2184	46	3135	38	91	475	0
Assets/Scenes/Hornet/Dock_03.unity	746f744e6df3943439cddbe2185a0d17	ba37f7dba74d9a760ec9f94f0474cfc5e4f4e86396ee44022b191981f39c565b	34603846	1401188	3665	1821	49	2467	32	82	458	0
Assets/Scenes/Hornet/Dock_03b.unity	bb563b877baedf64d82f5070637ee84a	ba5c75df76b13bdb7262e6930678d011679de9f3c9b47a47054e7107e63fff0b	4040752	149675	870	217	6	668	1	26	107	0
Assets/Scenes/Hornet/Dock_03c.unity	6183099906626fb4e90d6381bfbe75fe	3c3d6735289c8d9b1498ea7aa7d1be7de3a9c03fbaad1a74dfd4260d231e0187	36113089	1440735	4437	2016	61	3122	32	112	480	0
Assets/Scenes/Hornet/Dock_03d.unity	63a90d6d7b473bb4c9ecf7b210867fd6	a271d98b44d85a8f7ddda5ba53f403ceca081a2520917bcaf655674dc1d9b841	6282824	243198	1078	412	12	780	10	27	151	0
Assets/Scenes/Hornet/Dock_04.unity	7df263dd7b71157489c13f83f2a4391b	aa6d5634bb7fc76b69981669654e34fc32dd144412c868476ad1b06e70c0a2b1	18441764	749850	1684	850	40	983	24	66	215	0
Assets/Scenes/Hornet/Dock_05.unity	5b13ff77891693f45b2eaa0dcac5168d	0890fa18d93059f2e5140b976fc3503cf1e18b4d3d9b0e26e899610246116090	7277958	300842	552	353	9	309	8	18	86	0
Assets/Scenes/Hornet/Dock_06_Church.unity	018a117684be3ad4db26d6f05eb35391	ee8ae7c132e49e51bc7f99727c90f364bddaeb4cf6aaf51fc2a608bdb8762be5	8667481	338420	1401	653	14	1012	41	33	160	0
Assets/Scenes/Hornet/Dock_08.unity	efc297521bb163d4598077b0a586130d	13a91d487c23f7abee1d4fb1755cc5895c1e53e847fe8826411541f43958e1c1	21351033	853617	1873	1166	35	1150	15	62	301	0
Assets/Scenes/Hornet/Dock_09.unity	79fc871bba972564eb5dc2a8e9b2323f	76a2725e3b6de934b67f5c3a59b211f960af45d676cca645ad768474236ec027	17449111	710677	1651	1012	32	856	27	39	276	0
Assets/Scenes/Hornet/Dock_10.unity	63e33de2c63926a40aa88a0c58b5bc62	dd3d6461239bcaf60894e86d12b9f5bd77a81e2948dc4f58a052dab4b4ff223e	4065348	162476	409	164	8	253	2	24	43	0
Assets/Scenes/Hornet/Dock_11.unity	6f98acd77cdfbf147841fc2e68f726de	04a2f25d8709120b1b151ba9e77906574c58018229041c7e0129b53f51b89fcb	83482046	3446487	7762	5724	37	4492	629	227	664	0
Assets/Scenes/Hornet/Dock_12.unity	cfba82cd55559f742a11a0fca29335b7	e495e4a7db98dbc10e6cd8cdef16440736bf11672a23c4736be4488ad18129e8	5501971	217546	1006	460	8	719	6	18	101	0
Assets/Scenes/Hornet/Dock_13.unity	266e8f6ae986f88458510f73879237bc	d47abb70fd4b4c4ddaf570781efb8e6915e11afa190454f85d07bac23f1fb4d7	9714664	396135	966	375	10	522	31	14	164	0
Assets/Scenes/Hornet/Dock_14.unity	984fb14e9eba12b409f48ed16993ecbb	f443acb6e3cf656c8b62173698094c2ec058fe56252606cdae9749225b543a2b	6441436	269096	457	240	3	298	3	18	36	0
Assets/Scenes/Hornet/Dock_15.unity	ad495795175c07244a39986df528afb6	0074269a58c8aa19fecf9c07d01f31b10f0d1fdf98c4a579820a04470eba07be	7149794	288889	1047	411	5	727	3	19	125	0
Assets/Scenes/Hornet/Dock_16.unity	17275548cf5433b44a33c277f5120f6d	beee0d4cddd6a58eb06af31f857e24b62d07699ffbb2ec122341f0eb3d545c43	13060495	536582	1190	682	11	644	31	42	150	0
Assets/Scenes/Hornet/Dust_01.unity	6526d4a7662835a4f9e1bc35baadbc36	e835d39d05daa9ccff03c4aa96d81aad4725532f776ef590e8cff6a29a9a8072	19369382	751533	3040	1011	82	2105	56	61	273	0
Assets/Scenes/Hornet/Dust_02.unity	a3ecd8206417e1b4e80a32488cbdf430	d3e45ff1eb388ac79bb54c03dc2ccd1a717f5365fa4e49c7fa728746342f3cbc	20671999	804559	3774	1330	54	2745	133	35	410	0
Assets/Scenes/Hornet/Dust_03.unity	ca48ff67b952f2d4cb9e3ba43cb37c9b	41a106388958382836e8bce04ac837636b6c4439cf8b5aa44fd26266d3543f46	31400958	1219576	3459	1616	136	2134	45	153	487	0
Assets/Scenes/Hornet/Dust_04.unity	94c4fe13ade75e54fb7723c6b811bc3c	c05b4126731f98a04b797d107bc0b2441aa817b4895462ca651c3226de05fa0f	18035612	698415	3027	994	65	2157	95	63	250	0
Assets/Scenes/Hornet/Dust_05.unity	4fc58b1625f30544c9a58b875011d781	3c19fdd940a4488b952553c6d984e7c3f9f6ac61752d6b66e5885f9e9719eded	33997948	1324468	5165	2073	102	3614	191	124	574	0
Assets/Scenes/Hornet/Dust_06.unity	9b1b0b3ae22a9a24c8442ba70fd44ac6	64d38e85924de9fcdfe9aeafffe8e3ca3decd21b84a53cff4269b3968d3296ec	20926765	806171	4565	1269	49	3607	162	30	335	0
Assets/Scenes/Hornet/Dust_09.unity	84b5a36e6a84a52418fc2407ed80f0ba	974baca038421a08dfec2c15470f44b66c3c83f31b0ca62b1ee111f0ad27d93b	15283426	596926	3086	800	28	2311	164	42	145	0
Assets/Scenes/Hornet/Dust_10.unity	8b4b318ebb950624d80af7df07ebbd2d	3262287a109881af245aa8780050ea8f6e57c67969998cbcc245433542fddd2d	21038114	816990	4010	1116	70	3092	125	46	196	0
Assets/Scenes/Hornet/Dust_11.unity	9e097f1da7142b4459493f61d6910e43	a3313386ec0fe6abb2266ef7a9c19fccb1a318ed2e4f8d48906ebd4cbccbb974	30482004	1210592	3481	1427	80	2330	89	108	266	0
Assets/Scenes/Hornet/Dust_12.unity	4bc282bdd393c6c44b5e9d11bdda7e81	0d699d4e7f0db9fc385514a2ff9327039d81689a3010b7311e5f897436f1e2cc	5134488	199625	968	217	23	690	2	16	72	0
Assets/Scenes/Hornet/Dust_Barb.unity	f20e029154c83454a9053db467c34dd6	3c46d8e5adb2ea1aaeb1877170147d6260af89e0eb789d0983b85010d2c858df	4951554	194952	735	439	16	507	66	2	84	0
Assets/Scenes/Hornet/Dust_Chef.unity	7b428c86c857f32488edac5279fbe7ca	4c6534e6157bc518eedda7ddd638ebebf7c39cbd18c7c16f5291d2ad196e6d86	12761126	502301	1955	763	28	1287	33	36	244	0
Assets/Scenes/Hornet/Dust_Maze_01.unity	ba3a47ef06e7531408e1907b37851a53	d3e0468540e1afe20f1652815b16d0e1c67520893a97e63afab57d8fd73e5ef4	16644630	645245	2945	624	57	2034	18	13	274	0
Assets/Scenes/Hornet/Dust_Maze_02.unity	10236563bcba48d488a06155b395442d	be2e331d7763d97a4091e9ffc7184562df9c05fd2f18621e1c2e3e25fc464550	18402659	707629	3609	668	65	2679	28	10	294	0
Assets/Scenes/Hornet/Dust_Maze_03.unity	8bccad2d0ea03534cba7e2cdf9b0e6e1	39ce53177fbb40a1bcc7b9f0566400ed31fe123386fbb1f196d6a401515cee67	14257559	549039	2932	582	44	2129	59	14	261	0
Assets/Scenes/Hornet/Dust_Maze_04.unity	b216495d2e95b6743b3d638eb5a515bf	8223f1cc3cef6b3e6cc26a000c9ba763de343569fcc3fc2e8f60ced51d520b96	17140237	662957	3356	702	53	2396	22	19	292	0
Assets/Scenes/Hornet/Dust_Maze_05.unity	be2e4001b21f7454986f932ae9423d91	9c9ace5f41f230521cb3083bc089f9df981a540ba4f0d60346641bd49128e8ab	17788342	683733	3502	815	72	2416	40	18	334	0
Assets/Scenes/Hornet/Dust_Maze_06.unity	be82aa4867f413840bfa604fbdc2d60f	04bc47a5c9c5af1899cb2466d3d5adc35e5ad6d0d717eef34271b90afa3bf074	14944375	571058	3491	521	43	2641	10	13	209	0
Assets/Scenes/Hornet/Dust_Maze_07.unity	0380f99d86f556a4e8c642f931fa6d10	0fe662301e688aa6f5dc0b53205da6048fa539da3d00a63318653818f49bbae7	7548834	291596	1708	387	17	1257	18	2	147	0
Assets/Scenes/Hornet/Dust_Maze_08.unity	c50ec6619b40f6f4583451f98e8322da	5ced74f5620807a72a6a817c6fdd426c7c45ff737a392bfcfb5548fc29ddaa37	11953091	461214	2858	482	26	2094	16	6	214	0
Assets/Scenes/Hornet/Dust_Maze_08_completed.unity	393808b3c4fa53f43a0a6b7041238268	374f6a913df5f3e88dd0e79e33ef5c0025aa9f4cee173c37306a150c85768e56	11274591	430190	2894	571	14	2281	17	18	114	0
Assets/Scenes/Hornet/Dust_Maze_09_entrance.unity	ad5d776300a0b1b41ba785c508db4ff2	b5591b80b9740349c8f52175c98150e8a018c93fe22a6010ea5c9782ba63fbda	4211274	157593	1086	153	12	813	4	10	56	0
Assets/Scenes/Hornet/Dust_Maze_Last_Hall.unity	437a25cd66fe4fb4e97af42f83e297b7	aaf7895775a90a1f4908b66a2bd00452d10f2c6385460bd5150406566763d3a2	3731458	144124	717	175	16	545	8	13	74	0
Assets/Scenes/Hornet/Dust_Maze_crossing.unity	52981c4db9e2a084f97677ff1a61494f	7000f3958eab5d2ab3324a44ff52b1f0d1c7bed403629212a860b42fd8e4baca	4228557	160569	1015	275	11	784	14	4	118	0
Assets/Scenes/Hornet/Dust_Shack.unity	5380480c3e8fc44478eaea127d7c198d	331a04d08b0ad20b7a9601d5037ef1d8c57b29014c6e5c36fc234ee1227ac828	2873805	116100	328	192	8	200	5	13	27	0
Assets/Scenes/Hornet/End_Credits_Scroll.unity	3efde47f396c7354f88a2df1483b59b5	8ff542a8120e50a5be02f69c6fe5f2dc1a93032ccb4b7f8c552204e4fd9c65d7	1552232	61795	156	395	6	16	2	3	2	0
Assets/Scenes/Hornet/Greymoor_01.unity	f4c17432814439c4e977d7e5475775e1	9cf4e9c2ecfb0270e8a7d7b50744124d848964bf7aa191c86027cd05c432ce16	23834987	946740	2947	1133	71	1898	21	122	363	0
Assets/Scenes/Hornet/Greymoor_02.unity	4c5ea4b61b6505c419b04756413caafc	3f999b1735ac90fa3be24796f2d2abb90d93ad2945af970a12ae7dfc29e70121	27680528	1087052	3984	1575	44	2867	82	88	400	0
Assets/Scenes/Hornet/Greymoor_03.unity	675d65265ffaa7f46a6613e25d0d6496	d7218a9c24ef6fff53e4f8ef0708d6d791b0c41b998e3d24e484a3787c41edeb	30735214	1214844	4516	1773	45	3061	91	101	616	0
Assets/Scenes/Hornet/Greymoor_04.unity	a5dd16b459f722b45bb5ecf5f3f8e225	19967d1961eaef5ff1ef5cd820dbd1c7481fbcae8bc9804d0b235e0af824face	27223806	1093482	2984	1516	47	1873	48	103	453	0
Assets/Scenes/Hornet/Greymoor_05.unity	98fad7311012961469fa4d8c9bb95ab3	74b39f24c5357a8a422d16279ec0cd9f0cf6c0464381a0b459f819d1a6c5694a	23566000	927026	3163	1266	50	2152	29	99	382	0
Assets/Scenes/Hornet/Greymoor_05_boss.unity	1ca6e217e4cc21e4786dd3a9e867258d	1b65ed46e17f443d0e1253e6bdf26aaafc573012ce5552de9b7e2c59475282a1	1852563	72984	61	81	7	3	3	5	19	0
Assets/Scenes/Hornet/Greymoor_06.unity	55475528cfa4f4d42a8514836c2695b9	52a216072253b007b1cf40ee65fd43afd487098dacd7c03fca11e946c02ee383	23484400	933100	3407	1228	20	2409	23	57	417	0
Assets/Scenes/Hornet/Greymoor_07.unity	75186278e836ed543b7ba4fb13d69b17	cab1b1583cdea0aecb761e6ae94a1de269b1edbba479cb271001bfc88e3eda5d	28755510	1138970	3654	1590	50	2351	56	92	514	0
Assets/Scenes/Hornet/Greymoor_08.unity	db369ea9d526e4e4894ec5be903bfb60	2d7775c5f495e5b9425112a5e7deb5d5a15364e3a429d04d0bc5e79852ff35d4	16824916	670037	2505	1187	20	1554	76	65	350	0
Assets/Scenes/Hornet/Greymoor_08_boss.unity	61e82c81901f8e44199e4a9ea4749394	0bcfb15539f59086a3da2830666bdfb743daa4efac98b2d426650d78f784423e	3670462	142929	116	177	18	4	4	19	37	0
Assets/Scenes/Hornet/Greymoor_08_caravan.unity	5e6fa7ebf199ee3479d7c938d95a23e4	07e9834f2f01d8d9c98316e90264bf3b886e101d6ca75c8ea9c95a227eea671a	7467716	288911	454	513	33	184	7	44	94	0
Assets/Scenes/Hornet/Greymoor_08_mapper.unity	720c7abf23715a845a502b913d2ad472	1a966c5d55db6bacf203c2c08234a06300f7fa7a5d5f5cfa621be5abea58ec97	1314121	50140	69	79	5	10	2	1	38	0
Assets/Scenes/Hornet/Greymoor_10.unity	5cd88e9838761d8438f0f2c033cc3a72	29177bf2a4c27a17590b8b9280d66cc606bf5db72d874749e29617f98010ac69	9176758	368824	1416	543	2	998	16	37	112	0
Assets/Scenes/Hornet/Greymoor_11.unity	02130807ddb27f84b83d172e088f0943	aa0497a8f688c5ec5ccce8d310ebef3589cf1af1e442e0a556c63ce14af6bc53	15776538	629079	2295	1160	25	1440	51	59	290	0
Assets/Scenes/Hornet/Greymoor_12.unity	3e92ff609a158474fbc4f921ae8f9300	6ed9bdaa60181f3be382b5cbd4732bb422d65fc90ac0d01b7862c427e02842e1	20680513	830293	2514	1471	48	1361	57	66	422	0
Assets/Scenes/Hornet/Greymoor_13.unity	4470a1619d277b24a89fe1679377f62d	ba88cf9ceb4c367f342e0a56662a3d4cd3e37f2399a0b5ae0bf574765eabdb08	15882881	629883	1876	843	36	1234	34	73	232	0
Assets/Scenes/Hornet/Greymoor_15.unity	e6402c3426c75924d930253e13e23835	815c2eab81ab5b730f1c1eaeca13518a60c97fa4d493d2221958b6e318ec0d7d	17898501	702360	2529	1017	28	1716	37	47	319	0
Assets/Scenes/Hornet/Greymoor_15b.unity	fa671673eaf5d47419fc6c772b2f4f25	2082348bceeddecf712bf50a39e842630ed5362c4880875720c63c5de9c49922	79908503	3209422	8952	6370	62	5676	698	260	760	0
Assets/Scenes/Hornet/Greymoor_16.unity	511a096fc2205054792c864a892a3d18	c499a355f003832c8841c23ccb8efcb3ba0eb17e374e966d4aa2cc7fee010049	22960809	907973	3698	1533	40	2691	63	96	474	0
Assets/Scenes/Hornet/Greymoor_17.unity	c2050dd5b505a0e4bb9ee7d1dd8e1807	f312404754fe0c7e5c9bfd5ed1ee0198c227535b9e0063f16d6897d3c3d39ac6	4680109	176734	937	246	12	737	4	16	92	0
Assets/Scenes/Hornet/Greymoor_20b.unity	c35ef8033e136544fb69908762009cc3	4228b5d29d51c0304d66e7f06a9783300bc7db8aff30001f41a0c0c33d288a33	8455613	345588	1009	718	7	596	148	12	141	0
Assets/Scenes/Hornet/Greymoor_20c.unity	c6c33213092a6d349b5acbba00a51f99	2ea8dfc461cdd0f123f02aa68e24145f254ec71258fbad0c32186d082e487845	20185480	787760	3432	1898	27	2650	384	46	327	0
Assets/Scenes/Hornet/Greymoor_21.unity	8b11cf151f6c1b342b68c49ef57370e5	4b16e86d4c5507e8a0e9d78a62c009b8f627236ae2c3be4330e5af95e41928b5	4929041	197016	608	295	22	409	18	16	77	0
Assets/Scenes/Hornet/Greymoor_22.unity	78f7e1b16c6bab441833e64d2854fcce	3e81765653c431594a40193bc69dcd5e2355ef45b32b71eb150be55adf66ae7c	11174022	437173	2019	547	8	1549	21	26	180	0
Assets/Scenes/Hornet/Greymoor_24.unity	1783cbe782f2f484b865505967c5796f	12aaa74eba23c4de6011a85be874e24ce1d848f68d7167a34ff250178a7cb0db	9136192	367962	1189	504	20	810	13	44	129	0
Assets/Scenes/Hornet/Halfway_01.unity	e92cf2e0f65b95e4dbc612891f3c9d3c	24f65c9ab6375c4866d40819344187cfdb5e27f878e9f07ec534d44055cfe1f7	6702107	264413	865	455	23	539	31	27	115	0
Assets/Scenes/Hornet/Hang_01.unity	9432509344beb2544979cc8eecb1036a	0fc40f629ae4082079e3915e712adee1e0c0ef5c4634703e696a28d8467586ca	9382663	364647	1507	607	36	1019	18	22	188	0
Assets/Scenes/Hornet/Hang_02.unity	5faa52241c2b8b142af9af008ae9add3	18a8e9f39bd07cced7156fe6087ac18ca121a9aa9d1cddc5b4c86124044f6513	9689249	384203	1352	413	25	884	83	24	133	0
Assets/Scenes/Hornet/Hang_03.unity	f9ed0d7b42f2daa4cbdac602242151a0	d736e23ccf8dd2ce2ac03ab2843bd1b571cbfede3dc8ebf110b93a75ca880ed4	11921209	471584	1779	753	21	1142	56	32	254	0
Assets/Scenes/Hornet/Hang_03_top.unity	978598625f51f704daaa19e121aed271	6da01fbf84f3220f308242eeb3defa35f81ee3632ee6d14ed81a1247a9222a3c	10232446	403553	1601	651	14	1092	36	25	174	0
Assets/Scenes/Hornet/Hang_04.unity	bdf5ac4cf397b2c4eb08df63cb15ef04	c02c9384ea1399ab8119eb4b5c1d1532595baff96f29cf42ce08137532a2dc51	7916598	314032	1292	577	10	835	15	29	174	0
Assets/Scenes/Hornet/Hang_04_boss.unity	1b5805ff1c33d4547b55eb179c66d4cc	fd79e9dea048c8f96328475af4ef26254e912f5e1ff3036b51ec7c280bce180e	22900215	874904	936	1240	115	85	23	110	461	0
Assets/Scenes/Hornet/Hang_06.unity	512e2a27d43c46549aa6da397f7b2dce	8690e2426a0fd0d529007aba7453e78be120a8ffa1b43bb23c9f0309de419da0	7736520	305839	1680	619	5	1157	10	18	176	0
Assets/Scenes/Hornet/Hang_06_bank.unity	8d7bf27549112a64884b69156df2f7ef	2d54e9596f079771669e233cd7e35c4ffe581eec2adeb317b33e5b9cc4074dbc	20054162	794101	2975	1621	42	1922	64	69	478	0
Assets/Scenes/Hornet/Hang_06b.unity	1d4724445e973b342805545ac082ef3f	43478cc29bd6b303587200f982973d19b6680368778d66c4137fa6f6c2052b67	7694278	310222	839	372	12	554	9	13	89	0
Assets/Scenes/Hornet/Hang_07.unity	cfcd16f41aaf764469625e101a8443e4	e09ff219ded9d5603483fb84625fdfed7f364aaa91484547b05cf4bfb56b2057	13361267	530818	1866	717	18	1246	58	36	184	0
Assets/Scenes/Hornet/Hang_08.unity	78050da1da2f1a643920569221360ed5	1020527275409108240b105d1c33ecfbcbbfaa0e57ae5682b52b7d84484e10aa	16431616	650681	2989	1072	15	2175	53	30	383	0
Assets/Scenes/Hornet/Hang_09.unity	0bf1759d104899a4a94e38f7f0016b86	89fc13d3d7460615e2331c7aa67f17c14045eb487e120cff1ab890e8a2317623	5322184	204976	1106	430	16	769	19	16	148	0
Assets/Scenes/Hornet/Hang_10.unity	e918dd0d8448f8d4ea95d072e8f06191	babb42cd50eee03f45223e032c8e2de91a82cef65b4ac3648fe883e0ba9f775e	8997895	357216	1245	605	29	768	62	30	200	0
Assets/Scenes/Hornet/Hang_12.unity	8c9cc54a4d43238408df6db81832319f	f32c3b9bbc65cd057804cb75ee53958219cec9fc1ac41e26b2a7c99e682775ce	5303486	211775	1030	396	2	701	6	22	109	0
Assets/Scenes/Hornet/Hang_13.unity	f68bf967ac576b840a3b42507a787b23	d6cafdbfd972610d4d2e325645ba114bef8b9d28f0b2fc4ae6a2c5aea7ab8939	11958611	470622	1703	796	30	1053	55	48	253	0
Assets/Scenes/Hornet/Hang_14.unity	0974cefe2962c6f48bb7e94cfa0b50af	2ffcdab3ea1e760a5a5cdadb4ee57c20f97df57f49d258ac0d486a3cff1dadd1	20711096	808080	2142	1375	77	1267	14	64	344	0
Assets/Scenes/Hornet/Hang_15.unity	15b5f54f15625b54d98d1ec190bbcdfd	f18db9228b9b4fffbda6cadd2d68566530c2f34e27f9bc0e3718e97f1c8461b5	2942341	114880	542	208	7	354	15	7	83	0
Assets/Scenes/Hornet/Hang_16.unity	2281121460cb315438f29ab835485485	caca11e72ba8ff92aad868ec35c97a4b0c7c6905684dee5fa7f3814788f094d8	3660492	142586	843	379	5	586	11	12	93	0
Assets/Scenes/Hornet/Hang_17b.unity	a4063f25ac59c7447b5b34f3b2a56dc6	4e35d1db1888d0127cc4e5b38f0f41ae15c05dcaf8316d84ce44af61aec8c0de	7127551	279825	1235	495	16	837	8	17	136	0
Assets/Scenes/Hornet/Last_Dive.unity	2ca61b27d443f034690bb922aac5a3c6	05155739dc565973c522a65307544737c4d1e4cdf3fa395756c11b9e262fa9fc	1382825	53806	124	100	4	77	1	2	7	0
Assets/Scenes/Hornet/Last_Dive_Return.unity	1352ee6ec3495ae48ad73142004f44a4	082f9c4598087f9fb9d54b022d7eaedb4bbca797a0a3553eb776bbff199194b4	1141488	43605	120	95	4	76	1	1	6	0
Assets/Scenes/Hornet/Library_01.unity	ce033b5acf8fa2344975daac9832bb99	86fc981bbaf8797da208764cb2ece113c18ddf0f36538f25bd4c93b554afc236	24302589	931971	3686	1547	33	2608	22	88	527	0
Assets/Scenes/Hornet/Library_02.unity	e44e0f97e39b6ff488ec3a9ddbb11837	667f1d31cde7c5f94d61d7f198b50d97f0225397b60512e7dfb697956a069b8b	34494346	1332053	3954	2108	97	2566	28	162	639	0
Assets/Scenes/Hornet/Library_03.unity	01bbfb53da560164bbe45a77698fd8b4	f4bb0d6826d1374c55c39bd670579862f1f19b8dd6494fbea9bed294cd50cd23	16068968	634085	3525	837	5	2694	14	43	303	0
Assets/Scenes/Hornet/Library_04.unity	7d7e0432d925a1f439b4bc1b4f710cac	12f3c4d5d1526211d2ea28531a13bb99a5ebfa4c11cd4f3d190c8576fd79d835	48605177	1886280	8297	3229	53	6015	49	179	1028	0
Assets/Scenes/Hornet/Library_05.unity	e55ae64601bbe9c468e3df7b9649540e	b437dfb9abf3e712ea2bbb1fc03343169eb710437041dbac3dc2380a1d726606	12073795	478729	2315	944	10	1458	4	45	365	0
Assets/Scenes/Hornet/Library_06.unity	53721b0842130fe449efc7905068b4fa	fbeadbe3ff143fead49f313914c9d1bbcebb1a10e70b8b943189ede654fbb1ef	15990616	619440	2662	1133	19	1889	30	64	371	0
Assets/Scenes/Hornet/Library_07.unity	f9517483268aad243807e29cefd02a40	74cf96060119a647f585b7949194b5842e4a262f6a0454cb62d3ec9a37f0e6a5	22472807	899631	3856	1330	12	2825	71	46	395	0
Assets/Scenes/Hornet/Library_08.unity	c9af922f505fa88449f2afd7ea7f801b	358e6f97a915f4c404f839b451e1c0ec295d3884910f0e999df5529190791906	14538494	571950	2668	1157	26	1862	27	51	345	0
Assets/Scenes/Hornet/Library_09.unity	df3a888e00e0e864f91544e81e7d77ae	1eeaab0cd6340a02661548b1a0ef79e227a7ef6ac6dc1c9df45a2f3be271764f	23607600	909777	3824	1527	68	2714	12	67	470	0
Assets/Scenes/Hornet/Library_10.unity	cd1bd516419ade948932d14ad730d22e	459e01ac8a329d56d3ba5e564d6dff2c9590c901a09d065d455b3eb3d411808b	11557041	461013	1633	603	16	1234	7	36	153	0
Assets/Scenes/Hornet/Library_11.unity	cb14f625c74abc249a550675f2156c62	b9840d721dbd81a496b86517d07743492941cede94aae1339aa08215e224f3f2	7142360	269226	2037	411	4	1670	9	22	184	0
Assets/Scenes/Hornet/Library_11b.unity	1cf7f68ca50559f4bbd8747740a0cd85	9642ecdeaf9aef96167bf2f6e285751bbd984c2ee06fba92686f1b5dc6da50cd	48714641	1974809	6115	4157	38	3958	412	156	460	0
Assets/Scenes/Hornet/Library_12.unity	a3b5bd266622d1d47b37a43567eac93f	6553fb2d341df0d4512d33fd436a0ea5558c50443c20fede71a602c8ae80849c	27346195	1074425	4772	1518	38	3414	14	55	426	0
Assets/Scenes/Hornet/Library_12b.unity	e3d18cc70fb4f0a4c860465d42a78b15	a2f6e7e4c124077016ea3397a1d36fbe1e95e18a074cf5673afc8761bfa4fd53	8917637	339792	1935	483	23	1553	0	13	211	0
Assets/Scenes/Hornet/Library_13.unity	1c9c6e139a20fd94eabe7e9db01751d7	d0aaf2ce7455c65b87f56b8dcbf552b08de853cf7709c466a42f6f22d43492a0	43423019	1781694	3903	2289	98	1832	73	203	610	0
Assets/Scenes/Hornet/Library_13b.unity	c61bc52ec11e6534daa4805843cd61ee	2105694ddc73ec74e44d92cd1c86c159f87e404383972be606631ba6595b1279	5947052	236538	1134	512	5	773	13	19	125	0
Assets/Scenes/Hornet/Library_14.unity	b079783a045783542ba83b48fcca16cb	348ca2ef22a5be1a0295e34570cdcc1cc858cc70f9e35203c97a1fb08fc160be	7224378	287831	951	433	7	540	36	28	125	0
Assets/Scenes/Hornet/Library_15.unity	0be6da79076631d43a83b92ccda2356d	41d7f92260a72bb76af0d8086e22da7e0a62f213672a5f9dbd7e28cbc62e39df	12349996	482748	1560	883	57	959	49	53	197	0
Assets/Scenes/Hornet/Library_16.unity	7a1a05826094c354caa4cf9b84071802	197afe6573a434a62fb5a2215fe568ffd0d0a7841b862d43d0260673aef10e32	4954195	203572	597	289	2	336	32	11	71	0
Assets/Scenes/Hornet/Memory_Ant_Queen.unity	0348cc5a90d125440aae705e91477cdc	40596f6efc6f6c695694e64552bf649f85039a41e52e81a6e17b6cad5938452b	37106308	1508355	2708	1444	77	1489	117	30	369	0
Assets/Scenes/Hornet/Memory_Coral_Tower.unity	fe9252beb8a37514a9af70fd4808c9ff	85b8ac96f76523c0c953d03f33283ce9b0641a76b4bf766416ed4ace9500551e	223720984	9038534	19120	7971	609	11120	225	272	1904	0
Assets/Scenes/Hornet/Memory_First_Sinner.unity	51143de96233f764ab2c405b3dd429a7	f9ebc62ce8c263fbd0e0cf83fa6fc93b57cffe03a9f960177223376e49389950	22466364	883693	2882	1125	59	2015	3	22	376	0
Assets/Scenes/Hornet/Memory_Needolin.unity	13126b5cdcf46d24799fadbce3c66bd6	22662bb72f6e9be743c8120ece417e90a204496780c94043e220e62bca1d5d19	28386787	1138777	2557	1308	80	1668	13	11	310	0
Assets/Scenes/Hornet/Memory_Red.unity	69d9fbab8680363479e85d86a575e21d	53957b1d5aa49bd2ac04b958789b37d8f70463f74ab98dd05142913cea3834c1	77901959	3011826	12738	3333	49	10493	87	205	1049	0
Assets/Scenes/Hornet/Memory_Silk_Heart_BellBeast.unity	41c81d4b4badc56429a1913f64f76bf8	ee5417c722dbbd69b0a79d6e766c76705cb48cca439ea84cc9e10fc4183c0be7	10720581	442490	725	384	19	373	11	20	80	0
Assets/Scenes/Hornet/Memory_Silk_Heart_LaceTower.unity	13b7224b10bda3c48b48decb4300615c	e9335c95843f2eb07a05fa09f52ea5922cf3392cb01410e73d3283d15d4ef711	8919046	367427	739	398	14	411	11	23	74	0
Assets/Scenes/Hornet/Memory_Silk_Heart_WardBoss.unity	9c7484f738654134e8b324c0b303a5f4	7c5f5dd55ba63cfcc13d266d03a3de5ab526bcfb996721416b8bedba06d9ca82	10739865	443189	733	384	20	381	11	20	80	0
Assets/Scenes/Hornet/Mosstown_01.unity	cf40fbaa952abdb4f80eaa70cff2716a	3c0ccaa4efa18fab2d31a5c1cbb15d35d5985bf67e3bdf786abcf7a65e30d4cb	13802420	543502	2130	934	13	1643	37	37	259	0
Assets/Scenes/Hornet/Mosstown_02.unity	550cac17ae0e69e498a7a6cdff94a5f8	87d8b353b0847411268c38e44309a4d071be0ca95eade81973e180f17a1d9c2d	37165070	1489521	3792	1764	85	2627	40	70	453	0
Assets/Scenes/Hornet/Mosstown_02c.unity	c213fc01d3600644dbca90c48f3b2174	259fd2ef39f220a8471b4246c60e2067694eb79791723b4479c7e35fa108e111	4841645	190313	605	218	13	419	1	5	48	0
Assets/Scenes/Hornet/Mosstown_03.unity	4fe2b898e3349734e943b9331da221ab	bfea8e5ae5601680966b6ee8a4d880636ff200889d58aa9d9973c4e758d67c90	17162380	675419	2253	914	41	1584	54	37	196	0
Assets/Scenes/Hornet/Organ_01.unity	a717600c6e3e2354c931bf23aef169c5	39b6a4a3ff9cf564d25dab703445b6af153d019e5a5656a909c0817f163a83a8	37491982	1476262	6247	2034	54	4821	18	94	598	0
Assets/Scenes/Hornet/Peak_01.unity	b4a8bdf9deed0fa4a8f3fcf3b089ff81	df1764b8a2c5323d6b6b908a8b5b7901a17b30c5719da240efb9af0132e2c9ef	25964197	1014476	4810	1647	22	3616	39	57	497	0
Assets/Scenes/Hornet/Peak_02.unity	48f4d14ba7a0cb1469994048fc163b9e	1a486b76a6dea3c16fc3b76eab567d162673aa6edd38a0766a66bc74755a9d94	39997689	1624902	3709	1792	59	2310	91	39	374	0
Assets/Scenes/Hornet/Peak_04.unity	0f0af89ba106f7c419a5e603f4e0a2f6	650f3c7f001162d8e33f257cb0178fcc7ff608c5ccb799ca981d09f18d08db2b	17892696	724327	1703	622	29	1093	61	20	158	0
Assets/Scenes/Hornet/Peak_04c.unity	204bb60646e69ef4ea08c3d5835e086f	63cadb2a9126973b988a15106c2a033595026fbb9ea4a95357a0304a96c67c0d	4253171	162190	986	190	8	820	0	3	67	0
Assets/Scenes/Hornet/Peak_04d.unity	84019b9a7ec46734393ae0b0fee7019b	eb599a19b85f9500787f0877f82ac08f0de82221a308f87f7a8bd4e4c1d04233	10189096	416750	1154	724	4	729	43	14	124	0
Assets/Scenes/Hornet/Peak_05.unity	6f02b48f0981af24ca888cbeb29f4d73	1b10cd9abddaa1990932d31d1b93da47ef5bf8591556a4f70af8789a761c7101	16929340	651047	3393	741	13	2754	11	36	274	0
Assets/Scenes/Hornet/Peak_05c.unity	f2995357d87c0424e85e551a9bfebfaf	8009c078e846c872c4033060bc0e968b1b08fa2ddb32af310d596c4af65e1e58	26263923	1063421	2154	1080	72	1230	66	54	309	0
Assets/Scenes/Hornet/Peak_05d.unity	40cfaa6bb989ea544998bf44641a2d56	ee3f225c4c1745db9f39d6c1b6c66086841f79d2fe145755c1c8e223d5c1ad74	5120099	166443	879	172	5	637	0	10	171	0
Assets/Scenes/Hornet/Peak_05e.unity	37ce494f9c047934ba49b97911c27c66	5bd1ff83abab961d682953ab43eeb8d4be233c8033a9cde9174787b682a82936	30778141	1252955	2504	1405	138	1334	121	91	357	0
Assets/Scenes/Hornet/Peak_06.unity	3f2892d51ccca444294db2dde32b8517	1607536676e55397a9aaaffb7097a52a35853e2553f8546963a212079b3cb1de	31970465	1302546	2460	1143	103	1369	65	82	292	0
Assets/Scenes/Hornet/Peak_06b.unity	d0d719e8676760e4ab6e81d994577165	b0cc5c7bfa086acd2fdd0a7dd63f5479ff038ee338a847ddfd74cc491b388226	1753805	65682	497	72	4	424	2	3	29	0
Assets/Scenes/Hornet/Peak_07.unity	d25a0bb73acd294429bba27fa27b53b3	8211da81de501aaa3e1264b138cd56e26c8af7e053a31e85a03db23316e1941d	20589838	812777	2782	1121	27	2025	16	61	299	0
Assets/Scenes/Hornet/Peak_08.unity	b2f271e2ba1c46c4180e5bc28ee4591d	57c473fd4880fb1f1ff5c900084d320087c479421fbf6de555d9bb9848a86d8b	22426529	874253	3828	781	13	3133	30	29	275	0
Assets/Scenes/Hornet/Peak_08b.unity	b3dbddc15442d654db9b5dc236eb961c	d0e8fd08bcaac205dcfd0e3e53b9cdc6955de40542105f771b24fe684f867505	17358666	672691	2672	966	29	2022	36	25	289	0
Assets/Scenes/Hornet/Peak_10.unity	a749097d198348e489e67dfd5a7de6a2	8444d52260d12dd129dd67d513c225442cb3b75dcb94ef37a11e9623e762ea9b	5324906	211120	924	395	5	686	13	8	86	0
Assets/Scenes/Hornet/Peak_12.unity	d9f582ec51121fd4f8ed13407fa4808f	8aee307e67d80ab8639300d105590d0726231c2dbc008c08af3edec6cf2fff4c	2716426	105179	371	122	14	268	4	0	28	0
Assets/Scenes/Hornet/Peak_Mask_Maker.unity	57165d5059749b74e9a16e12b3c2aa62	54c79ea7fac663b0f43d94c1c9019387ac687248f957bd83f33b59f7ba73ca5e	860564	32822	126	80	5	81	0	4	25	0
Assets/Scenes/Hornet/Room_Caravan_Interior.unity	5db3c097e5e6bd2439877f52cb91b5a0	4172b98329d0a680eac7a0f06bd21141d56a68a89f5325684aaab3b3cc327bee	363940	13650	85	44	3	51	0	2	17	0
Assets/Scenes/Hornet/Room_Caravan_Interior_Travel.unity	c778aa429816b654ca370f30fd1faecb	dbbbb386848d3143ee9520cf575c65ae8be0d972077d59f3194cc34be0323206	669641	25005	111	70	10	72	11	12	12	0
Assets/Scenes/Hornet/Room_Caravan_Spa.unity	12d8d0b183112664ea4f1f6dae79b4e1	eefb69509e9beff296b4bb04184d6a57c45862c0255d7042048ea1301bcfa5cf	1324407	51921	139	88	11	73	2	3	28	0
Assets/Scenes/Hornet/Room_CrowCourt.unity	5ace19041d4f5b04bad86f9ec28a1fe4	f7d4c17208aef2d50126870c6d014ee398337eebf3bd2d9e64ec8bee1c15969f	28263929	1099022	3502	1327	79	2468	68	120	347	0
Assets/Scenes/Hornet/Room_CrowCourt_02.unity	d548614f7ce87ca4ab8c169e4ae2534c	2f02ce9b23f7d8f66dc80347b1eee31d39f0b25e520e3144b7e89a0fe25c655b	22292424	862623	2149	1104	82	1479	58	74	284	0
Assets/Scenes/Hornet/Room_Diving_Bell.unity	f10efaaf87105384abcfcefc22ded5b3	179f22b7d63a09b52d3e02e140f113311948879471df23205c4ccf517ede72cc	1458623	54264	113	102	9	57	3	9	18	0
Assets/Scenes/Hornet/Room_Diving_Bell_Abyss.unity	1a62c6bb15d55054f9cfebc7c7a037a2	a4ff8649aabfc6a0bae55054801d84920a946f2ec3150a2ee2e940dd95a91810	1782051	69317	88	79	9	34	2	4	16	0
Assets/Scenes/Hornet/Room_Diving_Bell_Abyss_Fixed.unity	c156f19ad49753a46b5836c42d6817ae	898c422164959077aea5fc3c61d08bc608c7b0ccd575418a0fe41071e285319a	1596747	60174	111	86	9	60	3	5	15	0
Assets/Scenes/Hornet/Room_Forge.unity	069d58faa86c6674eb481867e93285df	bfaf3b1882c16b300770edc115f8bfeb8c57d89f5700e2323fd2bfa2dd44af64	29086587	1162179	3738	1662	47	2598	44	92	437	0
Assets/Scenes/Hornet/Room_Huntress.unity	f4eb05a4eabaa4c4c87fbe87d217feaf	728162baef5c398dd04307833b42b1130d9e0090a5823fa5dac32dd43aae6c04	2750572	107699	261	104	9	166	0	7	18	0
Assets/Scenes/Hornet/Room_Pinstress.unity	d4a2c88e7950a5a40bdc8234a417840c	e644834550cdd0c4c067e3f6acf03ac21a2edd9d780d4d8cce0d70e05f061df7	3279086	127664	352	224	17	224	4	14	27	0
Assets/Scenes/Hornet/Room_Witch.unity	cbb6ec743cb64674e94b5e2268ce81cf	7c512f69e93accf86018afbe73a6eef6b4791ab541f84b5a5401cf582aba025f	3298405	134332	252	98	4	150	0	9	29	0
Assets/Scenes/Hornet/Shadow_01.unity	746205340827c57469336e397e440eed	5bb900fa2a9fa5e99e2a54d2373db3c104cb704fa9877f7b767209cabc7b4a9e	19119316	764451	2927	953	25	2033	35	42	310	0
Assets/Scenes/Hornet/Shadow_02.unity	d3224d890c73e144aaccf76d98255f0d	e522ab9c5df31e20d08ee695e84e1c92fed2fb62dfaf631fc93115b127cd04d2	24848602	996556	3551	1134	39	2462	52	51	284	0
Assets/Scenes/Hornet/Shadow_03.unity	2e9ecb939f4311944b3e52580b5db6e8	d5108e43ad344d713731b7b0edea3a28271f328979fca8ba9a1901d349f83d42	16301516	643739	2307	921	32	1660	85	134	172	0
Assets/Scenes/Hornet/Shadow_04.unity	e2d6e25d09e742349a7960ba42991258	b459d37a36ab19e3d23019a868c9d0770ed80f306dcc920178e62ef55791489c	10976568	428898	1964	600	24	1438	82	32	178	0
Assets/Scenes/Hornet/Shadow_04b.unity	2905928b0ad88134989a48bd1ee180bd	e1d8445e6d7323e06eeae4e40f16388e2fff8c828943e7e7f2c81c2b29d2a1ca	13559122	534777	1426	687	32	948	88	61	147	0
Assets/Scenes/Hornet/Shadow_05.unity	275d2893246d6674ea965d62c5e4381b	a446eedf1e1960e3ff13fa217e9dbba4df77f83a661e361c0d2699e3c820d5f6	24603802	981180	3062	1075	66	2126	112	82	266	0
Assets/Scenes/Hornet/Shadow_08.unity	088a10a624dccff47a0c0f0204d32c63	a21d3ec925c1ac6751007ccd824dfa60956c1ffea1a05a8fc2d1e269e91d8e50	10726858	423049	1666	625	12	1224	80	18	154	0
Assets/Scenes/Hornet/Shadow_09.unity	187d36c7cb2c2f143918357fd1d421fb	b009462f59d6cae9e3393b749ff9e2623a638d70010c7e9006a2c851800fc4fd	16797604	667806	2090	647	29	1470	107	36	170	0
Assets/Scenes/Hornet/Shadow_10.unity	a70a48b7b74c9454391ebb6fc2f855f7	3955ce80669b0917f75766a26914e68576d89e0fadcefd8f7a4c11f1c95f7bec	25173400	986243	3587	1291	88	2695	167	90	238	0
Assets/Scenes/Hornet/Shadow_11.unity	6b5d410b21ee3484d8b709146b175977	8bfacc900c0d02aeb572df932cd59fb2ea4a62cb3ea3d85b1479165390abd8e7	10811317	431761	1347	478	26	1008	22	28	120	0
Assets/Scenes/Hornet/Shadow_12.unity	48c22eefa75cf534394ea0200e910790	5a86cc604670b36c4162b138ee55efaba62a26b7ac6a0a296f649bbb5d461377	20094925	803986	2006	1074	44	1287	143	87	210	0
Assets/Scenes/Hornet/Shadow_13.unity	30dc5f2d9ea9b5646aed1ac7824baab8	cd76f0a35258dc328745f1187d9d098fae853e99d5fe6e508f76d83536579e87	28860663	1147875	3462	1117	80	2442	268	46	366	0
Assets/Scenes/Hornet/Shadow_14.unity	6c0137ed9f2be28448127d8290761481	de94c7c7b2b5f4623f00c9735d1ba01e93a840e1bd4598e05c3d2b762347e4ce	4317310	168342	875	219	5	699	0	17	67	0
Assets/Scenes/Hornet/Shadow_15.unity	b2d11bd37be707c4f956cbec447e2938	f650736efff121d5304fbc6828e071bf6e413e2e0e088e16f7691061c7a03b76	8442071	332664	1196	329	20	936	47	18	88	0
Assets/Scenes/Hornet/Shadow_16.unity	28fe71b63814ad5408a54b731e7e9a04	688bab78adea13bce14224852e1df31bead9c6ef067f77e756c1ea32b9d343e3	11505956	458355	1663	498	19	1204	50	50	143	0
Assets/Scenes/Hornet/Shadow_18.unity	9ef91dadeacfad94894e60d609daaf91	10737a00adce5fecddcf86bdeb2cf7d00ee3a9a781da3aa0795424bd5e0a0d64	27328013	1084718	1899	1160	59	1087	102	64	269	0
Assets/Scenes/Hornet/Shadow_19.unity	58b819675a7121e438f73d5460a97e38	f357dcf1cf849b8ae66ac352c2c9bbed5efb998d5cb90094c42eb8fac6b2bbe9	17961173	726267	1686	628	44	1069	61	21	173	0
Assets/Scenes/Hornet/Shadow_20.unity	af30681578d17a342919e679ea65b9ba	dace7e72b9f17b18f12e966c228819db233ebc5a3c512fab6ccb9ccc6954efd1	38288108	1532006	4826	1495	97	3578	209	53	342	0
Assets/Scenes/Hornet/Shadow_21.unity	d71efba0602220f47bdbfe2907c4fd1e	4f85631972f4204e8e595b639bbedf4d4e6398277fd2acce5cc141e13dbbaa31	12041491	483688	1324	633	26	871	45	63	102	0
Assets/Scenes/Hornet/Shadow_22.unity	906858945e313d34ab98fa0a6be23b13	5b9e40e35a28b169e7ce0462ff03eba2fd63d7f5dee7475f1cc7b4379a6fc2f8	5881176	231499	970	276	9	744	40	11	70	0
Assets/Scenes/Hornet/Shadow_23.unity	ed5239aa4a2f6ab4dbf3571c3281dcf8	cbc857e5f6b11dde9227a177c85d4f043bdd243ab2b133cdfde3aebd92be5c61	3154815	124782	426	163	4	319	28	9	41	0
Assets/Scenes/Hornet/Shadow_24.unity	dd5f2b23970ad4a40a98d76a613e1caf	8b72a8adbac5968b263f37d007337fe296e438a537e5b52e3cc141c721e39e17	10906264	424481	2011	419	21	1481	74	27	203	0
Assets/Scenes/Hornet/Shadow_25.unity	e695ec79b9dd59547ae4c88a063b5c36	ceccf6387ee162d72e7122921b8a1f5a81377271766ecfa05b66ef10d1ddf7e3	2922753	115691	481	172	4	341	0	19	56	0
Assets/Scenes/Hornet/Shadow_26.unity	0cc61d0c3299da048ae2aff43fd9780b	7aa1f376a73889adaf335d524ce527f98099136dfc1bc6ffab943c99e0678bd5	8756602	347455	1502	440	11	1131	20	32	127	0
Assets/Scenes/Hornet/Shadow_27.unity	fef0b0967a7327b4fa5fb974960c1e1e	0a0135f4ba6064086a69428538822c8ddf80b5453345fc273a2474bddf7f780c	14365174	578283	1844	818	19	1163	61	89	222	0
Assets/Scenes/Hornet/Shadow_28.unity	461736e0e2a2925488097fb76cef3ff9	d25cb745f858e2a1775247063542b95679bab98f45d1e7c06e347f4cac21184c	6983133	273788	764	330	18	532	19	24	79	0
Assets/Scenes/Hornet/Shadow_Bilehaven_Room.unity	8a543dba4552ad4448a4cb6e1550105a	30995f718464801cbe82c1e3a1c79125fa201105ead96a919bf20a836cb4beb3	3276577	134356	363	136	1	251	11	8	28	0
Assets/Scenes/Hornet/Shadow_Weavehome.unity	69fd502ca38e37048b298d35bd9c108d	88fa36d98348e478c9f7d7083fa549d0ee580731775cea2ff60770692418ad46	13385002	523452	2304	712	26	1809	51	27	221	0
Assets/Scenes/Hornet/Shellgrave.unity	e596c0e3c28d59e4a95c5bc541bc50d5	a332e3ae5e574c6d88f92c31d2a124cb389330d07eaa7cb020df04abb9558088	13121263	513262	1291	616	27	818	13	61	141	0
Assets/Scenes/Hornet/Shellwood_01.unity	24a3359a7d0fff34096207ff6f8868ce	1c9868bc43b3d3ba291f02b519cca266a76d9472ddf155e55aab74d5e9f71b83	27273825	1073632	3514	1413	56	2534	46	103	407	0
Assets/Scenes/Hornet/Shellwood_01b.unity	0fdf8532f40fe0a409241150a06cd484	3945cf5a14ff9e1b46f6cf44cf33719357cb3f3a65a98f2fb27c8e11a85d3de4	28266956	1123999	3149	1233	66	2120	26	90	377	0
Assets/Scenes/Hornet/Shellwood_02.unity	38543fcbd9846234fa4de3b9f4ee52e9	ed36a31091fce56367b9c94840b6c388c8222943d0c4600f4716b8c46b9ea1a5	22328920	875241	3176	1068	49	2329	47	72	314	0
Assets/Scenes/Hornet/Shellwood_03.unity	549229fd7b7f77141805e207c2946a13	e583f7b8a49e71a693ce532fe39429c5e61b09af5c5447c35d152c1899bdf5db	23946162	951367	2898	1234	43	1888	10	56	281	0
Assets/Scenes/Hornet/Shellwood_04b.unity	343bd5ad1070bf24cbffd5a73763b9ac	6b088070105a30982631f3f58dd31efec29163818130b12104a30c12f6513c7f	21297899	846033	2805	1048	46	1938	59	87	241	0
Assets/Scenes/Hornet/Shellwood_04c.unity	0fd2dcf96dd56834e8513e15d3d686af	25ef8229c2d700f75cc4adb5a02f71b457f4f54f672d3f7106a8dc2428f8da0e	9418926	375496	1311	513	10	959	4	25	111	0
Assets/Scenes/Hornet/Shellwood_08.unity	7ba752ca2580e064d94f90c70c945f76	da126b2f4f271160d94aca7e2c66c166dd24cad3d5a25bce29b6f56158d05419	6756945	266457	1100	354	7	793	12	25	66	0
Assets/Scenes/Hornet/Shellwood_08c.unity	492788455fa3ee34f951104a104812ff	83889204b765655259dbc6dce4c54496002995156e51ec47c831ef93469dc0de	5047334	199892	566	267	20	328	11	7	46	0
Assets/Scenes/Hornet/Shellwood_10.unity	847990c10427c014f8c840426ecd61e3	8ba36d10613067ff530c44559ea9a6a654bbf1ea310a2f969a0232d24cbdfb74	20071758	790148	3437	923	21	2627	10	47	301	0
Assets/Scenes/Hornet/Shellwood_11.unity	d5574c49b9fbc474f9faca0670c629ef	d0facade8b59ef40bd65c4225c3e0a019ea2ad77aa7249b5d99cda8b8908dd42	13352088	531550	1807	685	18	1220	23	38	247	0
Assets/Scenes/Hornet/Shellwood_11b.unity	1d6e2d4489f80a44f99869fffdbf13de	8e9fc528c93ae9046fb57d83a0bb5ddfa36caeca34cd14e326f82a10a76fcd43	5725339	216102	1131	288	14	902	14	12	113	0
Assets/Scenes/Hornet/Shellwood_11b_Memory.unity	c1a290f9a19d871489f46c650a78383c	e1756262ca91cc24eb44e9b60089d5f386813c00a32e755731789d0406cedee7	14742397	580046	1852	856	34	1214	3	23	159	0
Assets/Scenes/Hornet/Shellwood_13.unity	c97064f256bc5984db8abf1fb2144bd4	10af86693d9300df8fcbfc521a8ea20f2c65360f801519b6b89cd5171d3d0751	13136580	512977	2575	565	11	2050	14	31	148	0
Assets/Scenes/Hornet/Shellwood_14.unity	de7c5ebc0673abc42b365a85abc5ef93	91ed7695fb930cc700ec367dd68b8dbdba4c8f518b4bf99dccc371c7d37294ab	16120019	644124	1829	972	33	1233	31	38	100	0
Assets/Scenes/Hornet/Shellwood_15.unity	1bad2ecaaf8e27b45a08fcff45af0a32	a51d6b3d19f5ee77f5ff4449599d86157c6f9832ee1ffc0adf6175c7b7fc4ead	14262652	568431	1878	655	23	1319	14	38	171	0
Assets/Scenes/Hornet/Shellwood_16.unity	7d20d31752510c74aaeae4631a690907	77b1dfee06d0842df4edadcc7029bf871bf82dcf53ca5a4bf1fd5d62895b7e0e	7217841	285565	988	305	10	690	13	10	65	0
Assets/Scenes/Hornet/Shellwood_18.unity	8cbfe96e7b161a2459a00224f8dd50a7	deeb9fc4a94c4ef135d7840d0d6b397ceb6f45db46e9b635e4c129bbd55124a3	63621598	2641265	2886	2445	207	833	19	118	976	0
Assets/Scenes/Hornet/Shellwood_19.unity	6bbc5986e42d711478d67adaf0d5dbd2	82d97097b9b13bc4f99e957a3aee43a8261c3a52145241715ff48af7383220c8	8799849	348229	1362	513	17	992	16	32	152	0
Assets/Scenes/Hornet/Shellwood_20.unity	88aac917b04b19b41b1476078d730fe3	4092b4641dbf6e771daaf9b2fe142f11fc87f2854d383817be870cae9629f368	9476036	379476	1337	393	11	988	10	10	105	0
Assets/Scenes/Hornet/Shellwood_22.unity	f5315b6b86673f742b1a6d879da22261	4c9ca3b573132217f3bfabc6121c0518d743a4fce42aacca2035f20637c9dc9a	9150613	353448	1430	427	23	1101	23	26	146	0
Assets/Scenes/Hornet/Shellwood_25.unity	4d3da5fdb064f744a9909165ce5b8e9e	097c5e02c46bd3a6f257b7ce2d3c6078d9af97d55f26eb448b96fbc62b6b6eb8	24688021	994754	2943	1099	32	1993	49	132	293	0
Assets/Scenes/Hornet/Shellwood_25b.unity	18fe091e87eae194393145390d2b481d	0b55d2d3311bb0923a472f1e718bf78f5dbde49e0d8156fc7d5de2ddd75a8a28	3595273	146176	379	119	6	250	9	21	33	0
Assets/Scenes/Hornet/Shellwood_26.unity	89d2bb2b2c391b743a81b29a738f881a	d499fc738b9e9ec9380c130ce8eea8133e370bce38eb9ca175f620fad279a336	19813529	781315	2398	845	43	1752	33	68	233	0
Assets/Scenes/Hornet/Shellwood_Witch.unity	6bdeacebcae5bdf41b066cd6dd1b3c9c	0c52667438dd80c730bea92b0b8341bdecffc4cc73cae90322279bfac8ff99a8	2182609	85741	365	91	3	264	1	10	29	0
Assets/Scenes/Hornet/Slab_01.unity	f954b7fd92a59f84e90ebec6a996227a	168c8e53984abe176d9648f8924b6e67e14442e6acbe03957de36af1412ed645	8574880	329271	1474	535	16	1160	14	15	120	0
Assets/Scenes/Hornet/Slab_02.unity	7b0e87ed961a12f4f925b49c6d683b9d	c0c5c71111a3c279ae8fe2e154cf1390f0e62897b06662324e91cfe336934ea4	7929693	310583	1465	491	13	1082	24	18	143	0
Assets/Scenes/Hornet/Slab_03.unity	a5e2884bff5056641a8b4950ac1a4fe8	eae92ccf8752257b4bb17afcd5ff651ee4799ab9390d2da28493416b8ca9d1da	24616011	973076	4137	1548	34	2790	37	45	568	0
Assets/Scenes/Hornet/Slab_04.unity	af161fb96d61adf439e268bc0a0160b6	22c587fbb1d8c54b999788d577fc2a72e35b1165abb7d14e198a8cd1ef25b6bf	11491277	452079	1602	845	22	952	16	32	344	0
Assets/Scenes/Hornet/Slab_05.unity	9da3076751b0c5e43a16dcae42b16b07	255d0884d3ade648b2b5d3f5d493d15c155a88d805ded5cce2664c87d3dbcaed	10583685	420228	1695	720	5	1149	7	55	265	0
Assets/Scenes/Hornet/Slab_06.unity	b292c1e92a5f1f24da06c794dde7826f	642503f087c18b33b364df796eddf7e152cc1b7e33f6bf990b9bde547eaba752	9355793	363156	1510	750	23	1080	5	19	296	0
Assets/Scenes/Hornet/Slab_07.unity	7e716e3bd5fcc2243b5f793aeaa05a3d	8dc8edad861ffe5690df2e0060212c8150b20ace3a5a456c008e05e4083ef517	27070078	1109815	2237	1282	25	1410	25	18	324	0
Assets/Scenes/Hornet/Slab_08.unity	897be27cb61d0684ea73ea4d86b6c9db	28219f3ece4121a957cc82e66aadc60b74ae5df094ff642272bbdaec447448fd	3474300	139450	539	234	1	348	2	6	96	0
Assets/Scenes/Hornet/Slab_10b.unity	513086976be691b438b37a4fc04b4661	c87121d4f388f096d852072fec7c2416849ac2d5e68db3d868052b5d1b59a7e3	12812085	513244	1027	889	49	496	17	20	186	0
Assets/Scenes/Hornet/Slab_10c.unity	6d0943b3c1e1e30428d0b6835f65c9c8	1f17c3500de8360b23c46accb8c438142e36255a625a568091a55c52466e051f	9747443	390159	1451	500	3	1054	1	32	170	0
Assets/Scenes/Hornet/Slab_12.unity	224c399714b6ce64c96aad317c0196d8	76711c8ea2b0bdd6f2d456d108cfff3c4b68ddfbf16ea7338f7b7bbde3b2e8a0	15919826	652109	1431	703	14	977	11	9	132	0
Assets/Scenes/Hornet/Slab_13.unity	d5e018f576bc3d746a576ef354470367	affb8188c6b026373442fae32c0e61b5ed13f57ad305bf2c69160ebd240b2c24	7090116	277371	1329	416	11	930	18	43	145	0
Assets/Scenes/Hornet/Slab_14.unity	658f90c54113523459a818f155e4acc1	dfde672f8aa2d299f3d6cfd3667c0a9b767845049a486ed57cf130d9d63327b6	7745665	304941	1201	532	15	809	12	23	161	0
Assets/Scenes/Hornet/Slab_15.unity	16174c4dca449054bbde6b4fad9cd60b	fb748e83eb688bcc74e4c3811fcc00f42f475e6b8d1bdd67b2623f7c7136deee	9579275	370768	1360	514	33	1015	10	39	192	0
Assets/Scenes/Hornet/Slab_16.unity	f58d8549eb91f1f48aec2dd592b26265	a37c3c2c3bbdbda71e3f98ee8bcd214ede73a6c26cc1289848e46b4304b06e9f	40170234	1555265	3978	2639	96	2097	19	229	1086	0
Assets/Scenes/Hornet/Slab_16b.unity	10c927cc3cff49643ae903a7ea1f9f89	c6ca386b354c0540f6556f5760569673039ada70024cc28e37e302eab96d7c77	12266837	477158	1044	647	24	610	2	56	162	0
Assets/Scenes/Hornet/Slab_17.unity	1972381de35bc124bac5229630f85c95	c9b6768dc6659256e6a635591b42f2cece4009a5195e21f07075fdebee50962d	9465352	369581	1715	517	21	1210	3	16	164	0
Assets/Scenes/Hornet/Slab_18.unity	0fae0ae3883ab704181cb152da81d4e2	7cbe7d12bd61dde5b34b20dfd356d17d2582f1a59593cac14b3309aef80f9d7e	8110061	317190	1526	460	5	1137	5	31	201	0
Assets/Scenes/Hornet/Slab_19b.unity	bcdade956877a8f4fb451167f37681f7	17adaa9fa6eaef3f618948bc17879cf6e7e5946e3e11bbecc5b076fb5dfb7c25	4677829	186632	802	386	2	527	27	23	141	0
Assets/Scenes/Hornet/Slab_20.unity	3df6581a41af24643863b374d7117650	c420e046251555c0682774061ddf933b34c2f80b5de0076f14e6386a72bbfdda	5488319	214976	941	322	8	687	1	22	117	0
Assets/Scenes/Hornet/Slab_21.unity	009b7f340f490834c9725685aa4f3142	c0ca436bf3476380fa7452d13c4f2836a718026ec35360aa26189189381d476c	7918573	308120	1728	468	13	1245	42	23	143	0
Assets/Scenes/Hornet/Slab_22.unity	840759231f80291439eb673c13547684	d22ebbaf9cdc07337babe2728ae86fa75ceab066e2e49ed13af47d773d77b6d2	15562077	605818	3003	885	12	2303	24	65	350	0
Assets/Scenes/Hornet/Slab_23.unity	6d43c4a5d272b814489aba54eddb8c58	4842c29df96ec13d4a5537fcefde8a2a754a2214ee0f54a4dce0f6c6fb6741af	14662720	574060	1834	1038	26	998	12	77	364	0
Assets/Scenes/Hornet/Slab_Cell.unity	c3f5bb47d52ec3545af6fa0040efcd6f	a7d3e0c7e3ffb6ef6e667829a894de7bc615ca0ba135e1b1bf80fcd7af341ffa	2326253	92152	356	133	4	243	2	14	44	0
Assets/Scenes/Hornet/Slab_Cell_Creature.unity	32b6bab1b24802e478346a27fed844cc	eb7117a62010eb49f6366bf126a40fcfdfce3c43db57eedaca1d1ab7e4051a6b	2769832	110482	437	180	2	259	0	10	73	0
Assets/Scenes/Hornet/Slab_Cell_Quiet.unity	9ae4ddfd350a2b04b87bc13f2e13853e	d7060b1888a20950e9a747e839055679799f12bf520b6371a7d58efc8c98cbec	6798520	272987	898	361	5	624	1	10	127	0
Assets/Scenes/Hornet/Song_01.unity	3d42a8a75a9682e41a9f783918d04dbe	df884f537576341dd52fa3364d63971fccb30b14c5e25d7a2b060bbe313272dc	32131077	1257820	4921	1995	42	3415	90	98	585	0
Assets/Scenes/Hornet/Song_01b.unity	de4551893805a9240999779188c18456	f91ade3136d41f55b0e776f745d1450a5467af01fd7fdf4a33f45365d463eea4	11185650	448773	1572	761	12	1028	39	37	196	0
Assets/Scenes/Hornet/Song_01c.unity	7d9dac3d196a05642aee487e6cd0580d	898cb1d9b40887b62aaf62b641609bf9ea2e009a3a15ea5f4df275bdee9553b7	4709621	184897	864	347	6	587	6	17	103	0
Assets/Scenes/Hornet/Song_02.unity	7cd280bae34d9f045bdacb57c662c3f0	9f0e8eab22ad70dfc917b098921eadfa4afbaf457461eb0964cdc6fe57b79e8b	22184429	858756	2989	1388	43	1988	58	98	322	0
Assets/Scenes/Hornet/Song_03.unity	3d8cfa936c445844f84c256fdd99498a	a4687e2c56b11138f1335b576b83f18379ab4f818d29c72e04b3b4f7d30b32b1	16089515	637577	2376	855	16	1648	41	36	264	0
Assets/Scenes/Hornet/Song_04.unity	6758ab2863a0d2943b01e60ac76248b3	5504a85b2aeb4d0fc644120bb915592462ce30b7b0862143b871939d8025ec76	33749762	1330470	3328	1694	74	2094	43	107	509	0
Assets/Scenes/Hornet/Song_05.unity	9090683b3a58d434188206bea1bd1ce3	b26d8572443f82ba52521ad95ffd7fdbf4cf109f480978fbfce3e1bb6740264c	26578054	1036900	3580	1490	56	2171	27	101	453	0
Assets/Scenes/Hornet/Song_07.unity	dd331608a113d9247a2663b8b6d7d2ae	bc2e5c51d4e4da3af3c81543839c8101c98a564f34909d7a5f85bcd15012700a	9339150	370537	1105	688	31	692	31	30	181	0
Assets/Scenes/Hornet/Song_08.unity	24f9441fa83b00241af5564e951f219f	9809c4e65fb046a6ae33193ebab8b52e81a986841c525fa0a8db50446d93b6b4	4758191	188248	661	361	6	424	7	18	94	0
Assets/Scenes/Hornet/Song_09.unity	53fcdd2f1a2c93b4da293147222cb6a4	9c97cd74a866b0d89e9c1048acfdacc01d5d32e6b1c620d5eaa90e43ccaaec2c	17076262	675274	2435	1111	31	1724	44	64	318	0
Assets/Scenes/Hornet/Song_09b.unity	27632c6a52627ca4bbade5ff88228333	51798c4fa11342a0d4ade9d71f02045ea748dca2d352265b9ab052c4b4612b35	22157109	888855	3102	1361	14	2177	84	61	351	0
Assets/Scenes/Hornet/Song_10.unity	31295ac823901414ba3349d02052dd3c	a3f06b3aca9fc51b1b3eef7cc0b73b4b793fb095c3efece407db44db9d6dadb2	18461536	733823	2391	869	59	1687	25	45	293	0
Assets/Scenes/Hornet/Song_11.unity	21972de5db6eca749bdbc0ceee919c8b	88aa8417a70ed78ec0689e4985c19e9affd463cfc5f4ec3f231ea346ab6213cb	21976025	859215	3859	1682	38	2618	85	81	467	0
Assets/Scenes/Hornet/Song_12.unity	bbbb275ac728aa24297e04c0c7275535	0b339b94650863e950fa4552ce0acfbce618525d6312c87b910a6b1be730fe12	10045784	391301	1810	677	18	1240	44	29	231	0
Assets/Scenes/Hornet/Song_13.unity	1c9c95a88cf579c4aa2e1506e6fbcd4a	bd4fe2fb2beb1f9e5ca9bfbe14f80d48ae2aed467a33d59da1c1bdcc454c9850	10301766	404537	1194	613	25	739	36	25	161	0
Assets/Scenes/Hornet/Song_14.unity	4c417d03d4b0994409890b4c19656192	e2ee1350ac0ba41113293cc14f96210248355faa0e912a57e9a8683b4a0e0eb7	6836060	272929	1006	292	7	714	21	28	75	0
Assets/Scenes/Hornet/Song_15.unity	aa6da324a8d83b44989e443145398f1a	2b94a4b969212342d8c8d606b953b8e96e46274e49f6b8cb8b44af3f644d0477	13275961	529972	1751	692	15	1190	42	48	221	0
Assets/Scenes/Hornet/Song_17.unity	8f6dd46382bd3db459b815dc58f460fa	7e1897387787e65a94a3ac34a318f428027620dd6c57df6499ca928f1f1b3390	25828570	1022989	2362	1217	52	1363	56	93	375	0
Assets/Scenes/Hornet/Song_18.unity	fd9a871b73be7034a87be1bf8adb5d17	edf1f961dac85a24256501688e4582dde3aae51dbcabe512d28d586f8aa306bd	11088702	434716	1799	736	20	1298	18	36	162	0
Assets/Scenes/Hornet/Song_19_entrance.unity	936b43986a93dea4c98a67cc4ff5eb18	f891c7b71f80a8af9cc767e4191afd3cf67474a6382492033b205387a08376c8	15366539	606728	2523	938	31	1849	45	26	227	0
Assets/Scenes/Hornet/Song_20.unity	aacacc32d0d96694982d446bd1a2c0a1	70204dd7cdd2dfb70cd578ab00d825dae5f9b2fdf2cdaa866c7511f8f75a41db	22884803	882092	3614	1433	53	2249	17	84	537	0
Assets/Scenes/Hornet/Song_20b.unity	b83aa862bbbbc39438f7200f9aaed1cd	99cf33328dfe398a214543be3a661352f115c5d4e8ad6c30c3783b3e58b30ad6	9358596	362039	1899	665	7	1260	14	32	242	0
Assets/Scenes/Hornet/Song_24.unity	dbee19e84714cdc40b808dbdfe53ac51	7b68f85226c0a2c394a7ba2014a6ec79fa7e86c26795f0a83217529169d604e3	12803762	516319	1207	659	18	739	14	50	182	0
Assets/Scenes/Hornet/Song_25.unity	1a67139b2a532034c86d57277f1cfb82	db994d49eeaa82e4f85cb222d8cd4a54a796b15276717cbae538ac91ce1599ef	24168717	963991	3248	1255	30	2247	124	75	270	0
Assets/Scenes/Hornet/Song_26.unity	338aaff2d587aab41ba1043381dca57f	6e77ccbf5fe7ad1c6ed6f2460d320c8c0ff3da66a582ef38f35bd3281a6bcb83	2369439	94503	474	185	2	329	31	6	49	0
Assets/Scenes/Hornet/Song_27.unity	170a25078e1bb5f4ebec2d36d705451a	35109d75f893471c67b18bba8d3a96bb07e22294adc5e4c4ef490006cba04d70	25934901	1029127	2884	1478	54	1749	81	102	381	0
Assets/Scenes/Hornet/Song_28.unity	37d28009c1bc06846b7f142e5be01670	36a3efe5136948fe00748509b975366b7d6318928ecbf0e4d14a7f0db690c3d0	3618239	146699	553	196	2	337	11	3	56	0
Assets/Scenes/Hornet/Song_29.unity	c5e60d18d5ab8194eae40ab82d6d6e5a	8a59cd31d40ac45ed68710f0f86e4ab96711346bd5166b6afe6075d716047e34	3644770	144997	576	272	9	336	15	10	48	0
Assets/Scenes/Hornet/Song_Enclave.unity	a33006c53bc558c4d863b4641b84fa93	7c603f51a470fa16ec7f94949e39d082c2c22fe08db22b4118059aa8c060b027	16584106	644006	2538	1057	64	1935	49	41	207	0
Assets/Scenes/Hornet/Song_Enclave_Tube.unity	0b778f61731ba7241ab3c20bc92cede3	9b953cc870960e82f90f1fef161a0a3a47102b82e345ac82e4cd8a377f714d87	5588942	225643	712	239	6	515	4	11	44	0
Assets/Scenes/Hornet/Song_Tower_01.unity	870918ef918746748be42faf154ce119	092c2894c0429bcd29fa9b8c07434e35772c49ee03e199daddbdecc431200707	8087608	310075	781	390	30	361	9	10	85	0
Assets/Scenes/Hornet/Song_Tower_Destroyed.unity	2ad3a9a9ff663294587e8864ec93090e	35f4ee6d0249245d63ab2c2eb6816205840acb2ef15e23ec572c4357ef02b894	5627017	212462	1167	332	6	787	1	6	126	0
Assets/Scenes/Hornet/Sprintmaster_Cave.unity	42be667e27f3c4e489bc59f1ff59a2a4	b03305a82a98c24f0cbd20273198912471decc0c2dddc7c02924cf6be516339c	17693927	693999	3135	1124	21	2318	25	27	347	0
Assets/Scenes/Hornet/Tube_Hub.unity	9c41068957f5c254f8bd268064eba7f4	25e0e9b592656c5d1e7b0c6163a7908446794d8e3849effe26e1de44c62f681f	25825409	1036166	3372	1096	25	2557	15	82	341	0
Assets/Scenes/Hornet/Tut_01.unity	71c29baa37ab4d24ea141430b0fb0c93	d737a78efae33ac682938f8b4b19627b01bc4bebbe81e7b7418cec6e82d8f8de	21673341	855764	3552	1174	30	2694	27	83	444	0
Assets/Scenes/Hornet/Tut_01b.unity	946321550f896484989a14bddd2fefd8	4b63566ca545acc609ad65d8fa749dea770bb33725606dca9d7a43658e16ce6f	14273137	558776	2137	929	15	1523	8	58	260	0
Assets/Scenes/Hornet/Tut_02.unity	f14ceb792ada3074b8e9eba243ad9328	8d5cba885c32e3068ae09a01c957be8a2607d847856f3004cd3c69a4d22442ca	22906731	913813	3051	1266	39	2231	42	91	384	0
Assets/Scenes/Hornet/Tut_03.unity	b60f6b075a331674fb8ac021ce1afe9b	365da4ce079d79a93d12de8aedf909ce030a7a40510cfd9b9c8a3ca7610378a1	14453999	567387	1905	767	49	1377	5	44	147	0
Assets/Scenes/Hornet/Tut_04.unity	e0b2ce69c26810e418e75535c2349808	da5acc9dfcfc7d02f476b0087f59e54f7126a8988209c7cd44752b4cb8f30148	12737690	506598	1340	861	24	945	129	49	108	0
Assets/Scenes/Hornet/Tut_05.unity	887fc792155289c4db11cc5e8af72f1a	81981b5ecc6b550061c8273691639e0cab8d61b05212dd4f8373f003bea129e1	11402400	437323	1903	486	9	1525	4	12	205	0
Assets/Scenes/Hornet/Under_01.unity	1a7865ae4c0d495479a863e77ea424a8	6d0cd5abcc080741cf89fe46c58814b2b917ff5eb544854708ae24416c2837d2	13740679	543235	2338	782	20	1697	23	40	237	0
Assets/Scenes/Hornet/Under_01b.unity	39ce433a72a337e4f9cf2bca7f4aa8cf	4948f221632823875880c3f0fa9b19a49e5610f094568c5e7a9281fc766b5d3c	6682687	262498	843	419	16	548	22	12	100	0
Assets/Scenes/Hornet/Under_02.unity	eaa0a8a4d1acedc44a92a6fb836425f6	4c1a215c031876efc9b6c686664b7ad64eff2492061847d4612f90086f455f61	24621248	974718	3527	1653	45	2334	33	80	562	0
Assets/Scenes/Hornet/Under_03.unity	8d80f2c23093592479a22559adf11029	57379c224da95412f294d3ed387c8e3830e2f4758db8b312dd0b66edde2b4df2	4840188	193446	682	566	5	316	3	11	197	0
Assets/Scenes/Hornet/Under_03b.unity	43d95e79a87eb9a4db665976110902e0	25be6dd27b99f9eb3c9bd594e8c6b838c767e740abc4c556cb49f8266078fdf3	8823216	358933	1082	572	10	616	19	10	184	0
Assets/Scenes/Hornet/Under_03c.unity	17fa8ac9de2b6f04c9c296fbc394ba36	55ca4e8f7fb44e314412384bde42359e3bc7add28c298f7d7389793f560dd5fa	6687407	267034	1055	575	12	644	47	12	180	0
Assets/Scenes/Hornet/Under_03d.unity	ec1c288809ce5734c9b7b5413ee5edc0	58dd65b2ae5cd628099ead70668bf17fa42a153da574291ab9d7e69ce19a1e37	6677991	265952	1152	625	11	711	10	19	180	0
Assets/Scenes/Hornet/Under_04.unity	44bbb4f5aa3e93949b724ea1ca3e4ac1	351304c88651648ee374801fb92b326964fb478804c38a299768721eafb93ce5	14989813	597784	2040	880	25	1324	103	31	269	0
Assets/Scenes/Hornet/Under_05.unity	bee3ed0a7de273e478226217a5d36309	9f4d6c9b266ab556611d320cde234044f2d8ca5b9aa8efbde2dd7ade97b85826	16825281	665141	2263	1204	38	1427	21	57	390	0
Assets/Scenes/Hornet/Under_06.unity	30ca5970bc4c01b459f6bc1bdb3fce19	0db2f59beeecb058d556b040c852a88aa786b7801a99e65af9a9a1ba079fc919	13786682	562084	1752	825	35	1027	31	22	217	0
Assets/Scenes/Hornet/Under_07.unity	1a11bfc0a3225cc46957d19270487eaa	c72b976621e49a5f0a1c5dbfda3e30418394bb20538c9111b35404de7ae93873	12833240	512312	1442	753	24	841	12	41	199	0
Assets/Scenes/Hornet/Under_07b.unity	e7c3fb578e3b8b64d905ba5669d5b7b1	b305ffe46aa9054832b1cf3189e85be57069c035f9b2e75276672b366ea7fea5	9154627	360747	1141	619	25	714	26	34	176	0
Assets/Scenes/Hornet/Under_07c.unity	89cb1d324366f3b4c95fc2c16fa44eea	559fdca1aaaedc9c6f1d099dc68849eb0add712440bde042cfab52bc96162133	12570873	485748	2269	1181	32	1533	12	57	363	0
Assets/Scenes/Hornet/Under_08.unity	07f6cd7ecc0a44445afa2f44934b2451	cb7093eb9a2d757463810141e236125bfc697084b5292a88ae6ddb4c39ff5acc	13741801	539635	1888	893	27	1322	24	47	189	0
Assets/Scenes/Hornet/Under_10.unity	c65827cb9a82ee2428ca15ea72270ff7	d0298d708970d4ae223caf241e53f0a44507385e97050ddfbb759580e0905a99	12675416	492581	1321	825	25	802	6	63	213	0
Assets/Scenes/Hornet/Under_11.unity	989aaad20151ee149894fa8392204fe9	ee352221e0a2983e522934799a163a185624c66028edb1971c7188911ab26134	7611558	303222	1117	551	11	702	5	18	188	0
Assets/Scenes/Hornet/Under_12.unity	e44bc9e6d29134941aab967d32bbb63e	c237b58ed857e2307d5c5e4fbf24f63e3b3b5d716dd308218718e88765695e36	4649154	185634	595	312	4	344	1	12	92	0
Assets/Scenes/Hornet/Under_13.unity	a69d422b3fd2d6c448668b5f62e4c777	d203a1ba139f9bf2e2d2b5ad0b79cf79520150eb587bd27c2ec47354f54fbdcd	23429216	940345	3072	1672	46	1922	22	73	564	0
Assets/Scenes/Hornet/Under_14.unity	b9465c676201c934ea5f0e1f7c59f84d	64d75699d7e08f1c85a71dd6b75b3054ee92d8ee2649656218d2c5cec2187a40	6954172	277879	1147	397	8	825	19	9	118	0
Assets/Scenes/Hornet/Under_16.unity	c92b09d7445b0764ebf5bf284d18b310	1f4460a0bdc0575362a37f22cb2006bb33a74a7fc0983a4d84566262a6e4e4d9	5020953	198935	740	309	12	494	8	15	101	0
Assets/Scenes/Hornet/Under_17.unity	e72222087c5679548bd19f7e5e2bccab	1a3acf9c51dc31bcfe84e566b79aa8cae10783e95740cacc7cb50cab0d58c2e4	12532539	483075	2760	1047	20	2021	57	61	390	0
Assets/Scenes/Hornet/Under_18.unity	d509e6c3c9800a748897e5b2c6fed4be	ee50fa8bd03bc95327e43be6d29ecb91e035066e713c4ebfbb508a0a4589900d	27818171	1105969	3023	1892	58	1731	28	101	510	0
Assets/Scenes/Hornet/Under_19.unity	79b7d103973d1564286e1a006381d42d	68a6edfcb001416d96289a7321fb332f9ba2d5c3b181416aaf7d67c93adf0cdd	25784143	1058113	2271	1142	31	1205	43	41	359	0
Assets/Scenes/Hornet/Under_19b.unity	4a0f05de8e396d646becb5dfc2f935b0	67925bfb013e969bfcbf4f3b4dc45acf385a3b41578a42736650604c57628b16	21429475	881963	1866	1105	20	950	35	24	367	0
Assets/Scenes/Hornet/Under_19c.unity	ce07bca19e1a24e4cab560ac48a4136c	f1bcf09cb2f40462962fa1771405e97f8cf9bf9a09486e3971c37d4a77b7e0bc	5015079	200573	859	363	5	620	4	9	127	0
Assets/Scenes/Hornet/Under_20.unity	a9b2abe1b666d6d43a716efa129811fb	f3e0595373c8bd96b89a2efc7f336412ee76a34572d19343638d485714b79703	12924173	529383	1268	532	13	840	41	50	116	0
Assets/Scenes/Hornet/Under_21.unity	11711e14649463447876098ef944921e	a34879f9dbf7ff412f30a8d58ee972ae51917606dcb32f6e5ab5c406538c5855	10655012	430304	861	476	29	488	2	41	118	0
Assets/Scenes/Hornet/Under_22.unity	d43505df3c1348948bc6834d446ac843	d6ea07d2efe8724488a29d9171c5774ffdde11548c5dea62f3d537dc55a72676	3030319	120084	468	150	5	333	3	4	29	0
Assets/Scenes/Hornet/Under_23.unity	ef41bf4c1b6b7034c8e2fc9cda412b52	8de59b7a0a5b6cd0d78cfa47f6becec9baee28cdcecd1880dc9f34787edf3d63	21572773	869807	2519	1167	48	1655	231	32	410	0
Assets/Scenes/Hornet/Under_27.unity	abdf13e7be0e1b645a73f447f1a72898	4a21a33c2dcb66b43ba82594996098f47b38dd4047d3f5adc98fff56fdb3d440	24571384	980160	3505	1158	31	2650	14	56	281	0
Assets/Scenes/Hornet/Ward_01.unity	edbfeb9993079a44791018b1c7e4f73a	1137a69683476ceaa8e603caf269a1c97651e0c36b4b7ead1fb7c6f7c52c4609	10464066	403018	2269	685	13	1752	15	55	218	0
Assets/Scenes/Hornet/Ward_02.unity	3ac71e728534c0b4ea27546e70c6593c	9affe2b228931c800785b709e91da21657b747fb1bec970617efa21945e37250	18588717	745062	2463	906	25	1791	19	51	284	0
Assets/Scenes/Hornet/Ward_02_boss.unity	395675bf7096fd2418b0130bbd8df271	bebb142fe36e1d9f9a97949305118934bf0f1867c1829388d5c34e3316d4a6da	9942687	405882	274	352	27	30	10	19	49	0
Assets/Scenes/Hornet/Ward_02b.unity	1bd48870f33b76f4fad5c726d12f3adb	cadba0904acf0095789f7dea6a66a72f7cafcff7ec2f305e3029fcafe6782280	16401392	662823	1963	893	38	1397	10	50	193	0
Assets/Scenes/Hornet/Ward_03.unity	e1bf80e2b835da24ab95b966a55e17b0	e60e3a95111e5a4ced689856ab9f00b615a9e0ff42fd678b8d915971ad438518	23023982	914773	3599	1191	28	2577	52	63	372	0
Assets/Scenes/Hornet/Ward_04.unity	622b77fb76f547845ab442c9656c8e5a	64a8c0c103c76c8241388807ff8d612c3d70f955fa31f95bcf813db6d140ff4d	3891349	158913	513	237	2	343	3	10	55	0
Assets/Scenes/Hornet/Ward_05.unity	d9e92a813c4577546a72c3623643d460	f95302e421fb4dd1cd0de4e7d58a8e6dd8a70e43f468a66ec601626de5e30dab	8124047	321570	1287	708	26	860	24	26	149	0
Assets/Scenes/Hornet/Ward_06.unity	fda2c6b7357be624ebc1093d3c76e581	4113d8f070f0ad38a01614ef9e126a37597c2e48bc71d771232895e74d1c5c3f	5240932	199484	682	486	26	431	10	25	119	0
Assets/Scenes/Hornet/Ward_07.unity	2863b63ff03acc8469ccf3332c8024b8	a5355a48dbc70cb9995e5a04b7b225a79292ab7aeda4a0b635f528fa0d1a6c23	11340448	454207	1427	693	21	1002	10	35	160	0
Assets/Scenes/Hornet/Ward_09.unity	fb1037706dbf67440a3543b4b54725d0	35363c5e9e0d3aa8781184f63d9e225ac2d6b3b55df1144b49b3bd2ca6e37e71	11493726	453606	1126	587	34	723	2	31	186	0
Assets/Scenes/Hornet/Weave_02.unity	4d02e64137defd640bd4b54d022202cf	57ea5ca258f25b1e6eea897a93b205f232fc4259ca15847853accf56a8872613	13027416	518177	1724	839	39	1212	18	31	264	0
Assets/Scenes/Hornet/Weave_03.unity	4f8957023c8bece419d349573c865a5d	9bb3f1a23867536cfa6377ac445cd5a1c012fa3ffafd54c77bf7f1b0e0434d36	34914482	1377336	4418	2072	91	3133	42	103	396	0
Assets/Scenes/Hornet/Weave_04.unity	2cb6683ed9ccbbe4aad61f65038c4a49	f300f75d4d48deb334e0ebb51e33922100d6df20f432f24534b58b7819136b08	4599642	179146	760	353	7	512	4	11	105	0
Assets/Scenes/Hornet/Weave_05b.unity	1187a5cd2329b364fa9d81d5479c1820	1a96d73d261fc47a0214c7c96d9411b73a683e49f4ae5af8aacd2f03654e88b4	13127685	525178	1472	690	31	971	12	31	169	0
Assets/Scenes/Hornet/Weave_07.unity	046e4fc7adb030344ab3ddbba8197a25	6b0b6f4b91b902fec7266300787293cee4768d921e01e9c1858c1a4a8cb67a74	4466584	169790	790	286	14	594	13	7	73	0
Assets/Scenes/Hornet/Weave_08.unity	9ab5b6884ca76f342a4ec94394dcd2fa	71125d96ed8842c0a44061daabd06fe7ef11d9258b20b6a7d4c4c4449b0796a7	30933037	1265132	3430	2749	24	2192	330	111	167	0
Assets/Scenes/Hornet/Weave_10.unity	1a7bbb2bc6b05f74aac758ce49e349d8	6d4a294198a117269cc7a8022fe8634aecab3dd04ef123a4115adbe1d094e3ce	6524040	258245	955	441	10	695	4	18	74	0
Assets/Scenes/Hornet/Weave_11.unity	4a357a742c2a21e4eac4a5b0372f13c8	49086c3d425d09d7c10943647fdea31bc4e8b261e96e617e4e4639f53eccbe25	9225764	365416	1410	562	14	1105	19	18	198	0
Assets/Scenes/Hornet/Weave_12.unity	8f68bcdc5eed05a4e8fa3defa7b596f0	1e311e4523326e52136e640337d74dd9681a566385f98cbc0aae1691f31a4449	4534545	184597	583	394	3	359	7	14	73	0
Assets/Scenes/Hornet/Weave_13.unity	3d87abfee3c06674a87b595bf5b9b8c2	f5d50fda88a86464f7eb7f4e29b613dc6d1b2d9f0cff3a7cf1fbe6c7a334a7cc	3041091	120504	508	294	5	339	1	11	72	0
Assets/Scenes/Hornet/Weave_14.unity	0c6da735bc356454197c7efa256a9c9d	a8d8623f45b88117a0ca9451e08e1c323d271f4e17f39e300dd976464eda9aff	2976783	117706	530	317	3	373	1	5	78	0
Assets/Scenes/Hornet/Wisp_02.unity	97d19e60635736b4786238d5c2fc260d	120580f8247d9fd0084e1872e592c3d53710258aa67dfdc6224dc1027e42fea6	28821566	1160149	3205	1013	20	2212	19	109	335	0
Assets/Scenes/Hornet/Wisp_03.unity	58f1ec67a75e4904b95fafb2a5468af9	d2279270afd0dc04686983829cfb134751664bcce2b1e6d9b1ba3238fbde671b	13958779	556034	2289	668	5	1664	13	37	198	0
Assets/Scenes/Hornet/Wisp_04.unity	2cdc3c4e572694946917ecad9d886281	947f9c42444d1de14185f665252a9be345b5a9e507202ac448f5650c28e7ba24	7751264	309170	1126	374	9	796	19	15	107	0
Assets/Scenes/Hornet/Wisp_05.unity	75467a051a8cb90459466839b4dfbb66	a3418f8e34274b7aee3cf990b974be04303b070b2dd0226eb043db0c4851fd62	5728474	223027	1127	278	7	919	3	8	78	0
Assets/Scenes/Hornet/Wisp_06.unity	4355c085301cf89469bb565a4d0bc611	887e5e04047738eefe8cc13c137c21d9e542e7cc88ebe8aed2aeb45887177bb1	2934407	119308	373	137	2	246	1	3	35	0
Assets/Scenes/Hornet/Wisp_07.unity	8121acd4a75894548bd778151248ac7b	9b1a5b66fdb88a45e14df01ec2a3c62238964a5252fb44dfa8761f9572229294	24515299	980396	2993	898	29	2063	78	79	303	0
Assets/Scenes/Hornet/Wisp_08.unity	14a19d6fa5b31ba4e9e75166ba064416	75e7ba967a3f94c42097de3d986fdc16a80acc7cedb4ab07e297da1d3e8f81ad	12088189	491552	1660	740	5	1078	17	22	195	0
Assets/Scenes/Hornet/Wisp_09.unity	f96b18ab91c215a4cb3dec8bfbdbe506	82e94bb31cb6d87a63c1eed3fde184310ce631cc2b954b35bc5202a236dc4f9b	4607496	172702	1001	313	9	794	1	10	118	0
Assets/Scenes/Menu_Credits.unity	8ed1c26bb1de284479f12fe1bf6279bf	e1902ae60f75880978d2dd901ade852ca2a825d04da3cb4cf8db9c1cd84a4b80	8298452	324227	999	2549	22	108	8	23	3	0
Assets/Scenes/Menu_Title.unity	a557fe406081f664183d1b1fec24fbaf	cb46ca2938b27ed5f2efdbbb697d52879a625aaa37acb7b56c5c33d92467f15d	57228559	2343295	4663	7279	77	740	680	233	118	0
Assets/Scenes/Opening_Sequence.unity	1ddc3233d0e0def4aa8a54e3e14041ae	0e545e3891b534458dd177278dd4fe0c3f04f2f76643a3955d785d55f1a30ebc	280926	10848	72	86	0	45	3	4	0	0
Assets/Scenes/Opening_Sequence_Act3.unity	220d58333848a884dbb89cac87c92303	168c3e29b2a40d10c651fa2601b1e9401a7113b9800e7d75f76c4de3afdcb90d	54837	2097	16	18	0	5	1	2	0	0
Assets/Scenes/Pre_Menu_Intro.unity	ba7fc25404ea95046b201b023e545121	ad5f2b3466a7d37ae907a45c0fbbd6ca2a0a0519062fcd0b0f73dcdae2f4f071	45294	1686	15	11	0	8	1	1	0	0
Assets/Scenes/Pre_Menu_Loader.unity	408f98caf18dc694b8815758477429d1	1b4d1f2bcfc44924d487fa881471db9cbd4be593785ff008f988c5f518b98502	6657	252	2	1	0	0	0	0	0	0
Assets/Scenes/Quit_To_Menu.unity	9bfff4dbfcbb5604d9c801eed47aacc6	36657a438f2d6b4ea6c9c729edea6001ab9824699bbb69cbf12759756ccb73d5	27884	1057	10	12	0	0	0	0	0	0
Assets/Sprites/Effects/Bench_Silk_Recharge/Silk_Recharge_glow.prefab	a4e1f35f7d39a7645a824709ef2e51f6	05426633e4a339e598030b6b75f81bd0e7e246af6c8e2795c1ec0ea08601c577	18694	724	3	2	1	1	1	1	0	0
Assets/Sprites/Enemies/Abyss_tendrils/abyss_tendril_mild_eye_type.prefab	5ccdb4f7c8cb7cb489f0f3b6c68117bd	6c4fed618f07ff2928984ae435394885bbf0999e07302030cccb219db3e743fc	4666	166	2	1	0	1	1	0	0	0
Assets/Sprites/Enemies/Abyss_tendrils/abyss_tendril_mild_long.prefab	2412ad7cad7ad394ea15db61351a83b9	6f7730f56aa378369e5b2de5486f7c28944c074e480b6dfb1a01d4d5a65f6dee	4658	166	2	1	0	1	1	0	0	0
Assets/Sprites/Enemies/Abyss_tendrils/abyss_tendril_mild_mid_type.prefab	2664025bbbd958d4680ffb56b91ed2c0	58235788e4c4ff6a1256fc2a4007ed2d5bd1c78cc9e75ea7a8627a05feea273c	4664	166	2	1	0	1	1	0	0	0
Assets/Sprites/Hero/Hornet_Silksong/Hornet/Tools/Soul_Snare/soul_snare_set_tendril_01.prefab	297679318540bba4493ba34597dc9040	4f8179c0d358e73fba151354e73281337456208c5f3542975af44fbfc2eeaa90	3768	134	1	1	0	1	1	0	0	0
Assets/Sprites/Hero/Hornet_Silksong/Hornet/Tools/Soul_Snare/soul_snare_set_tendril_02.prefab	9a8f129c658a64141bf0196c59cb3d78	d53e1e1537c6ce2d1e374d61242b21cf2a6006c51909be4da531412d6204294c	3768	134	1	1	0	1	1	0	0	0
Assets/Sprites/Hero/Hornet_Silksong/Hornet/Tools/Soul_Snare/soul_snare_set_tendril_03.prefab	5cc0665a47e1109438de8962faf5d3b6	4e6bf7a1623fb4c7066c07cb8ea79d257f55fd6a2e47c54d4761bb8a18c77f24	3768	134	1	1	0	1	1	0	0	0
Assets/Sprites/Hero/Hornet_Silksong/Hornet/Tools/Soul_Snare/soul_snare_soul_shimmer1.prefab	a5872616ea0f72a4198c00d0e91ec143	bc1e14f30a6369f3cdb6444cd0037d1e2a35fadc99b4bc1ce1fa130ec90a75b4	3774	134	1	1	0	1	1	0	0	0
Assets/Sprites/Hero/Hornet_Silksong/Hornet/Tools/Soul_Snare/soul_snare_soul_shimmer2.prefab	858d62f651e05c84b99e89ed2cde6c59	ed005b3ebba5f8174f5407bcb7fa672c71d1552dcf41a01daa1f85f736519b8c	3776	134	1	1	0	1	1	0	0	0
Assets/Sprites/Hero/Hornet_Silksong/Hornet/Tools/Soul_Snare/soul_snare_soul_shimmer3.prefab	69e51fe2bdeef264c8456b155e9ed22a	85501dcf7d6c5d6bc427851cf2fb8ef120b47476055a6546791c0c51486017b5	3776	134	1	1	0	1	1	0	0	0
Assets/Sprites/Hero/Hornet_Silksong/Hornet/Tools/Soul_Snare/soul_snare_soul_shimmer4.prefab	48485b2816cbb7846b4df361dca531e3	0e17d34f8c05b365df60f3a8c80ce9259c531b7135bad907653b4b139033b93b	3776	134	1	1	0	1	1	0	0	0
Assets/Sprites/Hero/Hornet_Silksong/Hornet/Tools/Soul_Snare/soul_snare_soul_shimmer5.prefab	fdba1a50cadb96b4c83b6acf01e60034	ec3eb7909102391ee165655fbef485185a7b2284f36226dcec3ab82654f66a9d	3776	134	1	1	0	1	1	0	0	0
Assets/Sprites/Hero/Hornet_Silksong/Hornet/crest_weapons/hunter/hunter_combo_damage_effect.prefab	51f794b32b3dcaa4fa4bf8513bfe8f7d	3808b776108b77dd63d44b82b5bda515ec978c5d8f88792014ccf9ddec7bfed0	5982	211	3	2	0	1	1	0	0	0
Assets/Sprites/Scenery/Hornet_Core/Interactive/Thick_Silk_Vines/Thick Silk Vine Anim.prefab	ccc98c49f7515de4f8ba4b0d022ee360	b468af1b33c2132e1f8c04dcb0fea53a79b71928a27696972030d73ce7b943f9	7646	261	1	1	0	0	0	0	0	0
