source	component_id	owner_id	owner_name	owner_hierarchy	line	target_scene	entry_point	is_door	entry_delay	always_enter_left	always_enter_right
Assets/Scenes/Hornet/Abandoned_town.unity	6295	683	door1	Inspect Door/door1	400753	Cradle_Destroyed_Challenge_Bench	door1	1	0	0	1
Assets/Scenes/Hornet/Abandoned_town.unity	6296	808	bot1	bot1	400801	Cradle_Destroyed_Challenge_01	top1	0	0	0	0
Assets/Scenes/Hornet/Abyss_01.unity	6629	176	right2	right2	335544	Abyss_02b	left2	0	0	0	0
Assets/Scenes/Hornet/Abyss_01.unity	6630	576	left1	left1	335592	Abyss_06	right1	0	0	0	0
Assets/Scenes/Hornet/Abyss_01.unity	6631	904	right4	right4	335640	Abyss_07	left1	0	0	0	0
Assets/Scenes/Hornet/Abyss_01.unity	6632	1023	right3	right3	335688	Abyss_04	left1	0	0	0	0
Assets/Scenes/Hornet/Abyss_02.unity	7300	528	left1	left1	653987	Abyss_02b	right1	0	0	0	0
Assets/Scenes/Hornet/Abyss_02.unity	7301	658	right1	right1	654035	Abyss_03	left1	0	0	0	0
Assets/Scenes/Hornet/Abyss_02b.unity	9710	286	left2	left2	788296	Abyss_01	right2	0	0	0	0
Assets/Scenes/Hornet/Abyss_02b.unity	9711	1045	top1	top1	788344	Abyss_11	bot1	0	0	0	0
Assets/Scenes/Hornet/Abyss_02b.unity	9712	1808	right1	right1	788392	Abyss_02	left1	0	0	0	0
Assets/Scenes/Hornet/Abyss_03.unity	5746	86	door1	Diving Bell States/Diving Bell Broken/door1	366443	Room_Diving_Bell_Abyss	left1	1	0	0	0
Assets/Scenes/Hornet/Abyss_03.unity	5747	151	left2	left2	366491	Abyss_13	right1	0	0	0	0
Assets/Scenes/Hornet/Abyss_03.unity	5748	716	left1	left1	366539	Abyss_02	right1	0	0	0	0
Assets/Scenes/Hornet/Abyss_03.unity	5749	1126	door2	Diving Bell States/Gone/Diving Bell Upgraded/door2	366587	Room_Diving_Bell_Abyss_Fixed	left1	1	0	0	0
Assets/Scenes/Hornet/Abyss_04.unity	7172	442	left1	left1	413686	Abyss_01	right3	0	0	0	0
Assets/Scenes/Hornet/Abyss_05.unity	11914	339	right1	right1	990743	Abyss_08	left1	0	0	0	0
Assets/Scenes/Hornet/Abyss_05.unity	11915	1816	left2	left2	990791	Abyss_12	right2	0	0	0	0
Assets/Scenes/Hornet/Abyss_06.unity	2736	171	right1	right1	191132	Abyss_01	left1	0	0	0	0
Assets/Scenes/Hornet/Abyss_07.unity	4181	151	left1	left1	464852	Abyss_01	right4	0	0	0	0
Assets/Scenes/Hornet/Abyss_07.unity	4182	285	right1	right1	464900	Abyss_12	left1	0	0	0	0
Assets/Scenes/Hornet/Abyss_08.unity	9618	1761	left1	left1	687363	Abyss_05	right1	0	0	0	0
Assets/Scenes/Hornet/Abyss_09.unity	48321	839	top1	top1	5179089	Dock_06_Church	bot1	0	0	0	0
Assets/Scenes/Hornet/Abyss_09.unity	48322	1191	bot1	bot1	5179137	Abyss_13	top1	0	0	0	0
Assets/Scenes/Hornet/Abyss_11.unity	2422	180	right1	right1	167110	Abyss_13	left1	0	0	0	0
Assets/Scenes/Hornet/Abyss_11.unity	2423	374	bot1	bot1	167158	Abyss_02b	top1	0	0	0	0
Assets/Scenes/Hornet/Abyss_12.unity	1990	40	right2	right2	120026	Abyss_05	left2	0	0	0	0
Assets/Scenes/Hornet/Abyss_12.unity	1991	408	left1	left1	120074	Abyss_07	right1	0	0	0	0
Assets/Scenes/Hornet/Abyss_13.unity	7771	91	left1	left1	564245	Abyss_11	right1	0	0	0	0
Assets/Scenes/Hornet/Abyss_13.unity	7772	477	right1	right1	564293	Abyss_03	left2	0	0	0	0
Assets/Scenes/Hornet/Abyss_13.unity	7773	1057	top1	top1	564341	Abyss_09	bot1	0	0	0	0
Assets/Scenes/Hornet/Abyss_Cocoon.unity	16464	97	door_entry	Boss Control/door_entry	2246202	Abyss_Cocoon		1	0	0	0
Assets/Scenes/Hornet/Abyss_Cocoon.unity	16465	109	door_test	door_test	2246250	Abyss_Cocoon	door_entry	1	0	0	0
Assets/Scenes/Hornet/Ant_02.unity	5118	168	left1	left1	413785	Bone_08	right3	0	0	0	0
Assets/Scenes/Hornet/Ant_02.unity	5119	326	right1	right1	413833	Ant_03	left2	0	0	0	0
Assets/Scenes/Hornet/Ant_03.unity	5277	177	left2	left2	381399	Ant_02	right1	0	0	0	0
Assets/Scenes/Hornet/Ant_03.unity	5278	456	right3	right3	381447	Ant_04_left	left1	0	0	0	0
Assets/Scenes/Hornet/Ant_04.unity	8552	522	right1	right1	731619	Ant_14	left3	0	0	0	0
Assets/Scenes/Hornet/Ant_04.unity	8553	901	left1	left1	731667	Ant_04_mid	right1	0	0	0	0
Assets/Scenes/Hornet/Ant_04_left.unity	8638	251	left1	left1	780634	Ant_03	right3	0	0	0	0
Assets/Scenes/Hornet/Ant_04_left.unity	8639	721	right1	right1	780682	Ant_04_mid	left1	0	0	0	0
Assets/Scenes/Hornet/Ant_04_mid.unity	8146	846	left1	left1	1119862	Ant_04_left	right1	0	0	0	0
Assets/Scenes/Hornet/Ant_04_mid.unity	8147	857	right1	right1	1119910	Ant_04	left1	0	0	0	0
Assets/Scenes/Hornet/Ant_05b.unity	5154	448	right1	right1	632655	Ant_14	left4	0	0	0	0
Assets/Scenes/Hornet/Ant_05b.unity	5155	572	bot1	bot1	632703	Bone_East_04b	top1	0	0	0	0
Assets/Scenes/Hornet/Ant_05b.unity	5156	593	bot2	bot2	632751	Bone_East_04	top2	0	0	0	0
Assets/Scenes/Hornet/Ant_05c.unity	4488	58	left1	left1	381481	Ant_14	right2	0	0	0	0
Assets/Scenes/Hornet/Ant_05c.unity	4489	499	right1	right1	381529	Ant_09	left1	0	0	0	0
Assets/Scenes/Hornet/Ant_08.unity	10792	480	top1	Battle Scene/top1	1290051	Halfway_01	bot1	0	0	0	0
Assets/Scenes/Hornet/Ant_09.unity	6962	356	left1	left1	493527	Ant_05c	right1	0	0	0	0
Assets/Scenes/Hornet/Ant_09.unity	6963	930	right1	right1	493575	Bone_East_11	left1	0	0	0	0
Assets/Scenes/Hornet/Ant_14.unity	6106	70	left1	left1	353390	Ant_Merchant	right1	0	0	0	0
Assets/Scenes/Hornet/Ant_14.unity	6107	222	left2	left2	353438	Ant_17	right1	0	0	0	0
Assets/Scenes/Hornet/Ant_14.unity	6108	383	right3	right3	353486	Ant_20	left1	0	0	0	0
Assets/Scenes/Hornet/Ant_14.unity	6109	820	right2	right2	353534	Ant_05c	left1	0	0	0	0
Assets/Scenes/Hornet/Ant_14.unity	6110	913	left4	left4	353582	Ant_05b	right1	0	0	0	0
Assets/Scenes/Hornet/Ant_14.unity	6111	1090	left3	left3	353630	Ant_04	right1	0	0	0	0
Assets/Scenes/Hornet/Ant_14.unity	6112	1095	left5	left5	353678	Ant_21	right1	0	0	0	0
Assets/Scenes/Hornet/Ant_17.unity	1417	93	right1	right1	135912	Ant_14	left2	0	0	0	0
Assets/Scenes/Hornet/Ant_19.unity	16627	512	left1	left1	1273144	Ant_20	door1	0	0	0	0
Assets/Scenes/Hornet/Ant_19.unity	16628	4047	door_memoryEnd	door_memoryEnd	1273192			0	0	0	1
Assets/Scenes/Hornet/Ant_20.unity	9862	588	left1	left1	758549	Ant_14	right3	0	0	0	0
Assets/Scenes/Hornet/Ant_20.unity	9863	1337	door1	Chapel Door Control/door1	758597	Ant_19	left1	1	0	0	0
Assets/Scenes/Hornet/Ant_21.unity	4917	504	right1	right1	573131	Ant_14	left5	0	0	0	0
Assets/Scenes/Hornet/Ant_Merchant.unity	5450	10	right1	right1	421212	Ant_14	left1	0	0	0	0
Assets/Scenes/Hornet/Ant_Queen.unity	1825	32	left1	left1	122771	Bone_East_25	door1	0	0	0	0
Assets/Scenes/Hornet/Ant_Queen.unity	1826	463	door_wakeOnGround	Memory Group/door_wakeOnGround	122819			0	0	0	0
Assets/Scenes/Hornet/Aqueduct_01.unity	12798	180	right1	right1	1466529	Aqueduct_02	left1	0	0	0	0
Assets/Scenes/Hornet/Aqueduct_01.unity	12799	920	left1	left1	1466577	Arborium_11	right1	0	0	0	0
Assets/Scenes/Hornet/Aqueduct_02.unity	6524	118	right1	right1	671539	Aqueduct_03	left1	0	0	0	0
Assets/Scenes/Hornet/Aqueduct_02.unity	6525	253	left3	left3	671587	Aqueduct_07	right1	0	0	0	0
Assets/Scenes/Hornet/Aqueduct_02.unity	6526	425	left2	left2	671635	Aqueduct_04	right1	0	0	0	0
Assets/Scenes/Hornet/Aqueduct_02.unity	6527	566	left1	left1	671683	Aqueduct_01	right1	0	0	0	0
Assets/Scenes/Hornet/Aqueduct_02.unity	6528	639	right2	right2	671731	Bellway_Aqueduct	left1	0	0	0	0
Assets/Scenes/Hornet/Aqueduct_02.unity	6529	689	right3	right3	671779	Aqueduct_08	left1	0	0	0	0
Assets/Scenes/Hornet/Aqueduct_03.unity	12776	168	right1	right1	1374466	Aqueduct_05	left1	0	0	0	0
Assets/Scenes/Hornet/Aqueduct_03.unity	12777	862	left1	left1	1374514	Aqueduct_02	right1	0	0	0	0
Assets/Scenes/Hornet/Aqueduct_03.unity	12778	1185	top1	top1	1374562	Aqueduct_06	bot1	0	0	0	0
Assets/Scenes/Hornet/Aqueduct_04.unity	9471	189	right1	right1	1082828	Aqueduct_02	left2	0	0	0	0
Assets/Scenes/Hornet/Aqueduct_04.unity	9472	1237	door1	door1	1082876	Room_Huntress	left1	1	0	0	0
Assets/Scenes/Hornet/Aqueduct_04.unity	9473	1423	bot1	bot1	1082924	Shadow_01	top1	0	0	0	0
Assets/Scenes/Hornet/Aqueduct_05.unity	8669	1535	left1	left1	535677	Aqueduct_03	right1	0	0	0	0
Assets/Scenes/Hornet/Aqueduct_05_caravan.unity	2107	38	door2	Caravan_States/Fleatopia/door2	286922	Room_Caravan_Spa	left1	1	0	0	0
Assets/Scenes/Hornet/Aqueduct_05_caravan.unity	2108	130	door_caravanTravelEnd	Caravan_States/Fleatopia/door_caravanTravelEnd	286970			0	0	0	1
Assets/Scenes/Hornet/Aqueduct_06.unity	10212	513	bot1	bot1	960131	Aqueduct_03	top1	0	0	0	0
Assets/Scenes/Hornet/Aqueduct_06.unity	10213	810	left1	left1	960179	Bellway_Aqueduct	right1	0	0	0	0
Assets/Scenes/Hornet/Aqueduct_06.unity	10214	1335	left2	left2	960227	Aqueduct_08	right1	0	0	0	0
Assets/Scenes/Hornet/Aqueduct_07.unity	3904	434	right1	right1	502622	Aqueduct_02	left3	0	0	0	0
Assets/Scenes/Hornet/Aqueduct_08.unity	2184	176	left1	left1	221087	Aqueduct_02	right3	0	0	0	0
Assets/Scenes/Hornet/Aqueduct_08.unity	2185	319	right1	right1	221135	Aqueduct_06	left2	0	0	0	0
Assets/Scenes/Hornet/Arborium_01.unity	8963	60	left2	left2	516336	Arborium_09	right2	0	0	0	0
Assets/Scenes/Hornet/Arborium_01.unity	8964	129	right3	right3	516384	Arborium_06	left1	0	0	0	0
Assets/Scenes/Hornet/Arborium_01.unity	8965	181	left3	left3	516432	Arborium_Tube	right1	0	0	0	0
Assets/Scenes/Hornet/Arborium_01.unity	8966	284	right1	right1	516480	Arborium_08	left1	0	0	0	0
Assets/Scenes/Hornet/Arborium_01.unity	8967	557	bot1	bot1	516528	Song_25	top1	0	0	0	0
Assets/Scenes/Hornet/Arborium_01.unity	8968	980	left1	left1	516576	Arborium_09	right1	0	0	0	0
Assets/Scenes/Hornet/Arborium_01.unity	8969	1121	right5	right5	516624	Arborium_04	left1	0	0	0	0
Assets/Scenes/Hornet/Arborium_01.unity	8970	1276	right2	right2	516672	Arborium_07	left1	0	0	0	0
Assets/Scenes/Hornet/Arborium_01.unity	8971	1348	right4	right4	516720	Arborium_02	left1	0	0	0	0
Assets/Scenes/Hornet/Arborium_02.unity	5074	169	right1	right1	372385	Arborium_03	left3	0	0	0	0
Assets/Scenes/Hornet/Arborium_02.unity	5075	315	left1	left1	372433	Arborium_01	right4	0	0	0	0
Assets/Scenes/Hornet/Arborium_03.unity	5469	360	left1	left1	418116	Arborium_06	right1	0	0	0	0
Assets/Scenes/Hornet/Arborium_03.unity	5470	437	left3	left3	418164	Arborium_02	right1	0	0	0	0
Assets/Scenes/Hornet/Arborium_03.unity	5471	717	left4	left4	418212	Arborium_04	right1	0	0	0	0
Assets/Scenes/Hornet/Arborium_03.unity	5472	722	left2	left2	418260	Arborium_05	right1	0	0	0	0
Assets/Scenes/Hornet/Arborium_03.unity	5473	755	right1	right1	418308	Arborium_10	left1	0	0	0	0
Assets/Scenes/Hornet/Arborium_03.unity	5474	839	right2	right2	418356	Arborium_11	left1	0	0	0	0
Assets/Scenes/Hornet/Arborium_04.unity	5743	419	left1	left1	363869	Arborium_01	right5	0	0	0	0
Assets/Scenes/Hornet/Arborium_04.unity	5744	651	right1	right1	363917	Arborium_03	left4	0	0	0	0
Assets/Scenes/Hornet/Arborium_05.unity	5016	106	top1	top1	376485	Arborium_06	bot1	0	0	0	0
Assets/Scenes/Hornet/Arborium_05.unity	5017	188	right1	right1	376533	Arborium_03	left2	0	0	0	0
Assets/Scenes/Hornet/Arborium_06.unity	6193	233	right1	right1	724538	Arborium_03	left1	0	0	0	0
Assets/Scenes/Hornet/Arborium_06.unity	6194	438	bot1	bot1	724586	Arborium_05	top1	0	0	0	0
Assets/Scenes/Hornet/Arborium_06.unity	6195	447	left1	left1	724634	Arborium_01	right3	0	0	0	0
Assets/Scenes/Hornet/Arborium_07.unity	7094	320	left1	left1	408245	Arborium_01	right2	0	0	0	0
Assets/Scenes/Hornet/Arborium_07.unity	7095	480	top1	top1	408293	Arborium_08	bot1	0	0	0	0
Assets/Scenes/Hornet/Arborium_08.unity	5321	289	bot1	bot1	333729	Arborium_07	top1	0	0	0	0
Assets/Scenes/Hornet/Arborium_08.unity	5322	305	left1	left1	333777	Arborium_01	right1	0	0	0	0
Assets/Scenes/Hornet/Arborium_09.unity	11436	400	right1	right1	566958	Arborium_01	left1	0	0	0	0
Assets/Scenes/Hornet/Arborium_09.unity	11437	1992	right2	right2	567006	Arborium_01	left2	0	0	0	0
Assets/Scenes/Hornet/Arborium_10.unity	2057	18	left1	left1	112630	Arborium_03	right1	0	0	0	0
Assets/Scenes/Hornet/Arborium_11.unity	9025	602	left1	left1	789578	Arborium_03	right2	0	0	0	0
Assets/Scenes/Hornet/Arborium_11.unity	9026	1439	right1	right1	789626	Aqueduct_01	left1	0	0	0	0
Assets/Scenes/Hornet/Arborium_Tube.unity	1436	63	right1	right1	116378	Arborium_01	left3	0	0	0	0
Assets/Scenes/Hornet/Arborium_Tube.unity	1437	284	door_tubeEnter	City Travel Tube/door_tubeEnter	116426			1	0	0	0
Assets/Scenes/Hornet/Aspid_01.unity	11298	160	bot5	bot5	735645	Bonetown	top5	0	0	0	0
Assets/Scenes/Hornet/Aspid_01.unity	11299	177	top1	top1	735693	Coral_19	bot1	0	0	0	0
Assets/Scenes/Hornet/Aspid_01.unity	11300	330	right3	right3	735741	Mosstown_02	left1	0	0	0	0
Assets/Scenes/Hornet/Aspid_01.unity	11301	415	bot3	bot3	735789	Bonetown	top3	0	0	0	0
Assets/Scenes/Hornet/Aspid_01.unity	11302	542	left2	left2	735837	Crawl_04	right1	0	0	0	0
Assets/Scenes/Hornet/Aspid_01.unity	11303	559	top4	top4	735885	Coral_19	bot4	0	0	0	0
Assets/Scenes/Hornet/Aspid_01.unity	11304	639	top3	top3	735933	Coral_19	bot3	0	0	0	0
Assets/Scenes/Hornet/Aspid_01.unity	11305	758	right2	right2	735981	Shellwood_08c	left1	0	0	0	0
Assets/Scenes/Hornet/Aspid_01.unity	11306	788	top5	top5	736029	Coral_19	bot5	0	0	0	0
Assets/Scenes/Hornet/Aspid_01.unity	11307	807	bot4	bot4	736077	Bonetown	top4	0	0	0	0
Assets/Scenes/Hornet/Aspid_01.unity	11308	935	top6	top6	736125	Coral_19	bot6	0	0	0	0
Assets/Scenes/Hornet/Aspid_01.unity	11309	1255	bot2	bot2	736173	Bonetown	top2	0	0	1	0
Assets/Scenes/Hornet/Aspid_01.unity	11310	1440	right4	right4	736221	Bone_11	left1	0	0	0	0
Assets/Scenes/Hornet/Aspid_01.unity	11311	1711	left1	left1	736269	Crawl_01	right1	0	0	0	0
Assets/Scenes/Hornet/Aspid_01.unity	11312	1741	top2	top2	736317	Coral_19	bot2	0	0	0	0
Assets/Scenes/Hornet/Aspid_01.unity	11313	1775	bot1	bot1	736365	Bonetown	top1	0	0	0	0
Assets/Scenes/Hornet/Aspid_01.unity	11314	1992	top7	top7	736413	Coral_19	bot7	0	0	0	0
Assets/Scenes/Hornet/Bellshrine.unity	1390	48	right1	Whole Scene/_Transition Gates/right1	172835	Bone_03	left1	0	0	0	0
Assets/Scenes/Hornet/Bellshrine.unity	1391	131	left1	Whole Scene/_Transition Gates/left1	172883	Bone_05	right1	0	0	0	0
Assets/Scenes/Hornet/Bellshrine_02.unity	1626	53	right1	Whole Scene/_Transition Gates/right1	188536	Greymoor_02	left2	0	0	0	0
Assets/Scenes/Hornet/Bellshrine_02.unity	1627	164	left1	Whole Scene/_Transition Gates/left1	188584	Greymoor_01	right2	0	0	0	0
Assets/Scenes/Hornet/Bellshrine_03.unity	2008	67	right1	Whole Scene/_Transition Gates/right1	208047	Shellwood_19	left1	0	0	0	0
Assets/Scenes/Hornet/Bellshrine_03.unity	2009	192	left1	Whole Scene/_Transition Gates/left1	208095	Shellwood_08	right1	0	0	0	0
Assets/Scenes/Hornet/Bellshrine_05.unity	2202	69	right1	Whole Scene/_Transition Gates/right1	286205	Bone_East_02	left1	0	0	0	0
Assets/Scenes/Hornet/Bellshrine_05.unity	2203	202	left1	Whole Scene/_Transition Gates/left1	286253	Bone_East_12	right1	0	0	0	0
Assets/Scenes/Hornet/Bellshrine_Coral.unity	1632	250	left1	Whole Scene/_Transition Gates/left1	297885	Coral_38	right1	0	0	0	0
Assets/Scenes/Hornet/Bellshrine_Enclave.unity	2344	311	left1	Whole Scene/_Transition Gates/left1	201347	Song_Enclave	door1	0	0	0	0
Assets/Scenes/Hornet/Belltown.unity	10351	108	door3	hanging_bell_house_Pinsmith/open/door3	632846	Belltown_Room_pinsmith	left1	1	0	0	0
Assets/Scenes/Hornet/Belltown.unity	10352	330	door4	hanging_bell_house 2/open/door4	632894	Belltown_Room_Relic	left1	1	0	0	0
Assets/Scenes/Hornet/Belltown.unity	10353	735	door5	Hornet House States/door5	632942	Belltown_Room_Spare	left1	1	0	0	0
Assets/Scenes/Hornet/Belltown.unity	10354	1218	door1	door1	632990	Belltown_basement	left1	1	0	0	0
Assets/Scenes/Hornet/Belltown.unity	10355	1248	left3	_Transition Gates/left3	633038	Belltown_07	right1	0	0	0	0
Assets/Scenes/Hornet/Belltown.unity	10356	1762	right2	right2	633086	Belltown_06	left1	0	0	0	0
Assets/Scenes/Hornet/Belltown_04.unity	10758	39	left2	left2	861058	Shellwood_15	right1	0	0	0	0
Assets/Scenes/Hornet/Belltown_04.unity	10759	560	bot1	bot1	861106	Belltown_Shrine	top1	0	0	0	0
Assets/Scenes/Hornet/Belltown_04.unity	10760	755	left1	left1	861154	Shellwood_13	right1	0	0	0	0
Assets/Scenes/Hornet/Belltown_06.unity	5081	175	left3	left3	262169	Belltown_Shrine	right1	0	0	0	0
Assets/Scenes/Hornet/Belltown_06.unity	5082	432	door1	door1	262217	Belltown_Room_Fisher	right1	1	0	0	0
Assets/Scenes/Hornet/Belltown_06.unity	5083	752	left1	left1	262265	Belltown	right2	0	0	0	0
Assets/Scenes/Hornet/Belltown_06.unity	5084	1066	right1	right1	262313	Greymoor_08	left2	0	0	0	0
Assets/Scenes/Hornet/Belltown_07.unity	3835	589	left1	_Transition Gates/left1	219705	Shellwood_01	right2	0	0	0	0
Assets/Scenes/Hornet/Belltown_07.unity	3836	792	right1	right1	219753	Belltown	left3	0	0	0	0
Assets/Scenes/Hornet/Belltown_08.unity	5051	317	right1	right1	687797	Wisp_02	left1	0	0	0	0
Assets/Scenes/Hornet/Belltown_Room_Relic.unity	771	20	left1	left1	74370	Belltown	door4	0	0	0	0
Assets/Scenes/Hornet/Belltown_Room_Spare.unity	2009	99	left1	left1	307496	Belltown	door5	0	0	0	0
Assets/Scenes/Hornet/Belltown_Room_doctor.unity	613	35	left1	left1	85257	Wisp_03	door1	0	0	0	0
Assets/Scenes/Hornet/Belltown_Room_pinsmith.unity	311	27	left1	left1	23242	Belltown	door3	0	0	0	0
Assets/Scenes/Hornet/Belltown_Room_shellwood.unity	1293	42	left1	left1	79657	Shellwood_01	right1	0	0	0	0
Assets/Scenes/Hornet/Belltown_Shrine.unity	6401	480	top1	Whole Scene/top1	620489	Belltown_04	bot1	0	0	0	0
Assets/Scenes/Hornet/Belltown_Shrine.unity	6402	823	right1	Whole Scene/right1	620537	Belltown_06	left3	0	0	0	0
Assets/Scenes/Hornet/Belltown_Shrine.unity	6403	1215	door_wakeOnGround	door_wakeOnGround	620585			0	0	0	0
Assets/Scenes/Hornet/Belltown_basement.unity	5697	325	bot1	bot1	353308	Belltown_basement_03	top1	0	0	1	0
Assets/Scenes/Hornet/Belltown_basement.unity	5698	372	left1	left1	353356	Belltown	door1	0	0	0	0
Assets/Scenes/Hornet/Belltown_basement.unity	5699	1224	door_fastTravelExit	door_fastTravelExit	353404			1	0	0	1
Assets/Scenes/Hornet/Belltown_basement_03.unity	15114	1339	top1	top1	1271139	Belltown_basement	bot1	0	0	0	0
Assets/Scenes/Hornet/Belltown_basement_03.unity	15115	2002	left1	left1	1271187	Bone_08	right2	0	0	0	0
Assets/Scenes/Hornet/Bellway_01.unity	3662	601	left1	left1	244435	Bonetown	door1	0	0	0	0
Assets/Scenes/Hornet/Bellway_01.unity	3663	841	door_fastTravelExit	_Transition Gates/door_fastTravelExit	244483			1	0	1	0
Assets/Scenes/Hornet/Bellway_02.unity	3717	34	left1	left1	222103	Dock_16	right1	0	0	0	0
Assets/Scenes/Hornet/Bellway_02.unity	3718	239	right1	right1	222151	Bone_East_01	left2	0	0	0	0
Assets/Scenes/Hornet/Bellway_02.unity	3719	823	door_fastTravelExit	_Transition Gates/door_fastTravelExit	222199			1	0	0	1
Assets/Scenes/Hornet/Bellway_03.unity	8145	374	right1	right1	593618	Bone_East_09b	left1	0	0	0	0
Assets/Scenes/Hornet/Bellway_03.unity	8146	554	left1	left1	593666	Bone_East_07	right2	0	0	0	0
Assets/Scenes/Hornet/Bellway_03.unity	8147	1867	door_fastTravelExit	door_fastTravelExit	593714			1	0	1	0
Assets/Scenes/Hornet/Bellway_04.unity	5690	486	bot1	bot1	342881	Greymoor_16	top1	0	0	0	0
Assets/Scenes/Hornet/Bellway_04.unity	5691	690	left1	left1	342929	Greymoor_05	right2	0	0	0	0
Assets/Scenes/Hornet/Bellway_04.unity	5692	1220	door_fastTravelExit	door_fastTravelExit	342977			1	0	1	0
Assets/Scenes/Hornet/Bellway_08.unity	3977	54	left1	left1	351931	Coral_35	right1	0	0	0	0
Assets/Scenes/Hornet/Bellway_08.unity	3978	254	right1	right1	351979	Coral_03	left1	0	0	0	0
Assets/Scenes/Hornet/Bellway_08.unity	3979	775	door_fastTravelExit	door_fastTravelExit	352027			1	0	0	1
Assets/Scenes/Hornet/Bellway_Aqueduct.unity	4998	465	left1	Shadow_09b/left1	360588	Aqueduct_02	right2	0	0	0	0
Assets/Scenes/Hornet/Bellway_Aqueduct.unity	4999	484	right1	right1	360636	Aqueduct_06	left1	0	0	0	0
Assets/Scenes/Hornet/Bellway_Aqueduct.unity	5000	1141	door_fastTravelExit	Group/door_fastTravelExit	360684			1	0	1	0
Assets/Scenes/Hornet/Bellway_Centipede_Arena.unity	6424	282	top1	top1	946974	'[dynamic]'	door_centipedeExit	0	0	0	0
Assets/Scenes/Hornet/Bellway_Centipede_additive.unity	210	34	door_centipedeExit	Bell Centipede Bellway Scene/door_centipedeExit	48946			1	0	1	0
Assets/Scenes/Hornet/Bellway_City.unity	9243	229	right1	right1	568268	Library_11	left2	0	0	0	0
Assets/Scenes/Hornet/Bellway_City.unity	9244	452	left1	left1	568316	Song_20	right6	0	0	0	0
Assets/Scenes/Hornet/Bellway_City.unity	9245	1687	door_tubeEnter	City Travel Tube/door_tubeEnter	568364			1	0	0	0
Assets/Scenes/Hornet/Bellway_City.unity	9246	1809	door_fastTravelExit	door_fastTravelExit	568412			1	0	1	0
Assets/Scenes/Hornet/Bellway_Peak.unity	3004	109	right1	right1	245506	Peak_04	left1	0	0	0	0
Assets/Scenes/Hornet/Bellway_Peak.unity	3005	189	right2	right2	245554	Bellway_Peak_02	left1	0	0	0	0
Assets/Scenes/Hornet/Bellway_Peak.unity	3006	450	left1	left1	245602	Peak_04c	right1	0	0	0	0
Assets/Scenes/Hornet/Bellway_Peak.unity	3007	526	left2	left2	245650	Peak_04c	right2	0	0	0	0
Assets/Scenes/Hornet/Bellway_Peak.unity	3008	536	top1	Group (1)/top1	245698	Peak_05	bot1	0	0	0	0
Assets/Scenes/Hornet/Bellway_Peak_02.unity	6286	638	left1	left1	703098	Bellway_Peak	right2	0	0	0	0
Assets/Scenes/Hornet/Bellway_Shadow.unity	4171	384	left1	Shadow_09b/left1	346901	Shadow_04	right2	0	0	0	0
Assets/Scenes/Hornet/Bellway_Shadow.unity	4172	917	door_fastTravelExit	Group/door_fastTravelExit	346949			1	0	1	0
Assets/Scenes/Hornet/Bone_01.unity	12433	486	top2 extra	top2 extra	1086432	Bone_04	bot2	0	0	0	0
Assets/Scenes/Hornet/Bone_01.unity	12434	1382	right1	right1	1086480	Bone_01c	left1	0	0	0	0
Assets/Scenes/Hornet/Bone_01.unity	12435	1641	left2	_Transition Gates/left2	1086528	Bonetown	right2	0	0	0	0
Assets/Scenes/Hornet/Bone_01.unity	12436	1746	top2	top2	1086576	Bone_04	bot2	0	0	0	0
Assets/Scenes/Hornet/Bone_01.unity	12437	2272	right2	right2	1086624	Bone_01c	left2	0	0	0	0
Assets/Scenes/Hornet/Bone_01b.unity	3195	180	left1	left1	364775	Bone_11b	right1	0	0	0	0
Assets/Scenes/Hornet/Bone_01b.unity	3196	316	left2	left2	364823	Bonetown	right1	0	0	0	0
Assets/Scenes/Hornet/Bone_01c.unity	5460	576	left1	_Transition Gates/left1	573591	Bone_01	right1	0	0	0	0
Assets/Scenes/Hornet/Bone_01c.unity	5461	594	left2	_Transition Gates/left2	573639	Bone_01	right2	0	0	0	0
Assets/Scenes/Hornet/Bone_01c.unity	5462	821	right1	right1	573687	Bone_02	left1	0	0	0	0
Assets/Scenes/Hornet/Bone_02.unity	7744	294	top2	top2	624908	Bone_10	bot1	0	0	0	0
Assets/Scenes/Hornet/Bone_02.unity	7745	735	right1	right1	624956	Bone_16	left1	0	0	0	0
Assets/Scenes/Hornet/Bone_02.unity	7746	1004	left1	_Transition Gates/left1	625004	Bone_01c	right1	0	0	0	0
Assets/Scenes/Hornet/Bone_02.unity	7747	1240	top1	top1	625052	Bone_03	bot1	0	0	0	0
Assets/Scenes/Hornet/Bone_02_Readable.unity	7744	294	top2	top2	633879	Bone_10	bot1	0	0	0	0
Assets/Scenes/Hornet/Bone_02_Readable.unity	7745	735	right1	right1	633927	Bone_16	left1	0	0	0	0
Assets/Scenes/Hornet/Bone_02_Readable.unity	7746	1004	left1	_Transition Gates/left1	633975	Bone_01c	right1	0	0	0	0
Assets/Scenes/Hornet/Bone_02_Readable.unity	7747	1240	top1	top1	634023	Bone_03	bot1	0	0	0	0
Assets/Scenes/Hornet/Bone_02_temp.unity	7744	294	top2	Read/_Transition Gates/top2	633912	Bone_10	bot1	0	0	0	0
Assets/Scenes/Hornet/Bone_02_temp.unity	7745	735	right1	Read/_Transition Gates/right1	633960	Bone_16	left1	0	0	0	0
Assets/Scenes/Hornet/Bone_02_temp.unity	7746	1004	left1	Read/_Transition Gates/left1	634008	Bone_01c	right1	0	0	0	0
Assets/Scenes/Hornet/Bone_02_temp.unity	7747	1240	top1	Read/_Transition Gates/top1	634056	Bone_03	bot1	0	0	0	0
Assets/Scenes/Hornet/Bone_03.unity	10885	89	bot1	bot1	1216003	Bone_02	top1	0	0	1	0
Assets/Scenes/Hornet/Bone_03.unity	10886	226	left2	_Transition Gates/left2	1216051	Bone_04	right1	0	0	0	0
Assets/Scenes/Hornet/Bone_03.unity	10887	330	right1	right1	1216099	Bone_14	left1	0	0	0	0
Assets/Scenes/Hornet/Bone_03.unity	10888	348	left4	_Transition Gates/left4	1216147	Bone_17	right1	0	0	0	0
Assets/Scenes/Hornet/Bone_03.unity	10889	689	top1	top1	1216195	Bone_06	bot1	0	0	0	0
Assets/Scenes/Hornet/Bone_03.unity	10890	1105	left1	_Transition Gates/left1	1216243	Bellshrine	right1	0	0	0	0
Assets/Scenes/Hornet/Bone_03.unity	10891	1344	right3	right3	1216291	Bone_10	left1	0	0	0	0
Assets/Scenes/Hornet/Bone_04.unity	11321	254	left2	_Transition Gates/left2	1175435	Bone_11	right2	0	0	0	0
Assets/Scenes/Hornet/Bone_04.unity	11322	497	bot2	bot2	1175483	Bone_01	top2	0	0	0	0
Assets/Scenes/Hornet/Bone_04.unity	11323	594	top1	top1	1175531	Bone_05	bot1	0	0	0	0
Assets/Scenes/Hornet/Bone_04.unity	11324	1393	right1	right1	1175579	Bone_03	left2	0	0	0	0
Assets/Scenes/Hornet/Bone_04.unity	11325	1660	left1	_Transition Gates/left1	1175627	Bone_11	right1	0	0	0	0
Assets/Scenes/Hornet/Bone_05.unity	7025	57	bot1	bot1	482354	Bone_04	top1	0	0	0	0
Assets/Scenes/Hornet/Bone_05.unity	7026	157	left1	left1	482402	Mosstown_01	right1	0	0	0	0
Assets/Scenes/Hornet/Bone_05.unity	7027	243	right1	right1	482450	Bellshrine	left1	0	0	0	0
Assets/Scenes/Hornet/Bone_05.unity	7028	1656	door_cinematicEnd	Silk Heart Memory Return/door_cinematicEnd	482498			0	0	0	1
Assets/Scenes/Hornet/Bone_05.unity	7029	1617	door_fastTravelExit	door_fastTravelExit	482546			1	0	0	1
Assets/Scenes/Hornet/Bone_05b.unity	2744	334	top1	top1	143998	Mosstown_02	bot2	0	0	0	0
Assets/Scenes/Hornet/Bone_05b.unity	2745	545	left1	left1	144046	Mosstown_01	right2	0	0	0	0
Assets/Scenes/Hornet/Bone_06.unity	8828	72	bot1	bot1	930098	Bone_03	top1	0	0	0	0
Assets/Scenes/Hornet/Bone_06.unity	8829	181	left1	left1	930146	Mosstown_03	right1	0	0	0	0
Assets/Scenes/Hornet/Bone_06.unity	8830	286	right1	right1	930194	Bone_18	left1	0	0	0	0
Assets/Scenes/Hornet/Bone_07.unity	10504	721	right2	right2	920217	Bone_08	left3	0	0	0	0
Assets/Scenes/Hornet/Bone_07.unity	10505	1011	left1	left1	920265	Bone_14	right1	0	0	0	0
Assets/Scenes/Hornet/Bone_07.unity	10506	1092	right1	right1	920313	Bone_08	left2	0	0	0	0
Assets/Scenes/Hornet/Bone_07.unity	10507	1384	top1	top1	920361	Bone_19	bot1	0	0	0	0
Assets/Scenes/Hornet/Bone_08.unity	5773	55	right3	right3	404519	Ant_02	left1	0	0	0	0
Assets/Scenes/Hornet/Bone_08.unity	5774	64	right2	right2	404567	Belltown_basement_03	left1	0	0	0	0
Assets/Scenes/Hornet/Bone_08.unity	5775	68	bot1	bot1	404615	Bone_09	top1	0	0	1	0
Assets/Scenes/Hornet/Bone_08.unity	5776	223	left3	_Transition Gates/left3	404663	Bone_07	right2	0	0	0	0
Assets/Scenes/Hornet/Bone_08.unity	5777	647	door1	door1	404711	Bone_12	left1	1	0	0	0
Assets/Scenes/Hornet/Bone_08.unity	5778	921	left2	_Transition Gates/left2	404759	Bone_07	right1	0	0	0	0
Assets/Scenes/Hornet/Bone_09.unity	8769	122	right2	right2	747029	Dock_08	left2	0	0	0	0
Assets/Scenes/Hornet/Bone_09.unity	8770	194	left1	_Transition Gates/left1	747077	Bone_16	right1	0	0	0	0
Assets/Scenes/Hornet/Bone_09.unity	8771	307	right1	right1	747125	Dock_08	left1	0	0	0	0
Assets/Scenes/Hornet/Bone_09.unity	8772	469	top1	top1	747173	Bone_08	bot1	0	0	0	0
Assets/Scenes/Hornet/Bone_10.unity	9774	81	bot1	bot1	837457	Bone_02	top2	0	0	0	0
Assets/Scenes/Hornet/Bone_10.unity	9775	231	left1	left1	837505	Bone_03	right3	0	0	0	0
Assets/Scenes/Hornet/Bone_10.unity	9776	1187	door2	Black Thread States Thread Only Variant/Normal World/Caravan/Caravan_Spa/door2	837553	Room_Caravan_Spa	left1	1	0	0	0
Assets/Scenes/Hornet/Bone_10.unity	9777	1508	right1	right1	837601	Bone_15	left1	0	0	0	0
Assets/Scenes/Hornet/Bone_11.unity	8012	52	right2	right2	653477	Bone_04	left2	0	0	0	0
Assets/Scenes/Hornet/Bone_11.unity	8013	389	top1	top1	653525	Mosstown_01	bot1	0	0	0	0
Assets/Scenes/Hornet/Bone_11.unity	8014	589	bot1	bot1	653573	Bone_11b	top1	0	0	0	0
Assets/Scenes/Hornet/Bone_11.unity	8015	751	left1	left1	653621	Aspid_01	right4	0	0	0	0
Assets/Scenes/Hornet/Bone_11.unity	8016	918	right1	right1	653669	Bone_04	left1	0	0	0	0
Assets/Scenes/Hornet/Bone_11b.unity	1618	14	right1	right1	94904	Bone_01b	left1	0	0	0	0
Assets/Scenes/Hornet/Bone_11b.unity	1619	223	top1	top1	94952	Bone_11	bot1	0	0	0	0
Assets/Scenes/Hornet/Bone_12.unity	5674	491	left1	left1	501690	Bone_08	door1	0	0	0	0
Assets/Scenes/Hornet/Bone_14.unity	7439	499	left1	left1	748462	Bone_03	right1	0	0	0	0
Assets/Scenes/Hornet/Bone_14.unity	7440	532	right1	right1	748510	Bone_07	left1	0	0	0	0
Assets/Scenes/Hornet/Bone_15.unity	8436	92	left1	left1	1399696	Bone_10	right1	0	0	0	0
Assets/Scenes/Hornet/Bone_15.unity	8437	561	bot1	bot1	1399744	Bone_16	top1	0	0	0	0
Assets/Scenes/Hornet/Bone_16.unity	8266	235	left1	left1	672019	Bone_02	right1	0	0	0	0
Assets/Scenes/Hornet/Bone_16.unity	8267	1262	top1	top1	672067	Bone_15	bot1	0	0	0	0
Assets/Scenes/Hornet/Bone_16.unity	8268	1410	right1	right1	672115	Bone_09	left1	0	0	0	0
Assets/Scenes/Hornet/Bone_17.unity	911	131	right1	right1	65666	Bone_03	left4	0	0	0	0
Assets/Scenes/Hornet/Bone_18.unity	3427	290	left1	left1	401023	Bone_06	right1	0	0	0	0
Assets/Scenes/Hornet/Bone_19.unity	4329	84	bot1	bot1	236345	Bone_07	top1	0	0	0	0
Assets/Scenes/Hornet/Bone_East_01.unity	5263	48	left2	left2	523906	Bellway_02	right1	0	0	0	0
Assets/Scenes/Hornet/Bone_East_01.unity	5264	143	right3	right3	523954	Bone_East_12	left1	0	0	0	0
Assets/Scenes/Hornet/Bone_East_01.unity	5265	402	right1	right1	524002	Bone_East_03	left1	0	0	0	0
Assets/Scenes/Hornet/Bone_East_01.unity	5266	456	left1	left1	524050	Dock_01	right2	0	0	0	0
Assets/Scenes/Hornet/Bone_East_01.unity	5267	588	right2	right2	524098	Dock_05	left1	0	0	0	0
Assets/Scenes/Hornet/Bone_East_02.unity	8194	361	top1	top1	696422	Bone_East_15	bot1	0	0	0	0
Assets/Scenes/Hornet/Bone_East_02.unity	8195	682	right1	right1	696470	Bone_East_02b	left1	0	0	0	0
Assets/Scenes/Hornet/Bone_East_02.unity	8196	781	left1	left1	696518	Bellshrine_05	right1	0	0	0	0
Assets/Scenes/Hornet/Bone_East_02b.unity	12023	1033	right1	right1	1114234	Bone_East_07	left1	0	0	0	0
Assets/Scenes/Hornet/Bone_East_02b.unity	12024	1534	right2	right2	1114282	Bone_East_07	left2	0	0	0	0
Assets/Scenes/Hornet/Bone_East_02b.unity	12025	1585	left1	left1	1114330	Bone_East_02	right1	0	0	0	0
Assets/Scenes/Hornet/Bone_East_02b.unity	12026	1846	top3	top3	1114378	Bone_East_16	bot1	0	0	0	0
Assets/Scenes/Hornet/Bone_East_03.unity	13135	318	top1	top1	1552895	Bone_East_04	bot1	0	0	0	0
Assets/Scenes/Hornet/Bone_East_03.unity	13136	1097	left1	left1	1552943	Bone_East_01	right1	0	0	0	0
Assets/Scenes/Hornet/Bone_East_04.unity	5001	26	top2	top2	399494	Ant_05b	bot2	0	0	0	0
Assets/Scenes/Hornet/Bone_East_04.unity	5002	160	right1	right1	399542	Bone_East_15	left1	0	0	0	0
Assets/Scenes/Hornet/Bone_East_04.unity	5003	685	bot1	bot1	399590	Bone_East_03	top1	0	0	0	0
Assets/Scenes/Hornet/Bone_East_04.unity	5004	762	right2	right2	399638	Bone_East_04c	left1	0	0	0	0
Assets/Scenes/Hornet/Bone_East_04.unity	5005	840	left1	left1	399686	Bone_East_04b	right1	0	0	0	0
Assets/Scenes/Hornet/Bone_East_04b.unity	4310	94	right1	right1	343326	Bone_East_04	left1	0	0	0	0
Assets/Scenes/Hornet/Bone_East_04b.unity	4311	371	top1	top1	343374	Ant_05b	bot1	0	0	0	0
Assets/Scenes/Hornet/Bone_East_04b.unity	4312	469	left1	left1	343422	Bone_East_05	right1	0	0	0	0
Assets/Scenes/Hornet/Bone_East_04c.unity	2861	506	left1	left1	241577	Bone_East_04	right2	0	0	0	0
Assets/Scenes/Hornet/Bone_East_05.unity	10865	849	left1	left1	1277863	Dock_01	right1	0	0	0	0
Assets/Scenes/Hornet/Bone_East_05.unity	10866	1242	right1	right1	1277911	Bone_East_04b	left1	0	0	0	0
Assets/Scenes/Hornet/Bone_East_07.unity	12624	372	left2	left2	963457	Bone_East_02b	right2	0	0	0	0
Assets/Scenes/Hornet/Bone_East_07.unity	12625	551	top1	top1	963505	Bone_East_11	bot1	0	0	0	0
Assets/Scenes/Hornet/Bone_East_07.unity	12626	870	right4	right4	963553	Bone_East_22	left1	0	0	0	0
Assets/Scenes/Hornet/Bone_East_07.unity	12627	982	right2	right2	963601	Bellway_03	left1	0	0	0	0
Assets/Scenes/Hornet/Bone_East_07.unity	12628	1088	left3	left3	963649	Dock_03b	right1	0	0	0	0
Assets/Scenes/Hornet/Bone_East_07.unity	12629	1156	right5	right5	963697	Bone_East_21	left1	0	0	0	0
Assets/Scenes/Hornet/Bone_East_07.unity	12630	1242	right3	right3	963745	Bone_East_08	left1	0	0	0	0
Assets/Scenes/Hornet/Bone_East_07.unity	12631	1307	left1	left1	963793	Bone_East_02b	right1	0	0	0	0
Assets/Scenes/Hornet/Bone_East_07.unity	12632	1564	left4	left4	963841	Bone_East_17	right1	0	0	0	0
Assets/Scenes/Hornet/Bone_East_07.unity	12633	1570	right1	right1	963889	Bone_East_10	left2	0	0	0	0
Assets/Scenes/Hornet/Bone_East_08.unity	9803	692	left1	left1	1420769	Bone_East_07	right3	0	0	0	0
Assets/Scenes/Hornet/Bone_East_08.unity	9804	975	right1	right1	1420817	Bone_East_09	left2	0	0	0	0
Assets/Scenes/Hornet/Bone_East_08.unity	9805	2092	door_cinematicEnd	Silk Heart Memory Return/door_cinematicEnd	1420865			0	0	0	1
Assets/Scenes/Hornet/Bone_East_09.unity	7811	202	top1	top1	574820	Bone_East_09b	bot1	0	0	0	0
Assets/Scenes/Hornet/Bone_East_09.unity	7812	602	left3	left3	574868	Bone_East_20	right1	0	0	0	0
Assets/Scenes/Hornet/Bone_East_09.unity	7813	632	right2	right2	574916	Bone_East_14	left2	0	0	0	0
Assets/Scenes/Hornet/Bone_East_09.unity	7814	763	left2	left2	574964	Bone_East_08	right1	0	0	0	0
Assets/Scenes/Hornet/Bone_East_09.unity	7815	980	right1	right1	575012	Bone_East_14	left1	0	0	0	0
Assets/Scenes/Hornet/Bone_East_09.unity	7816	1041	door1	door1	575060	Bone_East_Umbrella	left1	1	0	0	0
Assets/Scenes/Hornet/Bone_East_09b.unity	7947	358	left1	left1	467356	Bellway_03	right1	0	0	0	0
Assets/Scenes/Hornet/Bone_East_09b.unity	7948	1119	bot1	bot1	467404	Bone_East_09	top1	0	0	0	0
Assets/Scenes/Hornet/Bone_East_09b.unity	7949	1246	top1	top1	467452	Bone_East_10_Church	bot1	0	0	0	0
Assets/Scenes/Hornet/Bone_East_10.unity	7971	448	right1	right1	646501	Bone_East_18c	left1	0	0	0	0
Assets/Scenes/Hornet/Bone_East_10.unity	7972	711	left2	left2	646549	Bone_East_07	right1	0	0	0	0
Assets/Scenes/Hornet/Bone_East_10.unity	7973	846	right2	right2	646597	Bone_East_10_Church	left1	0	0	0	0
Assets/Scenes/Hornet/Bone_East_10.unity	7974	897	left1	left1	646645	Bone_East_11	right2	0	0	0	0
Assets/Scenes/Hornet/Bone_East_10.unity	7975	1208	door1	door1	646693	Bone_East_10_Room	right1	1	0	0	0
Assets/Scenes/Hornet/Bone_East_10_Church.unity	4012	272	bot1	bot1	396224	Bone_East_09b	top1	0	0	0	0
Assets/Scenes/Hornet/Bone_East_10_Church.unity	4013	370	left1	left1	396272	Bone_East_10	right2	0	0	0	0
Assets/Scenes/Hornet/Bone_East_10_Room.unity	2536	55	right1	right1	293522	Bone_East_10	door1	0	0	0	0
Assets/Scenes/Hornet/Bone_East_11.unity	9371	427	top1	Greymoor Entry/top1	659585	Greymoor_01	bot1	0	0	0	0
Assets/Scenes/Hornet/Bone_East_11.unity	9372	1441	right2	right2	659633	Bone_East_10	left1	0	0	0	0
Assets/Scenes/Hornet/Bone_East_11.unity	9373	1494	bot1	bot1	659681	Bone_East_07	top1	0	0	0	0
Assets/Scenes/Hornet/Bone_East_11.unity	9374	2384	left1	Bone East 11 Cross Over Group/left1	659729	Ant_09	right1	0	0	0	0
Assets/Scenes/Hornet/Bone_East_11.unity	9375	2413	right1	Bone East 11 Cross Over Group/right1	659777	Bone_East_24	left1	0	0	0	0
Assets/Scenes/Hornet/Bone_East_12.unity	6676	412	left1	left1	462729	Bone_East_01	right3	0	0	0	0
Assets/Scenes/Hornet/Bone_East_12.unity	6677	1048	right1	right1	462777	Bellshrine_05	left1	0	0	0	0
Assets/Scenes/Hornet/Bone_East_12.unity	6678	1101	bot1	bot1	462825	Room_Forge	top1	0	0	0	0
Assets/Scenes/Hornet/Bone_East_13.unity	8521	277	left1	left1	962690	Dock_04	right2	0	0	0	0
Assets/Scenes/Hornet/Bone_East_14.unity	11977	162	right1	right1	1066120	Bone_East_14b	left1	0	0	0	0
Assets/Scenes/Hornet/Bone_East_14.unity	11978	188	right2	right2	1066168	Bone_East_14b	left2	0	0	0	0
Assets/Scenes/Hornet/Bone_East_14.unity	11979	802	left2	left2	1066216	Bone_East_09	right2	0	0	0	0
Assets/Scenes/Hornet/Bone_East_14.unity	11980	1713	left1	left1	1066264	Bone_East_09	right1	0	0	0	0
Assets/Scenes/Hornet/Bone_East_14b.unity	12747	277	left2	left2	1027186	Bone_East_14	right2	0	0	0	0
Assets/Scenes/Hornet/Bone_East_14b.unity	12748	357	left1	left1	1027234	Bone_East_14	right1	0	0	0	0
Assets/Scenes/Hornet/Bone_East_14b.unity	12749	1423	door1	door1	1027282	Bone_East_LavaChallenge	left1	1	0	0	0
Assets/Scenes/Hornet/Bone_East_14b.unity	12750	1448	right1	right1	1027330	Bone_East_Weavehome	left1	0	0	0	0
Assets/Scenes/Hornet/Bone_East_15.unity	12068	1138	left1	left1	714540	Bone_East_04	right1	0	0	0	0
Assets/Scenes/Hornet/Bone_East_15.unity	12069	1381	bot1	bot1	714588	Bone_East_02	top1	0	0	0	0
Assets/Scenes/Hornet/Bone_East_15.unity	12070	1465	right1	right1	714636	Bone_East_17	left1	0	0	0	0
Assets/Scenes/Hornet/Bone_East_16.unity	3745	261	bot1	bot1	285473	Bone_East_02b	top3	0	0	0	0
Assets/Scenes/Hornet/Bone_East_16.unity	3746	474	right1	right1	285521	Bone_East_17b	left1	0	0	0	0
Assets/Scenes/Hornet/Bone_East_17.unity	8715	315	left1	left1	688398	Bone_East_15	right1	0	0	0	0
Assets/Scenes/Hornet/Bone_East_17.unity	8716	562	bot1	bot1	688446	Bone_East_17b	top1	0	0	0	0
Assets/Scenes/Hornet/Bone_East_17.unity	8717	991	right1	right1	688494	Bone_East_07	left4	0	0	0	0
Assets/Scenes/Hornet/Bone_East_17b.unity	6798	497	left1	left1	445744	Bone_East_16	right1	0	0	0	0
Assets/Scenes/Hornet/Bone_East_17b.unity	6799	857	top1	top1	445792	Bone_East_17	bot1	0	0	0	0
Assets/Scenes/Hornet/Bone_East_18.unity	11327	167	top1	top1	718838	Bone_East_24	bot1	0	0	0	0
Assets/Scenes/Hornet/Bone_East_18.unity	11328	700	left1	left1	718886	Bone_East_18c	right1	0	0	0	0
Assets/Scenes/Hornet/Bone_East_18.unity	11329	729	right1	right1	718934	Bone_East_18b	left1	0	0	0	0
Assets/Scenes/Hornet/Bone_East_18b.unity	16795	1255	top1	top1	1179678	Bone_East_26	bot1	0	0	0	0
Assets/Scenes/Hornet/Bone_East_18b.unity	16796	1593	door1	Group(Split)/door1	1179726	Sprintmaster_Cave	left1	1	0	0	0
Assets/Scenes/Hornet/Bone_East_18b.unity	16797	1710	left1	left1	1179774	Bone_East_18	right1	0	0	0	0
Assets/Scenes/Hornet/Bone_East_18c.unity	2151	148	right1	right1	140693	Bone_East_18	left1	0	0	0	0
Assets/Scenes/Hornet/Bone_East_18c.unity	2152	159	left1	left1	140741	Bone_East_10	right1	0	0	0	0
Assets/Scenes/Hornet/Bone_East_20.unity	4854	179	right1	right1	391384	Bone_East_09	left3	0	0	0	0
Assets/Scenes/Hornet/Bone_East_21.unity	738	104	left1	left1	44302	Bone_East_07	right5	0	0	0	0
Assets/Scenes/Hornet/Bone_East_22.unity	2460	63	left1	left1	266013	Bone_East_07	right4	0	0	0	0
Assets/Scenes/Hornet/Bone_East_24.unity	20900	1101	bot1	bot1	1512192	Bone_East_18	top1	0	0	0	0
Assets/Scenes/Hornet/Bone_East_24.unity	20901	1232	left1	left1	1512240	Bone_East_11	right1	0	0	0	0
Assets/Scenes/Hornet/Bone_East_24.unity	20902	1922	right1	right1	1512288	Bone_East_27	left1	0	0	0	0
Assets/Scenes/Hornet/Bone_East_25.unity	5198	193	door1	door1	443856	Ant_Queen	left1	1	0	0	0
Assets/Scenes/Hornet/Bone_East_25.unity	5199	184	left1	left1	443904	Bone_East_27	right1	0	0	0	0
Assets/Scenes/Hornet/Bone_East_26.unity	8944	62	top1	top1	673279	Bone_East_27	bot1	0	0	0	0
Assets/Scenes/Hornet/Bone_East_26.unity	8945	1236	bot1	bot1	673327	Bone_East_18b	top1	0	0	1	0
Assets/Scenes/Hornet/Bone_East_27.unity	4609	174	bot1	bot1	400207	Bone_East_26	top1	0	0	0	0
Assets/Scenes/Hornet/Bone_East_27.unity	4610	226	right1	right1	400255	Bone_East_25	left1	0	0	0	0
Assets/Scenes/Hornet/Bone_East_27.unity	4611	331	left1	left1	400303	Bone_East_24	right1	0	0	0	0
Assets/Scenes/Hornet/Bone_East_LavaChallenge.unity	11930	503	left1	left1	1489854	Bone_East_14b	door1	0	0	0	0
Assets/Scenes/Hornet/Bone_East_Umbrella.unity	624	38	left1	left1	61388	Bone_East_09	door1	0	0	0	0
Assets/Scenes/Hornet/Bone_East_Weavehome.unity	8023	1196	left1	left1	444993	Bone_East_14b	right1	0	0	0	0
Assets/Scenes/Hornet/Bone_Steel_Servant.unity	4093	705	right1	right1	321513	Bonegrave	left1	0	0	0	0
Assets/Scenes/Hornet/Bonegrave.unity	12628	196	right1	right1	1224260	Bonetown	left1	0	0	0	0
Assets/Scenes/Hornet/Bonegrave.unity	12629	422	right2	right2	1224308	Bonetown	left2	0	0	0	0
Assets/Scenes/Hornet/Bonegrave.unity	12630	1169	door1	Chapel Door Control/door1	1224356	Chapel_Wanderer	left1	1	0	0	0
Assets/Scenes/Hornet/Bonegrave.unity	12631	1604	top1	top1	1224404	Crawl_07	bot1	0	0	0	0
Assets/Scenes/Hornet/Bonegrave.unity	12632	1877	left1	Steel_Servant_Tunnel/Open/left1	1224452	Bone_Steel_Servant	right1	0	0	0	0
Assets/Scenes/Hornet/Bonetown.unity	21590	111	bot1	bot1	1580984	Tut_03	top1	0	0	0	0
Assets/Scenes/Hornet/Bonetown.unity	21591	358	top5	top5	1581032	Aspid_01	bot5	0	0	0	0
Assets/Scenes/Hornet/Bonetown.unity	21592	448	top3	top3	1581080	Aspid_01	bot3	0	0	0	0
Assets/Scenes/Hornet/Bonetown.unity	21593	512	bot2	bot2	1581128	Tut_01	top1	0	0	0	0
Assets/Scenes/Hornet/Bonetown.unity	21594	710	right2	right2	1581176	Bone_01	left2	0	0	0	0
Assets/Scenes/Hornet/Bonetown.unity	21595	691	bot1 firstEntry	bot1 firstEntry	1581224	Tut_03	top1	0	0	0	1
Assets/Scenes/Hornet/Bonetown.unity	21596	1304	top2	top2	1581272	Aspid_01	bot2	0	0	0	0
Assets/Scenes/Hornet/Bonetown.unity	21597	1782	top4	top4	1581320	Aspid_01	bot4	0	0	0	0
Assets/Scenes/Hornet/Bonetown.unity	21598	2559	door1	door1	1581368	Bellway_01	left1	1	0	0	0
Assets/Scenes/Hornet/Bonetown.unity	21599	2692	left1	_Transition Gates/left1	1581416	Bonegrave	right1	0	0	0	0
Assets/Scenes/Hornet/Bonetown.unity	21600	2734	top1	top1	1581464	Aspid_01	bot1	0	0	0	0
Assets/Scenes/Hornet/Bonetown.unity	21601	2875	right1	right1	1581512	Bone_01b	left2	0	0	0	0
Assets/Scenes/Hornet/Bonetown.unity	21602	3062	left2	_Transition Gates/left2	1581560	Bonegrave	right2	0	0	0	0
Assets/Scenes/Hornet/Chapel_Wanderer.unity	10701	1565	left1	left1	996354	Bonegrave	door1	0	0	0	0
Assets/Scenes/Hornet/Chapel_Wanderer.unity	10702	2535	door_memoryEnd	door_memoryEnd	996402			0	0	0	1
Assets/Scenes/Hornet/Clover_01.unity	5332	26	left1	left1	304150	Greymoor_15b	right1	0	0	0	0
Assets/Scenes/Hornet/Clover_01.unity	5333	899	right1	right1	304198	Clover_20	left1	0	0	0	0
Assets/Scenes/Hornet/Clover_01.unity	5334	1282	door_wakeOnGround	door_wakeOnGround	304246			0	0	0	1
Assets/Scenes/Hornet/Clover_01b.unity	4899	248	right1	right1	290376	Clover_02c	left1	0	0	0	0
Assets/Scenes/Hornet/Clover_01b.unity	4900	1205	door_wakeInMemory	door_wakeInMemory	290424			0	0	0	1
Assets/Scenes/Hornet/Clover_02c.unity	19277	685	right1	right1	1756077	Clover_03	left2	0	0	0	0
Assets/Scenes/Hornet/Clover_02c.unity	19278	1808	left2	left2	1756125	Clover_05c	right3	0	0	0	0
Assets/Scenes/Hornet/Clover_02c.unity	19279	1931	left1	left1	1756173	Clover_01b	right1	0	0	0	0
Assets/Scenes/Hornet/Clover_03.unity	11286	231	left1	left1	989462	Clover_04b	right1	0	0	0	0
Assets/Scenes/Hornet/Clover_03.unity	11287	375	left2	left2	989510	Clover_02c	right1	0	0	0	0
Assets/Scenes/Hornet/Clover_03.unity	11288	745	right1	right1	989558	Clover_18	left1	0	0	0	0
Assets/Scenes/Hornet/Clover_04b.unity	12411	70	right1	right1	1113794	Clover_03	left1	0	0	0	0
Assets/Scenes/Hornet/Clover_04b.unity	12412	408	door1	palace_control/palace_top/door1	1113842	'[dynamic]'	left1	1	0	0	0
Assets/Scenes/Hornet/Clover_04b.unity	12413	589	left1	left1	1113890	Clover_11	right1	0	0	0	0
Assets/Scenes/Hornet/Clover_04b.unity	12414	1750	left2	left2	1113938	Clover_05c	right1	0	0	0	0
Assets/Scenes/Hornet/Clover_05c.unity	10658	17	right2	right2	759952	Clover_19	left1	0	0	0	0
Assets/Scenes/Hornet/Clover_05c.unity	10659	388	left2	left2	760000	Clover_21	right1	0	0	0	0
Assets/Scenes/Hornet/Clover_05c.unity	10660	819	left1	left1	760048	Clover_16	right1	0	0	0	0
Assets/Scenes/Hornet/Clover_05c.unity	10661	1107	right1	right1	760096	Clover_04b	left2	0	0	0	0
Assets/Scenes/Hornet/Clover_05c.unity	10662	1182	right3	right3	760144	Clover_02c	left2	0	0	0	0
Assets/Scenes/Hornet/Clover_06.unity	14814	36	bot2	bot2	1146924	Clover_19	top1	0	0	0	1
Assets/Scenes/Hornet/Clover_06.unity	14815	507	bot1	bot1	1146972	Clover_16	top1	0	0	0	0
Assets/Scenes/Hornet/Clover_10.unity	13222	468	left1	left1	1462135	Clover_04b	door1	0	0	0	0
Assets/Scenes/Hornet/Clover_10_web.unity	2223	115	left1	left1	309497	Clover_04b	door1	0	0	0	0
Assets/Scenes/Hornet/Clover_11.unity	4236	146	right1	Group/right1	411948	Clover_04b	left1	0	0	0	0
Assets/Scenes/Hornet/Clover_16.unity	14372	668	top1	top1	1128604	Clover_06	bot1	0	0	0	0
Assets/Scenes/Hornet/Clover_16.unity	14373	663	right1	right1	1128652	Clover_05c	left1	0	0	0	0
Assets/Scenes/Hornet/Clover_18.unity	15374	805	left1	left1	1508763	Clover_03	right1	0	0	0	0
Assets/Scenes/Hornet/Clover_19.unity	4914	196	top1	top1	394188	Clover_06	bot2	0	0	0	0
Assets/Scenes/Hornet/Clover_19.unity	4915	569	left1	left1	394236	Clover_05c	right2	0	0	0	0
Assets/Scenes/Hornet/Clover_20.unity	4860	919	left1	left1	312113	Clover_01	right1	0	0	0	0
Assets/Scenes/Hornet/Clover_21.unity	7678	195	right1	right1	649428	Clover_05c	left2	0	0	0	0
Assets/Scenes/Hornet/Cog_04.unity	18236	209	right3	right3	1457937	Cog_07	left1	0	0	0	0
Assets/Scenes/Hornet/Cog_04.unity	18237	668	left2	left2	1457985	Cog_05	right2	0	0	0	0
Assets/Scenes/Hornet/Cog_04.unity	18238	713	door1	door1	1458033	Cog_Bench	left1	1	0	0	1
Assets/Scenes/Hornet/Cog_04.unity	18239	974	door2	door2	1458081	Cog_Pass	left2	1	0	1	0
Assets/Scenes/Hornet/Cog_04.unity	18240	1060	right2	right2	1458129	Cog_06	left2	0	0	0	0
Assets/Scenes/Hornet/Cog_04.unity	18241	1334	top1	top1	1458177	Cog_Dancers	bot1	0	0	0	0
Assets/Scenes/Hornet/Cog_04.unity	18242	1360	top2	top2	1458225	Cog_Dancers	bot2	0	0	0	0
Assets/Scenes/Hornet/Cog_05.unity	6702	442	right2	right2	1000313	Cog_04	left2	0	0	0	0
Assets/Scenes/Hornet/Cog_05.unity	6703	572	left1	left1	1000361	Song_09	right1	0	0	0	0
Assets/Scenes/Hornet/Cog_05.unity	6704	654	top1	top1	1000409	Cog_10	bot1	0	0	0	0
Assets/Scenes/Hornet/Cog_06.unity	3495	21	right1	right1	273248	Song_20b	left4	0	0	0	0
Assets/Scenes/Hornet/Cog_06.unity	3496	75	left2	left2	273296	Cog_04	right2	0	0	0	0
Assets/Scenes/Hornet/Cog_07.unity	7691	184	left1	left1	726728	Cog_04	right3	0	0	0	0
Assets/Scenes/Hornet/Cog_08.unity	15305	502	bot1	bot1	1459478	Cog_Dancers	top1	0	0	0	0
Assets/Scenes/Hornet/Cog_08.unity	15306	889	top1	top1	1459526	Cog_09	bot1	0	0	0	0
Assets/Scenes/Hornet/Cog_09.unity	7524	341	bot1	bot1	663011	Cog_08	top1	0	0	0	0
Assets/Scenes/Hornet/Cog_09_Destroyed.unity	6248	962	right1	right1	393275	Cog_10_Destroyed	left1	0	0	0	0
Assets/Scenes/Hornet/Cog_09_Destroyed.unity	6249	1088	top1	top1	393323	Song_Tower_Destroyed	bot1	0	0	0	0
Assets/Scenes/Hornet/Cog_10.unity	4065	284	bot1	bot1	255064	Cog_05	top1	0	0	1	0
Assets/Scenes/Hornet/Cog_10_Destroyed.unity	8749	257	bot1	bot1	896011	Song_25	top2	0	0	0	0
Assets/Scenes/Hornet/Cog_10_Destroyed.unity	8750	1062	left1	left1	896059	Cog_09_Destroyed	right1	0	0	0	0
Assets/Scenes/Hornet/Cog_Bench.unity	2989	261	left1	left1	223810	Cog_04	door1	0	0	0	0
Assets/Scenes/Hornet/Cog_Dancers.unity	6117	466	right1	right1	468911	Song_25	left1	0	0	0	0
Assets/Scenes/Hornet/Cog_Dancers.unity	6118	570	door1	door1	468959	Cog_Pass	left1	1	0	0	0
Assets/Scenes/Hornet/Cog_Dancers.unity	6119	678	left1	left1	469007	Hang_07	right1	0	0	0	0
Assets/Scenes/Hornet/Cog_Dancers.unity	6120	755	bot1	bot1	469055	Cog_04	top1	0	0	0	1
Assets/Scenes/Hornet/Cog_Dancers.unity	6121	776	bot2	bot2	469103	Cog_04	top2	0	0	1	0
Assets/Scenes/Hornet/Cog_Dancers.unity	6122	938	top1	top1	469151	Cog_08	bot1	0	0	0	0
Assets/Scenes/Hornet/Cog_Dancers.unity	6123	1059	door_arriveFromTower	Boss Scene/door_arriveFromTower	469199			0	0	0	1
Assets/Scenes/Hornet/Cog_Pass.unity	2563	245	left2	left2	99166	Cog_04	door2	0	0	0	0
Assets/Scenes/Hornet/Cog_Pass.unity	2564	336	left1	left1	99214	Cog_Dancers	door1	0	0	0	0
Assets/Scenes/Hornet/Coral_02.unity	14652	1066	right1	right1	1398609	Coral_03	left3	0	0	0	0
Assets/Scenes/Hornet/Coral_02.unity	14653	1936	bot2	bot2	1398657	Coral_19	top2	0	0	1	0
Assets/Scenes/Hornet/Coral_03.unity	10376	201	right2	right2	732110	Coral_12	left2	0	0	0	0
Assets/Scenes/Hornet/Coral_03.unity	10377	266	right1	right1	732158	Coral_32	left1	0	0	0	0
Assets/Scenes/Hornet/Coral_03.unity	10378	297	bot6	bot6	732206	Coral_19	top6	0	0	0	0
Assets/Scenes/Hornet/Coral_03.unity	10379	382	left2	left2	732254	Coral_11	right1	0	0	0	0
Assets/Scenes/Hornet/Coral_03.unity	10380	558	bot8	bot8	732302	Coral_19	top8	0	0	0	0
Assets/Scenes/Hornet/Coral_03.unity	10381	572	left3	left3	732350	Coral_02	right1	0	0	0	0
Assets/Scenes/Hornet/Coral_03.unity	10382	686	bot4	bot4	732398	Coral_19	top4	0	0	0	0
Assets/Scenes/Hornet/Coral_03.unity	10383	1039	bot5	bot5	732446	Coral_19	top5	0	0	0	0
Assets/Scenes/Hornet/Coral_03.unity	10384	1182	left1	left1	732494	Bellway_08	right1	0	0	0	0
Assets/Scenes/Hornet/Coral_03.unity	10385	1377	bot3	bot3	732542	Coral_19	top3	0	0	0	0
Assets/Scenes/Hornet/Coral_03.unity	10386	1512	bot7	bot7	732590	Coral_19	top7	0	0	0	0
Assets/Scenes/Hornet/Coral_03.unity	10387	1535	right3	right3	732638	Coral_12	left3	0	0	0	0
Assets/Scenes/Hornet/Coral_10.unity	5638	166	left_firstEntrance	left_firstEntrance	378097		right1	0	0	0	0
Assets/Scenes/Hornet/Coral_10.unity	5639	321	right1	right1	378145	Song_19_entrance	left1	0	0	0	0
Assets/Scenes/Hornet/Coral_10.unity	5640	563	left1	left1	378193	Coral_Judge_Arena	right1	0	0	0	0
Assets/Scenes/Hornet/Coral_11.unity	6526	89	right1	right1	674283	Coral_03	left2	0	0	0	0
Assets/Scenes/Hornet/Coral_11.unity	6527	266	left1	left1	674331	Coral_11b	right1	0	0	0	0
Assets/Scenes/Hornet/Coral_11b.unity	2825	173	left1	left1	191223	Coral_34	right1	0	0	0	0
Assets/Scenes/Hornet/Coral_11b.unity	2826	304	right1	right1	191271	Coral_11	left1	0	0	0	0
Assets/Scenes/Hornet/Coral_12.unity	8016	122	right1	right1	841670	Coral_37	left1	0	0	0	0
Assets/Scenes/Hornet/Coral_12.unity	8017	189	left2	left2	841718	Coral_03	right2	0	0	0	0
Assets/Scenes/Hornet/Coral_12.unity	8018	476	left3	left3	841766	Coral_03	right3	0	0	0	0
Assets/Scenes/Hornet/Coral_19.unity	12791	573	top8	Coral_01/top8	929903	Coral_03	bot8	0	0	0	0
Assets/Scenes/Hornet/Coral_19.unity	12792	980	right1	Coral_01/right1	929951	Shellwood_08	left1	0	0	0	0
Assets/Scenes/Hornet/Coral_19.unity	12793	1029	top3	Coral_01/top3	929999	Coral_03	bot3	0	0	0	0
Assets/Scenes/Hornet/Coral_19.unity	12794	1251	top1	top1	930047	Coral_19b	bot1	0	0	0	0
Assets/Scenes/Hornet/Coral_19.unity	12795	1432	bot1	bot1	930095	Aspid_01	top1	0	0	0	0
Assets/Scenes/Hornet/Coral_19.unity	12796	1508	top4	Coral_01/top4	930143	Coral_03	bot4	0	0	0	0
Assets/Scenes/Hornet/Coral_19.unity	12797	1698	bot2	bot2	930191	Aspid_01	top2	0	0	0	0
Assets/Scenes/Hornet/Coral_19.unity	12798	1765	top6	Coral_01/top6	930239	Coral_03	bot6	0	0	0	0
Assets/Scenes/Hornet/Coral_19.unity	12799	1899	top5	Coral_01/top5	930287	Coral_03	bot5	0	0	0	0
Assets/Scenes/Hornet/Coral_19.unity	12800	1927	bot7	bot7	930335	Aspid_01	top7	0	0	0	0
Assets/Scenes/Hornet/Coral_19.unity	12801	2017	top7	Coral_01/top7	930383	Coral_03	bot7	0	0	0	0
Assets/Scenes/Hornet/Coral_19.unity	12802	2045	bot3	bot3	930431	Aspid_01	top3	0	0	0	0
Assets/Scenes/Hornet/Coral_19.unity	12803	2158	bot5	bot5	930479	Aspid_01	top5	0	0	0	0
Assets/Scenes/Hornet/Coral_19.unity	12804	2222	bot4	bot4	930527	Aspid_01	top4	0	0	0	0
Assets/Scenes/Hornet/Coral_19.unity	12805	2458	top2	Coral_01/top2	930575	Coral_02	bot2	0	0	0	0
Assets/Scenes/Hornet/Coral_19.unity	12806	2689	bot6	bot6	930623	Aspid_01	top6	0	0	0	0
Assets/Scenes/Hornet/Coral_19b.unity	4192	256	bot1	bot1	362088	Coral_19	top1	0	0	0	1
Assets/Scenes/Hornet/Coral_23.unity	28015	344	left2	left2	5617453	Coral_39	right1	0	0	0	0
Assets/Scenes/Hornet/Coral_23.unity	28016	1392	right1	right1	5617501	Coral_35b	left3	0	0	0	0
Assets/Scenes/Hornet/Coral_23.unity	28017	1727	left1	left1	5617549	Coral_25	right1	0	0	0	0
Assets/Scenes/Hornet/Coral_24.unity	19516	566	left1	left1	4261022	Coral_35b	right2	0	0	0	0
Assets/Scenes/Hornet/Coral_24.unity	19517	930	right1	right1	4261070	Coral_26	left1	0	0	0	0
Assets/Scenes/Hornet/Coral_25.unity	3974	683	bot1	bot1	222230	Coral_34	top1	0	0	0	0
Assets/Scenes/Hornet/Coral_25.unity	3975	804	right1	right1	222278	Coral_23	left1	0	0	0	0
Assets/Scenes/Hornet/Coral_26.unity	9277	295	left2	left2	1853369	Coral_44	right1	0	0	0	0
Assets/Scenes/Hornet/Coral_26.unity	9278	444	left1	left1	1853417	Coral_24	right1	0	0	0	0
Assets/Scenes/Hornet/Coral_26.unity	9279	640	right1	right1	1853465	Coral_38	left1	0	0	0	0
Assets/Scenes/Hornet/Coral_27.unity	15922	541	left1	left1	3376927	Coral_28	right1	0	0	0	0
Assets/Scenes/Hornet/Coral_27.unity	15923	884	right1	right1	3376975	Coral_35b	left2	0	0	0	0
Assets/Scenes/Hornet/Coral_28.unity	7467	544	right1	right1	479844	Coral_27	left1	0	0	0	0
Assets/Scenes/Hornet/Coral_28.unity	7468	1292	door1	door1	479892	Coral_Tower_01	left1	1	0	0	0
Assets/Scenes/Hornet/Coral_29.unity	21919	762	left1	left1	1958223	Coral_35b	door1	0	0	0	0
Assets/Scenes/Hornet/Coral_32.unity	14109	1138	left1	left1	1374464	Coral_03	right1	0	0	0	0
Assets/Scenes/Hornet/Coral_32.unity	14110	1424	top1	top1	1374512	Coral_38	bot1	0	0	0	0
Assets/Scenes/Hornet/Coral_32.unity	14111	1917	right1	right1	1374560	Coral_Judge_Arena	left1	0	0	0	0
Assets/Scenes/Hornet/Coral_33.unity	2771	47	right1	right1	306088	Coral_43	left1	0	0	0	0
Assets/Scenes/Hornet/Coral_34.unity	9597	165	door1	door1	776010	Room_Pinstress	left1	1	0	0	0
Assets/Scenes/Hornet/Coral_34.unity	9598	177	right1	right1	776058	Coral_11b	left1	0	0	0	0
Assets/Scenes/Hornet/Coral_34.unity	9599	233	top1	top1	776106	Coral_25	bot1	0	0	0	0
Assets/Scenes/Hornet/Coral_35.unity	4664	83	right1	right1	314230	Bellway_08	left1	0	0	0	0
Assets/Scenes/Hornet/Coral_35.unity	4665	522	top1	top1	314278	Coral_35b	bot1	0	0	0	0
Assets/Scenes/Hornet/Coral_35.unity	4666	535	right2	right2	314326	Coral_36	left1	0	0	0	0
Assets/Scenes/Hornet/Coral_35.unity	4667	698	left2	left2	314374	Coral_42	right1	0	0	0	0
Assets/Scenes/Hornet/Coral_35.unity	4668	720	left1	left1	314422	Coral_43	right1	0	0	0	0
Assets/Scenes/Hornet/Coral_35b.unity	7349	222	door1	door1	517764	Coral_29	left1	1	0	0	0
Assets/Scenes/Hornet/Coral_35b.unity	7350	263	left3	left3	517812	Coral_23	right1	0	0	0	0
Assets/Scenes/Hornet/Coral_35b.unity	7351	278	bot1	bot1	517860	Coral_35	top1	0	0	0	0
Assets/Scenes/Hornet/Coral_35b.unity	7352	282	right2	right2	517908	Coral_24	left1	0	0	0	0
Assets/Scenes/Hornet/Coral_35b.unity	7353	907	left5	left5	517956	Coral_41	right1	0	0	0	0
Assets/Scenes/Hornet/Coral_35b.unity	7354	1158	right1	right1	518004	Coral_44	left1	0	0	0	0
Assets/Scenes/Hornet/Coral_35b.unity	7355	1217	left4	left4	518052	Coral_40	right1	0	0	0	0
Assets/Scenes/Hornet/Coral_35b.unity	7356	1592	left2	Group/left2	518100	Coral_27	right1	0	0	0	0
Assets/Scenes/Hornet/Coral_36.unity	3155	495	left1	left1	153270	Coral_35	right2	0	0	0	0
Assets/Scenes/Hornet/Coral_37.unity	2088	109	left1	left1	173680	Coral_12	right1	0	0	0	0
Assets/Scenes/Hornet/Coral_38.unity	8976	137	left1	left1	984223	Coral_26	right1	0	0	0	0
Assets/Scenes/Hornet/Coral_38.unity	8977	612	right1	right1	984271	Bellshrine_Coral	left1	0	0	0	0
Assets/Scenes/Hornet/Coral_38.unity	8978	929	bot1	bot1	984319	Coral_32	top1	0	0	0	0
Assets/Scenes/Hornet/Coral_39.unity	4231	82	right1	right1	407751	Coral_23	left2	0	0	0	0
Assets/Scenes/Hornet/Coral_40.unity	2064	402	right1	right1	95303	Coral_35b	left4	0	0	0	0
Assets/Scenes/Hornet/Coral_41.unity	16953	360	right1	right1	4002843	Coral_35b	left5	0	0	0	0
Assets/Scenes/Hornet/Coral_42.unity	3107	433	right1	right1	292062	Coral_35	left2	0	0	0	0
Assets/Scenes/Hornet/Coral_43.unity	3802	56	right1	Group/right1	339172	Coral_35	left1	0	0	0	0
Assets/Scenes/Hornet/Coral_43.unity	3803	338	left1	left1	339220	Coral_33	right1	0	0	0	0
Assets/Scenes/Hornet/Coral_44.unity	14799	558	left1	left1	3007041	Coral_35b	right1	0	0	0	0
Assets/Scenes/Hornet/Coral_44.unity	14800	947	right1	right1	3007089	Coral_26	left2	0	0	0	0
Assets/Scenes/Hornet/Coral_Judge_Arena.unity	5497	26	door2	Caravan_Set/Caravan/Active/door2	703440	Room_Caravan_Spa	left1	1	0	0	0
Assets/Scenes/Hornet/Coral_Judge_Arena.unity	5498	40	right1	right1	703488	Coral_10	left1	0	0	0	0
Assets/Scenes/Hornet/Coral_Judge_Arena.unity	5499	241	left1	left1	703536	Coral_32	right1	0	0	0	0
Assets/Scenes/Hornet/Coral_Judge_Arena.unity	5500	464	door_caravanTravelEnd	door_caravanTravelEnd	703584			0	0	0	1
Assets/Scenes/Hornet/Coral_Tower_01.unity	5192	470	left1	left1	544253	Coral_28	door1	0	0	0	0
Assets/Scenes/Hornet/Coral_Tower_01.unity	5193	1125	door_wakeOnGround	Memory Group/door_wakeOnGround	544301			0	0	0	0
Assets/Scenes/Hornet/Cradle_01.unity	2105	295	left1	left1	166413	Cradle_02	right2	0	0	0	0
Assets/Scenes/Hornet/Cradle_01.unity	2106	328	right1	right1	166461	Tube_Hub	left4	0	0	0	0
Assets/Scenes/Hornet/Cradle_01_Destroyed.unity	3953	36	bot1	bot1	575180	Song_Tower_Destroyed	top1	0	0	0	0
Assets/Scenes/Hornet/Cradle_01_Destroyed.unity	3954	360	top1	top1	575228	Cradle_03_Destroyed	bot1	0	0	0	0
Assets/Scenes/Hornet/Cradle_02.unity	2898	117	right1	right1	161814	Cradle_03	left2	0	0	0	0
Assets/Scenes/Hornet/Cradle_02.unity	2899	231	left2	left2	161862	Cradle_02b	right1	0	0	0	0
Assets/Scenes/Hornet/Cradle_02.unity	2900	467	right2	right2	161910	Cradle_01	left1	0	0	0	0
Assets/Scenes/Hornet/Cradle_02b.unity	2935	473	right1	right1	255798	Cradle_02	left2	0	0	0	0
Assets/Scenes/Hornet/Cradle_03.unity	12803	876	left2	left2	1519727	Cradle_02	right1	0	0	0	0
Assets/Scenes/Hornet/Cradle_03.unity	12804	998	right2	right2	1519775	Tube_Hub	left3	0	0	0	0
Assets/Scenes/Hornet/Cradle_03_Destroyed.unity	5085	264	bot1	bot1	313942	Cradle_01_Destroyed	top1	0	0	0	0
Assets/Scenes/Hornet/Cradle_03_Destroyed.unity	5086	289	door1	door1	313990	Cradle_Destroyed_Challenge_02	left1	1	0	0	0
Assets/Scenes/Hornet/Cradle_Destroyed_Challenge_01.unity	17278	954	top1	top1	830699	Abandoned_town	bot1	0	0	0	0
Assets/Scenes/Hornet/Cradle_Destroyed_Challenge_01.unity	17279	1855	left1	left1	830747	Cradle_Destroyed_Challenge_Bench	right1	0	0	0	0
Assets/Scenes/Hornet/Cradle_Destroyed_Challenge_02.unity	7860	1214	top1	top1	472628	Cradle_Destroyed_Challenge_Bench	bot1	0	0	0	0
Assets/Scenes/Hornet/Cradle_Destroyed_Challenge_02.unity	7861	1323	left1	left1	472676	Cradle_03_Destroyed	door1	0	0	0	0
Assets/Scenes/Hornet/Cradle_Destroyed_Challenge_Bench.unity	1936	209	right1	right1	122883	Cradle_Destroyed_Challenge_01	left1	0	0	0	0
Assets/Scenes/Hornet/Cradle_Destroyed_Challenge_Bench.unity	1937	438	bot1	bot1	122931	Cradle_Destroyed_Challenge_02	top1	0	0	0	0
Assets/Scenes/Hornet/Cradle_Destroyed_Challenge_Bench.unity	1938	598	door1	Inspect Door/door1	122979	Abandoned_town	door1	1	0	0	1
Assets/Scenes/Hornet/Crawl_01.unity	12648	830	right1	right1	1287741	Aspid_01	left1	0	0	0	0
Assets/Scenes/Hornet/Crawl_01.unity	12649	1593	left1	left1	1287789	Crawl_02	right1	0	0	0	0
Assets/Scenes/Hornet/Crawl_02.unity	7222	57	right2	right2	694404	Crawl_04	left1	0	0	0	0
Assets/Scenes/Hornet/Crawl_02.unity	7223	78	right1	right1	694452	Crawl_01	left1	0	0	0	0
Assets/Scenes/Hornet/Crawl_02.unity	7224	357	left1	left1	694500	Crawl_03	right1	0	0	0	0
Assets/Scenes/Hornet/Crawl_02.unity	7225	396	right3	right3	694548	Crawl_06	left1	0	0	0	0
Assets/Scenes/Hornet/Crawl_02.unity	7226	493	left2	left2	694596	Crawl_03b	right1	0	0	0	0
Assets/Scenes/Hornet/Crawl_03.unity	12467	818	right1	right1	1565057	Crawl_02	left1	0	0	0	0
Assets/Scenes/Hornet/Crawl_03.unity	12468	1121	bot1	bot1	1565105	Crawl_03b	top1	0	0	0	0
Assets/Scenes/Hornet/Crawl_03.unity	12469	1282	top1	top1	1565153	Crawl_08	bot1	0	0	0	0
Assets/Scenes/Hornet/Crawl_03.unity	12470	1625	left1	left1	1565201	Crawl_05	right1	0	0	0	0
Assets/Scenes/Hornet/Crawl_03b.unity	5271	58	bot1	bot1	514424	Crawl_07	top1	0	0	0	0
Assets/Scenes/Hornet/Crawl_03b.unity	5272	432	right1	right1	514472	Crawl_02	left2	0	0	0	0
Assets/Scenes/Hornet/Crawl_03b.unity	5273	543	top1	top1	514520	Crawl_03	bot1	0	0	0	0
Assets/Scenes/Hornet/Crawl_04.unity	5053	320	right1	right1	339928	Aspid_01	left2	0	0	0	0
Assets/Scenes/Hornet/Crawl_04.unity	5054	639	left1	left1	339976	Crawl_02	right2	0	0	0	0
Assets/Scenes/Hornet/Crawl_05.unity	11136	886	right1	right1	1169029	Crawl_03	left1	0	0	0	0
Assets/Scenes/Hornet/Crawl_06.unity	3708	347	left1	left1	323940	Crawl_02	right3	0	0	0	0
Assets/Scenes/Hornet/Crawl_07.unity	5061	140	top1	top1	595657	Crawl_03b	bot1	0	0	0	0
Assets/Scenes/Hornet/Crawl_07.unity	5062	706	left1	left1	595705	Crawl_09	right1	0	0	0	0
Assets/Scenes/Hornet/Crawl_07.unity	5063	799	bot1	bot1	595753	Bonegrave	top1	0	0	0	0
Assets/Scenes/Hornet/Crawl_08.unity	2701	86	bot1	bot1	272223	Crawl_03	top1	0	0	0	0
Assets/Scenes/Hornet/Crawl_09.unity	10285	906	right1	right1	1454123	Crawl_07	left1	0	0	0	0
Assets/Scenes/Hornet/Crawl_09.unity	10286	1338	left1	left1	1454171	Crawl_10	right1	0	0	0	0
Assets/Scenes/Hornet/Crawl_10.unity	1758	296	right1	right1	167320	Crawl_09	left1	0	0	0	0
Assets/Scenes/Hornet/Dock_01.unity	5758	122	right2	right2	541768	Bone_East_01	left1	0	0	0	0
Assets/Scenes/Hornet/Dock_01.unity	5759	351	right1	right1	541816	Bone_East_05	left1	0	0	0	0
Assets/Scenes/Hornet/Dock_01.unity	5760	401	left1	left1	541864	Dock_08	right1	0	0	0	0
Assets/Scenes/Hornet/Dock_02.unity	18176	333	left2	left2	1689428	Dock_09	right1	0	0	0	0
Assets/Scenes/Hornet/Dock_02.unity	18177	545	right1	right1	1689476	Dock_02b	left1	0	0	0	0
Assets/Scenes/Hornet/Dock_02.unity	18178	1910	right3	right3	1689524	Dock_02b	left3	0	0	0	0
Assets/Scenes/Hornet/Dock_02.unity	18179	2062	left1	left1	1689572	Room_Forge	right1	0	0	0	0
Assets/Scenes/Hornet/Dock_02.unity	18180	2779	right2	right2	1689620	Dock_02b	left2	0	0	0	0
Assets/Scenes/Hornet/Dock_02b.unity	16102	767	right1	right1	1629381	Dock_03	left1	0	0	0	0
Assets/Scenes/Hornet/Dock_02b.unity	16103	1249	left3	left3	1629429	Dock_02	right3	0	0	0	0
Assets/Scenes/Hornet/Dock_02b.unity	16104	1505	left1	left1	1629477	Dock_02	right1	0	0	0	0
Assets/Scenes/Hornet/Dock_02b.unity	16105	1826	left2	left2	1629525	Dock_02	right2	0	0	0	0
Assets/Scenes/Hornet/Dock_02b.unity	16106	2150	right2	right2	1629573	Dock_03c	left2	0	0	0	0
Assets/Scenes/Hornet/Dock_03.unity	13325	356	left1	left1	1397857	Dock_02b	right1	0	0	0	0
Assets/Scenes/Hornet/Dock_03.unity	13326	640	bot1	bot1	1397905	Dock_03c	top2	0	0	1	0
Assets/Scenes/Hornet/Dock_03.unity	13327	2021	right1	right1	1397953	Dock_03b	left1	0	0	0	0
Assets/Scenes/Hornet/Dock_03b.unity	2881	66	left1	left1	149372	Dock_03	right1	0	0	0	0
Assets/Scenes/Hornet/Dock_03b.unity	2882	541	right1	right1	149420	Bone_East_07	left3	0	0	0	0
Assets/Scenes/Hornet/Dock_03c.unity	15640	378	top2	top2	1437755	Dock_03	bot1	0	0	0	0
Assets/Scenes/Hornet/Dock_03c.unity	15641	2215	top1	top1	1437803	Dock_03d	bot1	0	0	0	0
Assets/Scenes/Hornet/Dock_03c.unity	15642	2282	left2	left2	1437851	Dock_02b	right2	0	0	0	0
Assets/Scenes/Hornet/Dock_03d.unity	3754	103	bot1	bot1	242939	Dock_03c	top1	0	0	0	0
Assets/Scenes/Hornet/Dock_04.unity	6026	41	left1	left1	748462	Dock_06_Church	right1	0	0	0	0
Assets/Scenes/Hornet/Dock_04.unity	6027	205	right3	right3	748510	Dock_10	left1	0	0	0	0
Assets/Scenes/Hornet/Dock_04.unity	6028	303	right2	right2	748558	Bone_East_13	left1	0	0	0	0
Assets/Scenes/Hornet/Dock_04.unity	6029	433	right1	right1	748606	Room_Forge	left1	0	0	0	0
Assets/Scenes/Hornet/Dock_05.unity	2111	203	left1	left1	300141	Bone_East_01	right2	0	0	0	0
Assets/Scenes/Hornet/Dock_06_Church.unity	4982	515	right1	right1	336999	Dock_04	left1	0	0	0	0
Assets/Scenes/Hornet/Dock_06_Church.unity	4983	623	bot1	bot1	337047	Abyss_09	top1	0	0	0	0
Assets/Scenes/Hornet/Dock_08.unity	7153	256	left1	left1	851317	Bone_09	right1	0	0	0	0
Assets/Scenes/Hornet/Dock_08.unity	7154	262	left2	left2	851365	Bone_09	right2	0	0	0	0
Assets/Scenes/Hornet/Dock_08.unity	7155	695	right1	right1	851413	Dock_01	left1	0	0	0	0
Assets/Scenes/Hornet/Dock_09.unity	6185	414	right1	right1	709625	Dock_02	left2	0	0	0	0
Assets/Scenes/Hornet/Dock_09.unity	6186	510	left1	left1	709673	Dock_15	right1	0	0	0	0
Assets/Scenes/Hornet/Dock_10.unity	1433	27	left1	left1	162203	Dock_04	right3	0	0	0	0
Assets/Scenes/Hornet/Dock_10.unity	1434	84	right1	right1	162251	Dock_15	left1	0	0	0	0
Assets/Scenes/Hornet/Dock_11.unity	30222	250	right1	right1	3444689	Dock_12	left1	0	0	0	0
Assets/Scenes/Hornet/Dock_11.unity	30223	1297	left1	left1	3444737	Dock_15	right3	0	0	0	0
Assets/Scenes/Hornet/Dock_12.unity	3476	60	left1	left1	216794	Dock_11	right1	0	0	0	0
Assets/Scenes/Hornet/Dock_12.unity	3477	286	door1	Diving Bell/States/Standard/door1	216842	Room_Diving_Bell	left1	1	0	0	0
Assets/Scenes/Hornet/Dock_12.unity	3478	618	door1	Diving Bell/States/Repair/Upgraded/door1	216890	Room_Diving_Bell	left1	1	0	0	0
Assets/Scenes/Hornet/Dock_13.unity	3313	90	right1	right1	395961	Dock_15	left2	0	0	0	0
Assets/Scenes/Hornet/Dock_14.unity	1734	90	left1	left1	268735	Dock_15	right2	0	0	0	0
Assets/Scenes/Hornet/Dock_15.unity	3642	49	left1	left1	288266	Dock_10	right1	0	0	0	0
Assets/Scenes/Hornet/Dock_15.unity	3643	54	right2	right2	288314	Dock_14	left1	0	0	0	0
Assets/Scenes/Hornet/Dock_15.unity	3644	147	left2	left2	288362	Dock_13	right1	0	0	0	0
Assets/Scenes/Hornet/Dock_15.unity	3645	174	right1	right1	288410	Dock_09	left1	0	0	0	0
Assets/Scenes/Hornet/Dock_15.unity	3646	275	right3	right3	288458	Dock_11	left1	0	0	0	0
Assets/Scenes/Hornet/Dock_16.unity	4381	76	right1	right1	536126	Bellway_02	left1	0	0	0	0
Assets/Scenes/Hornet/Dust_01.unity	10069	1075	left1	left1	750783	Greymoor_03	right1	0	0	0	0
Assets/Scenes/Hornet/Dust_01.unity	10070	1360	right1	right1	750831	Dust_02	left2	0	0	0	0
Assets/Scenes/Hornet/Dust_02.unity	12785	559	right3	right3	803496	Dust_03	left1	0	0	0	0
Assets/Scenes/Hornet/Dust_02.unity	12786	1081	right2	right2	803544	Dust_04	left2	0	0	0	0
Assets/Scenes/Hornet/Dust_02.unity	12787	1481	left2	left2	803592	Dust_01	right1	0	0	0	0
Assets/Scenes/Hornet/Dust_02.unity	12788	1580	top1	top1	803640	Dust_05	bot1	0	0	0	0
Assets/Scenes/Hornet/Dust_02.unity	12789	1602	left1	left1	803688	Dust_10	right1	0	0	0	0
Assets/Scenes/Hornet/Dust_02.unity	12790	1882	right1	right1	803736	Dust_04	left1	0	0	0	0
Assets/Scenes/Hornet/Dust_03.unity	11980	145	top1	top1	1218033	Dust_Chef	bot1	0	0	0	0
Assets/Scenes/Hornet/Dust_03.unity	11981	993	bot1	bot1	1218081	Dust_Barb	top1	0	0	1	0
Assets/Scenes/Hornet/Dust_03.unity	11982	1128	left1	left1	1218129	Dust_02	right3	0	0	0	0
Assets/Scenes/Hornet/Dust_04.unity	9904	692	right1	right1	697296	Dust_Chef	left1	0	0	0	0
Assets/Scenes/Hornet/Dust_04.unity	9905	753	door1	door1	697344	Dust_Shack	left1	1	0	0	0
Assets/Scenes/Hornet/Dust_04.unity	9906	1257	left2	left2	697392	Dust_02	right2	0	0	0	0
Assets/Scenes/Hornet/Dust_04.unity	9907	1367	left1	left1	697440	Dust_02	right1	0	0	0	0
Assets/Scenes/Hornet/Dust_05.unity	17714	1051	bot1	bot1	1322376	Dust_02	top1	0	0	0	0
Assets/Scenes/Hornet/Dust_05.unity	17715	2205	left1	left1	1322424	'[dynamic]'	right1	0	0	0	0
Assets/Scenes/Hornet/Dust_05.unity	17716	2580	right1	right1	1322472	Dust_06	left1	0	0	0	0
Assets/Scenes/Hornet/Dust_06.unity	14830	586	right3	right3	804836	Dust_12	left1	0	0	0	0
Assets/Scenes/Hornet/Dust_06.unity	14831	1363	right2	right2	804884	Dust_11	left1	0	0	0	0
Assets/Scenes/Hornet/Dust_06.unity	14832	2518	left1	left1	804932	Dust_05	right1	0	0	0	0
Assets/Scenes/Hornet/Dust_06.unity	14833	2995	right1	right1	804980	Shadow_05	left1	0	0	0	0
Assets/Scenes/Hornet/Dust_09.unity	9970	17	door2	door2	596270	Organ_01	left2	1	0	0	0
Assets/Scenes/Hornet/Dust_09.unity	9971	421	left2	left2	596318	'[dynamic]'	right	0	0	0	0
Assets/Scenes/Hornet/Dust_09.unity	9972	468	right1	right1	596366	'[dynamic]'	left1	0	0	0	0
Assets/Scenes/Hornet/Dust_09.unity	9973	809	door1	door1	596414	Organ_01	left1	1	0	0	0
Assets/Scenes/Hornet/Dust_10.unity	13004	458	right1	right1	815963	Dust_02	left1	0	0	0	0
Assets/Scenes/Hornet/Dust_11.unity	11920	1306	bot1	bot1	1209441	Greymoor_17	top1	0	0	0	1
Assets/Scenes/Hornet/Dust_11.unity	11921	1368	left1	left1	1209489	Dust_06	right2	0	0	0	0
Assets/Scenes/Hornet/Dust_12.unity	3017	434	left1	left1	199362	Dust_06	right3	0	0	0	0
Assets/Scenes/Hornet/Dust_Barb.unity	2727	129	top1	top1	194848	Dust_03	bot1	0	0	0	0
Assets/Scenes/Hornet/Dust_Chef.unity	6792	827	bot1	bot1	501674	Dust_03	top1	0	0	0	0
Assets/Scenes/Hornet/Dust_Chef.unity	6793	906	left1	left1	501722	Dust_04	right1	0	0	0	0
Assets/Scenes/Hornet/Dust_Maze_01.unity	9199	463	top1	top1	644342	'[dynamic]'	bot1	0	0	0	0
Assets/Scenes/Hornet/Dust_Maze_01.unity	9200	883	right1	right1	644390	'[dynamic]'	left1	0	0	0	0
Assets/Scenes/Hornet/Dust_Maze_01.unity	9201	915	left1	left1	644438	'[dynamic]'	right1	0	0	0	0
Assets/Scenes/Hornet/Dust_Maze_02.unity	11263	297	top1	top1	706901	'[dynamic]'	bot1	0	0	0	0
Assets/Scenes/Hornet/Dust_Maze_02.unity	11264	870	bot1	bot1	706949	'[dynamic]'	top1	0	0	0	0
Assets/Scenes/Hornet/Dust_Maze_02.unity	11265	977	left1	left1	706997	'[dynamic]'	right1	0	0	0	0
Assets/Scenes/Hornet/Dust_Maze_02.unity	11266	1579	left2	left2	707045	'[dynamic]'	right1	0	0	0	0
Assets/Scenes/Hornet/Dust_Maze_02.unity	11267	1826	right1	right1	707093	'[dynamic]'	left1	0	0	0	0
Assets/Scenes/Hornet/Dust_Maze_03.unity	9210	20	left2	left2	548451	'[dynamic]'	right1	0	0	0	0
Assets/Scenes/Hornet/Dust_Maze_03.unity	9211	365	right1	right1	548499	'[dynamic]'	left1	0	0	0	0
Assets/Scenes/Hornet/Dust_Maze_03.unity	9212	1236	top1	top1	548547	'[dynamic]'	bot1	0	0	0	0
Assets/Scenes/Hornet/Dust_Maze_03.unity	9213	1373	left1	left1	548595	'[dynamic]'	right1	0	0	0	0
Assets/Scenes/Hornet/Dust_Maze_04.unity	10499	580	bot1	bot1	661646	'[dynamic]'	top1	0	0	0	0
Assets/Scenes/Hornet/Dust_Maze_04.unity	10500	826	top1 (1)	top1 (1)	661694	'[dynamic]'	bot1	0	0	0	0
Assets/Scenes/Hornet/Dust_Maze_04.unity	10501	929	left1	left1	661742	'[dynamic]'	right1	0	0	0	0
Assets/Scenes/Hornet/Dust_Maze_04.unity	10502	1019	top1	top1	661790	'[dynamic]'	bot1	0	0	0	0
Assets/Scenes/Hornet/Dust_Maze_04.unity	10503	1381	right1	right1	661838	'[dynamic]'	left1	0	0	0	0
Assets/Scenes/Hornet/Dust_Maze_05.unity	11023	804	left1	left1	682484	'[dynamic]'	right1	0	0	0	0
Assets/Scenes/Hornet/Dust_Maze_05.unity	11024	984	right1	right1	682532	'[dynamic]'	left1	0	0	0	0
Assets/Scenes/Hornet/Dust_Maze_05.unity	11025	1598	top1	top1	682580	'[dynamic]'	bot1	0	0	0	0
Assets/Scenes/Hornet/Dust_Maze_05.unity	11026	1869	bot1	bot1	682628	'[dynamic]'	top1	0	0	1	0
Assets/Scenes/Hornet/Dust_Maze_05.unity	11027	1998	right2	right2	682676	'[dynamic]'	left1	0	0	0	0
Assets/Scenes/Hornet/Dust_Maze_06.unity	10714	806	left1	left1	570699	'[dynamic]'	right1	0	0	0	0
Assets/Scenes/Hornet/Dust_Maze_06.unity	10715	988	right1	right1	570747	'[dynamic]'	left1	0	0	0	0
Assets/Scenes/Hornet/Dust_Maze_06.unity	10716	1608	top1	top1	570795	'[dynamic]'	bot1	0	0	0	0
Assets/Scenes/Hornet/Dust_Maze_07.unity	5443	457	top1	top1	290657	'[dynamic]'	bot1	0	0	0	0
Assets/Scenes/Hornet/Dust_Maze_07.unity	5444	506	left1	left1	290705	'[dynamic]'	right1	0	0	0	0
Assets/Scenes/Hornet/Dust_Maze_07.unity	5445	753	bot1	bot1	290753	'[dynamic]'	top1	0	0	0	0
Assets/Scenes/Hornet/Dust_Maze_08.unity	8819	169	top1	top1	460188	'[dynamic]'	bot1	0	0	0	0
Assets/Scenes/Hornet/Dust_Maze_08.unity	8820	474	right2	right2	460236	'[dynamic]'	left2	0	0	0	0
Assets/Scenes/Hornet/Dust_Maze_08.unity	8821	918	right3	right3	460284	'[dynamic]'	left1	0	0	0	0
Assets/Scenes/Hornet/Dust_Maze_08.unity	8822	1623	left1	left1	460332	'[dynamic]'	right1	0	0	0	0
Assets/Scenes/Hornet/Dust_Maze_08_completed.unity	8966	563	right2	right2	429870	Dust_09	left2	0	0	0	0
Assets/Scenes/Hornet/Dust_Maze_08_completed.unity	8967	1041	right1	right1	429918	Dust_05	left1	0	0	0	0
Assets/Scenes/Hornet/Dust_Maze_09_entrance.unity	3264	405	right1	right1	157361	'[dynamic]'	left1	0	0	0	0
Assets/Scenes/Hornet/Dust_Maze_09_entrance.unity	3265	643	left1	left1	157409	'[dynamic]'	right3	0	0	0	0
Assets/Scenes/Hornet/Dust_Maze_Last_Hall.unity	2332	232	right1	right1	143737	'[dynamic]'	left1	0	0	0	0
Assets/Scenes/Hornet/Dust_Maze_Last_Hall.unity	2333	300	left1	left1	143785	'[dynamic]'	right1	0	0	0	0
Assets/Scenes/Hornet/Dust_Maze_crossing.unity	3279	293	right1	right1	158262	'[dynamic]'	left1	0	0	0	0
Assets/Scenes/Hornet/Dust_Maze_crossing.unity	3280	380	left1	left1	158310	'[dynamic]'	right1	0	0	0	0
Assets/Scenes/Hornet/Dust_Shack.unity	1173	79	left1	left1	115710	Dust_04	door1	0	0	0	0
Assets/Scenes/Hornet/Greymoor_01.unity	10265	93	bot1	Floor Control Scene/bot1	945550	Bone_East_11	top1	0	0	0	0
Assets/Scenes/Hornet/Greymoor_01.unity	10266	182	right3	right3	945598	Greymoor_02	left3	0	0	0	0
Assets/Scenes/Hornet/Greymoor_01.unity	10267	231	left2	left2	945646	Greymoor_13	right1	0	0	0	0
Assets/Scenes/Hornet/Greymoor_01.unity	10268	397	right2	right2	945694	Bellshrine_02	left1	0	0	0	0
Assets/Scenes/Hornet/Greymoor_01.unity	10269	666	left1	left1	945742	Greymoor_12	right1	0	0	0	0
Assets/Scenes/Hornet/Greymoor_01.unity	10270	985	right1	right1	945790	Greymoor_02	left1	0	0	0	0
Assets/Scenes/Hornet/Greymoor_02.unity	13780	524	left2	left2	1084917	Bellshrine_02	right1	0	0	0	0
Assets/Scenes/Hornet/Greymoor_02.unity	13781	930	left3	left3	1084965	Greymoor_01	right3	0	0	0	0
Assets/Scenes/Hornet/Greymoor_02.unity	13782	1255	right2	right2	1085013	Greymoor_17	left1	0	0	0	0
Assets/Scenes/Hornet/Greymoor_02.unity	13783	1366	right3	right3	1085061	Greymoor_15	left3	0	0	0	0
Assets/Scenes/Hornet/Greymoor_02.unity	13784	1508	left1	left1	1085109	Greymoor_01	right1	0	0	0	0
Assets/Scenes/Hornet/Greymoor_02.unity	13785	2137	right1	right1	1085157	Greymoor_15	left1	0	0	0	0
Assets/Scenes/Hornet/Greymoor_03.unity	15801	134	right5	right5	1211579	Greymoor_24	left1	0	0	0	0
Assets/Scenes/Hornet/Greymoor_03.unity	15802	521	left2	left2	1211627	Greymoor_04	right2	0	0	0	0
Assets/Scenes/Hornet/Greymoor_03.unity	15803	546	right2	right2	1211675	Greymoor_12	left1	0	0	0	0
Assets/Scenes/Hornet/Greymoor_03.unity	15804	628	left3	left3	1211723	Halfway_01	right1	0	0	0	0
Assets/Scenes/Hornet/Greymoor_03.unity	15805	894	right1	right1	1211771	Dust_01	left1	0	0	0	0
Assets/Scenes/Hornet/Greymoor_03.unity	15806	1466	right3	right3	1211819	Greymoor_13	left1	0	0	0	0
Assets/Scenes/Hornet/Greymoor_03.unity	15807	1597	left1	left1	1211867	Greymoor_04	right1	0	0	0	0
Assets/Scenes/Hornet/Greymoor_03.unity	15808	1749	right4	right4	1211915	Halfway_01	left1	0	0	0	0
Assets/Scenes/Hornet/Greymoor_04.unity	10775	244	left2	left2	1091305	Greymoor_10	right1	0	0	0	0
Assets/Scenes/Hornet/Greymoor_04.unity	10776	255	right2	right2	1091353	Greymoor_03	left2	0	0	0	0
Assets/Scenes/Hornet/Greymoor_04.unity	10777	434	right1	right1	1091401	Greymoor_03	left1	0	0	0	0
Assets/Scenes/Hornet/Greymoor_04.unity	10778	489	left3	left3	1091449	Greymoor_05	right1	0	0	0	0
Assets/Scenes/Hornet/Greymoor_04.unity	10779	775	left1	left1	1091497	Greymoor_11	right1	0	0	0	0
Assets/Scenes/Hornet/Greymoor_05.unity	10909	154	right2	right2	925131	Bellway_04	left1	0	0	0	0
Assets/Scenes/Hornet/Greymoor_05.unity	10910	995	left2	left2	925179	Greymoor_06	right4	0	0	0	0
Assets/Scenes/Hornet/Greymoor_05.unity	10911	1215	left1	left1	925227	Greymoor_06	right3	0	0	0	0
Assets/Scenes/Hornet/Greymoor_05.unity	10912	1445	right1	right1	925275	Greymoor_04	left3	0	0	0	0
Assets/Scenes/Hornet/Greymoor_06.unity	11747	134	right4	right4	930855	Greymoor_05	left2	0	0	0	0
Assets/Scenes/Hornet/Greymoor_06.unity	11748	413	left3	left3	930903	Greymoor_07	right2	0	0	0	0
Assets/Scenes/Hornet/Greymoor_06.unity	11749	430	right2	right2	930951	Greymoor_10	left1	0	0	0	0
Assets/Scenes/Hornet/Greymoor_06.unity	11750	688	right1	right1	930999	Greymoor_11	left1	0	0	0	0
Assets/Scenes/Hornet/Greymoor_06.unity	11751	1234	left1	left1	931047	Wisp_03	right1	0	0	0	0
Assets/Scenes/Hornet/Greymoor_06.unity	11752	1701	top1	top1	931095	Wisp_04	bot1	0	0	0	0
Assets/Scenes/Hornet/Greymoor_06.unity	11753	1753	right3	right3	931143	Greymoor_05	left1	0	0	0	0
Assets/Scenes/Hornet/Greymoor_06.unity	11754	1937	left2	left2	931191	Greymoor_07	right1	0	0	0	0
Assets/Scenes/Hornet/Greymoor_07.unity	13033	449	right2	right2	1136810	Greymoor_06	left3	0	0	0	0
Assets/Scenes/Hornet/Greymoor_07.unity	13034	475	right1	right1	1136858	Greymoor_06	left2	0	0	0	0
Assets/Scenes/Hornet/Greymoor_07.unity	13035	946	left1	left1	1136906	Greymoor_20b	right1	0	0	0	0
Assets/Scenes/Hornet/Greymoor_07.unity	13036	933	bot1	bot1	1136954	Greymoor_08	top1	0	0	0	0
Assets/Scenes/Hornet/Greymoor_08.unity	9120	901	right1	right1	668696	Greymoor_16	left1	0	0	0	0
Assets/Scenes/Hornet/Greymoor_08.unity	9121	1185	top1	top1	668744	Greymoor_07	bot1	0	0	0	0
Assets/Scenes/Hornet/Greymoor_08.unity	9122	1206	left2	left2	668792	Belltown_06	right1	0	0	0	0
Assets/Scenes/Hornet/Greymoor_08_caravan.unity	1927	34	door1	Caravan/Caravan Scenery/door1	288618	Room_Caravan_Interior	right1	1	0	0	0
Assets/Scenes/Hornet/Greymoor_08_caravan.unity	1928	40	door2	Caravan/door2	288666	Room_Caravan_Spa	left1	1	0	0	0
Assets/Scenes/Hornet/Greymoor_08_caravan.unity	1929	121	door_caravanTravelEnd	Caravan/door_caravanTravelEnd	288714			0	0	1	0
Assets/Scenes/Hornet/Greymoor_10.unity	4913	371	left1	left1	368423	Greymoor_06	right2	0	0	0	0
Assets/Scenes/Hornet/Greymoor_10.unity	4914	528	right1	right1	368471	Greymoor_04	left2	0	0	0	0
Assets/Scenes/Hornet/Greymoor_11.unity	8351	348	left1	left1	628036	Greymoor_06	right1	0	0	0	0
Assets/Scenes/Hornet/Greymoor_11.unity	8352	886	right1	right1	628084	Greymoor_04	left1	0	0	0	0
Assets/Scenes/Hornet/Greymoor_12.unity	9647	303	left1	left1	829177	Greymoor_03	right2	0	0	0	0
Assets/Scenes/Hornet/Greymoor_12.unity	9648	832	right1	right1	829225	Greymoor_01	left1	0	0	0	0
Assets/Scenes/Hornet/Greymoor_13.unity	6699	299	left1	left1	628954	Greymoor_03	right3	0	0	0	0
Assets/Scenes/Hornet/Greymoor_13.unity	6700	364	bot1	bot1	629002	Greymoor_21	top1	0	0	0	1
Assets/Scenes/Hornet/Greymoor_13.unity	6701	775	right1	right1	629050	Greymoor_01	left2	0	0	0	0
Assets/Scenes/Hornet/Greymoor_15.unity	8794	374	left3	left3	701364	Greymoor_02	right3	0	0	0	0
Assets/Scenes/Hornet/Greymoor_15.unity	8795	632	right2	right2	701412	Greymoor_15b	left2	0	0	0	0
Assets/Scenes/Hornet/Greymoor_15.unity	8796	903	left1	left1	701460	Greymoor_02	right1	0	0	0	0
Assets/Scenes/Hornet/Greymoor_15.unity	8797	1248	right3	right3	701508	Greymoor_15b	left3	0	0	0	0
Assets/Scenes/Hornet/Greymoor_15b.unity	34497	1038	top1	top1	3206710	Greymoor_22	bot1	0	0	0	0
Assets/Scenes/Hornet/Greymoor_15b.unity	34498	1594	left2	left2	3206758	Greymoor_15	right2	0	0	0	0
Assets/Scenes/Hornet/Greymoor_15b.unity	34499	2469	right1	right1	3206806	Clover_01	left1	0	0	0	0
Assets/Scenes/Hornet/Greymoor_15b.unity	34500	2947	door1	door1	3206854	Room_CrowCourt	left1	1	0	0	0
Assets/Scenes/Hornet/Greymoor_15b.unity	34501	3199	left3	left3	3206902	Greymoor_15	right3	0	0	0	0
Assets/Scenes/Hornet/Greymoor_16.unity	13064	400	left1	left1	904441	Greymoor_08	right1	0	0	0	0
Assets/Scenes/Hornet/Greymoor_16.unity	13065	1950	top1	top1	904489	Bellway_04	bot1	0	0	0	0
Assets/Scenes/Hornet/Greymoor_17.unity	3041	74	left1	left1	176249	Greymoor_02	right2	0	0	0	0
Assets/Scenes/Hornet/Greymoor_17.unity	3042	373	top1	top1	176297	Dust_11	bot1	0	0	0	0
Assets/Scenes/Hornet/Greymoor_20b.unity	4136	131	door1	Chapel Door Control/door1	345079	Greymoor_20c	left1	1	0	0	1
Assets/Scenes/Hornet/Greymoor_20b.unity	4137	460	right1	right1	345127	Greymoor_07	left1	0	0	0	0
Assets/Scenes/Hornet/Greymoor_20c.unity	12749	160	left1	left1	786025	Greymoor_20b	door1	0	0	0	0
Assets/Scenes/Hornet/Greymoor_20c.unity	12750	2822	door_memoryEnd	door_memoryEnd	786073			0	0	1	0
Assets/Scenes/Hornet/Greymoor_21.unity	2215	283	top1	top1	196854	Greymoor_13	bot1	0	0	0	0
Assets/Scenes/Hornet/Greymoor_22.unity	6688	384	bot1	bot1	436579	Greymoor_15b	top1	0	0	0	0
Assets/Scenes/Hornet/Greymoor_24.unity	4204	406	left1	left1	367797	Greymoor_03	right5	0	0	0	0
Assets/Scenes/Hornet/Halfway_01.unity	3141	180	right1	right1	263885	Greymoor_03	left3	0	0	0	0
Assets/Scenes/Hornet/Halfway_01.unity	3142	314	left1	left1	263933	Greymoor_03	right4	0	0	0	0
Assets/Scenes/Hornet/Halfway_01.unity	3143	530	bot1	cellar trapdoor set/bot1	263981	Ant_08	top1	1	0	1	0
Assets/Scenes/Hornet/Hang_01.unity	5244	466	right2	right2	364254	Song_17	left1	0	0	0	0
Assets/Scenes/Hornet/Hang_01.unity	5245	526	right1	right1	364302	Hang_02	left1	0	0	0	0
Assets/Scenes/Hornet/Hang_02.unity	4614	260	right1	right1	384038	Hang_03	left1	0	0	0	0
Assets/Scenes/Hornet/Hang_02.unity	4615	438	left1	left1	384086	Hang_01	right1	0	0	0	0
Assets/Scenes/Hornet/Hang_03.unity	6179	97	top1	top1	471192	Hang_03_top	bot1	0	0	0	0
Assets/Scenes/Hornet/Hang_03.unity	6180	156	right1	right1	471240	Hang_13	left1	0	0	0	0
Assets/Scenes/Hornet/Hang_03.unity	6181	302	left2	left2	471288	Hang_15	right1	0	0	0	0
Assets/Scenes/Hornet/Hang_03.unity	6182	516	right2	right2	471336	Hang_10	left1	0	0	0	0
Assets/Scenes/Hornet/Hang_03.unity	6183	843	left1	left1	471384	Hang_02	right1	0	0	0	0
Assets/Scenes/Hornet/Hang_03_top.unity	5485	654	bot1	bot1	403343	Hang_03	top1	0	0	0	1
Assets/Scenes/Hornet/Hang_04.unity	4444	466	left1	left1	313198	Hang_12	right1	0	0	0	0
Assets/Scenes/Hornet/Hang_04.unity	4445	678	right1	right1	313246	Hang_06	left1	0	0	0	0
Assets/Scenes/Hornet/Hang_06.unity	5561	5	door1	door1	305344	Hang_06_bank	left1	1	0	0	0
Assets/Scenes/Hornet/Hang_06.unity	5562	104	left1	left1	305392	Hang_04	right1	0	0	0	0
Assets/Scenes/Hornet/Hang_06.unity	5563	160	bot1	bot1	305440	Hang_07	top1	0	0	0	0
Assets/Scenes/Hornet/Hang_06.unity	5564	785	right1	right1	305488	Hang_06b	left1	0	0	0	0
Assets/Scenes/Hornet/Hang_06.unity	5565	963	top1	top1	305536	Hang_08	bot1	0	0	0	0
Assets/Scenes/Hornet/Hang_06_bank.unity	10727	1467	left1	left1	792027	Hang_06	door1	0	0	0	0
Assets/Scenes/Hornet/Hang_06b.unity	2995	39	left1	left1	309800	Hang_06	right1	0	0	0	0
Assets/Scenes/Hornet/Hang_06b.unity	2996	583	door_tubeEnter	new_scene/City Travel Tube/door_tubeEnter	309848			1	0	0	0
Assets/Scenes/Hornet/Hang_07.unity	6382	257	left1	left1	530265	Song_11	right2	0	0	0	0
Assets/Scenes/Hornet/Hang_07.unity	6383	591	right1	right1	530313	Cog_Dancers	left1	0	0	0	0
Assets/Scenes/Hornet/Hang_07.unity	6384	670	bot1	bot1	530361	Song_09	top1	0	0	0	0
Assets/Scenes/Hornet/Hang_07.unity	6385	769	top1	top1	530409	Hang_06	bot1	0	0	0	0
Assets/Scenes/Hornet/Hang_08.unity	10221	345	left3	left3	649314	Hang_10	right1	0	0	0	0
Assets/Scenes/Hornet/Hang_08.unity	10222	386	bot1	bot1	649362	Hang_06	top1	0	0	0	0
Assets/Scenes/Hornet/Hang_08.unity	10223	582	left4	left4	649410	Hang_16	right1	0	0	0	0
Assets/Scenes/Hornet/Hang_08.unity	10224	1164	right2	right2	649458	Cog_11_Destroyed	left1	0	0	0	0
Assets/Scenes/Hornet/Hang_08.unity	10225	1271	right1	right1	649506	Hang_17b	left1	0	0	0	0
Assets/Scenes/Hornet/Hang_08.unity	10226	1429	left2	left2	649554	Hang_09	right1	0	0	0	0
Assets/Scenes/Hornet/Hang_08.unity	10227	1609	left1	left1	649602	Hang_13	right1	0	0	0	0
Assets/Scenes/Hornet/Hang_09.unity	3820	440	right1	right1	204838	Hang_08	left2	0	0	0	0
Assets/Scenes/Hornet/Hang_10.unity	4552	16	left1	left1	356911	Hang_03	right2	0	0	0	0
Assets/Scenes/Hornet/Hang_10.unity	4553	511	right1	right1	356959	Hang_08	left3	0	0	0	0
Assets/Scenes/Hornet/Hang_12.unity	3509	527	right1	right1	211380	Hang_04	left1	0	0	0	0
Assets/Scenes/Hornet/Hang_13.unity	6059	405	right1	right1	470327	Hang_08	left1	0	0	0	0
Assets/Scenes/Hornet/Hang_13.unity	6060	673	left1	left1	470375	Hang_03	right1	0	0	0	0
Assets/Scenes/Hornet/Hang_14.unity	7978	318	left1	left1	807513	Hang_16	door1	0	0	0	0
Assets/Scenes/Hornet/Hang_15.unity	1847	285	right1	right1	114765	Hang_03	left2	0	0	0	0
Assets/Scenes/Hornet/Hang_16.unity	2886	267	right1	right1	142168	Hang_08	left4	0	0	0	0
Assets/Scenes/Hornet/Hang_16.unity	2887	392	door1	door1	142216	Hang_14	left1	1	0	0	0
Assets/Scenes/Hornet/Hang_17b.unity	4126	77	left1	left1	279337	Hang_08	right1	0	0	0	0
Assets/Scenes/Hornet/Last_Dive.unity	481	80	door_cutscenePosition	Scene Control/door_cutscenePosition	53713			0	0	0	0
Assets/Scenes/Hornet/Last_Dive_Return.unity	456	73	door_cutscenePosition	Scene Control/door_cutscenePosition	43558			0	0	0	0
Assets/Scenes/Hornet/Library_01.unity	12724	104	right2	right2	928871	Library_04	left2	0	0	0	0
Assets/Scenes/Hornet/Library_01.unity	12725	166	left2	left2	928919	Library_03	right1	0	0	0	0
Assets/Scenes/Hornet/Library_01.unity	12726	444	right1	right1	928967	Library_04	left1	0	0	0	0
Assets/Scenes/Hornet/Library_01.unity	12727	903	left1	left1	929015	Library_02	right1	0	0	0	0
Assets/Scenes/Hornet/Library_01.unity	12728	917	left3	left3	929063	Library_15	right1	0	0	0	0
Assets/Scenes/Hornet/Library_02.unity	14222	165	left1	left1	1329178	Song_20b	right3	0	0	0	0
Assets/Scenes/Hornet/Library_02.unity	14223	376	left2	left2	1329226	Song_20b	right2	0	0	0	0
Assets/Scenes/Hornet/Library_02.unity	14224	823	right2	GameObject/right2	1329274	Song_Enclave	left2	0	0	0	0
Assets/Scenes/Hornet/Library_02.unity	14225	1270	right1	GameObject/right1	1329322	Library_01	left1	0	0	0	0
Assets/Scenes/Hornet/Library_03.unity	11455	434	left1	left_side/left1	632753	Song_20	right4	0	0	0	0
Assets/Scenes/Hornet/Library_03.unity	11456	1024	right1	right1	632801	Library_01	left2	0	0	0	0
Assets/Scenes/Hornet/Library_04.unity	28765	110	top1	top1	1880063	Song_Enclave	bot1	0	0	0	0
Assets/Scenes/Hornet/Library_04.unity	28766	770	right6	right6	1880111	Library_14	left1	0	0	0	0
Assets/Scenes/Hornet/Library_04.unity	28767	1642	right3	right3	1880159	Library_05	left1	0	0	0	0
Assets/Scenes/Hornet/Library_04.unity	28768	2065	left4	left4	1880207	Library_16	right1	0	0	0	0
Assets/Scenes/Hornet/Library_04.unity	28769	2400	left3	left3	1880255	Library_13b	right1	0	0	0	0
Assets/Scenes/Hornet/Library_04.unity	28770	2483	left2	left2	1880303	Library_01	right2	0	0	0	0
Assets/Scenes/Hornet/Library_04.unity	28771	2777	right4	right4	1880351	Library_05	left2	0	0	0	0
Assets/Scenes/Hornet/Library_04.unity	28772	3422	right1	right1	1880399	Library_09	left1	0	0	0	0
Assets/Scenes/Hornet/Library_04.unity	28773	3702	left1	left1	1880447	Library_01	right1	0	0	0	0
Assets/Scenes/Hornet/Library_04.unity	28774	3730	right5	right5	1880495	Library_10	left1	0	0	0	0
Assets/Scenes/Hornet/Library_04.unity	28775	4024	right2	right2	1880543	Library_08	left1	0	0	0	0
Assets/Scenes/Hornet/Library_05.unity	8165	170	left2	left2	477899	Library_04	right4	0	0	0	0
Assets/Scenes/Hornet/Library_05.unity	8166	293	right2	right2	477947	Library_06	left2	0	0	0	0
Assets/Scenes/Hornet/Library_05.unity	8167	759	right1	right1	477995	Library_06	left1	0	0	0	0
Assets/Scenes/Hornet/Library_05.unity	8168	1341	left1	left1	478043	Library_04	right3	0	0	0	0
Assets/Scenes/Hornet/Library_06.unity	9323	350	left2	left2	616851	Library_05	right2	0	0	0	0
Assets/Scenes/Hornet/Library_06.unity	9324	791	right1	right1	616899	Library_07	left2	0	0	0	0
Assets/Scenes/Hornet/Library_06.unity	9325	1108	left1	left1	616947	Library_05	right1	0	0	0	0
Assets/Scenes/Hornet/Library_07.unity	13088	884	left1	left1	898923	Library_08	right1	0	0	0	0
Assets/Scenes/Hornet/Library_07.unity	13089	921	left2	left2	898971	Library_06	right1	0	0	0	0
Assets/Scenes/Hornet/Library_07.unity	13090	942	bot2	bot2	899019	Shadow_22	top2	0	0	0	0
Assets/Scenes/Hornet/Library_07.unity	13091	1378	bot3	bot3	899067	Shadow_22	top3	0	0	0	0
Assets/Scenes/Hornet/Library_07.unity	13092	2295	top1	top1	899115	Library_09	bot1	0	0	0	0
Assets/Scenes/Hornet/Library_07.unity	13093	2377	bot1	bot1	899163	Shadow_22	top1	0	0	0	0
Assets/Scenes/Hornet/Library_08.unity	9575	448	right1	right1	570096	Library_07	left1	0	0	0	0
Assets/Scenes/Hornet/Library_08.unity	9576	1076	left1	left1	570144	Library_04	right2	0	0	0	0
Assets/Scenes/Hornet/Library_09.unity	13009	945	bot1	bot1	908453	Library_07	top1	0	0	0	0
Assets/Scenes/Hornet/Library_09.unity	13010	2535	left1	left1	908501	Library_04	right1	0	0	0	0
Assets/Scenes/Hornet/Library_10.unity	5646	63	bot1	bot1	459798	Library_12b	top1	0	0	0	0
Assets/Scenes/Hornet/Library_10.unity	5647	502	left1	left1	459846	Library_04	right5	0	0	0	0
Assets/Scenes/Hornet/Library_11.unity	6514	231	right2	right2	268709	Library_12	left2	0	0	0	0
Assets/Scenes/Hornet/Library_11.unity	6515	330	left1	Move Up/left1	268757	Library_13	right2	0	0	0	0
Assets/Scenes/Hornet/Library_11.unity	6516	451	left3	left3	268805	Library_11b	right1	0	0	0	0
Assets/Scenes/Hornet/Library_11.unity	6517	614	right1	right1	268853	Library_12	left1	0	0	0	0
Assets/Scenes/Hornet/Library_11.unity	6518	1588	left2	Move Up/left2	268901	Bellway_City	right1	0	0	0	0
Assets/Scenes/Hornet/Library_11b.unity	23137	789	right1	door states (1)/right1	1972804	Library_11	left3	0	0	0	0
Assets/Scenes/Hornet/Library_11b.unity	23138	1440	left3	Library_11b_top/left3	1972852	Under_17	right1	0	0	0	0
Assets/Scenes/Hornet/Library_12.unity	15730	269	left1	left1	1073643	Library_11	right1	0	0	0	0
Assets/Scenes/Hornet/Library_12.unity	15731	1338	left2	left2	1073691	Library_11	right2	0	0	0	0
Assets/Scenes/Hornet/Library_12.unity	15732	2611	door1	door1	1073739	Organ_01	left3	1	0	0	0
Assets/Scenes/Hornet/Library_12.unity	15733	2711	right1	right1	1073787	Library_12b	left1	0	0	0	0
Assets/Scenes/Hornet/Library_12b.unity	6345	149	left1	left1	339392	Library_12	right1	0	0	0	0
Assets/Scenes/Hornet/Library_12b.unity	6346	1386	top1	top1	339440	Library_10	bot1	0	0	0	0
Assets/Scenes/Hornet/Library_13.unity	14920	602	right1	right1	1780595	Library_13b	left1	0	0	0	0
Assets/Scenes/Hornet/Library_13.unity	14921	1290	left1	left1	1780643	Song_20	right5	0	0	0	0
Assets/Scenes/Hornet/Library_13.unity	14922	1336	right2	right2	1780691	Library_11	left1	0	0	0	0
Assets/Scenes/Hornet/Library_13b.unity	3978	65	left1	left1	236041	Library_13	right1	0	0	0	0
Assets/Scenes/Hornet/Library_13b.unity	3979	403	right1	right1	236089	Library_04	left3	0	0	0	0
Assets/Scenes/Hornet/Library_14.unity	3456	301	left1	left1	287017	Library_04	right6	0	0	0	0
Assets/Scenes/Hornet/Library_15.unity	5787	313	right1	right1	482373	Library_01	left3	0	0	0	0
Assets/Scenes/Hornet/Library_16.unity	2168	160	right1	right1	203272	Library_04	left4	0	0	0	0
Assets/Scenes/Hornet/Memory_Ant_Queen.unity	10014	1776	door_wakeInMemory	door_wakeInMemory	1506529			0	0	0	1
Assets/Scenes/Hornet/Memory_Coral_Tower.unity	66457	12596	door_wakeInMemory	Door Get Up/door_wakeInMemory	9036244			0	0	0	1
Assets/Scenes/Hornet/Memory_First_Sinner.unity	9986	1929	door_wakeOnGround	Memory Control/door_wakeOnGround	883508			0	0	0	1
Assets/Scenes/Hornet/Memory_Needolin.unity	9423	556	right1	right1	1138473	Memory_Needolin	left1	0	0	0	0
Assets/Scenes/Hornet/Memory_Needolin.unity	9424	1037	left1	left1	1138521	Memory_Needolin	right1	0	0	0	0
Assets/Scenes/Hornet/Memory_Needolin.unity	9425	1568	door_wakeOnGround	Memory Control/door_wakeOnGround	1138569			0	0	0	1
Assets/Scenes/Hornet/Memory_Red.unity	43135	10212	top1	Memory Control/top1	3010094		bot1	0	0	0	1
Assets/Scenes/Hornet/Memory_Red.unity	43136	11625	door_wakeInMemory	Memory Control/door_wakeInMemory	3010142			0	0	0	1
Assets/Scenes/Hornet/Memory_Red.unity	43137	12099	door_wakeInRedMemory Root	Memory Control/door_wakeInRedMemory Root	3010190			0	0	1	0
Assets/Scenes/Hornet/Memory_Red.unity	43138	12100	door_wakeInRedMemory Beast	Memory Control/door_wakeInRedMemory Beast	3010238			0	0	1	0
Assets/Scenes/Hornet/Memory_Red.unity	43139	12101	door_wakeInRedMemory Hive	Memory Control/door_wakeInRedMemory Hive	3010286			0	0	1	0
Assets/Scenes/Hornet/Memory_Red.unity	43140	12685	door_enterRedMemory Weaver	Memory Control/door_enterRedMemory Weaver	3010334	Memory_Red	door_wakeInRedMemory Weaver	1	0	0	0
Assets/Scenes/Hornet/Memory_Red.unity	43141	12742	door_wakeInRedMemory Weaver	Memory Control/door_wakeInRedMemory Weaver	3010382			0	0	1	0
Assets/Scenes/Hornet/Memory_Red.unity	43142	12902	door_enterRedMemory Beast	Memory Control/door_enterRedMemory Beast	3010430	Memory_Red	door_wakeInRedMemory Beast	1	0	0	0
Assets/Scenes/Hornet/Memory_Red.unity	43143	12904	door_enterRedMemory Hive	Memory Control/door_enterRedMemory Hive	3010478	Memory_Red	door_wakeInRedMemory Hive	1	0	0	0
Assets/Scenes/Hornet/Memory_Silk_Heart_BellBeast.unity	2624	399	door_wakeOnGround	Memory Control/door_wakeOnGround	442282			0	0	0	1
Assets/Scenes/Hornet/Memory_Silk_Heart_LaceTower.unity	2647	445	door_wakeOnGround	Memory Control/door_wakeOnGround	367219			0	0	0	1
Assets/Scenes/Hornet/Memory_Silk_Heart_WardBoss.unity	2648	407	door_wakeOnGround	Memory Control/door_wakeOnGround	442981			0	0	0	1
Assets/Scenes/Hornet/Mosstown_01.unity	7502	85	bot1	bot1	541220	Bone_11	top1	0	0	0	0
Assets/Scenes/Hornet/Mosstown_01.unity	7503	289	right1	right1	541268	Bone_05	left1	0	0	0	0
Assets/Scenes/Hornet/Mosstown_01.unity	7504	533	top1	top1	541316	Mosstown_02	bot1	0	0	0	0
Assets/Scenes/Hornet/Mosstown_01.unity	7505	1250	right2	right2	541364	Bone_05b	left1	0	0	0	0
Assets/Scenes/Hornet/Mosstown_02.unity	13583	157	left1	left1	1485996	Aspid_01	right3	0	0	0	0
Assets/Scenes/Hornet/Mosstown_02.unity	13584	477	bot1	bot1	1486044	Mosstown_01	top1	0	0	0	0
Assets/Scenes/Hornet/Mosstown_02.unity	13585	1224	right1	right1	1486092	Mosstown_02c	left2	0	0	0	0
Assets/Scenes/Hornet/Mosstown_02.unity	13586	1280	bot2	bot2	1486140	Bone_05b	top1	0	0	0	0
Assets/Scenes/Hornet/Mosstown_02c.unity	1994	217	left2	left2	189537	Mosstown_02	right1	0	0	0	0
Assets/Scenes/Hornet/Mosstown_03.unity	7678	351	right2	right2	674223	Shellwood_25	left1	0	0	0	0
Assets/Scenes/Hornet/Mosstown_03.unity	7679	513	right1	right1	674271	Bone_06	left1	0	0	0	0
Assets/Scenes/Hornet/Mosstown_03.unity	7680	1166	top1	top1	674319	Shellwood_03	bot1	0	0	0	0
Assets/Scenes/Hornet/Organ_01.unity	21166	815	left1	left1	1471763	Dust_09	door1	0	0	0	0
Assets/Scenes/Hornet/Organ_01.unity	21167	3534	left3	left3	1471811	Library_12	door1	0	0	0	0
Assets/Scenes/Hornet/Organ_01.unity	21168	3548	left2	left2	1471859	Dust_09	door2	0	0	0	0
Assets/Scenes/Hornet/Peak_01.unity	16271	137	right3	right3	1012820	Slab_13	left1	0	0	0	0
Assets/Scenes/Hornet/Peak_01.unity	16272	196	top4	top4	1012868	Peak_07	bot3	0	0	0	0
Assets/Scenes/Hornet/Peak_01.unity	16273	540	top2	top2	1012916	Peak_07	bot2	0	0	0	0
Assets/Scenes/Hornet/Peak_01.unity	16274	731	top3	top3	1012964	Peak_07	bot3	0	0	0	0
Assets/Scenes/Hornet/Peak_01.unity	16275	1159	left1	left1	1013012	Peak_02	right4	0	0	0	0
Assets/Scenes/Hornet/Peak_01.unity	16276	1634	left4	left4	1013060	Peak_02	right3	0	0	0	0
Assets/Scenes/Hornet/Peak_01.unity	16277	1800	left3	left3	1013108	Peak_02	right2	0	0	0	0
Assets/Scenes/Hornet/Peak_01.unity	16278	1869	left2	left2	1013156	Peak_02	right1	0	0	0	0
Assets/Scenes/Hornet/Peak_01.unity	16279	2528	right1	right1	1013204	Slab_16	left1	0	0	0	0
Assets/Scenes/Hornet/Peak_01.unity	16280	2673	top1	top1	1013252	Peak_07	bot1	0	0	0	0
Assets/Scenes/Hornet/Peak_01.unity	16281	2719	right2	right2	1013300	Slab_15	left1	0	0	0	0
Assets/Scenes/Hornet/Peak_01.unity	16282	2905	right4	right4	1013348	Slab_06	left1	0	0	0	0
Assets/Scenes/Hornet/Peak_02.unity	13201	87	right3	right3	1622903	Peak_01	left4	0	0	0	0
Assets/Scenes/Hornet/Peak_02.unity	13202	920	right4	right4	1622951	Peak_01	left1	0	0	0	0
Assets/Scenes/Hornet/Peak_02.unity	13203	950	left1	left1	1622999	Peak_04d	right1	0	0	0	0
Assets/Scenes/Hornet/Peak_02.unity	13204	1139	left2	left2	1623047	Peak_10	right1	0	0	0	0
Assets/Scenes/Hornet/Peak_02.unity	13205	1288	right1	right1	1623095	Peak_01	left2	0	0	0	0
Assets/Scenes/Hornet/Peak_02.unity	13206	1366	right2	right2	1623143	Peak_01	left3	0	0	0	0
Assets/Scenes/Hornet/Peak_02.unity	13207	1597	left3	left3	1623191	Peak_05e	right1	0	0	0	0
Assets/Scenes/Hornet/Peak_04.unity	5964	87	left1	left1	724186	Bellway_Peak	right1	0	0	0	0
Assets/Scenes/Hornet/Peak_04.unity	5965	804	right1	right1	724234	Peak_04d	left1	0	0	0	0
Assets/Scenes/Hornet/Peak_04c.unity	3150	509	right2	right2	161920	Bellway_Peak	left2	0	0	0	0
Assets/Scenes/Hornet/Peak_04c.unity	3151	587	right1	right1	161968	Bellway_Peak	left1	0	0	0	0
Assets/Scenes/Hornet/Peak_04d.unity	4236	384	right1	right1	415418	Peak_02	left1	0	0	0	0
Assets/Scenes/Hornet/Peak_04d.unity	4237	442	left1	left1	415466	Peak_04	right1	0	0	0	0
Assets/Scenes/Hornet/Peak_05.unity	11108	1877	bot1	bot1	650514	Bellway_Peak	top1	0	0	0	0
Assets/Scenes/Hornet/Peak_05.unity	11109	1963	top2	Group/top2	650562	Peak_08	bot1	0	0	0	0
Assets/Scenes/Hornet/Peak_05.unity	11110	2319	right3	right3	650610	Peak_05c	left2	0	0	0	0
Assets/Scenes/Hornet/Peak_05c.unity	7856	681	right1	right1	1062722	Peak_05e	left1	0	0	0	0
Assets/Scenes/Hornet/Peak_05c.unity	7857	997	left2	left2	1062770	Peak_05	right3	0	0	0	0
Assets/Scenes/Hornet/Peak_05d.unity	3152	607	bot1	bot1	166277	Peak_08	top1	0	0	1	0
Assets/Scenes/Hornet/Peak_05d.unity	3153	695	door1	door1	166325	Peak_Mask_Maker	right1	1	0	0	0
Assets/Scenes/Hornet/Peak_05e.unity	9109	226	right2	right2	1252392	Peak_06b	left1	0	0	0	0
Assets/Scenes/Hornet/Peak_05e.unity	9110	271	right1	right1	1252440	Peak_02	left3	0	0	0	0
Assets/Scenes/Hornet/Peak_05e.unity	9111	834	left1	left1	1252488	Peak_05c	right1	0	0	0	0
Assets/Scenes/Hornet/Peak_06.unity	8806	345	left1	left1	1302388	Peak_06b	door1	0	0	0	0
Assets/Scenes/Hornet/Peak_06b.unity	1554	119	left1	left1	65587	Peak_05e	right2	0	0	0	0
Assets/Scenes/Hornet/Peak_06b.unity	1555	245	door1	door1	65635	Peak_06	left1	1	0	0	0
Assets/Scenes/Hornet/Peak_07.unity	9638	274	top2	top2	811234	Peak_08b	bot5	0	0	0	0
Assets/Scenes/Hornet/Peak_07.unity	9639	679	bot5	bot5	811282	Peak_01	top3	0	0	0	0
Assets/Scenes/Hornet/Peak_07.unity	9640	1053	top3	top3	811330	Peak_08b	bot5	0	0	0	0
Assets/Scenes/Hornet/Peak_07.unity	9641	1181	bot1	bot1	811378	Peak_01	top1	0	0	0	0
Assets/Scenes/Hornet/Peak_07.unity	9642	1335	top1	top1	811426	Peak_08b	bot4	0	0	0	0
Assets/Scenes/Hornet/Peak_07.unity	9643	1405	bot2	bot2	811474	Peak_01	top2	0	0	1	0
Assets/Scenes/Hornet/Peak_07.unity	9644	1494	bot4	bot4	811522	Peak_01	top3	0	0	1	0
Assets/Scenes/Hornet/Peak_07.unity	9645	1595	bot3	bot3	811570	Peak_01	top3	0	0	1	0
Assets/Scenes/Hornet/Peak_08.unity	12569	1001	bot1	bot1	873392	Peak_05	top2	0	0	0	0
Assets/Scenes/Hornet/Peak_08.unity	12570	1385	top1	top1	873440	Peak_05d	bot1	0	0	0	0
Assets/Scenes/Hornet/Peak_08.unity	12571	2094	right1	right1	873488	Peak_08b	left1	0	0	0	0
Assets/Scenes/Hornet/Peak_08b.unity	9235	812	left2	left2	671294	Peak_12	right1	0	0	0	0
Assets/Scenes/Hornet/Peak_08b.unity	9236	1409	bot6	bot6	671342	Peak_07	top2	0	0	0	0
Assets/Scenes/Hornet/Peak_08b.unity	9237	1415	left1	left1	671390	Peak_08	right1	0	0	0	0
Assets/Scenes/Hornet/Peak_08b.unity	9238	1541	bot4	bot4	671438	Peak_07	top1	0	0	0	0
Assets/Scenes/Hornet/Peak_08b.unity	9239	1630	bot5	bot5	671486	Peak_07	top2	0	0	0	0
Assets/Scenes/Hornet/Peak_10.unity	3243	128	right1	right1	210119	Peak_02	left2	0	0	0	0
Assets/Scenes/Hornet/Peak_12.unity	1219	221	right1	right1	105030	Peak_08b	left2	0	0	0	0
Assets/Scenes/Hornet/Peak_Mask_Maker.unity	467	59	right1	right1	32752	Peak_05d	door1	0	0	0	0
Assets/Scenes/Hornet/Room_Caravan_Interior.unity	300	69	right1	right1	13582	Greymoor_08	door1	0	0	0	0
Assets/Scenes/Hornet/Room_Caravan_Spa.unity	513	66	left1	left1	51736	'[dynamic]'	door2	0	0	0	0
Assets/Scenes/Hornet/Room_CrowCourt.unity	12073	166	bot1	bot1	1097315	Room_CrowCourt_02	top1	0	0	0	0
Assets/Scenes/Hornet/Room_CrowCourt.unity	12074	423	left1	left1	1097363	Greymoor_15b	door1	0	0	0	0
Assets/Scenes/Hornet/Room_CrowCourt_02.unity	7746	129	top1	top1	861781	Room_CrowCourt	bot1	0	0	0	0
Assets/Scenes/Hornet/Room_Diving_Bell.unity	446	9	left1	left1	53997	Dock_12	door1	0	0	0	0
Assets/Scenes/Hornet/Room_Diving_Bell.unity	447	70	door_cinematicEnd	Travel Sequence Control/door_cinematicEnd	54045			0	0	0	1
Assets/Scenes/Hornet/Room_Diving_Bell_Abyss.unity	353	9	left1	left1	69164	Abyss_03	door1	0	0	0	0
Assets/Scenes/Hornet/Room_Diving_Bell_Abyss.unity	354	73	door_wakeOnGround	Wake Up Scene/door_wakeOnGround	69212			0	0	0	1
Assets/Scenes/Hornet/Room_Diving_Bell_Abyss_Fixed.unity	422	10	left1	left1	59953	Abyss_03	door2	0	0	0	0
Assets/Scenes/Hornet/Room_Diving_Bell_Abyss_Fixed.unity	423	73	door_cinematicEnd	Travel Sequence Control/door_cinematicEnd	60001			0	0	0	1
Assets/Scenes/Hornet/Room_Forge.unity	13093	985	right1	right1	1159266	Dock_02	left1	0	0	0	0
Assets/Scenes/Hornet/Room_Forge.unity	13094	1011	left1	left1	1159314	Dock_04	right1	0	0	0	0
Assets/Scenes/Hornet/Room_Forge.unity	13095	1434	top1	top1	1159362	Bone_East_12	bot1	0	0	0	0
Assets/Scenes/Hornet/Room_Huntress.unity	886	161	left1	left1	107448	Aqueduct_04	door1	0	0	0	0
Assets/Scenes/Hornet/Room_Pinstress.unity	1270	81	left1	left1	127370	Coral_34	door1	0	0	0	0
Assets/Scenes/Hornet/Room_Witch.unity	878	56	left1	left1	133954	Shellwood_Witch	door1	0	0	0	0
Assets/Scenes/Hornet/Shadow_01.unity	9836	120	right1	right1	763467	Shadow_16	left1	0	0	0	0
Assets/Scenes/Hornet/Shadow_01.unity	9837	603	right3	right3	763515	Shadow_18	left1	0	0	0	0
Assets/Scenes/Hornet/Shadow_01.unity	9838	624	right2	right2	763563	Shadow_26	left1	0	0	0	0
Assets/Scenes/Hornet/Shadow_01.unity	9839	1439	left3	left3	763611	Shadow_15	right2	0	0	0	0
Assets/Scenes/Hornet/Shadow_01.unity	9840	1641	left1	left1	763659	Shadow_15	right1	0	0	0	0
Assets/Scenes/Hornet/Shadow_01.unity	9841	1646	left2	left2	763707	Shadow_14	right1	0	0	0	0
Assets/Scenes/Hornet/Shadow_01.unity	9842	1805	top1	top1	763755	Aqueduct_04	bot1	0	0	0	0
Assets/Scenes/Hornet/Shadow_02.unity	11792	100	right2	right2	995710	Shadow_03	left1	0	0	0	0
Assets/Scenes/Hornet/Shadow_02.unity	11793	632	right1	right1	995758	Shadow_26	left2	0	0	0	0
Assets/Scenes/Hornet/Shadow_02.unity	11794	734	left2	left2	995806	Shadow_04b	right1	0	0	0	0
Assets/Scenes/Hornet/Shadow_02.unity	11795	1032	right3	right3	995854	Shadow_23	left1	0	0	0	0
Assets/Scenes/Hornet/Shadow_02.unity	11796	1375	left1	left1	995902	Shadow_14	right2	0	0	0	0
Assets/Scenes/Hornet/Shadow_03.unity	8016	420	right1	right1	643369	Shadow_09	left1	0	0	0	0
Assets/Scenes/Hornet/Shadow_03.unity	8017	789	top1	top1	643417	Shadow_21	bot1	0	0	0	0
Assets/Scenes/Hornet/Shadow_03.unity	8018	889	left1	left1	643465	Shadow_02	right2	0	0	0	0
Assets/Scenes/Hornet/Shadow_04.unity	6544	77	right2	right2	428352	Bellway_Shadow	left1	0	0	0	0
Assets/Scenes/Hornet/Shadow_04.unity	6545	903	left1	left1	428400	'[dynamic]'	right1	0	0	0	0
Assets/Scenes/Hornet/Shadow_04.unity	6546	1160	top1	top1	428448	Shadow_20	bot1	0	0	0	0
Assets/Scenes/Hornet/Shadow_04.unity	6547	1266	right1	right1	428496	Shadow_04b	left1	0	0	0	0
Assets/Scenes/Hornet/Shadow_04b.unity	5202	365	left1	left1	534451	Shadow_04	right1	0	0	0	0
Assets/Scenes/Hornet/Shadow_04b.unity	5203	761	right1	Shadow_04b/right1	534499	Shadow_02	left2	0	0	0	0
Assets/Scenes/Hornet/Shadow_05.unity	10474	520	right1	right1	980609	Shadow_09	left2	0	0	0	0
Assets/Scenes/Hornet/Shadow_05.unity	10475	1088	left1	left1	980657	Dust_06	right1	0	0	0	0
Assets/Scenes/Hornet/Shadow_08.unity	5818	156	top1	top1	422712	Shadow_10	bot1	0	0	0	0
Assets/Scenes/Hornet/Shadow_08.unity	5819	695	left1	left1	422760	Shadow_27	right1	0	0	0	0
Assets/Scenes/Hornet/Shadow_09.unity	7125	530	right1	right1	667476	Shadow_Weavehome	left1	0	0	0	0
Assets/Scenes/Hornet/Shadow_09.unity	7126	882	left3	left3	667524	Shadow_28	right1	0	0	0	0
Assets/Scenes/Hornet/Shadow_09.unity	7127	1057	left1	left1	667572	Shadow_03	right1	0	0	0	0
Assets/Scenes/Hornet/Shadow_09.unity	7128	1076	left2	left2	667620	Shadow_05	right1	0	0	0	0
Assets/Scenes/Hornet/Shadow_10.unity	12470	536	bot1	bot1	985830	Shadow_08	top1	0	0	0	0
Assets/Scenes/Hornet/Shadow_10.unity	12471	731	left1	left1	985878	Shadow_16	right1	0	0	0	0
Assets/Scenes/Hornet/Shadow_10.unity	12472	740	right1	right1	985926	Shadow_19	left2	0	0	0	0
Assets/Scenes/Hornet/Shadow_11.unity	4611	362	right1	right1	431348	Shadow_13	left1	0	0	0	0
Assets/Scenes/Hornet/Shadow_11.unity	4612	546	left1	left1	431396	Shadow_26	right1	0	0	0	0
Assets/Scenes/Hornet/Shadow_12.unity	7478	337	right1	right1	803595	Shadow_19	left1	0	0	0	0
Assets/Scenes/Hornet/Shadow_12.unity	7479	662	left1	left1	803643	Shadow_18	right1	0	0	0	0
Assets/Scenes/Hornet/Shadow_13.unity	11911	1133	left1	left1	1147782	Shadow_11	right1	0	0	0	0
Assets/Scenes/Hornet/Shadow_14.unity	2841	107	right1	right1	168231	Shadow_01	left2	0	0	0	0
Assets/Scenes/Hornet/Shadow_14.unity	2842	440	right2	right2	168279	Shadow_02	left1	0	0	0	0
Assets/Scenes/Hornet/Shadow_15.unity	4014	639	right2	right2	332406	Shadow_01	left3	0	0	0	0
Assets/Scenes/Hornet/Shadow_15.unity	4015	650	right1	right1	332454	Shadow_01	left1	0	0	0	0
Assets/Scenes/Hornet/Shadow_16.unity	5566	342	right1	right1	458214	Shadow_10	left1	0	0	0	0
Assets/Scenes/Hornet/Shadow_16.unity	5567	693	left1	left1	458262	Shadow_01	right1	0	0	0	0
Assets/Scenes/Hornet/Shadow_18.unity	7223	443	right1	right1	1084425	Shadow_12	left1	0	0	0	0
Assets/Scenes/Hornet/Shadow_18.unity	7224	507	door1	door1	1084473	Shadow_Bilehaven_Room	left1	1	0	0	0
Assets/Scenes/Hornet/Shadow_18.unity	7225	667	left1	left1	1084521	Shadow_01	right3	0	0	0	0
Assets/Scenes/Hornet/Shadow_19.unity	5847	296	left1	left1	725998	Shadow_12	right1	0	0	0	0
Assets/Scenes/Hornet/Shadow_19.unity	5848	724	right2	right2	726046	Shadow_24	left1	0	0	0	0
Assets/Scenes/Hornet/Shadow_19.unity	5849	930	right1	right1	726094	Shadow_25	left1	0	0	0	0
Assets/Scenes/Hornet/Shadow_19.unity	5850	977	left2	left2	726142	Shadow_10	right1	0	0	0	0
Assets/Scenes/Hornet/Shadow_20.unity	16398	864	bot1	bot1	1531293	Shadow_04	top1	0	0	0	0
Assets/Scenes/Hornet/Shadow_20.unity	16399	1833	top1	top1	1531341	Shadow_22	bot1	0	0	0	0
Assets/Scenes/Hornet/Shadow_21.unity	4702	52	bot1	bot1	483412	Shadow_03	top1	0	0	0	0
Assets/Scenes/Hornet/Shadow_22.unity	3252	196	bot1	bot1	231216	Shadow_20	top1	0	0	1	0
Assets/Scenes/Hornet/Shadow_22.unity	3253	307	top3	top3	231264	Library_07	bot3	0	0	0	0
Assets/Scenes/Hornet/Shadow_22.unity	3254	346	top1	top1	231312	Library_07	bot1	0	0	0	0
Assets/Scenes/Hornet/Shadow_22.unity	3255	398	top2	top2	231360	Library_07	bot2	0	0	0	0
Assets/Scenes/Hornet/Shadow_23.unity	1484	202	left1	left1	124598	Shadow_02	right3	0	0	0	0
Assets/Scenes/Hornet/Shadow_24.unity	6566	628	left1	left1	424024	Shadow_19	right2	0	0	0	0
Assets/Scenes/Hornet/Shadow_25.unity	1619	233	left1	left1	115581	Shadow_19	right1	0	0	0	0
Assets/Scenes/Hornet/Shadow_26.unity	4959	12	left1	left1	347171	Shadow_01	right2	0	0	0	0
Assets/Scenes/Hornet/Shadow_26.unity	4960	501	left2	left2	347219	Shadow_02	right1	0	0	0	0
Assets/Scenes/Hornet/Shadow_26.unity	4961	705	right1	right1	347267	Shadow_11	left1	0	0	0	0
Assets/Scenes/Hornet/Shadow_26.unity	4962	820	right2	right2	347315	Shadow_27	left1	0	0	0	0
Assets/Scenes/Hornet/Shadow_27.unity	6524	694	left1	left1	577957	Shadow_26	right2	0	0	0	0
Assets/Scenes/Hornet/Shadow_27.unity	6525	738	right1	right1	578005	Shadow_08	left1	0	0	0	0
Assets/Scenes/Hornet/Shadow_28.unity	2715	421	right1	right1	273718	Shadow_09	left3	0	0	0	0
Assets/Scenes/Hornet/Shadow_Bilehaven_Room.unity	1285	166	left1	left1	134217	Shadow_18	door1	0	0	0	0
Assets/Scenes/Hornet/Shadow_Weavehome.unity	7799	1387	left1	left1	521586	Shadow_09	right1	0	0	0	0
Assets/Scenes/Hornet/Shellgrave.unity	4485	617	bot1	bot1	512525	Shellwood_04b	top2	0	0	0	0
Assets/Scenes/Hornet/Shellwood_01.unity	12169	168	right1	right1	1071993	Belltown_Room_shellwood	left1	0	0	0	0
Assets/Scenes/Hornet/Shellwood_01.unity	12170	1542	left1	left1	1072041	Shellwood_01b	right2	0	0	0	0
Assets/Scenes/Hornet/Shellwood_01.unity	12171	1916	right2	right2	1072089	Belltown_07	left1	0	0	0	0
Assets/Scenes/Hornet/Shellwood_01.unity	12172	1979	left2	left2	1072137	Shellwood_02	right2	0	0	0	0
Assets/Scenes/Hornet/Shellwood_01b.unity	10896	159	right2	right2	1122901	Shellwood_01	left1	0	0	0	0
Assets/Scenes/Hornet/Shellwood_01b.unity	10897	148	right1	right1	1122949	Shellwood_13	left2	0	0	0	0
Assets/Scenes/Hornet/Shellwood_01b.unity	10898	312	right3	right3	1122997	Shellwood_15	left1	0	0	0	0
Assets/Scenes/Hornet/Shellwood_01b.unity	10899	1119	left1	left1	1123045	Shellwood_20	right1	0	0	0	0
Assets/Scenes/Hornet/Shellwood_01b.unity	10900	1564	left2	left2	1123093	Shellwood_02	right1	0	0	0	0
Assets/Scenes/Hornet/Shellwood_02.unity	10655	608	right1	right1	874125	Shellwood_01b	left2	0	0	0	0
Assets/Scenes/Hornet/Shellwood_02.unity	10656	661	left2	left2	874173	Shellwood_16	right1	0	0	0	0
Assets/Scenes/Hornet/Shellwood_02.unity	10657	1596	left3	left3	874221	Shellwood_Witch	right1	0	0	0	0
Assets/Scenes/Hornet/Shellwood_02.unity	10658	1854	right2	right2	874269	Shellwood_01	left2	0	0	0	0
Assets/Scenes/Hornet/Shellwood_03.unity	9937	376	left1	left1	950457	Shellwood_19	right1	0	0	0	0
Assets/Scenes/Hornet/Shellwood_03.unity	9938	780	bot1	bot1	950505	Mosstown_03	top1	0	0	0	0
Assets/Scenes/Hornet/Shellwood_03.unity	9939	794	right2	right2	950553	Shellwood_14	left1	0	0	0	0
Assets/Scenes/Hornet/Shellwood_03.unity	9940	845	left3	left3	950601	Shellwood_04b	right1	0	0	0	0
Assets/Scenes/Hornet/Shellwood_03.unity	9941	1066	right1	right1	950649	Shellwood_10	left3	0	0	0	0
Assets/Scenes/Hornet/Shellwood_03.unity	9942	1525	right3	right3	950697	Shellwood_16	left1	0	0	0	0
Assets/Scenes/Hornet/Shellwood_04b.unity	9523	117	right1	right1	844940	Shellwood_03	left3	0	0	0	0
Assets/Scenes/Hornet/Shellwood_04b.unity	9524	425	top2	top2	844988	Shellgrave	bot1	0	0	0	0
Assets/Scenes/Hornet/Shellwood_04b.unity	9525	685	left1	left1	845036	Shellwood_08c	right1	0	0	0	0
Assets/Scenes/Hornet/Shellwood_04b.unity	9526	975	top1	top1	845084	Shellwood_04c	bot1	0	0	0	0
Assets/Scenes/Hornet/Shellwood_04c.unity	4455	512	top1	top1	374772	Shellwood_08	bot1	0	0	0	0
Assets/Scenes/Hornet/Shellwood_04c.unity	4456	766	bot1	bot1	374820	Shellwood_04b	top1	0	0	0	0
Assets/Scenes/Hornet/Shellwood_08.unity	3666	213	right1	right1	266216	Bellshrine_03	left1	0	0	0	0
Assets/Scenes/Hornet/Shellwood_08.unity	3667	338	left1	left1	266264	Coral_19	right1	0	0	0	0
Assets/Scenes/Hornet/Shellwood_08.unity	3668	601	bot1	bot1	266312	Shellwood_04c	top1	0	0	0	0
Assets/Scenes/Hornet/Shellwood_08c.unity	1926	92	left1	left1	199669	Aspid_01	right2	0	0	0	0
Assets/Scenes/Hornet/Shellwood_08c.unity	1927	144	right1	right1	199717	Shellwood_04b	left1	0	0	0	0
Assets/Scenes/Hornet/Shellwood_10.unity	11288	22	right1	right1	789126	Shellwood_26	left1	0	0	0	0
Assets/Scenes/Hornet/Shellwood_10.unity	11289	1040	right2	right2	789174	Shellwood_20	left1	0	0	0	0
Assets/Scenes/Hornet/Shellwood_10.unity	11290	1068	left2	left2	789222	Shellwood_11	right2	0	0	0	0
Assets/Scenes/Hornet/Shellwood_10.unity	11291	1158	left1	left1	789270	Shellwood_11	right1	0	0	0	0
Assets/Scenes/Hornet/Shellwood_10.unity	11292	1521	right3	right3	789318	Shellwood_18	left1	0	0	0	0
Assets/Scenes/Hornet/Shellwood_10.unity	11293	1944	left3	left3	789366	Shellwood_03	right1	0	0	0	0
Assets/Scenes/Hornet/Shellwood_11.unity	6249	74	right2	right2	530934	Shellwood_10	left2	0	0	0	0
Assets/Scenes/Hornet/Shellwood_11.unity	6250	946	right1	right1	530982	Shellwood_10	left1	0	0	0	0
Assets/Scenes/Hornet/Shellwood_11b.unity	3753	654	right1	right1	215825	Shellwood_22	door1	0	0	0	0
Assets/Scenes/Hornet/Shellwood_11b.unity	3754	1068	door_wakeOnGround	door_wakeOnGround	215873			0	0	0	1
Assets/Scenes/Hornet/Shellwood_11b_Memory.unity	6766	1728	door_wakeInMemory	door_wakeInMemory	579653			0	0	1	0
Assets/Scenes/Hornet/Shellwood_13.unity	8252	403	left1	left1	512337	Shellwood_18	right1	0	0	0	0
Assets/Scenes/Hornet/Shellwood_13.unity	8253	861	right1	right1	512385	Belltown_04	left1	0	0	0	0
Assets/Scenes/Hornet/Shellwood_13.unity	8254	1418	left2	left2	512433	Shellwood_01b	right1	0	0	0	0
Assets/Scenes/Hornet/Shellwood_14.unity	6524	233	left1	left1	643883	Shellwood_03	right2	0	0	0	0
Assets/Scenes/Hornet/Shellwood_15.unity	6322	263	left1	left1	567705	Shellwood_01b	right3	0	0	0	0
Assets/Scenes/Hornet/Shellwood_15.unity	6323	554	right1	right1	567753	Belltown_04	left2	0	0	0	0
Assets/Scenes/Hornet/Shellwood_16.unity	3255	87	left1	left1	285379	Shellwood_03	right3	0	0	0	0
Assets/Scenes/Hornet/Shellwood_16.unity	3256	411	right1	right1	285427	Shellwood_02	left2	0	0	0	0
Assets/Scenes/Hornet/Shellwood_18.unity	12462	158	left1	left1	2640855	Shellwood_10	right3	0	0	0	0
Assets/Scenes/Hornet/Shellwood_18.unity	12463	268	right1	right1	2640903	Shellwood_13	left1	0	0	0	0
Assets/Scenes/Hornet/Shellwood_18.unity	12464	404	top1	top1	2640951	Shellwood_26	bot1	0	0	0	0
Assets/Scenes/Hornet/Shellwood_19.unity	4734	379	right1	right1	347946	Shellwood_03	left1	0	0	0	0
Assets/Scenes/Hornet/Shellwood_19.unity	4735	393	left1	left1	347994	Bellshrine_03	right1	0	0	0	0
Assets/Scenes/Hornet/Shellwood_19.unity	4736	1068	door_fastTravelExit	door_fastTravelExit	348042			1	0	1	0
Assets/Scenes/Hornet/Shellwood_20.unity	4435	358	right1	right1	379125	Shellwood_01b	left1	0	0	0	0
Assets/Scenes/Hornet/Shellwood_20.unity	4436	374	left1	left1	379173	Shellwood_10	right2	0	0	0	0
Assets/Scenes/Hornet/Shellwood_22.unity	4742	222	right1	Group/right1	353213	Under_27	left1	0	0	0	0
Assets/Scenes/Hornet/Shellwood_22.unity	4743	403	door1	Group/door1	353261	Shellwood_11b	right1	1	0	0	0
Assets/Scenes/Hornet/Shellwood_25.unity	10401	644	left1	left1	994015	Mosstown_03	right2	0	0	0	0
Assets/Scenes/Hornet/Shellwood_25.unity	10402	886	door1	door1	994063	Shellwood_25b	left1	1	0	0	0
Assets/Scenes/Hornet/Shellwood_25b.unity	1325	101	left1	left1	146081	Shellwood_25	door1	0	0	0	0
Assets/Scenes/Hornet/Shellwood_25b.unity	1326	281	door_curseSequenceEnd	door_curseSequenceEnd	146129			0	0	0	0
Assets/Scenes/Hornet/Shellwood_26.unity	8260	223	left1	left1	780412	Shellwood_10	right1	0	0	0	0
Assets/Scenes/Hornet/Shellwood_26.unity	8261	523	bot1	bot1	780460	Shellwood_18	top1	0	0	0	0
Assets/Scenes/Hornet/Shellwood_Witch.unity	1188	85	door1	door1	85451	Room_Witch	left1	1	0	0	1
Assets/Scenes/Hornet/Shellwood_Witch.unity	1189	194	right1	right1	85499	Shellwood_02	left3	0	0	0	0
Assets/Scenes/Hornet/Slab_01.unity	4960	317	left1	left1	328732	Slab_02	right1	0	0	0	0
Assets/Scenes/Hornet/Slab_01.unity	4961	477	right1	right1	328780	Song_04	left1	0	0	0	0
Assets/Scenes/Hornet/Slab_02.unity	4979	141	left1	left1	310027	Slab_03	right5	0	0	0	0
Assets/Scenes/Hornet/Slab_02.unity	4980	421	right1	right1	310075	Slab_01	left1	0	0	0	0
Assets/Scenes/Hornet/Slab_03.unity	14172	319	left1	left1	971053	Slab_16	right1	0	0	0	0
Assets/Scenes/Hornet/Slab_03.unity	14173	601	right3	right3	971101	Slab_20	left1	0	0	0	0
Assets/Scenes/Hornet/Slab_03.unity	14174	682	left5	left5	971149	Slab_04	right1	0	0	0	0
Assets/Scenes/Hornet/Slab_03.unity	14175	870	left4	left4	971197	Slab_13	right1	0	0	0	0
Assets/Scenes/Hornet/Slab_03.unity	14176	1040	right1	right1	971245	Slab_17	left1	0	0	0	0
Assets/Scenes/Hornet/Slab_03.unity	14177	1069	right5	right5	971293	Slab_02	left1	0	0	0	0
Assets/Scenes/Hornet/Slab_03.unity	14178	1099	left2	left2	971341	Slab_15	right1	0	0	0	0
Assets/Scenes/Hornet/Slab_03.unity	14179	1242	right7	right7	971389	Slab_19b	left1	0	0	0	0
Assets/Scenes/Hornet/Slab_03.unity	14180	1398	left6	left6	971437	Slab_05	right1	0	0	0	0
Assets/Scenes/Hornet/Slab_03.unity	14181	1513	left8	left8	971485	Slab_07	right2	0	0	0	0
Assets/Scenes/Hornet/Slab_03.unity	14182	1700	left7	left7	971533	Slab_07	right1	0	0	0	0
Assets/Scenes/Hornet/Slab_03.unity	14183	1714	left3	left3	971581	Slab_14	right1	0	0	0	0
Assets/Scenes/Hornet/Slab_03.unity	14184	1797	right9	right9	971629	Slab_12	left1	0	0	0	0
Assets/Scenes/Hornet/Slab_03.unity	14185	1781	right4	right4	971677	Slab_23	left1	0	0	0	0
Assets/Scenes/Hornet/Slab_03.unity	14186	2372	right8	right8	971725	Slab_08	left1	0	0	0	0
Assets/Scenes/Hornet/Slab_03.unity	14187	2484	right2	right2	971773	Slab_18	left1	0	0	0	0
Assets/Scenes/Hornet/Slab_03.unity	14188	3950	door_slabCaged	door_slabCaged	971821			1	0	1	0
Assets/Scenes/Hornet/Slab_04.unity	5908	223	door1	Cell_Door_States/Open/door1	450815	Slab_Cell_Quiet	left1	1	0	0	1
Assets/Scenes/Hornet/Slab_04.unity	5909	316	right1	right1	450863	Slab_03	left5	0	0	0	0
Assets/Scenes/Hornet/Slab_04.unity	5910	324	top1	top1	450911	Slab_13	bot1	0	0	0	0
Assets/Scenes/Hornet/Slab_04.unity	5911	687	bot1	bot1	450959	Slab_05	top1	0	0	0	0
Assets/Scenes/Hornet/Slab_05.unity	6065	343	bot1	bot1	419315	Slab_06	top1	0	0	0	0
Assets/Scenes/Hornet/Slab_05.unity	6066	422	top1	top1	419363	Slab_04	bot1	0	0	0	0
Assets/Scenes/Hornet/Slab_05.unity	6067	600	right1	right1	419411	Slab_03	left6	0	0	0	0
Assets/Scenes/Hornet/Slab_06.unity	5518	398	top1	top1	361121	Slab_05	bot1	0	0	0	0
Assets/Scenes/Hornet/Slab_06.unity	5519	545	door1	door1	361169	Slab_Cell_Quiet	left1	1	0	0	0
Assets/Scenes/Hornet/Slab_06.unity	5520	732	left1	left1	361217	Peak_01	right4	0	0	0	0
Assets/Scenes/Hornet/Slab_06.unity	5521	1231	door_fastTravelExit	Bellway_pieces/door_fastTravelExit	361265			1	0	0	1
Assets/Scenes/Hornet/Slab_07.unity	8452	354	right2	right2	1108721	Slab_03	left8	0	0	0	0
Assets/Scenes/Hornet/Slab_07.unity	8453	573	right1	right1	1108769	Slab_03	left7	0	0	0	0
Assets/Scenes/Hornet/Slab_08.unity	1969	27	door1	door1	139087	Slab_Cell_Quiet	left2	1	0	0	0
Assets/Scenes/Hornet/Slab_08.unity	1970	237	left1	left1	139135	Slab_03	right8	0	0	0	0
Assets/Scenes/Hornet/Slab_10b.unity	4225	270	left1	Cage_Scene/left1	512449	Slab_10c	door1	0	0	0	0
Assets/Scenes/Hornet/Slab_10b.unity	4226	664	door_wakeOnGround	door_wakeOnGround	512497			0	0	0	0
Assets/Scenes/Hornet/Slab_10c.unity	5017	584	door1	Break Gate Group/door1	389692	Slab_10b	left1	1	0	0	0
Assets/Scenes/Hornet/Slab_10c.unity	5018	791	left1	left1	389740	Slab_19b	right1	0	0	0	0
Assets/Scenes/Hornet/Slab_12.unity	5174	201	left1	left1	651583	Slab_03	right9	0	0	0	0
Assets/Scenes/Hornet/Slab_13.unity	4425	39	left1	left1	276949	Peak_01	right3	0	0	0	0
Assets/Scenes/Hornet/Slab_13.unity	4426	254	bot1	bot1	276997	Slab_04	top1	0	0	1	0
Assets/Scenes/Hornet/Slab_13.unity	4427	407	right1	right1	277045	Slab_03	left4	0	0	0	0
Assets/Scenes/Hornet/Slab_13.unity	4428	442	door1	door1	277093	Slab_Cell	left1	1	0	0	1
Assets/Scenes/Hornet/Slab_14.unity	4271	260	top1	top1	304570	Slab_15	bot1	0	0	0	0
Assets/Scenes/Hornet/Slab_14.unity	4272	370	right1	right1	304618	Slab_03	left3	0	0	0	0
Assets/Scenes/Hornet/Slab_15.unity	4664	143	left1	left1	369967	Peak_01	right2	0	0	0	0
Assets/Scenes/Hornet/Slab_15.unity	4665	280	bot1	bot1	370015	Slab_14	top1	0	0	0	0
Assets/Scenes/Hornet/Slab_15.unity	4666	345	top1	top1	370063	Slab_16	bot1	0	0	0	0
Assets/Scenes/Hornet/Slab_15.unity	4667	476	right1	right1	370111	Slab_03	left2	0	0	0	0
Assets/Scenes/Hornet/Slab_16.unity	15046	595	bot1	bot1	1552170	Slab_15	top1	0	0	0	0
Assets/Scenes/Hornet/Slab_16.unity	15047	635	door1	Broodmother_Gate/door1	1552218	Slab_16b	left1	1	0	0	0
Assets/Scenes/Hornet/Slab_16.unity	15048	781	left1	left1	1552266	Peak_01	right1	0	0	0	0
Assets/Scenes/Hornet/Slab_16.unity	15049	846	top1	top1	1552314	Slab_22	bot1	0	0	0	0
Assets/Scenes/Hornet/Slab_16.unity	15050	1134	right1	right1	1552362	Slab_03	left1	0	0	0	0
Assets/Scenes/Hornet/Slab_16.unity	15051	1678	door1	Event Control/Broodmother Scene/Broodmother_Gate/door1	1552410	Slab_16b	left1	1	0	0	0
Assets/Scenes/Hornet/Slab_16b.unity	3865	470	left1	left1	476151	Slab_16	door1	0	0	0	0
Assets/Scenes/Hornet/Slab_17.unity	5732	353	left1	left1	369430	Slab_03	right1	0	0	0	0
Assets/Scenes/Hornet/Slab_18.unity	5211	257	right1	right1	316265	Slab_21	left1	0	0	0	0
Assets/Scenes/Hornet/Slab_18.unity	5212	859	left1	left1	316313	Slab_03	right2	0	0	0	0
Assets/Scenes/Hornet/Slab_19b.unity	2942	113	left1	left1	185545	Slab_03	right7	0	0	0	0
Assets/Scenes/Hornet/Slab_19b.unity	2943	267	right1	right1	185593	Slab_10c	left1	0	0	0	0
Assets/Scenes/Hornet/Slab_20.unity	3238	54	left1	left1	214278	Slab_03	right3	0	0	0	0
Assets/Scenes/Hornet/Slab_21.unity	5690	170	left3	left3	307387	Slab_23	right1	0	0	0	0
Assets/Scenes/Hornet/Slab_21.unity	5691	649	top1	top1	307435	Slab_22	bot2	0	0	0	0
Assets/Scenes/Hornet/Slab_21.unity	5692	824	left1	left1	307483	Slab_18	right1	0	0	0	0
Assets/Scenes/Hornet/Slab_22.unity	10096	630	bot1	bot1	604874	Slab_16	top1	0	0	0	0
Assets/Scenes/Hornet/Slab_22.unity	10097	947	bot2	bot2	604922	Slab_21	top1	0	0	0	0
Assets/Scenes/Hornet/Slab_23.unity	6823	63	left1	left1	573143	Slab_03	right4	0	0	0	0
Assets/Scenes/Hornet/Slab_23.unity	6824	480	right1	right1	573191	Slab_21	left3	0	0	0	0
Assets/Scenes/Hornet/Slab_23.unity	6825	616	door1	door1	573239	Slab_Cell_Creature	left1	1	0	0	0
Assets/Scenes/Hornet/Slab_23.unity	6826	720	door2	door2	573287	Slab_Cell_Quiet	left1	1	0	0	0
Assets/Scenes/Hornet/Slab_Cell.unity	1239	68	left1	left1	91965	Slab_13	door1	0	0	0	0
Assets/Scenes/Hornet/Slab_Cell_Creature.unity	1580	78	left1	left1	110344	Slab_23	door1	0	0	0	0
Assets/Scenes/Hornet/Slab_Cell_Quiet.unity	3149	77	left1	left1	272299	Slab_23	door2	0	0	0	0
Assets/Scenes/Hornet/Slab_Cell_Quiet.unity	3150	404	left2	left2	272347	Slab_08	door1	0	0	0	0
Assets/Scenes/Hornet/Song_01.unity	16900	470	bot1	bot1	1254689	Song_01c	top1	0	0	0	0
Assets/Scenes/Hornet/Song_01.unity	16901	888	top1	top1	1254737	Song_01b	bot1	0	0	0	0
Assets/Scenes/Hornet/Song_01.unity	16902	2016	right2	GameObject (3)/right2	1254785	Under_07b	left1	0	0	0	0
Assets/Scenes/Hornet/Song_01b.unity	5572	428	top1	GameObject (3)/top1	447666	Song_03	bot1	0	0	0	0
Assets/Scenes/Hornet/Song_01b.unity	5573	504	right1	GameObject (3)/right1	447714	Song_02	left2	0	0	0	0
Assets/Scenes/Hornet/Song_01b.unity	5574	673	bot1	bot1	447762	Song_01	top1	0	0	0	0
Assets/Scenes/Hornet/Song_01b.unity	5575	1159	door_tubeEnter	City Travel Tube/door_tubeEnter	447810			1	0	0	0
Assets/Scenes/Hornet/Song_01c.unity	2940	37	left1	left1	184756	Song_19_entrance	right1	0	0	0	0
Assets/Scenes/Hornet/Song_01c.unity	2941	468	top1	top1	184804	Song_01	bot1	0	0	0	0
Assets/Scenes/Hornet/Song_02.unity	10300	139	right1	right1	857131	Song_05	left5	0	0	0	0
Assets/Scenes/Hornet/Song_02.unity	10301	1120	left2	left2	857179	Song_01b	right1	0	0	0	0
Assets/Scenes/Hornet/Song_03.unity	8051	670	bot1	bot1	636293	Song_01b	top1	0	0	0	0
Assets/Scenes/Hornet/Song_03.unity	8052	1150	top1	top1	636341	Song_04	bot1	0	0	0	0
Assets/Scenes/Hornet/Song_04.unity	11955	999	bot1	bot1	1328610	Song_03	top1	0	0	0	0
Assets/Scenes/Hornet/Song_04.unity	11956	1267	left1	left1	1328658	Slab_01	right1	0	0	0	0
Assets/Scenes/Hornet/Song_04.unity	11957	1319	right1	right1	1328706	Song_12	left1	0	0	0	0
Assets/Scenes/Hornet/Song_04.unity	11958	1605	right2	right2	1328754	Song_10	left1	0	0	0	0
Assets/Scenes/Hornet/Song_05.unity	11969	116	right4	right4	1035237	Song_27	left1	0	0	0	0
Assets/Scenes/Hornet/Song_05.unity	11970	544	right3	right3	1035285	Ward_01	left1	0	0	0	0
Assets/Scenes/Hornet/Song_05.unity	11971	953	left5	left5	1035333	Song_02	right1	0	0	0	0
Assets/Scenes/Hornet/Song_05.unity	11972	1062	left4	left4	1035381	Song_07	right1	0	0	0	0
Assets/Scenes/Hornet/Song_05.unity	11973	1153	left3	left3	1035429	Song_11	right3	0	0	0	0
Assets/Scenes/Hornet/Song_05.unity	11974	1441	right2	right2	1035477	Song_18	left1	0	0	0	0
Assets/Scenes/Hornet/Song_07.unity	4056	400	right1	right1	368911	Song_05	left4	0	0	0	0
Assets/Scenes/Hornet/Song_08.unity	2404	201	right1	right1	187489	Song_12	left3	0	0	0	0
Assets/Scenes/Hornet/Song_09.unity	8566	480	right1	right1	672907	Cog_05	left1	0	0	0	0
Assets/Scenes/Hornet/Song_09.unity	8567	493	top1	top1	672955	Hang_07	bot1	0	0	0	0
Assets/Scenes/Hornet/Song_09.unity	8568	763	bot1	bot1	673003	Song_09b	top1	0	0	0	0
Assets/Scenes/Hornet/Song_09b.unity	11233	1518	top1	top1	886867	Song_09	bot1	0	0	0	0
Assets/Scenes/Hornet/Song_09b.unity	11234	1745	left1	left1	886915	Song_11	right1	0	0	0	0
Assets/Scenes/Hornet/Song_10.unity	8145	117	left1	left1	732491	Song_04	right2	0	0	0	0
Assets/Scenes/Hornet/Song_10.unity	8146	1139	right1	right1	732539	Song_11	left4	0	0	0	0
Assets/Scenes/Hornet/Song_11.unity	13275	164	left1	left1	856828	Song_17	right1	0	0	0	0
Assets/Scenes/Hornet/Song_11.unity	13276	260	left2	left2	856876	Song_15	right1	0	0	0	0
Assets/Scenes/Hornet/Song_11.unity	13277	977	right2	right2	856924	Hang_07	left1	0	0	0	0
Assets/Scenes/Hornet/Song_11.unity	13278	1209	left4	left4	856972	Song_10	right1	0	0	0	0
Assets/Scenes/Hornet/Song_11.unity	13279	1363	right3	right3	857020	Song_05	left3	0	0	0	0
Assets/Scenes/Hornet/Song_11.unity	13280	1527	left3	left3	857068	Song_13	right1	0	0	0	0
Assets/Scenes/Hornet/Song_11.unity	13281	1642	right1	right1	857116	Song_09b	left1	0	0	0	0
Assets/Scenes/Hornet/Song_12.unity	6065	80	left2	left2	390190	Song_26	right1	0	0	0	0
Assets/Scenes/Hornet/Song_12.unity	6066	180	left1	left1	390238	Song_04	right1	0	0	0	0
Assets/Scenes/Hornet/Song_12.unity	6067	237	right1	right1	390286	Song_15	left1	0	0	0	0
Assets/Scenes/Hornet/Song_12.unity	6068	291	left3	left3	390334	Song_08	right1	0	0	0	0
Assets/Scenes/Hornet/Song_12.unity	6069	349	left4	left4	390382	Song_28	right1	0	0	0	0
Assets/Scenes/Hornet/Song_12.unity	6070	380	right2	right2	390430	Song_14	left1	0	0	0	0
Assets/Scenes/Hornet/Song_12.unity	6071	726	right3	right3	390478	Song_13	left1	0	0	0	0
Assets/Scenes/Hornet/Song_13.unity	4225	337	right1	right1	404103	Song_11	left3	0	0	0	0
Assets/Scenes/Hornet/Song_13.unity	4226	357	left1	left1	404151	Song_12	right3	0	0	0	0
Assets/Scenes/Hornet/Song_14.unity	3309	339	left1	left1	272701	Song_12	right2	0	0	0	0
Assets/Scenes/Hornet/Song_15.unity	6056	407	right1	right1	528207	Song_11	left2	0	0	0	0
Assets/Scenes/Hornet/Song_15.unity	6057	471	left1	left1	528255	Song_12	right1	0	0	0	0
Assets/Scenes/Hornet/Song_17.unity	8499	97	right1	right1	1021364	Song_11	left1	0	0	0	0
Assets/Scenes/Hornet/Song_17.unity	8500	291	left1	left1	1021412	Hang_01	right2	0	0	0	0
Assets/Scenes/Hornet/Song_18.unity	6167	170	left1	left1	434167	Song_05	right2	0	0	0	0
Assets/Scenes/Hornet/Song_18.unity	6168	476	bot1	bot1	434215	Song_27	top1	0	0	0	1
Assets/Scenes/Hornet/Song_19_entrance.unity	8548	83	left1	left1	605828	Coral_10	right1	0	0	0	0
Assets/Scenes/Hornet/Song_19_entrance.unity	8549	833	right1	right1	605876	Song_01c	left1	0	0	0	0
Assets/Scenes/Hornet/Song_19_entrance.unity	8550	977	right2	right2	605924	Under_01	left1	0	0	0	0
Assets/Scenes/Hornet/Song_20.unity	12064	48	left1	left1	880290	Song_27	right1	0	0	0	0
Assets/Scenes/Hornet/Song_20.unity	12065	235	top1	top1	880338	Song_20b	bot1	0	0	0	0
Assets/Scenes/Hornet/Song_20.unity	12066	550	right_cutsceneEntry	right_cutsceneEntry	880386	Bellway_City	left1	0	0	0	0
Assets/Scenes/Hornet/Song_20.unity	12067	624	right4	right4	880434	Library_03	left1	0	0	0	0
Assets/Scenes/Hornet/Song_20.unity	12068	1165	right5	right5	880482	Library_13	left1	0	0	0	0
Assets/Scenes/Hornet/Song_20.unity	12069	1401	right6	right6	880530	Bellway_City	left1	0	0	0	0
Assets/Scenes/Hornet/Song_20.unity	12070	1445	left2	left2	880578	Song_24	right1	0	0	0	0
Assets/Scenes/Hornet/Song_20b.unity	6247	346	top1	top1	361154	Song_25	bot1	0	0	0	0
Assets/Scenes/Hornet/Song_20b.unity	6248	438	left2	left2	361202	Song_29	right1	0	0	0	0
Assets/Scenes/Hornet/Song_20b.unity	6249	490	bot1	bot1	361250	Song_20	top1	0	0	0	0
Assets/Scenes/Hornet/Song_20b.unity	6250	531	right3	right3	361298	Library_02	left1	0	0	0	0
Assets/Scenes/Hornet/Song_20b.unity	6251	835	right2	right2	361346	Library_02	left2	0	0	0	0
Assets/Scenes/Hornet/Song_20b.unity	6252	955	left4	left4	361394	Cog_06	right1	0	0	0	0
Assets/Scenes/Hornet/Song_24.unity	4472	430	right1	right1	514629	Song_20	left2	0	0	0	0
Assets/Scenes/Hornet/Song_25.unity	11153	17	top1	GameObject (6)/top1	962925	Arborium_01	bot1	0	0	0	0
Assets/Scenes/Hornet/Song_25.unity	11154	413	bot1	GameObject (6)/bot1	962973	Song_20b	top1	0	0	0	0
Assets/Scenes/Hornet/Song_25.unity	11155	601	top2	top2	963021	Cog_10_Destroyed	bot1	0	0	0	0
Assets/Scenes/Hornet/Song_25.unity	11156	701	right1	GameObject (6)/right1	963069	Song_Enclave	left1	0	0	0	0
Assets/Scenes/Hornet/Song_25.unity	11157	985	left1	GameObject (6)/left1	963117	Cog_Dancers	right1	0	0	0	0
Assets/Scenes/Hornet/Song_26.unity	1625	65	right1	_Transition Gates/right1	94343	Song_12	left2	0	0	0	0
Assets/Scenes/Hornet/Song_27.unity	10202	457	top1	top1	1027973	Song_18	bot1	0	0	0	0
Assets/Scenes/Hornet/Song_27.unity	10203	975	right1	right1	1028021	Song_20	left1	0	0	0	0
Assets/Scenes/Hornet/Song_27.unity	10204	1376	left1	left1	1028069	Song_05	right4	0	0	0	0
Assets/Scenes/Hornet/Song_28.unity	1835	57	right1	right1	146427	Song_12	left4	0	0	0	0
Assets/Scenes/Hornet/Song_29.unity	1935	73	right1	right1	144865	Song_20b	left2	0	0	0	0
Assets/Scenes/Hornet/Song_Enclave.unity	8710	240	left2	left2	642800	Library_02	right2	0	0	0	0
Assets/Scenes/Hornet/Song_Enclave.unity	8711	461	left1	left1	642848	Song_25	right1	0	0	0	0
Assets/Scenes/Hornet/Song_Enclave.unity	8712	1051	door_act3_wakeUp	door_act3_wakeUp	642896			1	0	0	0
Assets/Scenes/Hornet/Song_Enclave.unity	8713	1113	bot1	bot1	642944	Library_04	top1	0	0	0	0
Assets/Scenes/Hornet/Song_Enclave.unity	8714	1569	top1	top1	642992	Song_Enclave_Tube	bot1	0	0	0	0
Assets/Scenes/Hornet/Song_Enclave.unity	8715	1683	door1	Black Thread States/Normal World/door1	643040	Bellshrine_Enclave	left1	1	0	0	0
Assets/Scenes/Hornet/Song_Enclave_Tube.unity	2400	386	bot1	bot1	225304	Song_Enclave	top1	0	0	0	0
Assets/Scenes/Hornet/Song_Enclave_Tube.unity	2401	515	door_tubeEnter	City Travel Tube/door_tubeEnter	225352			1	0	0	0
Assets/Scenes/Hornet/Song_Tower_01.unity	2938	467	right1	right1	309874	Tube_Hub	left1	0	0	0	0
Assets/Scenes/Hornet/Song_Tower_01.unity	2939	679	door_cutsceneEndLaceTower	door_cutsceneEndLaceTower	309922			0	0	0	1
Assets/Scenes/Hornet/Song_Tower_01.unity	2940	656	door_cinematicEnd	Boss Scene/Silk Heart Memory Return/door_cinematicEnd	309970			0	0	0	1
Assets/Scenes/Hornet/Song_Tower_Destroyed.unity	4034	475	bot1	bot1	211522	Cog_09_Destroyed	top1	0	0	0	0
Assets/Scenes/Hornet/Song_Tower_Destroyed.unity	4035	724	top1	top1	211570	Cradle_01_Destroyed	bot1	0	0	0	0
Assets/Scenes/Hornet/Sprintmaster_Cave.unity	10674	771	left1	left1	693552	Bone_East_18b	door1	0	0	0	0
Assets/Scenes/Hornet/Tube_Hub.unity	11490	878	left1	left1	1033087	Song_Tower_01	right1	0	0	0	0
Assets/Scenes/Hornet/Tube_Hub.unity	11491	1206	left4	left4	1033135	Cradle_01	right1	0	0	0	0
Assets/Scenes/Hornet/Tube_Hub.unity	11492	1824	left3	left3	1033183	Cradle_03	right2	0	0	0	0
Assets/Scenes/Hornet/Tube_Hub.unity	11493	2754	door_tubeEnter	City Travel Tube/door_tubeEnter	1033231			1	0	0	0
Assets/Scenes/Hornet/Tut_01.unity	12123	121	top1	top1	854809	Bonetown	bot2	0	0	0	0
Assets/Scenes/Hornet/Tut_01.unity	12124	141	left2	left2	854857	Tut_02	right1	0	0	0	0
Assets/Scenes/Hornet/Tut_01.unity	12125	903	right2	right2	854905	Tut_01b	left2	0	0	1	0
Assets/Scenes/Hornet/Tut_01.unity	12126	1243	left3	left3	854953	Tut_02	right2	0	0	0	0
Assets/Scenes/Hornet/Tut_01.unity	12127	1527	left1	_Transition Gates/left1	855001	Tut_03	right1	0	0	0	0
Assets/Scenes/Hornet/Tut_01.unity	12128	2116	right1	right1	855049	Tut_01b	left1	0	0	0	0
Assets/Scenes/Hornet/Tut_01b.unity	7430	40	right1	right1	557868	Weave_04	left1	0	0	0	0
Assets/Scenes/Hornet/Tut_01b.unity	7431	87	left2	left2	557916	Tut_01	right2	0	0	0	0
Assets/Scenes/Hornet/Tut_01b.unity	7432	873	left1	_Transition Gates/left1	557964	Tut_01	right1	0	0	0	0
Assets/Scenes/Hornet/Tut_02.unity	10704	680	right1	right1	912805	Tut_01	left2	0	0	0	0
Assets/Scenes/Hornet/Tut_02.unity	10705	696	right2	right2	912853	Tut_01	left3	0	0	0	0
Assets/Scenes/Hornet/Tut_03.unity	6540	377	top1	top1	566307	Bonetown	bot1	0	0	0	0
Assets/Scenes/Hornet/Tut_03.unity	6541	818	door1 firstExit	door1 firstExit	566355	Bonetown	bot1 firstEntry	1	0	0	0
Assets/Scenes/Hornet/Tut_03.unity	6542	919	right1	right1	566403	Tut_01	left1	0	0	0	0
Assets/Scenes/Hornet/Tut_03.unity	6543	968	door1	door1	566451	Bonetown	bot1	1	0	0	0
Assets/Scenes/Hornet/Tut_03.unity	6544	1092	door2	Sanctum Door/Opened/door2	566499	Tut_04	left1	1	0	0	0
Assets/Scenes/Hornet/Tut_04.unity	5066	316	right1	right1	506117	Tut_05	left1	0	0	0	0
Assets/Scenes/Hornet/Tut_04.unity	5067	638	left1	left1	506165	Tut_03	door2	0	0	0	0
Assets/Scenes/Hornet/Tut_04.unity	5068	987	door_memoryEnd	door_memoryEnd	506213			0	0	0	1
Assets/Scenes/Hornet/Tut_04.unity	5069	1150	door_ritualEnd	States/Outro Scene/door_ritualEnd	506261			0	0	1	0
Assets/Scenes/Hornet/Tut_05.unity	6420	224	left1	left1	436548	Tut_04	right1	0	0	0	0
Assets/Scenes/Hornet/Tut_05.unity	6421	1610	door_memoryEnd	door_memoryEnd	436596			0	0	0	1
Assets/Scenes/Hornet/Under_01.unity	7878	114	left1	left1	542365	Song_19_entrance	right2	0	0	0	0
Assets/Scenes/Hornet/Under_01.unity	7879	464	left3	left3	542413	Under_27	right2	0	0	0	0
Assets/Scenes/Hornet/Under_01.unity	7880	713	left2	left2	542461	Under_27	right1	0	0	0	0
Assets/Scenes/Hornet/Under_01.unity	7881	1173	right1	right1	542509	Under_01b	left1	0	0	0	0
Assets/Scenes/Hornet/Under_01b.unity	3024	171	left1	left1	262216	Under_01	right1	0	0	0	0
Assets/Scenes/Hornet/Under_01b.unity	3025	357	right1	right1	262264	Under_02	left1	0	0	0	0
Assets/Scenes/Hornet/Under_02.unity	12587	246	right3	right3	972512	Under_03b	left1	0	0	0	0
Assets/Scenes/Hornet/Under_02.unity	12588	399	right2	right2	972560	Under_07	left3	0	0	0	0
Assets/Scenes/Hornet/Under_02.unity	12589	593	left1	door states/left1	972608	Under_01b	right1	0	0	0	0
Assets/Scenes/Hornet/Under_02.unity	12590	1004	right4	right4	972656	Under_14	left1	0	0	0	0
Assets/Scenes/Hornet/Under_02.unity	12591	1062	left3	left3	972704	Under_16	right1	0	0	0	0
Assets/Scenes/Hornet/Under_02.unity	12592	1259	right1	right1	972752	Under_07c	left2	0	0	0	0
Assets/Scenes/Hornet/Under_03.unity	2834	290	right1	right1	193074	Under_03c	left2	0	0	0	0
Assets/Scenes/Hornet/Under_03b.unity	4019	131	left1	left1	358700	Under_02	right3	0	0	0	0
Assets/Scenes/Hornet/Under_03b.unity	4020	408	right1	right1	358748	Under_03c	left1	0	0	0	0
Assets/Scenes/Hornet/Under_03c.unity	3915	101	left1	left1	266704	Under_03b	right1	0	0	0	0
Assets/Scenes/Hornet/Under_03c.unity	3916	151	left2	left2	266752	Under_03	right1	0	0	0	0
Assets/Scenes/Hornet/Under_03c.unity	3917	406	right1	right1	266800	Under_04	left1	0	0	0	0
Assets/Scenes/Hornet/Under_03d.unity	4196	218	bot1	bot1	265782	Under_04	top1	0	0	0	0
Assets/Scenes/Hornet/Under_04.unity	7187	502	left1	left1	597118	Under_03c	right1	0	0	0	0
Assets/Scenes/Hornet/Under_04.unity	7188	1097	top1	top1	597166	Under_03d	bot1	0	0	0	0
Assets/Scenes/Hornet/Under_04.unity	7189	1102	right1	right1	597214	Under_05	left2	0	0	0	0
Assets/Scenes/Hornet/Under_05.unity	8172	350	left1	left1	664004	Under_06	right1	0	0	0	0
Assets/Scenes/Hornet/Under_05.unity	8173	423	right2	right2	664052	Under_12	left1	0	0	0	0
Assets/Scenes/Hornet/Under_05.unity	8174	431	left2	left2	664100	Under_04	right1	0	0	0	0
Assets/Scenes/Hornet/Under_05.unity	8175	466	right3	right3	664148	Under_10	left1	0	0	0	0
Assets/Scenes/Hornet/Under_05.unity	8176	746	left3	left3	664196	Under_23	right1	0	0	0	0
Assets/Scenes/Hornet/Under_05.unity	8177	822	right1	right1	664244	Under_11	left1	0	0	0	0
Assets/Scenes/Hornet/Under_06.unity	6156	351	left1	left1	561894	Under_07	right2	0	0	0	0
Assets/Scenes/Hornet/Under_06.unity	6157	683	top1	top1	561942	Under_08	bot1	0	0	0	0
Assets/Scenes/Hornet/Under_06.unity	6158	720	right1	right1	561990	Under_05	left1	0	0	0	0
Assets/Scenes/Hornet/Under_07.unity	5198	201	right2	right2	511729	Under_06	left1	0	0	0	0
Assets/Scenes/Hornet/Under_07.unity	5199	267	top1	top1	511777	Under_07c	bot1	0	0	0	0
Assets/Scenes/Hornet/Under_07.unity	5200	517	left3	left3	511825	Under_02	right2	0	0	0	0
Assets/Scenes/Hornet/Under_07b.unity	4242	302	bot1	bot1	360384	Under_07c	top1	0	0	1	0
Assets/Scenes/Hornet/Under_07b.unity	4243	311	left1	left1	360432	Song_01	right2	0	0	0	0
Assets/Scenes/Hornet/Under_07c.unity	8120	183	bot1	bot1	484652	Under_07	top1	0	0	0	0
Assets/Scenes/Hornet/Under_07c.unity	8121	218	left2	left2	484700	Under_02	right1	0	0	0	0
Assets/Scenes/Hornet/Under_07c.unity	8122	1116	top1	top1	484748	Under_07b	bot1	0	0	0	0
Assets/Scenes/Hornet/Under_08.unity	6612	111	top1	top1	538804	Ward_02	bot1	0	0	0	0
Assets/Scenes/Hornet/Under_08.unity	6613	824	bot1	bot1	538852	Under_06	top1	0	0	0	0
Assets/Scenes/Hornet/Under_10.unity	4855	382	left1	left1	491793	Under_05	right3	0	0	0	0
Assets/Scenes/Hornet/Under_10.unity	4856	408	right1	right1	491841	Under_13	left2	0	0	0	0
Assets/Scenes/Hornet/Under_11.unity	4059	251	left1	left1	302987	Under_05	right1	0	0	0	0
Assets/Scenes/Hornet/Under_11.unity	4060	281	right1	right1	303035	Under_13	left1	0	0	0	0
Assets/Scenes/Hornet/Under_12.unity	2181	123	left1	left1	185273	Under_05	right2	0	0	0	0
Assets/Scenes/Hornet/Under_13.unity	11278	100	left3	left3	938281	Under_21	right1	0	0	0	0
Assets/Scenes/Hornet/Under_13.unity	11279	510	right3	right3	938329	Under_19	left1	0	0	0	0
Assets/Scenes/Hornet/Under_13.unity	11280	611	left1	left1	938377	Under_11	right1	0	0	0	0
Assets/Scenes/Hornet/Under_13.unity	11281	645	right1	right1	938425	Under_17	left1	0	0	0	0
Assets/Scenes/Hornet/Under_13.unity	11282	670	left4	left4	938473	Under_22	right1	0	0	0	0
Assets/Scenes/Hornet/Under_13.unity	11283	736	right2	right2	938521	Under_18	left1	0	0	0	0
Assets/Scenes/Hornet/Under_13.unity	11284	747	left2	left2	938569	Under_10	right1	0	0	0	0
Assets/Scenes/Hornet/Under_14.unity	3915	502	left1	left1	277346	Under_02	right4	0	0	0	0
Assets/Scenes/Hornet/Under_16.unity	2563	159	right1	right1	198610	Under_02	left3	0	0	0	0
Assets/Scenes/Hornet/Under_17.unity	9496	326	left1	left1	482144	Under_13	right1	0	0	0	0
Assets/Scenes/Hornet/Under_17.unity	9497	640	right1	right1	482192	Library_11b	left3	0	0	0	0
Assets/Scenes/Hornet/Under_17.unity	9498	863	bot1	bot1	482240	Under_18	top1	0	0	0	0
Assets/Scenes/Hornet/Under_17.unity	9499	1359	door1	Architect Shrine Door/door1	482288	Under_20	left1	1	0	0	0
Assets/Scenes/Hornet/Under_17.unity	9500	1469	bot2	bot2	482336	Under_18	top2	0	0	0	0
Assets/Scenes/Hornet/Under_17.unity	9501	1556	top1	top1	482384	Ward_06	bot1	0	0	0	0
Assets/Scenes/Hornet/Under_18.unity	11352	217	top2	top2	1103812	Under_17	bot2	0	0	0	0
Assets/Scenes/Hornet/Under_18.unity	11353	260	left1	left1	1103860	Under_13	right2	0	0	0	0
Assets/Scenes/Hornet/Under_18.unity	11354	666	right1	right1	1103908	Under_19c	left1	0	0	0	0
Assets/Scenes/Hornet/Under_18.unity	11355	1305	top1	top1	1103956	Under_17	bot1	0	0	0	0
Assets/Scenes/Hornet/Under_19.unity	8113	114	top1	top1	1057821	Under_19c	bot1	0	0	0	0
Assets/Scenes/Hornet/Under_19.unity	8114	165	left1	left1	1057869	Under_13	right3	0	0	0	0
Assets/Scenes/Hornet/Under_19b.unity	6977	94	right1	right1	881311	Under_19c	left2	0	0	0	0
Assets/Scenes/Hornet/Under_19c.unity	3022	356	left1	left1	199617	Under_18	right1	0	0	0	0
Assets/Scenes/Hornet/Under_19c.unity	3023	443	left2	left2	199665	Under_19b	right1	0	0	0	0
Assets/Scenes/Hornet/Under_19c.unity	3024	521	bot1	bot1	199713	Under_19	top1	0	0	0	0
Assets/Scenes/Hornet/Under_20.unity	4558	242	left1	GameObject (6)/left1	528707	Under_17	door1	0	0	0	0
Assets/Scenes/Hornet/Under_20.unity	4559	1013	door_memoryEnd	door_memoryEnd	528755			0	0	0	1
Assets/Scenes/Hornet/Under_21.unity	3187	112	right1	right1	429998	Under_13	left3	0	0	0	0
Assets/Scenes/Hornet/Under_22.unity	1533	199	right1	right1	119989	Under_13	left4	0	0	0	0
Assets/Scenes/Hornet/Under_22.unity	1534	278	door_tubeEnter	City Travel Tube/door_tubeEnter	120037			1	0	0	0
Assets/Scenes/Hornet/Under_23.unity	9142	198	right1	right1	868741	Under_05	left3	0	0	0	0
Assets/Scenes/Hornet/Under_23.unity	9143	469	bot1	bot1	868789	Wisp_09	top1	0	0	0	0
Assets/Scenes/Hornet/Under_27.unity	11877	293	left1	left1	978757	Shellwood_22	right1	0	0	0	0
Assets/Scenes/Hornet/Under_27.unity	11878	1755	right2	Group (1)/right2	978805	Under_01	left3	0	0	0	0
Assets/Scenes/Hornet/Under_27.unity	11879	2026	right1	Group (1)/right1	978853	Under_01	left2	0	0	0	0
Assets/Scenes/Hornet/Ward_01.unity	7522	70	left3	left3	401909	Ward_02	right1	0	0	0	0
Assets/Scenes/Hornet/Ward_01.unity	7523	414	right3	right3	401957	Ward_05	left1	0	0	0	0
Assets/Scenes/Hornet/Ward_01.unity	7524	441	left1	left1	402005	Song_05	right3	0	0	0	0
Assets/Scenes/Hornet/Ward_01.unity	7525	862	left2	left2	402053	Ward_02b	right1	0	0	0	0
Assets/Scenes/Hornet/Ward_01.unity	7526	1128	right2	right2	402101	Ward_04	left1	0	0	0	0
Assets/Scenes/Hornet/Ward_01.unity	7527	1449	right1	right1	402149	Ward_03	left1	0	0	0	0
Assets/Scenes/Hornet/Ward_02.unity	8579	302	right1	right1	743821	Ward_01	left3	0	0	0	0
Assets/Scenes/Hornet/Ward_02.unity	8580	1370	bot1	bot1	743869	Under_08	top1	0	0	1	0
Assets/Scenes/Hornet/Ward_02.unity	8581	1421	top1	top1	743917	Ward_02b	bot1	0	0	0	0
Assets/Scenes/Hornet/Ward_02.unity	8582	2107	door_cinematicEnd	Boss Scene Parent/Silk Heart Memory Return/door_cinematicEnd	743965			0	0	0	1
Assets/Scenes/Hornet/Ward_02b.unity	6956	134	bot1	bot1	662009	Ward_02	top1	0	0	0	0
Assets/Scenes/Hornet/Ward_02b.unity	6957	1055	right1	right1	662057	Ward_01	left2	0	0	0	0
Assets/Scenes/Hornet/Ward_03.unity	12135	367	door1	Sherma_Door_Open/Open/door1	913102	Ward_09	left1	1	0	0	0
Assets/Scenes/Hornet/Ward_03.unity	12136	359	bot1	bot1	913150	Ward_06	top1	0	0	0	0
Assets/Scenes/Hornet/Ward_03.unity	12137	495	left1	left1	913198	Ward_01	right1	0	0	0	0
Assets/Scenes/Hornet/Ward_03.unity	12138	736	top1	top1	913246	Ward_07	bot1	0	0	0	0
Assets/Scenes/Hornet/Ward_04.unity	1848	288	left1	left1	158494	Ward_01	right2	0	0	0	0
Assets/Scenes/Hornet/Ward_05.unity	4616	401	left1	left1	320832	Ward_01	right3	0	0	0	0
Assets/Scenes/Hornet/Ward_06.unity	2561	59	top1	top1	198969	Ward_03	bot1	0	0	0	0
Assets/Scenes/Hornet/Ward_06.unity	2562	387	bot1	bot1	199017	Under_17	top1	0	0	0	0
Assets/Scenes/Hornet/Ward_07.unity	5122	83	bot1	Group/bot1	453476	Ward_03	top1	0	0	0	0
Assets/Scenes/Hornet/Ward_09.unity	4053	527	left1	left1	453091	Ward_03	door1	0	0	0	0
Assets/Scenes/Hornet/Weave_02.unity	6149	32	left3	left3	516252	Weave_11	right1	0	0	0	0
Assets/Scenes/Hornet/Weave_02.unity	6150	91	left4	left4	516300	Weave_07	right1	0	0	0	0
Assets/Scenes/Hornet/Weave_02.unity	6151	277	right3	right3	516348	Weave_10	left1	0	0	0	0
Assets/Scenes/Hornet/Weave_02.unity	6152	599	right1	right1	516396	Weave_12	left1	0	0	0	0
Assets/Scenes/Hornet/Weave_02.unity	6153	830	right2	right2	516444	Weave_13	left1	0	0	0	0
Assets/Scenes/Hornet/Weave_02.unity	6154	852	left2	left2	516492	Weave_04	right2	0	0	0	0
Assets/Scenes/Hornet/Weave_03.unity	15553	1692	right1	right1	1375126	Weave_07	left1	0	0	0	0
Assets/Scenes/Hornet/Weave_04.unity	2668	128	right2	right2	178169	Weave_02	left2	0	0	0	0
Assets/Scenes/Hornet/Weave_04.unity	2669	418	left1	left1	178217	Tut_01b	right1	0	0	0	0
Assets/Scenes/Hornet/Weave_05b.unity	5226	481	left1	left1	524364	Weave_08	right1	0	0	0	0
Assets/Scenes/Hornet/Weave_07.unity	2648	84	right1	right1	169524	Weave_02	left4	0	0	0	0
Assets/Scenes/Hornet/Weave_07.unity	2649	283	left1	left1	169572	Weave_03	right1	0	0	0	0
Assets/Scenes/Hornet/Weave_08.unity	13511	102	left1	left1	1263609	Weave_13	right1	0	0	0	0
Assets/Scenes/Hornet/Weave_08.unity	13512	139	right1	right1	1263657	Weave_05b	left1	0	0	0	0
Assets/Scenes/Hornet/Weave_10.unity	3343	157	left1	left1	257272	Weave_02	right3	0	0	0	0
Assets/Scenes/Hornet/Weave_11.unity	4912	487	right1	right1	363568	Weave_02	left3	0	0	0	0
Assets/Scenes/Hornet/Weave_11.unity	4913	539	top1	top1	363616	Weave_14	bot1	0	0	0	0
Assets/Scenes/Hornet/Weave_12.unity	2152	65	left1	left1	183828	Weave_02	right1	0	0	0	0
Assets/Scenes/Hornet/Weave_13.unity	1828	87	left1	left1	119546	Weave_02	right2	0	0	0	0
Assets/Scenes/Hornet/Weave_13.unity	1829	329	right1	right1	119594	Weave_08	left1	0	0	0	0
Assets/Scenes/Hornet/Weave_14.unity	1923	316	bot1	bot1	116798	Weave_11	top1	0	0	0	0
Assets/Scenes/Hornet/Wisp_02.unity	10956	262	top1	top1	1159336	Wisp_05	bot1	0	0	0	0
Assets/Scenes/Hornet/Wisp_02.unity	10957	843	right1	right1	1159384	Wisp_04	left1	0	0	0	0
Assets/Scenes/Hornet/Wisp_02.unity	10958	995	left1	left1	1159432	Belltown_08	right1	0	0	0	0
Assets/Scenes/Hornet/Wisp_03.unity	7654	327	door1	bell bits/door1	554940	Belltown_Room_doctor	left1	1	0	0	1
Assets/Scenes/Hornet/Wisp_03.unity	7655	703	top1	top1	554988	Wisp_06	bot1	0	0	0	0
Assets/Scenes/Hornet/Wisp_03.unity	7656	1122	right1	Group/right1	555036	Greymoor_06	left1	0	0	0	0
Assets/Scenes/Hornet/Wisp_04.unity	3880	49	left1	left1	308832	Wisp_02	right1	0	0	0	0
Assets/Scenes/Hornet/Wisp_04.unity	3881	106	right1	right1	308880	Wisp_08	left1	0	0	0	0
Assets/Scenes/Hornet/Wisp_04.unity	3882	642	bot1	bot1	308928	Greymoor_06	top1	0	0	1	0
Assets/Scenes/Hornet/Wisp_05.unity	3655	228	bot1	bot1	222601	Wisp_02	top1	0	0	0	0
Assets/Scenes/Hornet/Wisp_05.unity	3656	234	left1	left1	222649	Wisp_09	right1	0	0	0	0
Assets/Scenes/Hornet/Wisp_06.unity	1323	28	bot1	bot1	119261	Wisp_03	top1	0	0	0	0
Assets/Scenes/Hornet/Wisp_07.unity	10065	1009	left1	left1	979671	Wisp_08	right1	0	0	0	0
Assets/Scenes/Hornet/Wisp_08.unity	5964	505	left1	left1	491206	Wisp_04	right1	0	0	0	0
Assets/Scenes/Hornet/Wisp_08.unity	5965	801	right1	right1	491254	Wisp_07	left1	0	0	0	0
Assets/Scenes/Hornet/Wisp_09.unity	3314	48	right1	right1	172050	Wisp_05	left1	0	0	0	0
Assets/Scenes/Hornet/Wisp_09.unity	3315	266	top1	top1	172098	Under_23	bot1	0	0	0	0
