source	meta_execution_order	declared_default_execution_order
Assets/Editor/GameResearch/Tk2dTileMapRuntimeDemoMenu.cs	0	
Assets/PlayMaker/Actions/ActionHelpers.cs	0	
Assets/PlayMaker/Actions/AnimateVariables/AnimateColor.cs	0	
Assets/PlayMaker/Actions/AnimateVariables/AnimateFloat.cs	0	
Assets/PlayMaker/Actions/AnimateVariables/AnimateFloatV2.cs	0	
Assets/PlayMaker/Actions/AnimateVariables/AnimateFsmAction.cs	0	
Assets/PlayMaker/Actions/AnimateVariables/AnimateRect.cs	0	
Assets/PlayMaker/Actions/AnimateVariables/AnimateVector3.cs	0	
Assets/PlayMaker/Actions/AnimateVariables/CurveColor.cs	0	
Assets/PlayMaker/Actions/AnimateVariables/CurveFloat.cs	0	
Assets/PlayMaker/Actions/AnimateVariables/CurveFsmAction.cs	0	
Assets/PlayMaker/Actions/AnimateVariables/CurveRect.cs	0	
Assets/PlayMaker/Actions/AnimateVariables/CurveVector3.cs	0	
Assets/PlayMaker/Actions/AnimateVariables/EaseColor.cs	0	
Assets/PlayMaker/Actions/AnimateVariables/EaseFloat.cs	0	
Assets/PlayMaker/Actions/AnimateVariables/EaseFsmAction.cs	0	
Assets/PlayMaker/Actions/AnimateVariables/EaseRect.cs	0	
Assets/PlayMaker/Actions/AnimateVariables/EaseVector3.cs	0	
Assets/PlayMaker/Actions/Animation/AddAnimationClip.cs	0	
Assets/PlayMaker/Actions/Animation/AddMixingTransform.cs	0	
Assets/PlayMaker/Actions/Animation/AnimationSettings.cs	0	
Assets/PlayMaker/Actions/Animation/BaseAnimationAction.cs	0	
Assets/PlayMaker/Actions/Animation/BlendAnimation.cs	0	
Assets/PlayMaker/Actions/Animation/CapturePoseAsAnimationClip.cs	0	
Assets/PlayMaker/Actions/Animation/EnableAnimation.cs	0	
Assets/PlayMaker/Actions/Animation/PlayAnimation.cs	0	
Assets/PlayMaker/Actions/Animation/PlayRandomAnimation.cs	0	
Assets/PlayMaker/Actions/Animation/RemoveMixingTransform.cs	0	
Assets/PlayMaker/Actions/Animation/RewindAnimation.cs	0	
Assets/PlayMaker/Actions/Animation/SetAnimationSpeed.cs	0	
Assets/PlayMaker/Actions/Animation/SetAnimationTime.cs	0	
Assets/PlayMaker/Actions/Animation/SetAnimationWeight.cs	0	
Assets/PlayMaker/Actions/Animation/StopAnimation.cs	0	
Assets/PlayMaker/Actions/Animator/AnimatorCrossFade.cs	0	
Assets/PlayMaker/Actions/Animator/AnimatorInterruptMatchTarget.cs	0	
Assets/PlayMaker/Actions/Animator/AnimatorMatchTarget.cs	0	
Assets/PlayMaker/Actions/Animator/AnimatorPlay.cs	0	
Assets/PlayMaker/Actions/Animator/AnimatorStartPlayback.cs	0	
Assets/PlayMaker/Actions/Animator/AnimatorStartRecording.cs	0	
Assets/PlayMaker/Actions/Animator/AnimatorStopPlayback.cs	0	
Assets/PlayMaker/Actions/Animator/AnimatorStopRecording.cs	0	
Assets/PlayMaker/Actions/Animator/BaseClasses/AnimatorFrameUpdateSelector.cs	0	
Assets/PlayMaker/Actions/Animator/Editor/BaseClasses/OnAnimatorUpdateActionEditorBase.cs	0	
Assets/PlayMaker/Actions/Animator/Editor/GetAnimatorAnimatorRootActionEditor.cs	0	
Assets/PlayMaker/Actions/Animator/Editor/GetAnimatorBodyActionEditor.cs	0	
Assets/PlayMaker/Actions/Animator/Editor/GetAnimatorBoneGameObjectActionEditor.cs	0	
Assets/PlayMaker/Actions/Animator/Editor/GetAnimatorBoolActionEditor.cs	0	
Assets/PlayMaker/Actions/Animator/Editor/GetAnimatorCurrentStateInfoActionEditor.cs	0	
Assets/PlayMaker/Actions/Animator/Editor/GetAnimatorCurrentStateInfoIsNameActionEditor.cs	0	
Assets/PlayMaker/Actions/Animator/Editor/GetAnimatorCurrentStateInfoIsTagActionEditor.cs	0	
Assets/PlayMaker/Actions/Animator/Editor/GetAnimatorCurrentTransitionInfoActionEditor.cs	0	
Assets/PlayMaker/Actions/Animator/Editor/GetAnimatorCurrentTransitionInfoIsNameActionEditor.cs	0	
Assets/PlayMaker/Actions/Animator/Editor/GetAnimatorCurrentTransitionInfoIsUserNameActionEditor.cs	0	
Assets/PlayMaker/Actions/Animator/Editor/GetAnimatorDeltaActionEditor.cs	0	
Assets/PlayMaker/Actions/Animator/Editor/GetAnimatorFloatActionEditor.cs	0	
Assets/PlayMaker/Actions/Animator/Editor/GetAnimatorGravityWeightActionEditor.cs	0	
Assets/PlayMaker/Actions/Animator/Editor/GetAnimatorIKGoalActionEditor.cs	0	
Assets/PlayMaker/Actions/Animator/Editor/GetAnimatorIntActionEditor.cs	0	
Assets/PlayMaker/Actions/Animator/Editor/GetAnimatorIsLayerInTransitionActionEditor.cs	0	
Assets/PlayMaker/Actions/Animator/Editor/GetAnimatorIsMatchingTargetActionEditor.cs	0	
Assets/PlayMaker/Actions/Animator/Editor/GetAnimatorLayerWeightActionEditor.cs	0	
Assets/PlayMaker/Actions/Animator/Editor/GetAnimatorNextStateInfoActionEditor.cs	0	
Assets/PlayMaker/Actions/Animator/Editor/GetAnimatorPivotActionEditor.cs	0	
Assets/PlayMaker/Actions/Animator/Editor/GetAnimatorSpeedActionEditor.cs	0	
Assets/PlayMaker/Actions/Animator/Editor/GetAnimatorTargetActionEditor.cs	0	
Assets/PlayMaker/Actions/Animator/Editor/SetAnimatorBoolActionEditor.cs	0	
Assets/PlayMaker/Actions/Animator/Editor/SetAnimatorFloatActionEditor.cs	0	
Assets/PlayMaker/Actions/Animator/Editor/SetAnimatorIntActionEditor.cs	0	
Assets/PlayMaker/Actions/Animator/GetAnimatorApplyRootMotion.cs	0	
Assets/PlayMaker/Actions/Animator/GetAnimatorBody.cs	0	
Assets/PlayMaker/Actions/Animator/GetAnimatorBoneGameObject.cs	0	
Assets/PlayMaker/Actions/Animator/GetAnimatorBool.cs	0	
Assets/PlayMaker/Actions/Animator/GetAnimatorCullingMode.cs	0	
Assets/PlayMaker/Actions/Animator/GetAnimatorCurrentStateInfo.cs	0	
Assets/PlayMaker/Actions/Animator/GetAnimatorCurrentStateInfoIsName.cs	0	
Assets/PlayMaker/Actions/Animator/GetAnimatorCurrentStateInfoIsTag.cs	0	
Assets/PlayMaker/Actions/Animator/GetAnimatorCurrentTransitionInfo.cs	0	
Assets/PlayMaker/Actions/Animator/GetAnimatorCurrentTransitionInfoIsName.cs	0	
Assets/PlayMaker/Actions/Animator/GetAnimatorCurrentTransitionInfoIsUserName.cs	0	
Assets/PlayMaker/Actions/Animator/GetAnimatorDelta.cs	0	
Assets/PlayMaker/Actions/Animator/GetAnimatorFeetPivotActive.cs	0	
Assets/PlayMaker/Actions/Animator/GetAnimatorFloat.cs	0	
Assets/PlayMaker/Actions/Animator/GetAnimatorGravityWeight.cs	0	
Assets/PlayMaker/Actions/Animator/GetAnimatorHumanScale.cs	0	
Assets/PlayMaker/Actions/Animator/GetAnimatorIKGoal.cs	0	
Assets/PlayMaker/Actions/Animator/GetAnimatorInt.cs	0	
Assets/PlayMaker/Actions/Animator/GetAnimatorIsHuman.cs	0	
Assets/PlayMaker/Actions/Animator/GetAnimatorIsLayerInTransition.cs	0	
Assets/PlayMaker/Actions/Animator/GetAnimatorIsMatchingTarget.cs	0	
Assets/PlayMaker/Actions/Animator/GetAnimatorIsParameterControlledByCurve.cs	0	
Assets/PlayMaker/Actions/Animator/GetAnimatorLayerCount.cs	0	
Assets/PlayMaker/Actions/Animator/GetAnimatorLayerName.cs	0	
Assets/PlayMaker/Actions/Animator/GetAnimatorLayerWeight.cs	0	
Assets/PlayMaker/Actions/Animator/GetAnimatorLayersAffectMassCenter.cs	0	
Assets/PlayMaker/Actions/Animator/GetAnimatorLeftFootBottomHeight.cs	0	
Assets/PlayMaker/Actions/Animator/GetAnimatorNextStateInfo.cs	0	
Assets/PlayMaker/Actions/Animator/GetAnimatorPivot.cs	0	
Assets/PlayMaker/Actions/Animator/GetAnimatorPlayBackSpeed.cs	0	
Assets/PlayMaker/Actions/Animator/GetAnimatorPlaybackTime.cs	0	
Assets/PlayMaker/Actions/Animator/GetAnimatorRightFootBottomHeight.cs	0	
Assets/PlayMaker/Actions/Animator/GetAnimatorRoot.cs	0	
Assets/PlayMaker/Actions/Animator/GetAnimatorSpeed.cs	0	
Assets/PlayMaker/Actions/Animator/GetAnimatorTarget.cs	0	
Assets/PlayMaker/Actions/Animator/NavMeshAgentAnimatorSynchronizer.cs	0	
Assets/PlayMaker/Actions/Animator/SetAnimatorApplyRootMotion.cs	0	
Assets/PlayMaker/Actions/Animator/SetAnimatorBody.cs	0	
Assets/PlayMaker/Actions/Animator/SetAnimatorBool.cs	0	
Assets/PlayMaker/Actions/Animator/SetAnimatorCullingMode.cs	0	
Assets/PlayMaker/Actions/Animator/SetAnimatorFeetPivotActive.cs	0	
Assets/PlayMaker/Actions/Animator/SetAnimatorFloat.cs	0	
Assets/PlayMaker/Actions/Animator/SetAnimatorIKGoal.cs	0	
Assets/PlayMaker/Actions/Animator/SetAnimatorInt.cs	0	
Assets/PlayMaker/Actions/Animator/SetAnimatorLayerWeight.cs	0	
Assets/PlayMaker/Actions/Animator/SetAnimatorLayersAffectMassCenter.cs	0	
Assets/PlayMaker/Actions/Animator/SetAnimatorLookAt.cs	0	
Assets/PlayMaker/Actions/Animator/SetAnimatorPlayBackSpeed.cs	0	
Assets/PlayMaker/Actions/Animator/SetAnimatorPlaybackTime.cs	0	
Assets/PlayMaker/Actions/Animator/SetAnimatorSpeed.cs	0	
Assets/PlayMaker/Actions/Animator/SetAnimatorStabilizeFeet.cs	0	
Assets/PlayMaker/Actions/Animator/SetAnimatorTarget.cs	0	
Assets/PlayMaker/Actions/Animator/SetAnimatorTrigger.cs	0	
Assets/PlayMaker/Actions/Animator/SyncAnimatorBoolToState.cs	0	
Assets/PlayMaker/Actions/Application/ApplicationQuit.cs	0	
Assets/PlayMaker/Actions/Application/ApplicationRunInBackground.cs	0	
Assets/PlayMaker/Actions/Application/GetScreenHeight.cs	0	
Assets/PlayMaker/Actions/Application/GetScreenWidth.cs	0	
Assets/PlayMaker/Actions/Application/SetScreenResolution.cs	0	
Assets/PlayMaker/Actions/Application/TakeScreenshot.cs	0	
Assets/PlayMaker/Actions/Array/ArrayAdd.cs	0	
Assets/PlayMaker/Actions/Array/ArrayAddRange.cs	0	
Assets/PlayMaker/Actions/Array/ArrayClear.cs	0	
Assets/PlayMaker/Actions/Array/ArrayCompare.cs	0	
Assets/PlayMaker/Actions/Array/ArrayContains.cs	0	
Assets/PlayMaker/Actions/Array/ArrayDeleteAt.cs	0	
Assets/PlayMaker/Actions/Array/ArrayForEach.cs	0	
Assets/PlayMaker/Actions/Array/ArrayGet.cs	0	
Assets/PlayMaker/Actions/Array/ArrayGetNext.cs	0	
Assets/PlayMaker/Actions/Array/ArrayGetRandom.cs	0	
Assets/PlayMaker/Actions/Array/ArrayInsert.cs	0	
Assets/PlayMaker/Actions/Array/ArrayLength.cs	0	
Assets/PlayMaker/Actions/Array/ArrayRemove.cs	0	
Assets/PlayMaker/Actions/Array/ArrayRemoveAll.cs	0	
Assets/PlayMaker/Actions/Array/ArrayResize.cs	0	
Assets/PlayMaker/Actions/Array/ArrayReverse.cs	0	
Assets/PlayMaker/Actions/Array/ArraySet.cs	0	
Assets/PlayMaker/Actions/Array/ArrayShuffle.cs	0	
Assets/PlayMaker/Actions/Array/ArraySort.cs	0	
Assets/PlayMaker/Actions/Array/ArrayTransferValue.cs	0	
Assets/PlayMaker/Actions/Array/FsmArraySet.cs	0	
Assets/PlayMaker/Actions/Array/GetFsmArray.cs	0	
Assets/PlayMaker/Actions/Array/GetFsmArrayItem.cs	0	
Assets/PlayMaker/Actions/Array/SetFsmArray.cs	0	
Assets/PlayMaker/Actions/Array/SetFsmArrayItem.cs	0	
Assets/PlayMaker/Actions/Audio/AudioMute.cs	0	
Assets/PlayMaker/Actions/Audio/AudioPause.cs	0	
Assets/PlayMaker/Actions/Audio/AudioPlay.cs	0	
Assets/PlayMaker/Actions/Audio/AudioStop.cs	0	
Assets/PlayMaker/Actions/Audio/PlayRandomSound.cs	0	
Assets/PlayMaker/Actions/Audio/PlaySound.cs	0	
Assets/PlayMaker/Actions/Audio/SetAudioClip.cs	0	
Assets/PlayMaker/Actions/Audio/SetAudioLoop.cs	0	
Assets/PlayMaker/Actions/Audio/SetAudioPitch.cs	0	
Assets/PlayMaker/Actions/Audio/SetAudioVolume.cs	0	
Assets/PlayMaker/Actions/Audio/SetGameVolume.cs	0	
Assets/PlayMaker/Actions/BaseUpdateAction.cs	0	
Assets/PlayMaker/Actions/Camera/CameraFadeIn.cs	0	
Assets/PlayMaker/Actions/Camera/CameraFadeOut.cs	0	
Assets/PlayMaker/Actions/Camera/ClampOrthographicView.cs	0	
Assets/PlayMaker/Actions/Camera/CutToCamera.cs	0	
Assets/PlayMaker/Actions/Camera/GetMainCamera.cs	0	
Assets/PlayMaker/Actions/Camera/ScreenToWorldPoint.cs	0	
Assets/PlayMaker/Actions/Camera/SetBackgroundColor.cs	0	
Assets/PlayMaker/Actions/Camera/SetCameraCullingMask.cs	0	
Assets/PlayMaker/Actions/Camera/SetCameraFOV.cs	0	
Assets/PlayMaker/Actions/Camera/SetMainCamera.cs	0	
Assets/PlayMaker/Actions/Camera/WorldToScreenPoint.cs	0	
Assets/PlayMaker/Actions/Character/ControllerCheckHeight.cs	0	
Assets/PlayMaker/Actions/Character/ControllerCrouch.cs	0	
Assets/PlayMaker/Actions/Character/ControllerIsGrounded.cs	0	
Assets/PlayMaker/Actions/Character/ControllerJump.cs	0	
Assets/PlayMaker/Actions/Character/ControllerMove.cs	0	
Assets/PlayMaker/Actions/Character/ControllerMoveInAir.cs	0	
Assets/PlayMaker/Actions/Character/ControllerSettings.cs	0	
Assets/PlayMaker/Actions/Character/ControllerSimpleMove.cs	0	
Assets/PlayMaker/Actions/Character/GetControllerCollisionFlags.cs	0	
Assets/PlayMaker/Actions/Character/GetControllerHitInfo.cs	0	
Assets/PlayMaker/Actions/Character/GetControllerVelocity.cs	0	
Assets/PlayMaker/Actions/Color/ColorInterpolate.cs	0	
Assets/PlayMaker/Actions/Color/ColorRamp.cs	0	
Assets/PlayMaker/Actions/Color/GetColorRGBA.cs	0	
Assets/PlayMaker/Actions/Color/SelectRandomColor.cs	0	
Assets/PlayMaker/Actions/Color/SetColorRGBA.cs	0	
Assets/PlayMaker/Actions/Color/SetColorValue.cs	0	
Assets/PlayMaker/Actions/ComponentAction.cs	0	
Assets/PlayMaker/Actions/Convert/ConvertBoolToColor.cs	0	
Assets/PlayMaker/Actions/Convert/ConvertBoolToFloat.cs	0	
Assets/PlayMaker/Actions/Convert/ConvertBoolToInt.cs	0	
Assets/PlayMaker/Actions/Convert/ConvertBoolToString.cs	0	
Assets/PlayMaker/Actions/Convert/ConvertEnumToString.cs	0	
Assets/PlayMaker/Actions/Convert/ConvertFloatToInt.cs	0	
Assets/PlayMaker/Actions/Convert/ConvertFloatToString.cs	0	
Assets/PlayMaker/Actions/Convert/ConvertIntToFloat.cs	0	
Assets/PlayMaker/Actions/Convert/ConvertIntToString.cs	0	
Assets/PlayMaker/Actions/Convert/ConvertMaterialToObject.cs	0	
Assets/PlayMaker/Actions/Convert/ConvertSecondsToString.cs	0	
Assets/PlayMaker/Actions/Convert/ConvertStringToInt.cs	0	
Assets/PlayMaker/Actions/Convert/ConvertVector2ToVector3.cs	0	
Assets/PlayMaker/Actions/Debug/Assert.cs	0	
Assets/PlayMaker/Actions/Debug/BaseLogAction.cs	0	
Assets/PlayMaker/Actions/Debug/Comment.cs	0	
Assets/PlayMaker/Actions/Debug/DebugBool.cs	0	
Assets/PlayMaker/Actions/Debug/DebugDrawShape.cs	0	
Assets/PlayMaker/Actions/Debug/DebugEnum.cs	0	
Assets/PlayMaker/Actions/Debug/DebugFloat.cs	0	
Assets/PlayMaker/Actions/Debug/DebugFsmVariable.cs	0	
Assets/PlayMaker/Actions/Debug/DebugGameObject.cs	0	
Assets/PlayMaker/Actions/Debug/DebugInt.cs	0	
Assets/PlayMaker/Actions/Debug/DebugLog.cs	0	
Assets/PlayMaker/Actions/Debug/DebugObject.cs	0	
Assets/PlayMaker/Actions/Debug/DebugVector3.cs	0	
Assets/PlayMaker/Actions/Debug/DrawDebugLine.cs	0	
Assets/PlayMaker/Actions/Debug/DrawDebugRay.cs	0	
Assets/PlayMaker/Actions/Debug/DrawStateLabel.cs	0	
Assets/PlayMaker/Actions/Debug/Editor/CommentEditor.cs	0	
Assets/PlayMaker/Actions/Device/DetectDeviceOrientation.cs	0	
Assets/PlayMaker/Actions/Device/DeviceOrientationEvent.cs	0	
Assets/PlayMaker/Actions/Device/DevicePlayFullScreenMovie.cs	0	
Assets/PlayMaker/Actions/Device/DeviceShakeEvent.cs	0	
Assets/PlayMaker/Actions/Device/DeviceVibrate.cs	0	
Assets/PlayMaker/Actions/Device/GetDeviceAcceleration.cs	0	
Assets/PlayMaker/Actions/Device/GetDeviceRoll.cs	0	
Assets/PlayMaker/Actions/Device/GetIPhoneSettings.cs	0	
Assets/PlayMaker/Actions/Device/GetLocationInfo.cs	0	
Assets/PlayMaker/Actions/Device/GetTouchCount.cs	0	
Assets/PlayMaker/Actions/Device/GetTouchInfo.cs	0	
Assets/PlayMaker/Actions/Device/ProjectLocationToMap.cs	0	
Assets/PlayMaker/Actions/Device/StartLocationServiceUpdates.cs	0	
Assets/PlayMaker/Actions/Device/StopLocationServiceUpdates.cs	0	
Assets/PlayMaker/Actions/Device/SwipeGestureEvent.cs	0	
Assets/PlayMaker/Actions/Device/TouchEvent.cs	0	
Assets/PlayMaker/Actions/Device/TouchGUIEvent.cs	0	
Assets/PlayMaker/Actions/Device/TouchObjectEvent.cs	0	
Assets/PlayMaker/Actions/EaseEditor.cs	0	
Assets/PlayMaker/Actions/EasingFunction.cs	0	
Assets/PlayMaker/Actions/Editor/CallMethodEditor.cs	0	
Assets/PlayMaker/Actions/Editor/GetDistanceEditor.cs	0	
Assets/PlayMaker/Actions/Editor/LookAtActionEditor.cs	0	
Assets/PlayMaker/Actions/Editor/MoveTowardsActionEditor.cs	0	
Assets/PlayMaker/Actions/Editor/PlayMakerEventProxyEditor.cs	0	
Assets/PlayMaker/Actions/Editor/RunFsmEditor.cs	0	
Assets/PlayMaker/Actions/Editor/SetCameraFOVActionEditor.cs	0	
Assets/PlayMaker/Actions/Editor/SetPropertyEditor.cs	0	
Assets/PlayMaker/Actions/Effects/Blink.cs	0	
Assets/PlayMaker/Actions/Effects/Flicker.cs	0	
Assets/PlayMaker/Actions/Effects/ParticleSystemPlay.cs	0	
Assets/PlayMaker/Actions/Enum/SetEnumValue.cs	0	
Assets/PlayMaker/Actions/GUI/DrawFullscreenColor.cs	0	
Assets/PlayMaker/Actions/GUI/DrawTexture.cs	0	
Assets/PlayMaker/Actions/GUI/EnableGUI.cs	0	
Assets/PlayMaker/Actions/GUI/GUIAction.cs	0	
Assets/PlayMaker/Actions/GUI/GUIBox.cs	0	
Assets/PlayMaker/Actions/GUI/GUIButton.cs	0	
Assets/PlayMaker/Actions/GUI/GUIContentAction.cs	0	
Assets/PlayMaker/Actions/GUI/GUIElementHitTest.cs	0	
Assets/PlayMaker/Actions/GUI/GUIHorizontalSlider.cs	0	
Assets/PlayMaker/Actions/GUI/GUILabel.cs	0	
Assets/PlayMaker/Actions/GUI/GUITooltip.cs	0	
Assets/PlayMaker/Actions/GUI/GUIVerticalSlider.cs	0	
Assets/PlayMaker/Actions/GUI/ResetGUIMatrix.cs	0	
Assets/PlayMaker/Actions/GUI/RotateGUI.cs	0	
Assets/PlayMaker/Actions/GUI/ScaleGUI.cs	0	
Assets/PlayMaker/Actions/GUI/SetGUIAlpha.cs	0	
Assets/PlayMaker/Actions/GUI/SetGUIBackgroundColor.cs	0	
Assets/PlayMaker/Actions/GUI/SetGUIColor.cs	0	
Assets/PlayMaker/Actions/GUI/SetGUIContentColor.cs	0	
Assets/PlayMaker/Actions/GUI/SetGUIDepth.cs	0	
Assets/PlayMaker/Actions/GUI/SetGUISkin.cs	0	
Assets/PlayMaker/Actions/GUI/SetMouseCursor.cs	0	
Assets/PlayMaker/Actions/GUIElement/SetGUIText.cs	0	
Assets/PlayMaker/Actions/GUIElement/SetGUITexture.cs	0	
Assets/PlayMaker/Actions/GUIElement/SetGUITextureAlpha.cs	0	
Assets/PlayMaker/Actions/GUIElement/SetGUITextureColor.cs	0	
Assets/PlayMaker/Actions/GUILayout/GUILayoutAction.cs	0	
Assets/PlayMaker/Actions/GUILayout/GUILayoutBeginArea.cs	0	
Assets/PlayMaker/Actions/GUILayout/GUILayoutBeginAreaFollowObject.cs	0	
Assets/PlayMaker/Actions/GUILayout/GUILayoutBeginCentered.cs	0	
Assets/PlayMaker/Actions/GUILayout/GUILayoutBeginHorizontal.cs	0	
Assets/PlayMaker/Actions/GUILayout/GUILayoutBeginScrollView.cs	0	
Assets/PlayMaker/Actions/GUILayout/GUILayoutBeginVertical.cs	0	
Assets/PlayMaker/Actions/GUILayout/GUILayoutBox.cs	0	
Assets/PlayMaker/Actions/GUILayout/GUILayoutButton.cs	0	
Assets/PlayMaker/Actions/GUILayout/GUILayoutConfirmPasswordField.cs	0	
Assets/PlayMaker/Actions/GUILayout/GUILayoutEmailField.cs	0	
Assets/PlayMaker/Actions/GUILayout/GUILayoutEndArea.cs	0	
Assets/PlayMaker/Actions/GUILayout/GUILayoutEndCentered.cs	0	
Assets/PlayMaker/Actions/GUILayout/GUILayoutEndHorizontal.cs	0	
Assets/PlayMaker/Actions/GUILayout/GUILayoutEndScrollView.cs	0	
Assets/PlayMaker/Actions/GUILayout/GUILayoutEndVertical.cs	0	
Assets/PlayMaker/Actions/GUILayout/GUILayoutFlexibleSpace.cs	0	
Assets/PlayMaker/Actions/GUILayout/GUILayoutFloatField.cs	0	
Assets/PlayMaker/Actions/GUILayout/GUILayoutFloatLabel.cs	0	
Assets/PlayMaker/Actions/GUILayout/GUILayoutHorizontalSlider.cs	0	
Assets/PlayMaker/Actions/GUILayout/GUILayoutIntField.cs	0	
Assets/PlayMaker/Actions/GUILayout/GUILayoutIntLabel.cs	0	
Assets/PlayMaker/Actions/GUILayout/GUILayoutLabel.cs	0	
Assets/PlayMaker/Actions/GUILayout/GUILayoutPasswordField.cs	0	
Assets/PlayMaker/Actions/GUILayout/GUILayoutRepeatButton.cs	0	
Assets/PlayMaker/Actions/GUILayout/GUILayoutSelectionGrid.cs	0	
Assets/PlayMaker/Actions/GUILayout/GUILayoutSpace.cs	0	
Assets/PlayMaker/Actions/GUILayout/GUILayoutTextField.cs	0	
Assets/PlayMaker/Actions/GUILayout/GUILayoutTextLabel.cs	0	
Assets/PlayMaker/Actions/GUILayout/GUILayoutToggle.cs	0	
Assets/PlayMaker/Actions/GUILayout/GUILayoutToolbar.cs	0	
Assets/PlayMaker/Actions/GUILayout/GUILayoutVerticalSlider.cs	0	
Assets/PlayMaker/Actions/GUILayout/UseGUILayout.cs	0	
Assets/PlayMaker/Actions/GameObject/ActivateGameObject.cs	0	
Assets/PlayMaker/Actions/GameObject/ActivateSolo.cs	0	
Assets/PlayMaker/Actions/GameObject/AddComponent.cs	0	
Assets/PlayMaker/Actions/GameObject/CreateEmptyObject.cs	0	
Assets/PlayMaker/Actions/GameObject/CreateNewGameObject.cs	0	
Assets/PlayMaker/Actions/GameObject/CreateObject.cs	0	
Assets/PlayMaker/Actions/GameObject/DeactivateSelf.cs	0	
Assets/PlayMaker/Actions/GameObject/DestroyComponent.cs	0	
Assets/PlayMaker/Actions/GameObject/DestroyObject.cs	0	
Assets/PlayMaker/Actions/GameObject/DestroyObjects.cs	0	
Assets/PlayMaker/Actions/GameObject/DestroySelf.cs	0	
Assets/PlayMaker/Actions/GameObject/DetachChildren.cs	0	
Assets/PlayMaker/Actions/GameObject/FindChild.cs	0	
Assets/PlayMaker/Actions/GameObject/FindClosest.cs	0	
Assets/PlayMaker/Actions/GameObject/FindGameObject.cs	0	
Assets/PlayMaker/Actions/GameObject/GetChild.cs	0	
Assets/PlayMaker/Actions/GameObject/GetChildCount.cs	0	
Assets/PlayMaker/Actions/GameObject/GetChildNum.cs	0	
Assets/PlayMaker/Actions/GameObject/GetDistance.cs	0	
Assets/PlayMaker/Actions/GameObject/GetDistanceXYZ.cs	0	
Assets/PlayMaker/Actions/GameObject/GetLayer.cs	0	
Assets/PlayMaker/Actions/GameObject/GetName.cs	0	
Assets/PlayMaker/Actions/GameObject/GetNextChild.cs	0	
Assets/PlayMaker/Actions/GameObject/GetOwner.cs	0	
Assets/PlayMaker/Actions/GameObject/GetParent.cs	0	
Assets/PlayMaker/Actions/GameObject/GetRandomChild.cs	0	
Assets/PlayMaker/Actions/GameObject/GetRandomObject.cs	0	
Assets/PlayMaker/Actions/GameObject/GetRoot.cs	0	
Assets/PlayMaker/Actions/GameObject/GetTag.cs	0	
Assets/PlayMaker/Actions/GameObject/GetTagCount.cs	0	
Assets/PlayMaker/Actions/GameObject/GetTransform.cs	0	
Assets/PlayMaker/Actions/GameObject/HasComponent.cs	0	
Assets/PlayMaker/Actions/GameObject/SelectRandomGameObject.cs	0	
Assets/PlayMaker/Actions/GameObject/SetGameObject.cs	0	
Assets/PlayMaker/Actions/GameObject/SetLayer.cs	0	
Assets/PlayMaker/Actions/GameObject/SetName.cs	0	
Assets/PlayMaker/Actions/GameObject/SetParent.cs	0	
Assets/PlayMaker/Actions/GameObject/SetTag.cs	0	
Assets/PlayMaker/Actions/GameObject/SetTagsOnChildren.cs	0	
Assets/PlayMaker/Actions/Gamepad/GamepadActionBase.cs	0	
Assets/PlayMaker/Actions/Gamepad/GamepadButtonComboEvents.cs	0	
Assets/PlayMaker/Actions/Gamepad/GamepadButtonEvents.cs	0	
Assets/PlayMaker/Actions/Gamepad/GamepadGetButtonValues.cs	0	
Assets/PlayMaker/Actions/Gamepad/GamepadHelpers.cs	0	
Assets/PlayMaker/Actions/Gamepad/GamepadReadButtonValue.cs	0	
Assets/PlayMaker/Actions/Gamepad/GamepadReadStickValue.cs	0	
Assets/PlayMaker/Actions/Gamepad/GamepadStickEvents.cs	0	
Assets/PlayMaker/Actions/Input/AnyKey.cs	0	
Assets/PlayMaker/Actions/Input/GetAxis.cs	0	
Assets/PlayMaker/Actions/Input/GetAxisVector.cs	0	
Assets/PlayMaker/Actions/Input/GetButton.cs	0	
Assets/PlayMaker/Actions/Input/GetButtonDown.cs	0	
Assets/PlayMaker/Actions/Input/GetButtonUp.cs	0	
Assets/PlayMaker/Actions/Input/GetKey.cs	0	
Assets/PlayMaker/Actions/Input/GetKeyDown.cs	0	
Assets/PlayMaker/Actions/Input/GetKeyUp.cs	0	
Assets/PlayMaker/Actions/Input/GetMouseButton.cs	0	
Assets/PlayMaker/Actions/Input/GetMouseButtonDown.cs	0	
Assets/PlayMaker/Actions/Input/GetMouseButtonUp.cs	0	
Assets/PlayMaker/Actions/Input/GetMouseX.cs	0	
Assets/PlayMaker/Actions/Input/GetMouseY.cs	0	
Assets/PlayMaker/Actions/Input/MouseLook.cs	0	
Assets/PlayMaker/Actions/Input/MouseLook2.cs	0	
Assets/PlayMaker/Actions/Input/MousePick.cs	0	
Assets/PlayMaker/Actions/Input/MousePickEvent.cs	0	
Assets/PlayMaker/Actions/Input/ResetInputAxes.cs	0	
Assets/PlayMaker/Actions/Input/ScreenPick.cs	0	
Assets/PlayMaker/Actions/Input/TransformInputToWorldSpace.cs	0	
Assets/PlayMaker/Actions/Input/WaitAnyKey.cs	0	
Assets/PlayMaker/Actions/Level/DontDestroyOnLoad.cs	0	
Assets/PlayMaker/Actions/Level/LoadLevel.cs	0	
Assets/PlayMaker/Actions/Level/LoadLevelNum.cs	0	
Assets/PlayMaker/Actions/Level/RestartLevel.cs	0	
Assets/PlayMaker/Actions/Lights/SetLightColor.cs	0	
Assets/PlayMaker/Actions/Lights/SetLightCookie.cs	0	
Assets/PlayMaker/Actions/Lights/SetLightFlare.cs	0	
Assets/PlayMaker/Actions/Lights/SetLightIntensity.cs	0	
Assets/PlayMaker/Actions/Lights/SetLightRange.cs	0	
Assets/PlayMaker/Actions/Lights/SetLightSpotAngle.cs	0	
Assets/PlayMaker/Actions/Lights/SetLightType.cs	0	
Assets/PlayMaker/Actions/Lights/SetShadowStrength.cs	0	
Assets/PlayMaker/Actions/Logic/BoolAllTrue.cs	0	
Assets/PlayMaker/Actions/Logic/BoolAnyTrue.cs	0	
Assets/PlayMaker/Actions/Logic/BoolChanged.cs	0	
Assets/PlayMaker/Actions/Logic/BoolNoneTrue.cs	0	
Assets/PlayMaker/Actions/Logic/BoolOperator.cs	0	
Assets/PlayMaker/Actions/Logic/BoolTest.cs	0	
Assets/PlayMaker/Actions/Logic/ColorCompare.cs	0	
Assets/PlayMaker/Actions/Logic/EnumCompare.cs	0	
Assets/PlayMaker/Actions/Logic/EnumSwitch.cs	0	
Assets/PlayMaker/Actions/Logic/FloatChanged.cs	0	
Assets/PlayMaker/Actions/Logic/FloatCompare.cs	0	
Assets/PlayMaker/Actions/Logic/FloatSignTest.cs	0	
Assets/PlayMaker/Actions/Logic/FloatSwitch.cs	0	
Assets/PlayMaker/Actions/Logic/FsmHasVariable.cs	0	
Assets/PlayMaker/Actions/Logic/FsmStateSwitch.cs	0	
Assets/PlayMaker/Actions/Logic/FsmStateTest.cs	0	
Assets/PlayMaker/Actions/Logic/GameObjectChanged.cs	0	
Assets/PlayMaker/Actions/Logic/GameObjectCompare.cs	0	
Assets/PlayMaker/Actions/Logic/GameObjectCompareTag.cs	0	
Assets/PlayMaker/Actions/Logic/GameObjectHasChildren.cs	0	
Assets/PlayMaker/Actions/Logic/GameObjectIsChildOf.cs	0	
Assets/PlayMaker/Actions/Logic/GameObjectIsNull.cs	0	
Assets/PlayMaker/Actions/Logic/GameObjectIsVisible.cs	0	
Assets/PlayMaker/Actions/Logic/GameObjectIsVisibleToCamera.cs	0	
Assets/PlayMaker/Actions/Logic/GameObjectTagSwitch.cs	0	
Assets/PlayMaker/Actions/Logic/IntChanged.cs	0	
Assets/PlayMaker/Actions/Logic/IntCompare.cs	0	
Assets/PlayMaker/Actions/Logic/IntSwitch.cs	0	
Assets/PlayMaker/Actions/Logic/ObjectCompare.cs	0	
Assets/PlayMaker/Actions/Logic/RectCompare.cs	0	
Assets/PlayMaker/Actions/Logic/StringChanged.cs	0	
Assets/PlayMaker/Actions/Logic/StringCompare.cs	0	
Assets/PlayMaker/Actions/Logic/StringContains.cs	0	
Assets/PlayMaker/Actions/Logic/StringSwitch.cs	0	
Assets/PlayMaker/Actions/Logic/Vector2Compare.cs	0	
Assets/PlayMaker/Actions/Logic/Vector3Compare.cs	0	
Assets/PlayMaker/Actions/Material/GetMaterial.cs	0	
Assets/PlayMaker/Actions/Material/GetMaterialTexture.cs	0	
Assets/PlayMaker/Actions/Material/SetMaterial.cs	0	
Assets/PlayMaker/Actions/Material/SetMaterialColor.cs	0	
Assets/PlayMaker/Actions/Material/SetMaterialFloat.cs	0	
Assets/PlayMaker/Actions/Material/SetMaterialMovieTexture.cs	0	
Assets/PlayMaker/Actions/Material/SetMaterialTexture.cs	0	
Assets/PlayMaker/Actions/Material/SetMaterialValue.cs	0	
Assets/PlayMaker/Actions/Material/SetRandomMaterial.cs	0	
Assets/PlayMaker/Actions/Material/SetTextureOffset.cs	0	
Assets/PlayMaker/Actions/Material/SetTextureScale.cs	0	
Assets/PlayMaker/Actions/Material/SetTextureValue.cs	0	
Assets/PlayMaker/Actions/Material/SetVisibility.cs	0	
Assets/PlayMaker/Actions/Math/BoolFlip.cs	0	
Assets/PlayMaker/Actions/Math/Editor/Vector2RandomValueEditor.cs	0	
Assets/PlayMaker/Actions/Math/FloatAbs.cs	0	
Assets/PlayMaker/Actions/Math/FloatAdd.cs	0	
Assets/PlayMaker/Actions/Math/FloatAddMultiple.cs	0	
Assets/PlayMaker/Actions/Math/FloatClamp.cs	0	
Assets/PlayMaker/Actions/Math/FloatDeltaAngle.cs	0	
Assets/PlayMaker/Actions/Math/FloatDivide.cs	0	
Assets/PlayMaker/Actions/Math/FloatInterpolate.cs	0	
Assets/PlayMaker/Actions/Math/FloatMultiply.cs	0	
Assets/PlayMaker/Actions/Math/FloatOperator.cs	0	
Assets/PlayMaker/Actions/Math/FloatSubtract.cs	0	
Assets/PlayMaker/Actions/Math/FloatWrap.cs	0	
Assets/PlayMaker/Actions/Math/IntAdd.cs	0	
Assets/PlayMaker/Actions/Math/IntClamp.cs	0	
Assets/PlayMaker/Actions/Math/IntOperator.cs	0	
Assets/PlayMaker/Actions/Math/IntSubtract.cs	0	
Assets/PlayMaker/Actions/Math/IntWrap.cs	0	
Assets/PlayMaker/Actions/Math/RandomBool.cs	0	
Assets/PlayMaker/Actions/Math/RandomFloat.cs	0	
Assets/PlayMaker/Actions/Math/RandomInt.cs	0	
Assets/PlayMaker/Actions/Math/SampleCurve.cs	0	
Assets/PlayMaker/Actions/Math/SelectRandomFloat.cs	0	
Assets/PlayMaker/Actions/Math/SelectRandomInt.cs	0	
Assets/PlayMaker/Actions/Math/SetBoolValue.cs	0	
Assets/PlayMaker/Actions/Math/SetFloatValue.cs	0	
Assets/PlayMaker/Actions/Math/SetIntFromFloat.cs	0	
Assets/PlayMaker/Actions/Math/SetIntValue.cs	0	
Assets/PlayMaker/Actions/Math/Vector2RandomValue.cs	0	
Assets/PlayMaker/Actions/MathExpression/Mathos/MathExpression.cs	0	
Assets/PlayMaker/Actions/MathExpression/Mathos/MathParser.cs	0	
Assets/PlayMaker/Actions/Mesh/GetVertexCount.cs	0	
Assets/PlayMaker/Actions/Mesh/GetVertexPosition.cs	0	
Assets/PlayMaker/Actions/Movie/MovieTextureAudioSettings.cs	0	
Assets/PlayMaker/Actions/Movie/PauseMovieTexture.cs	0	
Assets/PlayMaker/Actions/Movie/PlayMovieTexture.cs	0	
Assets/PlayMaker/Actions/Movie/StopMovieTexture.cs	0	
Assets/PlayMaker/Actions/Physics/AddExplosionForce.cs	0	
Assets/PlayMaker/Actions/Physics/AddForce.cs	0	
Assets/PlayMaker/Actions/Physics/AddTorque.cs	0	
Assets/PlayMaker/Actions/Physics/CollisionEvent.cs	0	
Assets/PlayMaker/Actions/Physics/Editor/FindOverlapsEditor.cs	0	
Assets/PlayMaker/Actions/Physics/Editor/RaycastAllEditor.cs	0	
Assets/PlayMaker/Actions/Physics/Explosion.cs	0	
Assets/PlayMaker/Actions/Physics/FindOverlaps.cs	0	
Assets/PlayMaker/Actions/Physics/GetCollisionInfo.cs	0	
Assets/PlayMaker/Actions/Physics/GetJointBreakInfo.cs	0	
Assets/PlayMaker/Actions/Physics/GetMass.cs	0	
Assets/PlayMaker/Actions/Physics/GetParticleCollisionInfo.cs	0	
Assets/PlayMaker/Actions/Physics/GetRaycastAllInfo.cs	0	
Assets/PlayMaker/Actions/Physics/GetRaycastHitInfo.cs	0	
Assets/PlayMaker/Actions/Physics/GetSpeed.cs	0	
Assets/PlayMaker/Actions/Physics/GetTriggerInfo.cs	0	
Assets/PlayMaker/Actions/Physics/GetVelocity.cs	0	
Assets/PlayMaker/Actions/Physics/IsKinematic.cs	0	
Assets/PlayMaker/Actions/Physics/IsSleeping.cs	0	
Assets/PlayMaker/Actions/Physics/MovePosition.cs	0	
Assets/PlayMaker/Actions/Physics/Raycast.cs	0	
Assets/PlayMaker/Actions/Physics/RaycastAll.cs	0	
Assets/PlayMaker/Actions/Physics/SetControllerVelocity.cs	0	
Assets/PlayMaker/Actions/Physics/SetDrag.cs	0	
Assets/PlayMaker/Actions/Physics/SetGravity.cs	0	
Assets/PlayMaker/Actions/Physics/SetIsKinematic.cs	0	
Assets/PlayMaker/Actions/Physics/SetJointConnectedBody.cs	0	
Assets/PlayMaker/Actions/Physics/SetMass.cs	0	
Assets/PlayMaker/Actions/Physics/SetVelocity.cs	0	
Assets/PlayMaker/Actions/Physics/Sleep.cs	0	
Assets/PlayMaker/Actions/Physics/TranslatePosition.cs	0	
Assets/PlayMaker/Actions/Physics/TriggerEvent.cs	0	
Assets/PlayMaker/Actions/Physics/UseGravity.cs	0	
Assets/PlayMaker/Actions/Physics/WakeAllRigidBodies.cs	0	
Assets/PlayMaker/Actions/Physics/WakeUp.cs	0	
Assets/PlayMaker/Actions/Physics2D/AddForce2d.cs	0	
Assets/PlayMaker/Actions/Physics2D/AddRelativeForce2d.cs	0	
Assets/PlayMaker/Actions/Physics2D/AddTorque2d.cs	0	
Assets/PlayMaker/Actions/Physics2D/Collision2dEvent.cs	0	
Assets/PlayMaker/Actions/Physics2D/Editor/SetVelocity2dEditor.cs	0	
Assets/PlayMaker/Actions/Physics2D/Editor/SmoothLookAt2dEditor.cs	0	
Assets/PlayMaker/Actions/Physics2D/GetCollision2dInfo.cs	0	
Assets/PlayMaker/Actions/Physics2D/GetJointBreak2dInfo.cs	0	
Assets/PlayMaker/Actions/Physics2D/GetMass2d.cs	0	
Assets/PlayMaker/Actions/Physics2D/GetNextLineCast2d.cs	0	
Assets/PlayMaker/Actions/Physics2D/GetNextOverlapArea2d.cs	0	
Assets/PlayMaker/Actions/Physics2D/GetNextOverlapCircle2d.cs	0	
Assets/PlayMaker/Actions/Physics2D/GetNextOverlapPoint2d.cs	0	
Assets/PlayMaker/Actions/Physics2D/GetNextRayCast2d.cs	0	
Assets/PlayMaker/Actions/Physics2D/GetRayCastHit2dInfo.cs	0	
Assets/PlayMaker/Actions/Physics2D/GetSpeed2d.cs	0	
Assets/PlayMaker/Actions/Physics2D/GetTrigger2dInfo.cs	0	
Assets/PlayMaker/Actions/Physics2D/GetVelocity2d.cs	0	
Assets/PlayMaker/Actions/Physics2D/IsFixedAngle2d.cs	0	
Assets/PlayMaker/Actions/Physics2D/IsKinematic2d.cs	0	
Assets/PlayMaker/Actions/Physics2D/IsSleeping2d.cs	0	
Assets/PlayMaker/Actions/Physics2D/LineCast2d.cs	0	
Assets/PlayMaker/Actions/Physics2D/LookAt2d.cs	0	
Assets/PlayMaker/Actions/Physics2D/LookAt2dGameObject.cs	0	
Assets/PlayMaker/Actions/Physics2D/MousePick2d.cs	0	
Assets/PlayMaker/Actions/Physics2D/MousePick2dEvent.cs	0	
Assets/PlayMaker/Actions/Physics2D/MovePosition2d.cs	0	
Assets/PlayMaker/Actions/Physics2D/RayCast2d.cs	0	
Assets/PlayMaker/Actions/Physics2D/ScreenPick2d.cs	0	
Assets/PlayMaker/Actions/Physics2D/SetCollider2dIsTrigger.cs	0	
Assets/PlayMaker/Actions/Physics2D/SetGravity2d.cs	0	
Assets/PlayMaker/Actions/Physics2D/SetGravity2dScale.cs	0	
Assets/PlayMaker/Actions/Physics2D/SetHingeJoint2dProperties.cs	0	
Assets/PlayMaker/Actions/Physics2D/SetIsFixedAngle2d.cs	0	
Assets/PlayMaker/Actions/Physics2D/SetIsKinematic2d.cs	0	
Assets/PlayMaker/Actions/Physics2D/SetMass2d.cs	0	
Assets/PlayMaker/Actions/Physics2D/SetVelocity2d.cs	0	
Assets/PlayMaker/Actions/Physics2D/SetWheelJoint2dProperties.cs	0	
Assets/PlayMaker/Actions/Physics2D/Sleep2d.cs	0	
Assets/PlayMaker/Actions/Physics2D/SmoothLookAt2d.cs	0	
Assets/PlayMaker/Actions/Physics2D/Touch Object 2d Event.cs	0	
Assets/PlayMaker/Actions/Physics2D/TranslatePosition2d.cs	0	
Assets/PlayMaker/Actions/Physics2D/Trigger2dEvent.cs	0	
Assets/PlayMaker/Actions/Physics2D/WakeAllRigidBodies2d.cs	0	
Assets/PlayMaker/Actions/Physics2D/WakeUp2d.cs	0	
Assets/PlayMaker/Actions/PlayerInput/PlayerInputActionBase.cs	0	
Assets/PlayMaker/Actions/PlayerInput/PlayerInputButtonEvents.cs	0	
Assets/PlayMaker/Actions/PlayerInput/PlayerInputCanceledEvent.cs	0	
Assets/PlayMaker/Actions/PlayerInput/PlayerInputEnableAction.cs	0	
Assets/PlayMaker/Actions/PlayerInput/PlayerInputEnableActionMap.cs	0	
Assets/PlayMaker/Actions/PlayerInput/PlayerInputGetBool.cs	0	
Assets/PlayMaker/Actions/PlayerInput/PlayerInputGetFloat.cs	0	
Assets/PlayMaker/Actions/PlayerInput/PlayerInputGetMoveVector.cs	0	
Assets/PlayMaker/Actions/PlayerInput/PlayerInputGetVector2.cs	0	
Assets/PlayMaker/Actions/PlayerInput/PlayerInputGetVector2AsVector3.cs	0	
Assets/PlayMaker/Actions/PlayerInput/PlayerInputPerformedEvent.cs	0	
Assets/PlayMaker/Actions/PlayerInput/PlayerInputTriggeredEvent.cs	0	
Assets/PlayMaker/Actions/PlayerInput/PlayerInputUpdateActionBase.cs	0	
Assets/PlayMaker/Actions/PlayerPrefs/PlayerPrefsDeleteAll.cs	0	
Assets/PlayMaker/Actions/PlayerPrefs/PlayerPrefsDeleteKey.cs	0	
Assets/PlayMaker/Actions/PlayerPrefs/PlayerPrefsGetFloat.cs	0	
Assets/PlayMaker/Actions/PlayerPrefs/PlayerPrefsGetInt.cs	0	
Assets/PlayMaker/Actions/PlayerPrefs/PlayerPrefsGetString.cs	0	
Assets/PlayMaker/Actions/PlayerPrefs/PlayerPrefsHasKey.cs	0	
Assets/PlayMaker/Actions/PlayerPrefs/PlayerPrefsLoadVariable.cs	0	
Assets/PlayMaker/Actions/PlayerPrefs/PlayerPrefsSaveVariable.cs	0	
Assets/PlayMaker/Actions/PlayerPrefs/PlayerPrefsSetFloat.cs	0	
Assets/PlayMaker/Actions/PlayerPrefs/PlayerPrefsSetInt.cs	0	
Assets/PlayMaker/Actions/PlayerPrefs/PlayerPrefsSetString.cs	0	
Assets/PlayMaker/Actions/ProceduralMaterial/RebuildTextures.cs	0	
Assets/PlayMaker/Actions/ProceduralMaterial/SetProceduralBoolean.cs	0	
Assets/PlayMaker/Actions/ProceduralMaterial/SetProceduralColor.cs	0	
Assets/PlayMaker/Actions/ProceduralMaterial/SetProceduralFloat.cs	0	
Assets/PlayMaker/Actions/ProceduralMaterial/SetProceduralVector2.cs	0	
Assets/PlayMaker/Actions/ProceduralMaterial/SetProceduralVector3.cs	0	
Assets/PlayMaker/Actions/Quaternion/Editor/GetQuaternionEulerAnglesCustomEditor.cs	0	
Assets/PlayMaker/Actions/Quaternion/Editor/GetQuaternionFromRotationCustomEditor.cs	0	
Assets/PlayMaker/Actions/Quaternion/Editor/GetQuaternionMultipliedByQuaternionCustomEditor.cs	0	
Assets/PlayMaker/Actions/Quaternion/Editor/GetQuaternionMultipliedByVectorCustomEditor.cs	0	
Assets/PlayMaker/Actions/Quaternion/Editor/QuaternionAngleAxisCustomEditor.cs	0	
Assets/PlayMaker/Actions/Quaternion/Editor/QuaternionCustomEditorBase.cs	0	
Assets/PlayMaker/Actions/Quaternion/Editor/QuaternionEulerCustomEditor.cs	0	
Assets/PlayMaker/Actions/Quaternion/Editor/QuaternionInverseCustomEditor.cs	0	
Assets/PlayMaker/Actions/Quaternion/Editor/QuaternionLerpCustomEditor.cs	0	
Assets/PlayMaker/Actions/Quaternion/Editor/QuaternionLookRotationCustomEditor.cs	0	
Assets/PlayMaker/Actions/Quaternion/Editor/QuaternionLowPassFilterCustomEditor.cs	0	
Assets/PlayMaker/Actions/Quaternion/Editor/QuaternionRotateTowardsCustomEditor.cs	0	
Assets/PlayMaker/Actions/Quaternion/Editor/QuaternionSlerpCustomEditor.cs	0	
Assets/PlayMaker/Actions/Quaternion/GetQuaternionEulerAngles.cs	0	
Assets/PlayMaker/Actions/Quaternion/GetQuaternionFromRotation.cs	0	
Assets/PlayMaker/Actions/Quaternion/GetQuaternionMultipliedByQuaternion.cs	0	
Assets/PlayMaker/Actions/Quaternion/GetQuaternionMultipliedByVector.cs	0	
Assets/PlayMaker/Actions/Quaternion/QuaternionAngleAxis.cs	0	
Assets/PlayMaker/Actions/Quaternion/QuaternionBaseAction.cs	0	
Assets/PlayMaker/Actions/Quaternion/QuaternionCompare.cs	0	
Assets/PlayMaker/Actions/Quaternion/QuaternionEuler.cs	0	
Assets/PlayMaker/Actions/Quaternion/QuaternionInverse.cs	0	
Assets/PlayMaker/Actions/Quaternion/QuaternionLerp.cs	0	
Assets/PlayMaker/Actions/Quaternion/QuaternionLookRotation.cs	0	
Assets/PlayMaker/Actions/Quaternion/QuaternionLowPassFilter.cs	0	
Assets/PlayMaker/Actions/Quaternion/QuaternionRotateTowards.cs	0	
Assets/PlayMaker/Actions/Quaternion/QuaternionSlerp.cs	0	
Assets/PlayMaker/Actions/Rect/GetRectFields.cs	0	
Assets/PlayMaker/Actions/Rect/RectContains.cs	0	
Assets/PlayMaker/Actions/Rect/RectOverlaps.cs	0	
Assets/PlayMaker/Actions/Rect/SetRectFields.cs	0	
Assets/PlayMaker/Actions/Rect/SetRectFromPoints.cs	0	
Assets/PlayMaker/Actions/Rect/SetRectValue.cs	0	
Assets/PlayMaker/Actions/RectTransform/RectTransformContainsScreenPoint.cs	0	
Assets/PlayMaker/Actions/RectTransform/RectTransformFlipLayoutAxes.cs	0	
Assets/PlayMaker/Actions/RectTransform/RectTransformGetAnchorMax.cs	0	
Assets/PlayMaker/Actions/RectTransform/RectTransformGetAnchorMin.cs	0	
Assets/PlayMaker/Actions/RectTransform/RectTransformGetAnchorMinAndMax.cs	0	
Assets/PlayMaker/Actions/RectTransform/RectTransformGetAnchoredPosition.cs	0	
Assets/PlayMaker/Actions/RectTransform/RectTransformGetLocalPosition.cs	0	
Assets/PlayMaker/Actions/RectTransform/RectTransformGetLocalRotation.cs	0	
Assets/PlayMaker/Actions/RectTransform/RectTransformGetOffsetMax.cs	0	
Assets/PlayMaker/Actions/RectTransform/RectTransformGetOffsetMin.cs	0	
Assets/PlayMaker/Actions/RectTransform/RectTransformGetPivot.cs	0	
Assets/PlayMaker/Actions/RectTransform/RectTransformGetRect.cs	0	
Assets/PlayMaker/Actions/RectTransform/RectTransformGetSizeDelta.cs	0	
Assets/PlayMaker/Actions/RectTransform/RectTransformPixelAdjustPoint.cs	0	
Assets/PlayMaker/Actions/RectTransform/RectTransformPixelAdjustRect.cs	0	
Assets/PlayMaker/Actions/RectTransform/RectTransformScreenPointToLocalPointInRectangle.cs	0	
Assets/PlayMaker/Actions/RectTransform/RectTransformScreenPointToWorldPointInRectangle.cs	0	
Assets/PlayMaker/Actions/RectTransform/RectTransformSetAnchorMax.cs	0	
Assets/PlayMaker/Actions/RectTransform/RectTransformSetAnchorMin.cs	0	
Assets/PlayMaker/Actions/RectTransform/RectTransformSetAnchorMinAndMax.cs	0	
Assets/PlayMaker/Actions/RectTransform/RectTransformSetAnchorRectPosition.cs	0	
Assets/PlayMaker/Actions/RectTransform/RectTransformSetAnchoredPosition.cs	0	
Assets/PlayMaker/Actions/RectTransform/RectTransformSetLocalPosition.cs	0	
Assets/PlayMaker/Actions/RectTransform/RectTransformSetLocalRotation.cs	0	
Assets/PlayMaker/Actions/RectTransform/RectTransformSetOffsetMax.cs	0	
Assets/PlayMaker/Actions/RectTransform/RectTransformSetOffsetMin.cs	0	
Assets/PlayMaker/Actions/RectTransform/RectTransformSetPivot.cs	0	
Assets/PlayMaker/Actions/RectTransform/RectTransformSetScreenPosition.cs	0	
Assets/PlayMaker/Actions/RectTransform/RectTransformSetScreenRectFromPoints.cs	0	
Assets/PlayMaker/Actions/RectTransform/RectTransformSetSizeDelta.cs	0	
Assets/PlayMaker/Actions/RectTransform/RectTransformWorldToScreenPoint.cs	0	
Assets/PlayMaker/Actions/RenderSettings/EnableFog.cs	0	
Assets/PlayMaker/Actions/RenderSettings/SetAmbientLight.cs	0	
Assets/PlayMaker/Actions/RenderSettings/SetFlareStrength.cs	0	
Assets/PlayMaker/Actions/RenderSettings/SetFogColor.cs	0	
Assets/PlayMaker/Actions/RenderSettings/SetFogDensity.cs	0	
Assets/PlayMaker/Actions/RenderSettings/SetHaloStrength.cs	0	
Assets/PlayMaker/Actions/RenderSettings/SetSkybox.cs	0	
Assets/PlayMaker/Actions/SceneManager/AllowSceneActivation.cs	0	
Assets/PlayMaker/Actions/SceneManager/CreateScene.cs	0	
Assets/PlayMaker/Actions/SceneManager/Editor/GetSceneBuildIndexCustomEditor.cs	0	
Assets/PlayMaker/Actions/SceneManager/Editor/GetSceneIsDirtyCustomEditor.cs	0	
Assets/PlayMaker/Actions/SceneManager/Editor/GetSceneIsLoadedCustomEditor.cs	0	
Assets/PlayMaker/Actions/SceneManager/Editor/GetSceneIsValidCustomEditor.cs	0	
Assets/PlayMaker/Actions/SceneManager/Editor/GetSceneNameCustomEditor.cs	0	
Assets/PlayMaker/Actions/SceneManager/Editor/GetScenePathCustomEditor.cs	0	
Assets/PlayMaker/Actions/SceneManager/Editor/GetSceneRootCountCustomEditor.cs	0	
Assets/PlayMaker/Actions/SceneManager/Editor/GetSceneRootGameObjectsCustomEditor.cs	0	
Assets/PlayMaker/Actions/SceneManager/Editor/Internal/GetSceneActionBaseCustomEditor.cs	0	
Assets/PlayMaker/Actions/SceneManager/Editor/LoadSceneAsynchCustomEditor.cs	0	
Assets/PlayMaker/Actions/SceneManager/Editor/LoadSceneCustomEditor.cs	0	
Assets/PlayMaker/Actions/SceneManager/Editor/MergeScenesCustomEditor.cs	0	
Assets/PlayMaker/Actions/SceneManager/Editor/MoveGameObjectToSceneCustomEditor.cs	0	
Assets/PlayMaker/Actions/SceneManager/Editor/SetActiveSceneCustomEditor.cs	0	
Assets/PlayMaker/Actions/SceneManager/Editor/UnLoadSceneAsynchCustomEditor.cs	0	
Assets/PlayMaker/Actions/SceneManager/Editor/UnLoadSceneCustomEditor.cs	0	
Assets/PlayMaker/Actions/SceneManager/GetSceneActivateChangedEventData.cs	0	
Assets/PlayMaker/Actions/SceneManager/GetSceneBuildIndex.cs	0	
Assets/PlayMaker/Actions/SceneManager/GetSceneCount.cs	0	
Assets/PlayMaker/Actions/SceneManager/GetSceneCountInBuildSettings.cs	0	
Assets/PlayMaker/Actions/SceneManager/GetSceneIsDirty.cs	0	
Assets/PlayMaker/Actions/SceneManager/GetSceneIsLoaded.cs	0	
Assets/PlayMaker/Actions/SceneManager/GetSceneIsValid.cs	0	
Assets/PlayMaker/Actions/SceneManager/GetSceneLoadedEventData.cs	0	
Assets/PlayMaker/Actions/SceneManager/GetSceneName.cs	0	
Assets/PlayMaker/Actions/SceneManager/GetScenePath.cs	0	
Assets/PlayMaker/Actions/SceneManager/GetSceneProperties.cs	0	
Assets/PlayMaker/Actions/SceneManager/GetSceneRootCount.cs	0	
Assets/PlayMaker/Actions/SceneManager/GetSceneRootGameObjects.cs	0	
Assets/PlayMaker/Actions/SceneManager/GetSceneUnLoadedEventData.cs	0	
Assets/PlayMaker/Actions/SceneManager/Internal/GetSceneActionBase.cs	0	
Assets/PlayMaker/Actions/SceneManager/LoadScene.cs	0	
Assets/PlayMaker/Actions/SceneManager/LoadSceneAsynch.cs	0	
Assets/PlayMaker/Actions/SceneManager/MergeScenes.cs	0	
Assets/PlayMaker/Actions/SceneManager/MoveGameObjectToScene.cs	0	
Assets/PlayMaker/Actions/SceneManager/SendActiveSceneChangedEvent.cs	0	
Assets/PlayMaker/Actions/SceneManager/SendSceneLoadedEvent.cs	0	
Assets/PlayMaker/Actions/SceneManager/SendSceneUnLoadedEvent.cs	0	
Assets/PlayMaker/Actions/SceneManager/SetActiveScene.cs	0	
Assets/PlayMaker/Actions/SceneManager/UnloadScene.cs	0	
Assets/PlayMaker/Actions/SceneManager/UnloadSceneAsynch.cs	0	
Assets/PlayMaker/Actions/Screen/ScreenWrap.cs	0	
Assets/PlayMaker/Actions/ScriptControl/AddScript.cs	0	
Assets/PlayMaker/Actions/ScriptControl/AxisEvent.cs	0	
Assets/PlayMaker/Actions/ScriptControl/CallMethod.cs	0	
Assets/PlayMaker/Actions/ScriptControl/CallStaticMethod.cs	0	
Assets/PlayMaker/Actions/ScriptControl/EnableBehaviour.cs	0	
Assets/PlayMaker/Actions/ScriptControl/InvokeMethod.cs	0	
Assets/PlayMaker/Actions/ScriptControl/SendMessage.cs	0	
Assets/PlayMaker/Actions/ScriptControl/StartCoroutine.cs	0	
Assets/PlayMaker/Actions/SpriteRenderer/GetSprite.cs	0	
Assets/PlayMaker/Actions/SpriteRenderer/GetSpriteColor.cs	0	
Assets/PlayMaker/Actions/SpriteRenderer/GetSpriteFlip.cs	0	
Assets/PlayMaker/Actions/SpriteRenderer/GetSpriteMaskInteraction.cs	0	
Assets/PlayMaker/Actions/SpriteRenderer/GetSpriteOrderInLayer.cs	0	
Assets/PlayMaker/Actions/SpriteRenderer/GetSpriteSortingLayer.cs	0	
Assets/PlayMaker/Actions/SpriteRenderer/GetspriteSortPoint.cs	0	
Assets/PlayMaker/Actions/SpriteRenderer/SetSprite.cs	0	
Assets/PlayMaker/Actions/SpriteRenderer/SetSpriteColor.cs	0	
Assets/PlayMaker/Actions/SpriteRenderer/SetSpriteFlip.cs	0	
Assets/PlayMaker/Actions/SpriteRenderer/SetSpriteMaskInteraction.cs	0	
Assets/PlayMaker/Actions/SpriteRenderer/SetSpriteOrderInLayer.cs	0	
Assets/PlayMaker/Actions/SpriteRenderer/SetSpriteSortPoint.cs	0	
Assets/PlayMaker/Actions/SpriteRenderer/SetSpriteSortingLayerById.cs	0	
Assets/PlayMaker/Actions/SpriteRenderer/SetSpriteSortingLayerByName.cs	0	
Assets/PlayMaker/Actions/StateMachine/BaseFsmVariableAction.cs	0	
Assets/PlayMaker/Actions/StateMachine/BaseFsmVariableIndexAction.cs	0	
Assets/PlayMaker/Actions/StateMachine/BlockEvents.cs	0	
Assets/PlayMaker/Actions/StateMachine/BroadcastEvent.cs	0	
Assets/PlayMaker/Actions/StateMachine/Editor/BlockEventsEditor.cs	0	
Assets/PlayMaker/Actions/StateMachine/EnableFSM.cs	0	
Assets/PlayMaker/Actions/StateMachine/FinishFSM.cs	0	
Assets/PlayMaker/Actions/StateMachine/ForwardAllEvents.cs	0	
Assets/PlayMaker/Actions/StateMachine/ForwardEvent.cs	0	
Assets/PlayMaker/Actions/StateMachine/GetEventBoolData.cs	0	
Assets/PlayMaker/Actions/StateMachine/GetEventFloatData.cs	0	
Assets/PlayMaker/Actions/StateMachine/GetEventInfo.cs	0	
Assets/PlayMaker/Actions/StateMachine/GetEventIntData.cs	0	
Assets/PlayMaker/Actions/StateMachine/GetEventSentBy.cs	0	
Assets/PlayMaker/Actions/StateMachine/GetEventStringData.cs	0	
Assets/PlayMaker/Actions/StateMachine/GetEventVector2Data.cs	0	
Assets/PlayMaker/Actions/StateMachine/GetEventVector3Data.cs	0	
Assets/PlayMaker/Actions/StateMachine/GetFsmBool.cs	0	
Assets/PlayMaker/Actions/StateMachine/GetFsmColor.cs	0	
Assets/PlayMaker/Actions/StateMachine/GetFsmEnum.cs	0	
Assets/PlayMaker/Actions/StateMachine/GetFsmFloat.cs	0	
Assets/PlayMaker/Actions/StateMachine/GetFsmGameObject.cs	0	
Assets/PlayMaker/Actions/StateMachine/GetFsmInt.cs	0	
Assets/PlayMaker/Actions/StateMachine/GetFsmMaterial.cs	0	
Assets/PlayMaker/Actions/StateMachine/GetFsmObject.cs	0	
Assets/PlayMaker/Actions/StateMachine/GetFsmQuaternion.cs	0	
Assets/PlayMaker/Actions/StateMachine/GetFsmRect.cs	0	
Assets/PlayMaker/Actions/StateMachine/GetFsmState.cs	0	
Assets/PlayMaker/Actions/StateMachine/GetFsmString.cs	0	
Assets/PlayMaker/Actions/StateMachine/GetFsmTexture.cs	0	
Assets/PlayMaker/Actions/StateMachine/GetFsmVariable.cs	0	
Assets/PlayMaker/Actions/StateMachine/GetFsmVariables.cs	0	
Assets/PlayMaker/Actions/StateMachine/GetFsmVector2.cs	0	
Assets/PlayMaker/Actions/StateMachine/GetFsmVector3.cs	0	
Assets/PlayMaker/Actions/StateMachine/GetLastEvent.cs	0	
Assets/PlayMaker/Actions/StateMachine/GetPreviousStateName.cs	0	
Assets/PlayMaker/Actions/StateMachine/GotoPreviousState.cs	0	
Assets/PlayMaker/Actions/StateMachine/IgnoreEvents.cs	0	
Assets/PlayMaker/Actions/StateMachine/KillDelayedEvents.cs	0	
Assets/PlayMaker/Actions/StateMachine/LateUpdateEvent.cs	0	
Assets/PlayMaker/Actions/StateMachine/Loop.cs	0	
Assets/PlayMaker/Actions/StateMachine/LoopState.cs	0	
Assets/PlayMaker/Actions/StateMachine/NextFrameEvent.cs	0	
Assets/PlayMaker/Actions/StateMachine/RandomEvent.cs	0	
Assets/PlayMaker/Actions/StateMachine/RunFSM.cs	0	
Assets/PlayMaker/Actions/StateMachine/RunFSMAction.cs	0	
Assets/PlayMaker/Actions/StateMachine/SendEvent.cs	0	
Assets/PlayMaker/Actions/StateMachine/SendEventByName.cs	0	
Assets/PlayMaker/Actions/StateMachine/SendEventToFsm.cs	0	
Assets/PlayMaker/Actions/StateMachine/SendRandomEvent.cs	0	
Assets/PlayMaker/Actions/StateMachine/SequenceEvent.cs	0	
Assets/PlayMaker/Actions/StateMachine/SetEventData.cs	0	
Assets/PlayMaker/Actions/StateMachine/SetEventFloatData.cs	0	
Assets/PlayMaker/Actions/StateMachine/SetEventIntData.cs	0	
Assets/PlayMaker/Actions/StateMachine/SetEventStringData.cs	0	
Assets/PlayMaker/Actions/StateMachine/SetEventTarget.cs	0	
Assets/PlayMaker/Actions/StateMachine/SetFsmBool.cs	0	
Assets/PlayMaker/Actions/StateMachine/SetFsmColor.cs	0	
Assets/PlayMaker/Actions/StateMachine/SetFsmEnum.cs	0	
Assets/PlayMaker/Actions/StateMachine/SetFsmFloat.cs	0	
Assets/PlayMaker/Actions/StateMachine/SetFsmGameObject.cs	0	
Assets/PlayMaker/Actions/StateMachine/SetFsmInt.cs	0	
Assets/PlayMaker/Actions/StateMachine/SetFsmMaterial.cs	0	
Assets/PlayMaker/Actions/StateMachine/SetFsmObject.cs	0	
Assets/PlayMaker/Actions/StateMachine/SetFsmQuaternion.cs	0	
Assets/PlayMaker/Actions/StateMachine/SetFsmRect.cs	0	
Assets/PlayMaker/Actions/StateMachine/SetFsmString.cs	0	
Assets/PlayMaker/Actions/StateMachine/SetFsmTexture.cs	0	
Assets/PlayMaker/Actions/StateMachine/SetFsmVariable.cs	0	
Assets/PlayMaker/Actions/StateMachine/SetFsmVector2.cs	0	
Assets/PlayMaker/Actions/StateMachine/SetFsmVector3.cs	0	
Assets/PlayMaker/Actions/String/BuildString.cs	0	
Assets/PlayMaker/Actions/String/FormatString.cs	0	
Assets/PlayMaker/Actions/String/GetStringLeft.cs	0	
Assets/PlayMaker/Actions/String/GetStringLength.cs	0	
Assets/PlayMaker/Actions/String/GetStringRight.cs	0	
Assets/PlayMaker/Actions/String/GetSubstring.cs	0	
Assets/PlayMaker/Actions/String/SelectRandomString.cs	0	
Assets/PlayMaker/Actions/String/SetStringValue.cs	0	
Assets/PlayMaker/Actions/String/StringAppend.cs	0	
Assets/PlayMaker/Actions/String/StringJoin.cs	0	
Assets/PlayMaker/Actions/String/StringReplace.cs	0	
Assets/PlayMaker/Actions/String/StringSplit.cs	0	
Assets/PlayMaker/Actions/TestAction.cs	0	
Assets/PlayMaker/Actions/Time/GetSystemDateTime.cs	0	
Assets/PlayMaker/Actions/Time/GetTimeInfo.cs	0	
Assets/PlayMaker/Actions/Time/PerSecond.cs	0	
Assets/PlayMaker/Actions/Time/RandomWait.cs	0	
Assets/PlayMaker/Actions/Time/ScaleTime.cs	0	
Assets/PlayMaker/Actions/Time/Wait.cs	0	
Assets/PlayMaker/Actions/Transform/AlignToDirection.cs	0	
Assets/PlayMaker/Actions/Transform/ClampPosition.cs	0	
Assets/PlayMaker/Actions/Transform/ClampRotation.cs	0	
Assets/PlayMaker/Actions/Transform/GetAngleToTarget.cs	0	
Assets/PlayMaker/Actions/Transform/GetPosition.cs	0	
Assets/PlayMaker/Actions/Transform/GetPosition2d.cs	0	
Assets/PlayMaker/Actions/Transform/GetRotation.cs	0	
Assets/PlayMaker/Actions/Transform/GetScale.cs	0	
Assets/PlayMaker/Actions/Transform/InterpolateTransform.cs	0	
Assets/PlayMaker/Actions/Transform/InverseTransformDirection.cs	0	
Assets/PlayMaker/Actions/Transform/InverseTransformPoint.cs	0	
Assets/PlayMaker/Actions/Transform/LookAt.cs	0	
Assets/PlayMaker/Actions/Transform/LookAtDirection.cs	0	
Assets/PlayMaker/Actions/Transform/MoveObject.cs	0	
Assets/PlayMaker/Actions/Transform/MoveTowards.cs	0	
Assets/PlayMaker/Actions/Transform/Rotate.cs	0	
Assets/PlayMaker/Actions/Transform/SetPosition.cs	0	
Assets/PlayMaker/Actions/Transform/SetPosition2d.cs	0	
Assets/PlayMaker/Actions/Transform/SetRandomRotation.cs	0	
Assets/PlayMaker/Actions/Transform/SetRotation.cs	0	
Assets/PlayMaker/Actions/Transform/SetScale.cs	0	
Assets/PlayMaker/Actions/Transform/SimpleLook.cs	0	
Assets/PlayMaker/Actions/Transform/SmoothFollowAction.cs	0	
Assets/PlayMaker/Actions/Transform/SmoothLookAt.cs	0	
Assets/PlayMaker/Actions/Transform/SmoothLookAtDirection.cs	0	
Assets/PlayMaker/Actions/Transform/TransformDirection.cs	0	
Assets/PlayMaker/Actions/Transform/TransformPoint.cs	0	
Assets/PlayMaker/Actions/Transform/Translate.cs	0	
Assets/PlayMaker/Actions/Trigonometry/GetACosine.cs	0	
Assets/PlayMaker/Actions/Trigonometry/GetASine.cs	0	
Assets/PlayMaker/Actions/Trigonometry/GetAtan.cs	0	
Assets/PlayMaker/Actions/Trigonometry/GetAtan2.cs	0	
Assets/PlayMaker/Actions/Trigonometry/GetAtan2FromVector2.cs	0	
Assets/PlayMaker/Actions/Trigonometry/GetAtan2FromVector3.cs	0	
Assets/PlayMaker/Actions/Trigonometry/GetCosine.cs	0	
Assets/PlayMaker/Actions/Trigonometry/GetSine.cs	0	
Assets/PlayMaker/Actions/Trigonometry/GetTan.cs	0	
Assets/PlayMaker/Actions/Tween/BaseActions/TweenActionBase.cs	0	
Assets/PlayMaker/Actions/Tween/BaseActions/TweenComponentBase.cs	0	
Assets/PlayMaker/Actions/Tween/BaseActions/TweenEnums.cs	0	
Assets/PlayMaker/Actions/Tween/BaseActions/TweenExtensions.cs	0	
Assets/PlayMaker/Actions/Tween/BaseActions/TweenHelpers.cs	0	
Assets/PlayMaker/Actions/Tween/BaseActions/TweenPropertyBase.cs	0	
Assets/PlayMaker/Actions/Tween/BaseActions/TweenVariableBase.cs	0	
Assets/PlayMaker/Actions/Tween/Editor/TweenCameraEditor.cs	0	
Assets/PlayMaker/Actions/Tween/Editor/TweenColorEditor.cs	0	
Assets/PlayMaker/Actions/Tween/Editor/TweenEditorBase.cs	0	
Assets/PlayMaker/Actions/Tween/Editor/TweenFadeEditor.cs	0	
Assets/PlayMaker/Actions/Tween/Editor/TweenPositionEditor.cs	0	
Assets/PlayMaker/Actions/Tween/Editor/TweenPropertyEditor.cs	0	
Assets/PlayMaker/Actions/Tween/Editor/TweenPunchEditor.cs	0	
Assets/PlayMaker/Actions/Tween/Editor/TweenQuaternionEditor.cs	0	
Assets/PlayMaker/Actions/Tween/Editor/TweenRotationEditor.cs	0	
Assets/PlayMaker/Actions/Tween/Editor/TweenScaleEditor.cs	0	
Assets/PlayMaker/Actions/Tween/Editor/TweenUiPositionEditor.cs	0	
Assets/PlayMaker/Actions/Tween/Editor/TweenUiSizeEditor.cs	0	
Assets/PlayMaker/Actions/Tween/Editor/TweenVariableEditor.cs	0	
Assets/PlayMaker/Actions/Tween/TweenAudio.cs	0	
Assets/PlayMaker/Actions/Tween/TweenCamera.cs	0	
Assets/PlayMaker/Actions/Tween/TweenColor.cs	0	
Assets/PlayMaker/Actions/Tween/TweenFade.cs	0	
Assets/PlayMaker/Actions/Tween/TweenFloat.cs	0	
Assets/PlayMaker/Actions/Tween/TweenInt.cs	0	
Assets/PlayMaker/Actions/Tween/TweenPosition.cs	0	
Assets/PlayMaker/Actions/Tween/TweenPunch.cs	0	
Assets/PlayMaker/Actions/Tween/TweenQuaternion.cs	0	
Assets/PlayMaker/Actions/Tween/TweenRect.cs	0	
Assets/PlayMaker/Actions/Tween/TweenRotation.cs	0	
Assets/PlayMaker/Actions/Tween/TweenScale.cs	0	
Assets/PlayMaker/Actions/Tween/TweenUiPosition.cs	0	
Assets/PlayMaker/Actions/Tween/TweenUiSize.cs	0	
Assets/PlayMaker/Actions/Tween/TweenVector2.cs	0	
Assets/PlayMaker/Actions/Tween/TweenVector3.cs	0	
Assets/PlayMaker/Actions/UI/Canvas/UiCanvasEnableRaycast.cs	0	
Assets/PlayMaker/Actions/UI/Canvas/UiCanvasForceUpdateCanvases.cs	0	
Assets/PlayMaker/Actions/UI/Canvas/UiCanvasGroupSetAlpha.cs	0	
Assets/PlayMaker/Actions/UI/Canvas/UiCanvasGroupSetProperties.cs	0	
Assets/PlayMaker/Actions/UI/Canvas/UiCanvasScalerGetScaleFactor.cs	0	
Assets/PlayMaker/Actions/UI/Canvas/UiCanvasScalerSetScaleFactor.cs	0	
Assets/PlayMaker/Actions/UI/Editor/UiIcons.cs	0	
Assets/PlayMaker/Actions/UI/EventSystem/EventTriggerActionBase.cs	0	
Assets/PlayMaker/Actions/UI/EventSystem/UiEventSystemCurrentRayCastAll.cs	0	
Assets/PlayMaker/Actions/UI/EventSystem/UiEventSystemExecuteEvent.cs	0	
Assets/PlayMaker/Actions/UI/EventSystem/UiGetLastPointerDataInfo.cs	0	
Assets/PlayMaker/Actions/UI/EventSystem/UiGetLastPointerEventDataInputButton.cs	0	
Assets/PlayMaker/Actions/UI/EventSystem/UiGetSelectedGameObject.cs	0	
Assets/PlayMaker/Actions/UI/EventSystem/UiIsPointerOverUiObject.cs	0	
Assets/PlayMaker/Actions/UI/EventSystem/UiOnBeginDragEvent.cs	0	
Assets/PlayMaker/Actions/UI/EventSystem/UiOnCancelEvent.cs	0	
Assets/PlayMaker/Actions/UI/EventSystem/UiOnDeselectEvent.cs	0	
Assets/PlayMaker/Actions/UI/EventSystem/UiOnDragEvent.cs	0	
Assets/PlayMaker/Actions/UI/EventSystem/UiOnDropEvent.cs	0	
Assets/PlayMaker/Actions/UI/EventSystem/UiOnEndDragEvent.cs	0	
Assets/PlayMaker/Actions/UI/EventSystem/UiOnInitializePotentialDragEvent.cs	0	
Assets/PlayMaker/Actions/UI/EventSystem/UiOnMoveEvent.cs	0	
Assets/PlayMaker/Actions/UI/EventSystem/UiOnPointerClickEvent.cs	0	
Assets/PlayMaker/Actions/UI/EventSystem/UiOnPointerDownEvent.cs	0	
Assets/PlayMaker/Actions/UI/EventSystem/UiOnPointerEnterEvent.cs	0	
Assets/PlayMaker/Actions/UI/EventSystem/UiOnPointerExitEvent.cs	0	
Assets/PlayMaker/Actions/UI/EventSystem/UiOnPointerUpEvent.cs	0	
Assets/PlayMaker/Actions/UI/EventSystem/UiOnScrollEvent.cs	0	
Assets/PlayMaker/Actions/UI/EventSystem/UiOnSelectEvent.cs	0	
Assets/PlayMaker/Actions/UI/EventSystem/UiOnSubmitEvent.cs	0	
Assets/PlayMaker/Actions/UI/EventSystem/UiOnUpdateSelectedEvent.cs	0	
Assets/PlayMaker/Actions/UI/EventSystem/UiSetSelectedGameObject.cs	0	
Assets/PlayMaker/Actions/UI/Layout/UiLayoutElementGetValues.cs	0	
Assets/PlayMaker/Actions/UI/Layout/UiLayoutElementSetValues.cs	0	
Assets/PlayMaker/Actions/UI/Selectable/UiExplicitNavigationGetProperties.cs	0	
Assets/PlayMaker/Actions/UI/Selectable/UiExplicitNavigationSetProperties.cs	0	
Assets/PlayMaker/Actions/UI/Selectable/UiGetBlockColor.cs	0	
Assets/PlayMaker/Actions/UI/Selectable/UiGetIsInteractable.cs	0	
Assets/PlayMaker/Actions/UI/Selectable/UiNavigationGetMode.cs	0	
Assets/PlayMaker/Actions/UI/Selectable/UiNavigationSetMode.cs	0	
Assets/PlayMaker/Actions/UI/Selectable/UiSetAnimationTriggers.cs	0	
Assets/PlayMaker/Actions/UI/Selectable/UiSetBlockColor.cs	0	
Assets/PlayMaker/Actions/UI/Selectable/UiSetIsInteractable.cs	0	
Assets/PlayMaker/Actions/UI/Selectable/UiTransitionGetType.cs	0	
Assets/PlayMaker/Actions/UI/Selectable/UiTransitionSetType.cs	0	
Assets/PlayMaker/Actions/UI/UiButtonArray.cs	0	
Assets/PlayMaker/Actions/UI/UiButtonOnClickEvent.cs	0	
Assets/PlayMaker/Actions/UI/UiDropDownAddOptions.cs	0	
Assets/PlayMaker/Actions/UI/UiDropDownClearOptions.cs	0	
Assets/PlayMaker/Actions/UI/UiDropDownGetSelectedData.cs	0	
Assets/PlayMaker/Actions/UI/UiDropDownSetValue.cs	0	
Assets/PlayMaker/Actions/UI/UiGraphicCrossFadeAlpha.cs	0	
Assets/PlayMaker/Actions/UI/UiGraphicCrossFadeColor.cs	0	
Assets/PlayMaker/Actions/UI/UiGraphicGetColor.cs	0	
Assets/PlayMaker/Actions/UI/UiGraphicSetColor.cs	0	
Assets/PlayMaker/Actions/UI/UiImageGetFillAmount.cs	0	
Assets/PlayMaker/Actions/UI/UiImageGetSprite.cs	0	
Assets/PlayMaker/Actions/UI/UiImageSetFillAmount.cs	0	
Assets/PlayMaker/Actions/UI/UiImageSetRaycastTarget.cs	0	
Assets/PlayMaker/Actions/UI/UiImageSetSprite.cs	0	
Assets/PlayMaker/Actions/UI/UiInputFieldActivate.cs	0	
Assets/PlayMaker/Actions/UI/UiInputFieldDeactivate.cs	0	
Assets/PlayMaker/Actions/UI/UiInputFieldGetCaretBlinkRate.cs	0	
Assets/PlayMaker/Actions/UI/UiInputFieldGetCharacterLimit.cs	0	
Assets/PlayMaker/Actions/UI/UiInputFieldGetHideMobileInput.cs	0	
Assets/PlayMaker/Actions/UI/UiInputFieldGetIsFocused.cs	0	
Assets/PlayMaker/Actions/UI/UiInputFieldGetPlaceHolder.cs	0	
Assets/PlayMaker/Actions/UI/UiInputFieldGetSelectionColor.cs	0	
Assets/PlayMaker/Actions/UI/UiInputFieldGetText.cs	0	
Assets/PlayMaker/Actions/UI/UiInputFieldGetTextAsFloat.cs	0	
Assets/PlayMaker/Actions/UI/UiInputFieldGetTextAsInt.cs	0	
Assets/PlayMaker/Actions/UI/UiInputFieldGetWasCanceled.cs	0	
Assets/PlayMaker/Actions/UI/UiInputFieldMoveCaretToTextEnd.cs	0	
Assets/PlayMaker/Actions/UI/UiInputFieldMoveCaretToTextStart.cs	0	
Assets/PlayMaker/Actions/UI/UiInputFieldOnEndEditEvent.cs	0	
Assets/PlayMaker/Actions/UI/UiInputFieldOnSubmitEvent.cs	0	
Assets/PlayMaker/Actions/UI/UiInputFieldOnValueChangeEvent.cs	0	
Assets/PlayMaker/Actions/UI/UiInputFieldSetAsterixChar.cs	0	
Assets/PlayMaker/Actions/UI/UiInputFieldSetCharacterLimit.cs	0	
Assets/PlayMaker/Actions/UI/UiInputFieldSetHideMobileInput.cs	0	
Assets/PlayMaker/Actions/UI/UiInputFieldSetPlaceHolder.cs	0	
Assets/PlayMaker/Actions/UI/UiInputFieldSetSelectionColor.cs	0	
Assets/PlayMaker/Actions/UI/UiInputFieldSetText.cs	0	
Assets/PlayMaker/Actions/UI/UiInputfieldSetCaretBlinkRate.cs	0	
Assets/PlayMaker/Actions/UI/UiRawImageSetRaycastTarget.cs	0	
Assets/PlayMaker/Actions/UI/UiRawImageSetTexture.cs	0	
Assets/PlayMaker/Actions/UI/UiRebuild.cs	0	
Assets/PlayMaker/Actions/UI/UiScrollRectSetHorizontal.cs	0	
Assets/PlayMaker/Actions/UI/UiScrollRectSetNormalizedPosition.cs	0	
Assets/PlayMaker/Actions/UI/UiScrollRectSetVertical.cs	0	
Assets/PlayMaker/Actions/UI/UiScrollbarGetDirection.cs	0	
Assets/PlayMaker/Actions/UI/UiScrollbarGetValue.cs	0	
Assets/PlayMaker/Actions/UI/UiScrollbarOnValueChangedEvent.cs	0	
Assets/PlayMaker/Actions/UI/UiScrollbarSetDirection.cs	0	
Assets/PlayMaker/Actions/UI/UiScrollbarSetNumberOfSteps.cs	0	
Assets/PlayMaker/Actions/UI/UiScrollbarSetSize.cs	0	
Assets/PlayMaker/Actions/UI/UiScrollbarSetValue.cs	0	
Assets/PlayMaker/Actions/UI/UiSliderGetDirection.cs	0	
Assets/PlayMaker/Actions/UI/UiSliderGetMinMax.cs	0	
Assets/PlayMaker/Actions/UI/UiSliderGetNormalizedValue.cs	0	
Assets/PlayMaker/Actions/UI/UiSliderGetValue.cs	0	
Assets/PlayMaker/Actions/UI/UiSliderGetWholeNumbers.cs	0	
Assets/PlayMaker/Actions/UI/UiSliderOnValueChangedEvent.cs	0	
Assets/PlayMaker/Actions/UI/UiSliderSetDirection.cs	0	
Assets/PlayMaker/Actions/UI/UiSliderSetMinMax.cs	0	
Assets/PlayMaker/Actions/UI/UiSliderSetNormalizedValue.cs	0	
Assets/PlayMaker/Actions/UI/UiSliderSetValue.cs	0	
Assets/PlayMaker/Actions/UI/UiSliderSetWholeNumbers.cs	0	
Assets/PlayMaker/Actions/UI/UiTextGetText.cs	0	
Assets/PlayMaker/Actions/UI/UiTextSetText.cs	0	
Assets/PlayMaker/Actions/UI/UiToggleGetIsOn.cs	0	
Assets/PlayMaker/Actions/UI/UiToggleOnValueChangedEvent.cs	0	
Assets/PlayMaker/Actions/UI/UiToggleSetIsOn.cs	0	
Assets/PlayMaker/Actions/UnityObject/GetComponent.cs	0	
Assets/PlayMaker/Actions/UnityObject/GetProperty.cs	0	
Assets/PlayMaker/Actions/UnityObject/SetObjectValue.cs	0	
Assets/PlayMaker/Actions/UnityObject/SetProperty.cs	0	
Assets/PlayMaker/Actions/Vector2/DebugVector2.cs	0	
Assets/PlayMaker/Actions/Vector2/GetVector2Length.cs	0	
Assets/PlayMaker/Actions/Vector2/GetVector2XY.cs	0	
Assets/PlayMaker/Actions/Vector2/SelectRandomVector2.cs	0	
Assets/PlayMaker/Actions/Vector2/SetVector2Value.cs	0	
Assets/PlayMaker/Actions/Vector2/SetVector2XY.cs	0	
Assets/PlayMaker/Actions/Vector2/Vector2Add.cs	0	
Assets/PlayMaker/Actions/Vector2/Vector2AddXY.cs	0	
Assets/PlayMaker/Actions/Vector2/Vector2ClampMagnitude.cs	0	
Assets/PlayMaker/Actions/Vector2/Vector2HighPassFilter.cs	0	
Assets/PlayMaker/Actions/Vector2/Vector2Interpolate.cs	0	
Assets/PlayMaker/Actions/Vector2/Vector2Invert.cs	0	
Assets/PlayMaker/Actions/Vector2/Vector2Lerp.cs	0	
Assets/PlayMaker/Actions/Vector2/Vector2LowPassFilter.cs	0	
Assets/PlayMaker/Actions/Vector2/Vector2MoveTowards.cs	0	
Assets/PlayMaker/Actions/Vector2/Vector2Multiply.cs	0	
Assets/PlayMaker/Actions/Vector2/Vector2Normalize.cs	0	
Assets/PlayMaker/Actions/Vector2/Vector2Operator.cs	0	
Assets/PlayMaker/Actions/Vector2/Vector2PerSecond.cs	0	
Assets/PlayMaker/Actions/Vector2/Vector2RotateTowards.cs	0	
Assets/PlayMaker/Actions/Vector2/Vector2SnapToAngle.cs	0	
Assets/PlayMaker/Actions/Vector2/Vector2SnapToGrid.cs	0	
Assets/PlayMaker/Actions/Vector2/Vector2Substract.cs	0	
Assets/PlayMaker/Actions/Vector3/GetVector3XYZ.cs	0	
Assets/PlayMaker/Actions/Vector3/GetVectorLength.cs	0	
Assets/PlayMaker/Actions/Vector3/SelectRandomVector3.cs	0	
Assets/PlayMaker/Actions/Vector3/SetVector3Value.cs	0	
Assets/PlayMaker/Actions/Vector3/SetVector3XYZ.cs	0	
Assets/PlayMaker/Actions/Vector3/Vector3Add.cs	0	
Assets/PlayMaker/Actions/Vector3/Vector3AddXYZ.cs	0	
Assets/PlayMaker/Actions/Vector3/Vector3ClampMagnitude.cs	0	
Assets/PlayMaker/Actions/Vector3/Vector3ClampMagnitudeXZ.cs	0	
Assets/PlayMaker/Actions/Vector3/Vector3HighPassFilter.cs	0	
Assets/PlayMaker/Actions/Vector3/Vector3Interpolate.cs	0	
Assets/PlayMaker/Actions/Vector3/Vector3Invert.cs	0	
Assets/PlayMaker/Actions/Vector3/Vector3Lerp.cs	0	
Assets/PlayMaker/Actions/Vector3/Vector3LowPassFilter.cs	0	
Assets/PlayMaker/Actions/Vector3/Vector3Multiply.cs	0	
Assets/PlayMaker/Actions/Vector3/Vector3Normalize.cs	0	
Assets/PlayMaker/Actions/Vector3/Vector3Operator.cs	0	
Assets/PlayMaker/Actions/Vector3/Vector3PerSecond.cs	0	
Assets/PlayMaker/Actions/Vector3/Vector3RotateTowards.cs	0	
Assets/PlayMaker/Actions/Vector3/Vector3SnapToGrid.cs	0	
Assets/PlayMaker/Actions/Vector3/Vector3Subtract.cs	0	
Assets/PlayMaker/Actions/VideoClip/VideoClipGetAudioTrackCount.cs	0	
Assets/PlayMaker/Actions/VideoClip/VideoClipGetFrameCount.cs	0	
Assets/PlayMaker/Actions/VideoClip/VideoClipGetFrameRate.cs	0	
Assets/PlayMaker/Actions/VideoClip/VideoClipGetLength.cs	0	
Assets/PlayMaker/Actions/VideoClip/VideoClipGetOriginalPath.cs	0	
Assets/PlayMaker/Actions/VideoClip/VideoClipGetSize.cs	0	
Assets/PlayMaker/Actions/VideoPlayer/VideoPlayerErrorEvent.cs	0	
Assets/PlayMaker/Actions/VideoPlayer/VideoPlayerFrameDroppedEvent.cs	0	
Assets/PlayMaker/Actions/VideoPlayer/VideoPlayerFrameReadyEvent.cs	0	
Assets/PlayMaker/Actions/VideoPlayer/VideoPlayerGetAspectRatio.cs	0	
Assets/PlayMaker/Actions/VideoPlayer/VideoPlayerGetAudioOutputMode.cs	0	
Assets/PlayMaker/Actions/VideoPlayer/VideoPlayerGetAudioTrackCount.cs	0	
Assets/PlayMaker/Actions/VideoPlayer/VideoPlayerGetCanSetDirectAudioVolume.cs	0	
Assets/PlayMaker/Actions/VideoPlayer/VideoPlayerGetCanSetPlaybackSpeed.cs	0	
Assets/PlayMaker/Actions/VideoPlayer/VideoPlayerGetCanSetSkipOnDrop.cs	0	
Assets/PlayMaker/Actions/VideoPlayer/VideoPlayerGetCanSetTime.cs	0	
Assets/PlayMaker/Actions/VideoPlayer/VideoPlayerGetCanSetTimeSource.cs	0	
Assets/PlayMaker/Actions/VideoPlayer/VideoPlayerGetCanStep.cs	0	
Assets/PlayMaker/Actions/VideoPlayer/VideoPlayerGetControlledAudioTrackMaxCount.cs	0	
Assets/PlayMaker/Actions/VideoPlayer/VideoPlayerGetCurrentFrameIndex.cs	0	
Assets/PlayMaker/Actions/VideoPlayer/VideoPlayerGetFrameCount.cs	0	
Assets/PlayMaker/Actions/VideoPlayer/VideoPlayerGetFrameRate.cs	0	
Assets/PlayMaker/Actions/VideoPlayer/VideoPlayerGetIsLooping.cs	0	
Assets/PlayMaker/Actions/VideoPlayer/VideoPlayerGetIsPlaying.cs	0	
Assets/PlayMaker/Actions/VideoPlayer/VideoPlayerGetIsPrepared.cs	0	
Assets/PlayMaker/Actions/VideoPlayer/VideoPlayerGetPlayOnAwake.cs	0	
Assets/PlayMaker/Actions/VideoPlayer/VideoPlayerGetPlaybackSpeed.cs	0	
Assets/PlayMaker/Actions/VideoPlayer/VideoPlayerGetRenderMode.cs	0	
Assets/PlayMaker/Actions/VideoPlayer/VideoPlayerGetSendFrameReadyEvents.cs	0	
Assets/PlayMaker/Actions/VideoPlayer/VideoPlayerGetSkipOnDrop.cs	0	
Assets/PlayMaker/Actions/VideoPlayer/VideoPlayerGetSource.cs	0	
Assets/PlayMaker/Actions/VideoPlayer/VideoPlayerGetTargetCamera.cs	0	
Assets/PlayMaker/Actions/VideoPlayer/VideoPlayerGetTargetCameraAlpha.cs	0	
Assets/PlayMaker/Actions/VideoPlayer/VideoPlayerGetTargetMaterialProperty.cs	0	
Assets/PlayMaker/Actions/VideoPlayer/VideoPlayerGetTargetTexture.cs	0	
Assets/PlayMaker/Actions/VideoPlayer/VideoPlayerGetTexture.cs	0	
Assets/PlayMaker/Actions/VideoPlayer/VideoPlayerGetTime.cs	0	
Assets/PlayMaker/Actions/VideoPlayer/VideoPlayerGetTimeSource.cs	0	
Assets/PlayMaker/Actions/VideoPlayer/VideoPlayerGetUrl.cs	0	
Assets/PlayMaker/Actions/VideoPlayer/VideoPlayerGetVideoClip.cs	0	
Assets/PlayMaker/Actions/VideoPlayer/VideoPlayerGetWaitForFirstFrame.cs	0	
Assets/PlayMaker/Actions/VideoPlayer/VideoPlayerLoopPointReachedEvent.cs	0	
Assets/PlayMaker/Actions/VideoPlayer/VideoPlayerPause.cs	0	
Assets/PlayMaker/Actions/VideoPlayer/VideoPlayerPlay.cs	0	
Assets/PlayMaker/Actions/VideoPlayer/VideoPlayerPrepare.cs	0	
Assets/PlayMaker/Actions/VideoPlayer/VideoPlayerPreparedCompletedEvent.cs	0	
Assets/PlayMaker/Actions/VideoPlayer/VideoPlayerSeekCompletedEvent.cs	0	
Assets/PlayMaker/Actions/VideoPlayer/VideoPlayerSetAspectRatio.cs	0	
Assets/PlayMaker/Actions/VideoPlayer/VideoPlayerSetAudioOutputMode.cs	0	
Assets/PlayMaker/Actions/VideoPlayer/VideoPlayerSetPlayOnAwake.cs	0	
Assets/PlayMaker/Actions/VideoPlayer/VideoPlayerSetPlaybackSpeed.cs	0	
Assets/PlayMaker/Actions/VideoPlayer/VideoPlayerSetRenderMode.cs	0	
Assets/PlayMaker/Actions/VideoPlayer/VideoPlayerSetSendFrameReadyEvents.cs	0	
Assets/PlayMaker/Actions/VideoPlayer/VideoPlayerSetSkipOnDrop.cs	0	
Assets/PlayMaker/Actions/VideoPlayer/VideoPlayerSetSource.cs	0	
Assets/PlayMaker/Actions/VideoPlayer/VideoPlayerSetTargetCamera.cs	0	
Assets/PlayMaker/Actions/VideoPlayer/VideoPlayerSetTargetCameraAlpha.cs	0	
Assets/PlayMaker/Actions/VideoPlayer/VideoPlayerSetTargetMaterialProperty.cs	0	
Assets/PlayMaker/Actions/VideoPlayer/VideoPlayerSetTargetTexture.cs	0	
Assets/PlayMaker/Actions/VideoPlayer/VideoPlayerSetTime.cs	0	
Assets/PlayMaker/Actions/VideoPlayer/VideoPlayerSetTimeSource.cs	0	
Assets/PlayMaker/Actions/VideoPlayer/VideoPlayerSetUrl.cs	0	
Assets/PlayMaker/Actions/VideoPlayer/VideoPlayerSetVideoClip.cs	0	
Assets/PlayMaker/Actions/VideoPlayer/VideoPlayerSetWaitForFirstFrame.cs	0	
Assets/PlayMaker/Actions/VideoPlayer/VideoPlayerStartedEvent.cs	0	
Assets/PlayMaker/Actions/VideoPlayer/VideoPlayerStepForward.cs	0	
Assets/PlayMaker/Actions/VideoPlayer/VideoPlayerStop.cs	0	
Assets/PlayMaker/Actions/Web/WWWObject.cs	0	
Assets/PlayMaker/Editor/AboutWindow.cs	0	
Assets/PlayMaker/Editor/AssetGUIDs.cs	0	
Assets/PlayMaker/Editor/BaseGuidedTourWindow.cs	0	
Assets/PlayMaker/Editor/ContextToolWindow.cs	0	
Assets/PlayMaker/Editor/DefinesHelper.cs	0	
Assets/PlayMaker/Editor/EditorStartupPrefs.cs	0	
Assets/PlayMaker/Editor/FsmActionWindow.cs	0	
Assets/PlayMaker/Editor/FsmComponentInspector.cs	0	
Assets/PlayMaker/Editor/FsmEditorWindow.cs	0	
Assets/PlayMaker/Editor/FsmErrorWindow.cs	0	
Assets/PlayMaker/Editor/FsmEventsWindow.cs	0	
Assets/PlayMaker/Editor/FsmGlobalsWindow.cs	0	
Assets/PlayMaker/Editor/FsmLogWindow.cs	0	
Assets/PlayMaker/Editor/FsmSelectorWindow.cs	0	
Assets/PlayMaker/Editor/FsmStateWindow.cs	0	
Assets/PlayMaker/Editor/FsmTemplate.cs	0	
Assets/PlayMaker/Editor/FsmTemplateEditor.cs	0	
Assets/PlayMaker/Editor/FsmTemplateWindow.cs	0	
Assets/PlayMaker/Editor/FsmTimelineWindow.cs	0	
Assets/PlayMaker/Editor/PlayMakerAddonManager.cs	0	
Assets/PlayMaker/Editor/PlayMakerAutoUpdater.cs	0	
Assets/PlayMaker/Editor/PlayMakerBugReportWindow.cs	0	
Assets/PlayMaker/Editor/PlayMakerBuildCallbacks.cs	0	
Assets/PlayMaker/Editor/PlayMakerControlsEditor.cs	0	
Assets/PlayMaker/Editor/PlayMakerCustomActionWizard.cs	0	
Assets/PlayMaker/Editor/PlayMakerDefines.cs	0	
Assets/PlayMaker/Editor/PlayMakerEditorStartup.cs	0	
Assets/PlayMaker/Editor/PlayMakerGUIInspector.cs	0	
Assets/PlayMaker/Editor/PlayMakerGlobalsInspector.cs	0	
Assets/PlayMaker/Editor/PlayMakerGuidedTour.cs	0	
Assets/PlayMaker/Editor/PlayMakerMainMenu.cs	0	
Assets/PlayMaker/Editor/PlayMakerProjectTools.cs	0	
Assets/PlayMaker/Editor/PlayMakerUpdater.cs	0	
Assets/PlayMaker/Editor/PlayMakerUpgradeGuide.cs	0	
Assets/PlayMaker/Editor/PlayMakerUpgradeTools.cs	0	
Assets/PlayMaker/Editor/PlayMakerWelcomeWindow.cs	0	
Assets/PlayMaker/Editor/PreUpdateChecker.cs	0	
Assets/PlayMaker/Editor/ReportWindow.cs	0	
Assets/PlayMaker/UpdateHelper.cs	0	
Assets/Plugins/Assembly-CSharp-firstpass/Ara/AraTrail.cs	0	
Assets/Plugins/Assembly-CSharp-firstpass/Ara/ColorFromSpeed.cs	0	
Assets/Plugins/Assembly-CSharp-firstpass/Ara/ElectricalArc.cs	0	
Assets/Plugins/Assembly-CSharp-firstpass/Ara/TireTrack.cs	0	
Assets/Plugins/Assembly-CSharp-firstpass/GogGalaxyManager.cs	0	
Assets/Plugins/Assembly-CSharp-firstpass/GuidComponent.cs	0	
Assets/Plugins/Assembly-CSharp-firstpass/GuidManager.cs	0	
Assets/Plugins/Assembly-CSharp-firstpass/GuidReference.cs	0	
Assets/Plugins/Assembly-CSharp-firstpass/IPostprocessModule.cs	0	
Assets/Plugins/Assembly-CSharp-firstpass/LoadScenes.cs	0	
Assets/Plugins/Assembly-CSharp-firstpass/PolyAndCode/UI/HorizontalRecyclingSystem.cs	0	
Assets/Plugins/Assembly-CSharp-firstpass/PolyAndCode/UI/ICell.cs	0	
Assets/Plugins/Assembly-CSharp-firstpass/PolyAndCode/UI/IRecyclableScrollRectDataSource.cs	0	
Assets/Plugins/Assembly-CSharp-firstpass/PolyAndCode/UI/RecyclableScrollRect.cs	0	
Assets/Plugins/Assembly-CSharp-firstpass/PolyAndCode/UI/RecyclingSystem.cs	0	
Assets/Plugins/Assembly-CSharp-firstpass/PolyAndCode/UI/VerticalRecyclingSystem.cs	0	
Assets/Plugins/Assembly-CSharp-firstpass/TestCrossScene.cs	0	
Assets/Plugins/Assembly-CSharp-firstpass/UIExtension.cs	0	
Assets/Plugins/Assembly-CSharp-firstpass/UnityStandardAssets/ImageEffects/Antialiasing.cs	0	
Assets/Plugins/Assembly-CSharp-firstpass/UnityStandardAssets/ImageEffects/Bloom.cs	0	
Assets/Plugins/Assembly-CSharp-firstpass/UnityStandardAssets/ImageEffects/BloomAndFlares.cs	0	
Assets/Plugins/Assembly-CSharp-firstpass/UnityStandardAssets/ImageEffects/Blur.cs	0	
Assets/Plugins/Assembly-CSharp-firstpass/UnityStandardAssets/ImageEffects/BlurOptimized.cs	0	
Assets/Plugins/Assembly-CSharp-firstpass/UnityStandardAssets/ImageEffects/ColorCorrectionCurves.cs	0	
Assets/Plugins/Assembly-CSharp-firstpass/UnityStandardAssets/ImageEffects/ColorCorrectionRamp.cs	0	
Assets/Plugins/Assembly-CSharp-firstpass/UnityStandardAssets/ImageEffects/ContrastEnhance.cs	0	
Assets/Plugins/Assembly-CSharp-firstpass/UnityStandardAssets/ImageEffects/ContrastStretch.cs	0	
Assets/Plugins/Assembly-CSharp-firstpass/UnityStandardAssets/ImageEffects/CreaseShading.cs	0	
Assets/Plugins/Assembly-CSharp-firstpass/UnityStandardAssets/ImageEffects/Fisheye.cs	0	
Assets/Plugins/Assembly-CSharp-firstpass/UnityStandardAssets/ImageEffects/GlobalFog.cs	0	
Assets/Plugins/Assembly-CSharp-firstpass/UnityStandardAssets/ImageEffects/Grayscale.cs	0	
Assets/Plugins/Assembly-CSharp-firstpass/UnityStandardAssets/ImageEffects/ImageEffectBase.cs	0	
Assets/Plugins/Assembly-CSharp-firstpass/UnityStandardAssets/ImageEffects/ImageEffects.cs	0	
Assets/Plugins/Assembly-CSharp-firstpass/UnityStandardAssets/ImageEffects/MotionBlur.cs	0	
Assets/Plugins/Assembly-CSharp-firstpass/UnityStandardAssets/ImageEffects/NoiseAndGrain.cs	0	
Assets/Plugins/Assembly-CSharp-firstpass/UnityStandardAssets/ImageEffects/NoiseAndScratches.cs	0	
Assets/Plugins/Assembly-CSharp-firstpass/UnityStandardAssets/ImageEffects/PostEffectsBase.cs	0	
Assets/Plugins/Assembly-CSharp-firstpass/UnityStandardAssets/ImageEffects/PostEffectsHelper.cs	0	
Assets/Plugins/Assembly-CSharp-firstpass/UnityStandardAssets/ImageEffects/Quads.cs	0	
Assets/Plugins/Assembly-CSharp-firstpass/UnityStandardAssets/ImageEffects/ScreenOverlay.cs	0	
Assets/Plugins/Assembly-CSharp-firstpass/UnityStandardAssets/ImageEffects/ScreenSpaceAmbientObscurance.cs	0	
Assets/Plugins/Assembly-CSharp-firstpass/UnityStandardAssets/ImageEffects/ScreenSpaceAmbientOcclusion.cs	0	
Assets/Plugins/Assembly-CSharp-firstpass/UnityStandardAssets/ImageEffects/SepiaTone.cs	0	
Assets/Plugins/Assembly-CSharp-firstpass/UnityStandardAssets/ImageEffects/SunShafts.cs	0	
Assets/Plugins/Assembly-CSharp-firstpass/UnityStandardAssets/ImageEffects/TiltShift.cs	0	
Assets/Plugins/Assembly-CSharp-firstpass/UnityStandardAssets/ImageEffects/Tonemapping.cs	0	
Assets/Plugins/Assembly-CSharp-firstpass/UnityStandardAssets/ImageEffects/Triangles.cs	0	
Assets/Plugins/Assembly-CSharp-firstpass/UnityStandardAssets/ImageEffects/Twirl.cs	0	
Assets/Plugins/Assembly-CSharp-firstpass/UnityStandardAssets/ImageEffects/VignetteAndChromaticAberration.cs	0	
Assets/Plugins/Assembly-CSharp-firstpass/UnityStandardAssets/ImageEffects/Vortex.cs	0	
Assets/Plugins/Assembly-CSharp-firstpass/iTween.cs	0	
Assets/Scripts/Assembly-CSharp/AbyssWater.cs	0	
Assets/Scripts/Assembly-CSharp/AbyssWaterTendrils.cs	0	
Assets/Scripts/Assembly-CSharp/AchievementState.cs	0	
Assets/Scripts/Assembly-CSharp/ActivateAllChildren.cs	0	
Assets/Scripts/Assembly-CSharp/ActivateColliderDelay.cs	0	
Assets/Scripts/Assembly-CSharp/ActivateColliderDelayCallbackHooks.cs	0	
Assets/Scripts/Assembly-CSharp/ActivateColliderWhenNotInside.cs	0	
Assets/Scripts/Assembly-CSharp/ActivateObjectDelay.cs	0	
Assets/Scripts/Assembly-CSharp/ActivateObjectRandomDelay.cs	0	
Assets/Scripts/Assembly-CSharp/ActivateOnDoubleJump.cs	0	
Assets/Scripts/Assembly-CSharp/ActivateRandomChild.cs	0	
Assets/Scripts/Assembly-CSharp/ActivateRandomChildren.cs	0	
Assets/Scripts/Assembly-CSharp/ActivateRandomChildrenTimer.cs	0	
Assets/Scripts/Assembly-CSharp/ActivatingBase.cs	0	
Assets/Scripts/Assembly-CSharp/ActivationRange.cs	0	
Assets/Scripts/Assembly-CSharp/ActivatorPlatform.cs	0	
Assets/Scripts/Assembly-CSharp/ActiveCorpse.cs	0	
Assets/Scripts/Assembly-CSharp/AddAnimatorToSubMesh.cs	0	
Assets/Scripts/Assembly-CSharp/AdditiveLoreSceneController.cs	0	
Assets/Scripts/Assembly-CSharp/AddressableInstance.cs	0	
Assets/Scripts/Assembly-CSharp/AddressablesLoadScene.cs	0	
Assets/Scripts/Assembly-CSharp/AirZone.cs	0	
Assets/Scripts/Assembly-CSharp/AmbientFloat.cs	0	
Assets/Scripts/Assembly-CSharp/AmbientFloatProfile.cs	0	
Assets/Scripts/Assembly-CSharp/AmbientLightAnimator.cs	0	
Assets/Scripts/Assembly-CSharp/AmbientSway.cs	0	
Assets/Scripts/Assembly-CSharp/AmbientSwayCallbackHooks.cs	0	
Assets/Scripts/Assembly-CSharp/AmbientSwayProfile.cs	0	
Assets/Scripts/Assembly-CSharp/AnimateRigidBody2DProperties.cs	0	
Assets/Scripts/Assembly-CSharp/AnimateSpriteIndex.cs	0	
Assets/Scripts/Assembly-CSharp/AnimatedFadeGroup.cs	0	
Assets/Scripts/Assembly-CSharp/AnimatedPooledEffect.cs	0	
Assets/Scripts/Assembly-CSharp/AnimationRunner.cs	0	
Assets/Scripts/Assembly-CSharp/AnimationTriggerIndicator.cs	0	
Assets/Scripts/Assembly-CSharp/AnimatorActivatingStates.cs	0	
Assets/Scripts/Assembly-CSharp/AnimatorControlSequence.cs	0	
Assets/Scripts/Assembly-CSharp/AnimatorCullingLink.cs	0	
Assets/Scripts/Assembly-CSharp/AnimatorGroup.cs	0	
Assets/Scripts/Assembly-CSharp/AnimatorHashCache.cs	0	
Assets/Scripts/Assembly-CSharp/AnimatorLookAnimNPC.cs	0	
Assets/Scripts/Assembly-CSharp/AnimatorPlayDelaySequence.cs	0	
Assets/Scripts/Assembly-CSharp/AnimatorSetStartTime.cs	0	
Assets/Scripts/Assembly-CSharp/AnimatorSpeedInRange.cs	0	
Assets/Scripts/Assembly-CSharp/AnimatorTalkAnimNPC.cs	0	
Assets/Scripts/Assembly-CSharp/AntRegion.cs	0	
Assets/Scripts/Assembly-CSharp/AntRegionFlingChildrenNotifier.cs	0	
Assets/Scripts/Assembly-CSharp/AntRegionHandler.cs	0	
Assets/Scripts/Assembly-CSharp/AppearAnimator.cs	0	
Assets/Scripts/Assembly-CSharp/ApplyForceToCurrency.cs	0	
Assets/Scripts/Assembly-CSharp/AraTrailOverlay.cs	0	
Assets/Scripts/Assembly-CSharp/AreaEffectTint.cs	0	
Assets/Scripts/Assembly-CSharp/AreaTitleInitialiser.cs	0	
Assets/Scripts/Assembly-CSharp/ArmSpikePlat.cs	0	
Assets/Scripts/Assembly-CSharp/ArmSpikePlatReturn.cs	0	
Assets/Scripts/Assembly-CSharp/AssetPickerDropdownAttribute.cs	0	
Assets/Scripts/Assembly-CSharp/AsyncLoadOrderingManager.cs	0	
Assets/Scripts/Assembly-CSharp/AttackDetonator.cs	0	
Assets/Scripts/Assembly-CSharp/AutoGenerateHangingRope.cs	0	
Assets/Scripts/Assembly-CSharp/AutoNoClamberRegion.cs	0	
Assets/Scripts/Assembly-CSharp/AutoRecycleSelfCallbackHooks.cs	0	
Assets/Scripts/Assembly-CSharp/AwakenChildren.cs	32000	
Assets/Scripts/Assembly-CSharp/BasicNPC.cs	0	
Assets/Scripts/Assembly-CSharp/BasicNPCBase.cs	0	
Assets/Scripts/Assembly-CSharp/BasicNPCBoolTest.cs	0	
Assets/Scripts/Assembly-CSharp/BasicNPCRepeatDialogueLeaveCondition.cs	0	
Assets/Scripts/Assembly-CSharp/BasicQuestBase.cs	0	
Assets/Scripts/Assembly-CSharp/BasicSpikes.cs	0	
Assets/Scripts/Assembly-CSharp/BatchKillEvent.cs	0	
Assets/Scripts/Assembly-CSharp/BattleScene.cs	0	
Assets/Scripts/Assembly-CSharp/BattleSceneEnemy.cs	0	
Assets/Scripts/Assembly-CSharp/BattleWave.cs	0	
Assets/Scripts/Assembly-CSharp/BellBench.cs	0	
Assets/Scripts/Assembly-CSharp/BellShrineGateLock.cs	0	
Assets/Scripts/Assembly-CSharp/BellShrineTuningFork.cs	0	
Assets/Scripts/Assembly-CSharp/BellShrineTuningForkGroup.cs	0	
Assets/Scripts/Assembly-CSharp/BindOrbHudFrame.cs	0	
Assets/Scripts/Assembly-CSharp/BindThreadling.cs	0	
Assets/Scripts/Assembly-CSharp/BlackThreadAttack.cs	0	
Assets/Scripts/Assembly-CSharp/BlackThreadCore.cs	32000	
Assets/Scripts/Assembly-CSharp/BlackThreadDeathAltProxy.cs	0	
Assets/Scripts/Assembly-CSharp/BlackThreadEffectRendererGroup.cs	0	
Assets/Scripts/Assembly-CSharp/BlackThreadImpacter.cs	0	
Assets/Scripts/Assembly-CSharp/BlackThreadSpine.cs	0	
Assets/Scripts/Assembly-CSharp/BlackThreadState.cs	32000	
Assets/Scripts/Assembly-CSharp/BlackThreadStrand.cs	0	
Assets/Scripts/Assembly-CSharp/BlackThreadStrandGroup.cs	0	
Assets/Scripts/Assembly-CSharp/BlackThreadStrandSimple.cs	0	
Assets/Scripts/Assembly-CSharp/BlackThreadedEffect.cs	0	
Assets/Scripts/Assembly-CSharp/BloodSpawner.cs	0	
Assets/Scripts/Assembly-CSharp/BloomOptimized.cs	0	
Assets/Scripts/Assembly-CSharp/BloomRegion.cs	0	
Assets/Scripts/Assembly-CSharp/BlueHealth.cs	0	
Assets/Scripts/Assembly-CSharp/BombBounce.cs	0	
Assets/Scripts/Assembly-CSharp/BoneSegment.cs	0	
Assets/Scripts/Assembly-CSharp/BossThreadAnimator.cs	0	
Assets/Scripts/Assembly-CSharp/BounceBalloon.cs	0	
Assets/Scripts/Assembly-CSharp/BounceBalloonCrane.cs	0	
Assets/Scripts/Assembly-CSharp/BounceBalloonCraneAnchor.cs	0	
Assets/Scripts/Assembly-CSharp/BounceOnWater.cs	0	
Assets/Scripts/Assembly-CSharp/BouncePod.cs	0	
Assets/Scripts/Assembly-CSharp/BouncePodSequence.cs	0	
Assets/Scripts/Assembly-CSharp/BounceShared.cs	0	
Assets/Scripts/Assembly-CSharp/BoxCollider2DConfigs.cs	0	
Assets/Scripts/Assembly-CSharp/BreakItemsOnContact.cs	0	
Assets/Scripts/Assembly-CSharp/BreakOnHazard.cs	0	
Assets/Scripts/Assembly-CSharp/BreakWhenNotMoving.cs	0	
Assets/Scripts/Assembly-CSharp/BreakableBreaker.cs	0	
Assets/Scripts/Assembly-CSharp/BreakableGenerateCorpse.cs	0	
Assets/Scripts/Assembly-CSharp/BreakableHolder.cs	0	
Assets/Scripts/Assembly-CSharp/BreakableTriggerBreak.cs	0	
Assets/Scripts/Assembly-CSharp/CameraAspectScaler.cs	0	
Assets/Scripts/Assembly-CSharp/CameraBlurPlane.cs	0	
Assets/Scripts/Assembly-CSharp/CameraBlurPlaneAnimator.cs	0	
Assets/Scripts/Assembly-CSharp/CameraCaptureRender.cs	0	
Assets/Scripts/Assembly-CSharp/CameraInfoCache.cs	0	
Assets/Scripts/Assembly-CSharp/CameraManagerReference.cs	0	
Assets/Scripts/Assembly-CSharp/CameraOffsetArea.cs	0	
Assets/Scripts/Assembly-CSharp/CameraRenderHooks.cs	0	
Assets/Scripts/Assembly-CSharp/CameraRenderScaled.cs	0	
Assets/Scripts/Assembly-CSharp/CameraRenderScaledApply.cs	0	
Assets/Scripts/Assembly-CSharp/CameraRenderToMesh.cs	0	
Assets/Scripts/Assembly-CSharp/CameraRenderToUI.cs	0	
Assets/Scripts/Assembly-CSharp/CameraShakeAnimator.cs	0	
Assets/Scripts/Assembly-CSharp/CameraShakeEventReceiver.cs	0	
Assets/Scripts/Assembly-CSharp/CameraShakeManager.cs	0	
Assets/Scripts/Assembly-CSharp/CameraShakeOnEnable.cs	0	
Assets/Scripts/Assembly-CSharp/CameraShakeProfile.cs	0	
Assets/Scripts/Assembly-CSharp/CameraShakeRegion.cs	0	
Assets/Scripts/Assembly-CSharp/CameraShakeResponderMechanim.cs	0	
Assets/Scripts/Assembly-CSharp/CameraShakeTarget.cs	0	
Assets/Scripts/Assembly-CSharp/CameraShakeWhileEnabled.cs	0	
Assets/Scripts/Assembly-CSharp/CanvasGroupMonitor.cs	0	
Assets/Scripts/Assembly-CSharp/CanvasGroupScrollIndicator.cs	0	
Assets/Scripts/Assembly-CSharp/CaptureAnimationEventMuter.cs	0	
Assets/Scripts/Assembly-CSharp/CaravanLocationScenes.cs	0	
Assets/Scripts/Assembly-CSharp/CaravanMusicControl.cs	0	
Assets/Scripts/Assembly-CSharp/CaravanSpider.cs	0	
Assets/Scripts/Assembly-CSharp/CaravanSpiderTravelDirectionResponder.cs	0	
Assets/Scripts/Assembly-CSharp/CaravanTroupeHunter.cs	0	
Assets/Scripts/Assembly-CSharp/ChainAttackForce.cs	0	
Assets/Scripts/Assembly-CSharp/ChainInteraction.cs	0	
Assets/Scripts/Assembly-CSharp/ChainLinkBreak.cs	0	
Assets/Scripts/Assembly-CSharp/ChainLinkInteraction.cs	0	
Assets/Scripts/Assembly-CSharp/ChainLinkTerrainFixer.cs	0	
Assets/Scripts/Assembly-CSharp/ChainPushReaction.cs	0	
Assets/Scripts/Assembly-CSharp/ChangeFontStyleByLanguage.cs	0	
Assets/Scripts/Assembly-CSharp/ChangePositionByLanguage.cs	0	
Assets/Scripts/Assembly-CSharp/ChangeScaleByLanguage.cs	0	
Assets/Scripts/Assembly-CSharp/ChangeSpacingByLanguage.cs	0	
Assets/Scripts/Assembly-CSharp/ChangeTextFontScaleOnHandHeld.cs	0	
Assets/Scripts/Assembly-CSharp/CharacterBumpCheck.cs	0	
Assets/Scripts/Assembly-CSharp/CharacterLightDust.cs	0	
Assets/Scripts/Assembly-CSharp/CharacterTint.cs	0	
Assets/Scripts/Assembly-CSharp/CheatCodeListener.cs	0	
Assets/Scripts/Assembly-CSharp/CheckIsCharacterGrounded.cs	0	
Assets/Scripts/Assembly-CSharp/CheckOutOfBoundsX.cs	0	
Assets/Scripts/Assembly-CSharp/ChildUpdateOrdered.cs	0	
Assets/Scripts/Assembly-CSharp/ChildWheelAnimation.cs	0	
Assets/Scripts/Assembly-CSharp/ClampPositionToCamera.cs	0	
Assets/Scripts/Assembly-CSharp/ClockworkHatchling.cs	0	
Assets/Scripts/Assembly-CSharp/ClockworkHatchlingDummy.cs	0	
Assets/Scripts/Assembly-CSharp/CoalBurn.cs	0	
Assets/Scripts/Assembly-CSharp/CogCorpseItem.cs	0	
Assets/Scripts/Assembly-CSharp/CogCorpseReaction.cs	0	
Assets/Scripts/Assembly-CSharp/CogCylinderPuzzle.cs	0	
Assets/Scripts/Assembly-CSharp/CogCylinderPuzzleCog.cs	0	
Assets/Scripts/Assembly-CSharp/CogEnergyTimeline.cs	0	
Assets/Scripts/Assembly-CSharp/CogMultiHitter.cs	0	
Assets/Scripts/Assembly-CSharp/CogPlat.cs	0	
Assets/Scripts/Assembly-CSharp/CogPlatArm.cs	0	
Assets/Scripts/Assembly-CSharp/CogPlatController.cs	0	
Assets/Scripts/Assembly-CSharp/CogRollThenFallOver.cs	0	
Assets/Scripts/Assembly-CSharp/CogRotationController.cs	0	
Assets/Scripts/Assembly-CSharp/CollectableItem.cs	0	
Assets/Scripts/Assembly-CSharp/CollectableItemBasic.cs	0	
Assets/Scripts/Assembly-CSharp/CollectableItemGrower.cs	0	
Assets/Scripts/Assembly-CSharp/CollectableItemHeroReaction.cs	0	
Assets/Scripts/Assembly-CSharp/CollectableItemList.cs	0	
Assets/Scripts/Assembly-CSharp/CollectableItemManager.cs	0	
Assets/Scripts/Assembly-CSharp/CollectableItemMemento.cs	0	
Assets/Scripts/Assembly-CSharp/CollectableItemMementoList.cs	0	
Assets/Scripts/Assembly-CSharp/CollectableItemPickup.cs	0	
Assets/Scripts/Assembly-CSharp/CollectableItemQuestDisplay.cs	0	
Assets/Scripts/Assembly-CSharp/CollectableItemRelicType.cs	0	
Assets/Scripts/Assembly-CSharp/CollectableItemStack.cs	0	
Assets/Scripts/Assembly-CSharp/CollectableItemStates.cs	0	
Assets/Scripts/Assembly-CSharp/CollectableItemToolDamage.cs	0	
Assets/Scripts/Assembly-CSharp/CollectableItemsData.cs	0	
Assets/Scripts/Assembly-CSharp/CollectableMementosData.cs	0	
Assets/Scripts/Assembly-CSharp/CollectableRelic.cs	0	
Assets/Scripts/Assembly-CSharp/CollectableRelicBoard.cs	0	
Assets/Scripts/Assembly-CSharp/CollectableRelicBoardItem.cs	0	
Assets/Scripts/Assembly-CSharp/CollectableRelicList.cs	0	
Assets/Scripts/Assembly-CSharp/CollectableRelicManager.cs	0	
Assets/Scripts/Assembly-CSharp/CollectableRelicTypeList.cs	0	
Assets/Scripts/Assembly-CSharp/CollectableRelicsData.cs	0	
Assets/Scripts/Assembly-CSharp/CollectableUIMsg.cs	0	
Assets/Scripts/Assembly-CSharp/CollectionGramaphone.cs	0	
Assets/Scripts/Assembly-CSharp/CollectionViewBoard.cs	0	
Assets/Scripts/Assembly-CSharp/CollectionViewBoardItem.cs	0	
Assets/Scripts/Assembly-CSharp/CollectionViewerDesk.cs	0	
Assets/Scripts/Assembly-CSharp/ColliderExpandTo.cs	0	
Assets/Scripts/Assembly-CSharp/CollisionDepress.cs	0	
Assets/Scripts/Assembly-CSharp/ColorCorrectionCurvesAnimator.cs	0	
Assets/Scripts/Assembly-CSharp/ColourDistanceSilhouette.cs	0	
Assets/Scripts/Assembly-CSharp/CompletionStyles.cs	0	
Assets/Scripts/Assembly-CSharp/ComponentToggleTimer.cs	0	
Assets/Scripts/Assembly-CSharp/ConchProjectileCollision.cs	0	
Assets/Scripts/Assembly-CSharp/ConditionalAnimation.cs	0	
Assets/Scripts/Assembly-CSharp/ConditionalAttribute.cs	0	
Assets/Scripts/Assembly-CSharp/ContinuousTrigger.cs	0	
Assets/Scripts/Assembly-CSharp/ControlReminder.cs	0	
Assets/Scripts/Assembly-CSharp/ControlReminderSingle.cs	0	
Assets/Scripts/Assembly-CSharp/ConveyorMovementCallbackHooks.cs	0	
Assets/Scripts/Assembly-CSharp/CopyPosition.cs	0	
Assets/Scripts/Assembly-CSharp/CoralCrustTreeBranchStates.cs	0	
Assets/Scripts/Assembly-CSharp/Corpse.cs	0	
Assets/Scripts/Assembly-CSharp/CorpseCatcher.cs	0	
Assets/Scripts/Assembly-CSharp/CorpseDropRegion.cs	0	
Assets/Scripts/Assembly-CSharp/CorpseItems.cs	0	
Assets/Scripts/Assembly-CSharp/CorpseLandTint.cs	0	
Assets/Scripts/Assembly-CSharp/CorpseRegular.cs	0	
Assets/Scripts/Assembly-CSharp/CorpseRegularEffectsProfile.cs	0	
Assets/Scripts/Assembly-CSharp/CorpseSplatter.cs	0	
Assets/Scripts/Assembly-CSharp/CostReference.cs	0	
Assets/Scripts/Assembly-CSharp/CrankPlat.cs	0	
Assets/Scripts/Assembly-CSharp/CreditsCardSection.cs	0	
Assets/Scripts/Assembly-CSharp/CreditsSectionBase.cs	0	
Assets/Scripts/Assembly-CSharp/CrestSlotUnlockMsg.cs	0	
Assets/Scripts/Assembly-CSharp/CrestSocketUnlockInventoryDescription.cs	0	
Assets/Scripts/Assembly-CSharp/CrossSceneWalker.cs	0	
Assets/Scripts/Assembly-CSharp/CurrencyCollectable.cs	0	
Assets/Scripts/Assembly-CSharp/CurrencyCounter.cs	0	
Assets/Scripts/Assembly-CSharp/CurrencyCounterAppearRegion.cs	0	
Assets/Scripts/Assembly-CSharp/CurrencyCounterBase.cs	0	
Assets/Scripts/Assembly-CSharp/CurrencyCounterIcon.cs	0	
Assets/Scripts/Assembly-CSharp/CurrencyCounterStack.cs	0	
Assets/Scripts/Assembly-CSharp/CurrencyManager.cs	-1	
Assets/Scripts/Assembly-CSharp/CurrencyObjectBaseCallbackHooks.cs	0	
Assets/Scripts/Assembly-CSharp/CurrencyObjectLimitRegion.cs	0	
Assets/Scripts/Assembly-CSharp/CurveOffsetAnimation.cs	0	
Assets/Scripts/Assembly-CSharp/CurveRotationAnimation.cs	0	
Assets/Scripts/Assembly-CSharp/CurveScaleAnimation.cs	0	
Assets/Scripts/Assembly-CSharp/CustomInventoryItemCollectableDisplay.cs	0	
Assets/Scripts/Assembly-CSharp/CustomPlayMakerCollisionStay2D.cs	0	
Assets/Scripts/Assembly-CSharp/CustomPlayMakerTriggerStay2D.cs	0	
Assets/Scripts/Assembly-CSharp/CustomPlayerLoop.cs	0	
Assets/Scripts/Assembly-CSharp/CustomSceneManager.cs	203	
Assets/Scripts/Assembly-CSharp/CustomTag.cs	0	
Assets/Scripts/Assembly-CSharp/DamageEnemiesCallbackHooks.cs	18	
Assets/Scripts/Assembly-CSharp/DamageReference.cs	0	
Assets/Scripts/Assembly-CSharp/DamageStack.cs	0	
Assets/Scripts/Assembly-CSharp/DamageTag.cs	0	
Assets/Scripts/Assembly-CSharp/DarknessCameraEffect.cs	0	
Assets/Scripts/Assembly-CSharp/DarknessRegion.cs	0	
Assets/Scripts/Assembly-CSharp/DashStabNailAttack.cs	0	
Assets/Scripts/Assembly-CSharp/DeactivateNextFrame.cs	0	
Assets/Scripts/Assembly-CSharp/DeactivateOnHeroRespawnPoint.cs	0	
Assets/Scripts/Assembly-CSharp/DeactivateOnParentScaleFlip.cs	0	
Assets/Scripts/Assembly-CSharp/DeactivateOnTK2DTargetAnimComplete.cs	0	
Assets/Scripts/Assembly-CSharp/DeactivatePlayerDataTest.cs	5000	
Assets/Scripts/Assembly-CSharp/DeactivateRandomly.cs	0	
Assets/Scripts/Assembly-CSharp/DeactivateSavedItemCondition.cs	5000	
Assets/Scripts/Assembly-CSharp/DebandEffect.cs	0	
Assets/Scripts/Assembly-CSharp/DebugDrawColliderRuntime.cs	0	
Assets/Scripts/Assembly-CSharp/DeepMemoryApproachEffect.cs	0	
Assets/Scripts/Assembly-CSharp/DeliveryHudIcon.cs	0	
Assets/Scripts/Assembly-CSharp/DeliveryQuestItem.cs	0	
Assets/Scripts/Assembly-CSharp/DeliveryQuestItemStandalone.cs	0	
Assets/Scripts/Assembly-CSharp/DemoHelper.cs	0	
Assets/Scripts/Assembly-CSharp/DemoModeBehaviour.cs	0	
Assets/Scripts/Assembly-CSharp/DeparentAfterDelay.cs	0	
Assets/Scripts/Assembly-CSharp/DeparentAndFollow.cs	0	
Assets/Scripts/Assembly-CSharp/DestroyCallback.cs	0	
Assets/Scripts/Assembly-CSharp/DestroyIfParentNull.cs	0	
Assets/Scripts/Assembly-CSharp/DetectGameObjectEntry.cs	0	
Assets/Scripts/Assembly-CSharp/DetectSwingPeak.cs	0	
Assets/Scripts/Assembly-CSharp/DialDoorBridge.cs	0	
Assets/Scripts/Assembly-CSharp/DialogueYesNoBox.cs	0	
Assets/Scripts/Assembly-CSharp/DisableAtRuntime.cs	0	
Assets/Scripts/Assembly-CSharp/DisableIfNotVisible.cs	0	
Assets/Scripts/Assembly-CSharp/DisableParticleCollisonDelay.cs	0	
Assets/Scripts/Assembly-CSharp/DisplayFrozenCamera.cs	0	
Assets/Scripts/Assembly-CSharp/DoorTargetCondition.cs	0	
Assets/Scripts/Assembly-CSharp/Downspike.cs	510	
Assets/Scripts/Assembly-CSharp/Dragonfly.cs	0	
Assets/Scripts/Assembly-CSharp/DriftflyCloud.cs	0	
Assets/Scripts/Assembly-CSharp/DropFloorBreaker.cs	0	
Assets/Scripts/Assembly-CSharp/DropRecycle.cs	0	
Assets/Scripts/Assembly-CSharp/DustpiloExplosion.cs	0	
Assets/Scripts/Assembly-CSharp/DynamicHeightFitter.cs	0	
Assets/Scripts/Assembly-CSharp/EdgeAdjustHelper.cs	0	
Assets/Scripts/Assembly-CSharp/EnableFsmOnEnable.cs	0	
Assets/Scripts/Assembly-CSharp/EnableRandomGameObjectOnEnable.cs	0	
Assets/Scripts/Assembly-CSharp/EndingSequence.cs	0	
Assets/Scripts/Assembly-CSharp/EnemyCoalBurn.cs	0	
Assets/Scripts/Assembly-CSharp/EnemyDamagerGroup.cs	0	
Assets/Scripts/Assembly-CSharp/EnemyDeathEffectsProfile.cs	0	
Assets/Scripts/Assembly-CSharp/EnemyDeathEffectsRegular.cs	0	
Assets/Scripts/Assembly-CSharp/EnemyEdgeControl.cs	0	
Assets/Scripts/Assembly-CSharp/EnemyHitEffectsBasic.cs	0	
Assets/Scripts/Assembly-CSharp/EnemyHitEffectsProfile.cs	0	
Assets/Scripts/Assembly-CSharp/EnemyHitEffectsRegular.cs	0	
Assets/Scripts/Assembly-CSharp/EnemyJournalKillData.cs	0	
Assets/Scripts/Assembly-CSharp/EnemyJournalManager.cs	0	
Assets/Scripts/Assembly-CSharp/EnemyJournalRecord.cs	0	
Assets/Scripts/Assembly-CSharp/EnemyJournalRecordList.cs	0	
Assets/Scripts/Assembly-CSharp/EnemyRecoilBlocker.cs	0	
Assets/Scripts/Assembly-CSharp/EnemySingDuration.cs	0	
Assets/Scripts/Assembly-CSharp/EnemyUpdraftRegion.cs	0	
Assets/Scripts/Assembly-CSharp/EnemyWallRange.cs	0	
Assets/Scripts/Assembly-CSharp/EngageMenuScreen.cs	0	
Assets/Scripts/Assembly-CSharp/EnsurePrefabAttribute.cs	0	
Assets/Scripts/Assembly-CSharp/EnumOrderAttribute.cs	0	
Assets/Scripts/Assembly-CSharp/EnviroRegionListener.cs	0	
Assets/Scripts/Assembly-CSharp/EventBase.cs	0	
Assets/Scripts/Assembly-CSharp/EventMuter.cs	0	
Assets/Scripts/Assembly-CSharp/EventRegisterEvents.cs	0	
Assets/Scripts/Assembly-CSharp/EventRelay.cs	0	
Assets/Scripts/Assembly-CSharp/EventRelayResponder.cs	0	
Assets/Scripts/Assembly-CSharp/EventResponder.cs	0	
Assets/Scripts/Assembly-CSharp/ExcludeFromFadeGroup.cs	0	
Assets/Scripts/Assembly-CSharp/Explosion.cs	0	
Assets/Scripts/Assembly-CSharp/ExtenderPlatLink.cs	0	
Assets/Scripts/Assembly-CSharp/ExtenderPlatPlatform.cs	0	
Assets/Scripts/Assembly-CSharp/ExtenderPlatsController.cs	0	
Assets/Scripts/Assembly-CSharp/ExtinguishEffectSpawner.cs	0	
Assets/Scripts/Assembly-CSharp/ExtraSettings.cs	-10	
Assets/Scripts/Assembly-CSharp/ExtraToolSlotUIMsg.cs	0	
Assets/Scripts/Assembly-CSharp/FSMBreakOnContact.cs	0	
Assets/Scripts/Assembly-CSharp/FadeOutByAngle.cs	0	
Assets/Scripts/Assembly-CSharp/FadeUpWhileIntersecting.cs	0	
Assets/Scripts/Assembly-CSharp/FakeCollectable.cs	0	
Assets/Scripts/Assembly-CSharp/FastTravelCutscene.cs	0	
Assets/Scripts/Assembly-CSharp/FastTravelMap.cs	0	
Assets/Scripts/Assembly-CSharp/FastTravelMapButton.cs	0	
Assets/Scripts/Assembly-CSharp/FastTravelMapCorePiece.cs	0	
Assets/Scripts/Assembly-CSharp/FastTravelMapPiece.cs	0	
Assets/Scripts/Assembly-CSharp/FastTravelScenes.cs	0	
Assets/Scripts/Assembly-CSharp/FeatherPhysics.cs	0	
Assets/Scripts/Assembly-CSharp/FireballProjectile.cs	0	
Assets/Scripts/Assembly-CSharp/FixParentedJoints.cs	0	
Assets/Scripts/Assembly-CSharp/FixedUpdateCache.cs	0	
Assets/Scripts/Assembly-CSharp/FlashAnimator.cs	0	
Assets/Scripts/Assembly-CSharp/FlexibleHorizontalLayoutGroup.cs	0	
Assets/Scripts/Assembly-CSharp/FlingChildrenOnStart.cs	0	
Assets/Scripts/Assembly-CSharp/FlingGameObject.cs	0	
Assets/Scripts/Assembly-CSharp/FlingGameObjectsAtIntervals.cs	0	
Assets/Scripts/Assembly-CSharp/FlingSelf.cs	0	
Assets/Scripts/Assembly-CSharp/FlintUseEffects.cs	0	
Assets/Scripts/Assembly-CSharp/FloatEventCurveAnimator.cs	0	
Assets/Scripts/Assembly-CSharp/FloatEventSpeed.cs	0	
Assets/Scripts/Assembly-CSharp/FloatLerp.cs	0	
Assets/Scripts/Assembly-CSharp/FloatingObject.cs	0	
Assets/Scripts/Assembly-CSharp/FloatingPlatform.cs	0	
Assets/Scripts/Assembly-CSharp/FlockFlyer.cs	0	
Assets/Scripts/Assembly-CSharp/FloorBells.cs	0	
Assets/Scripts/Assembly-CSharp/FollowCamera.cs	0	
Assets/Scripts/Assembly-CSharp/FollowRotation.cs	0	
Assets/Scripts/Assembly-CSharp/FollowTransform.cs	5	
Assets/Scripts/Assembly-CSharp/FontFallbackBase.cs	0	
Assets/Scripts/Assembly-CSharp/FontManager.cs	0	
Assets/Scripts/Assembly-CSharp/FootstepPlayer.cs	0	
Assets/Scripts/Assembly-CSharp/ForceRamp2D.cs	0	
Assets/Scripts/Assembly-CSharp/ForceThunker.cs	0	
Assets/Scripts/Assembly-CSharp/ForceUniformScaling.cs	0	
Assets/Scripts/Assembly-CSharp/FreezeMomentOnEnable.cs	0	
Assets/Scripts/Assembly-CSharp/FrostEffectFader.cs	0	
Assets/Scripts/Assembly-CSharp/FrostRegion.cs	0	
Assets/Scripts/Assembly-CSharp/FrostSpeedProfile.cs	0	
Assets/Scripts/Assembly-CSharp/FullQuestBase.cs	0	
Assets/Scripts/Assembly-CSharp/GCArtificialMemoryPressure.cs	0	
Assets/Scripts/Assembly-CSharp/GUIDrawer.cs	0	
Assets/Scripts/Assembly-CSharp/GameMapPinLayout.cs	0	
Assets/Scripts/Assembly-CSharp/GameMapScene.cs	0	
Assets/Scripts/Assembly-CSharp/GameObjectMatchActiveState.cs	0	
Assets/Scripts/Assembly-CSharp/GameplayTimer.cs	0	
Assets/Scripts/Assembly-CSharp/Gate.cs	0	
Assets/Scripts/Assembly-CSharp/GenericMessageCanvas.cs	0	
Assets/Scripts/Assembly-CSharp/GenericPickup.cs	0	
Assets/Scripts/Assembly-CSharp/GeoControlCallbackHooks.cs	0	
Assets/Scripts/Assembly-CSharp/GetJournalKillData.cs	0	
Assets/Scripts/Assembly-CSharp/GlowResponseCoal.cs	0	
Assets/Scripts/Assembly-CSharp/GrabPassBatcher.cs	0	
Assets/Scripts/Assembly-CSharp/GraphicLayoutDirtyEvent.cs	0	
Assets/Scripts/Assembly-CSharp/GraphicsTiersActivator.cs	0	
Assets/Scripts/Assembly-CSharp/GrassSprite.cs	0	
Assets/Scripts/Assembly-CSharp/GroundSplat.cs	0	
Assets/Scripts/Assembly-CSharp/GuidReferenceHolder.cs	0	
Assets/Scripts/Assembly-CSharp/HandleHelper.cs	0	
Assets/Scripts/Assembly-CSharp/HarpoonHook.cs	0	
Assets/Scripts/Assembly-CSharp/HarpoonRingChain.cs	0	
Assets/Scripts/Assembly-CSharp/HarpoonRingPoleConfigure.cs	0	
Assets/Scripts/Assembly-CSharp/HarpoonRingSlideLock.cs	0	
Assets/Scripts/Assembly-CSharp/HarpoonRingSlider.cs	0	
Assets/Scripts/Assembly-CSharp/HealthFlyer.cs	0	
Assets/Scripts/Assembly-CSharp/HealthSpecialHealIndicator.cs	0	
Assets/Scripts/Assembly-CSharp/HeartPieceOrb.cs	0	
Assets/Scripts/Assembly-CSharp/HeroAnimationControllerProxy.cs	0	
Assets/Scripts/Assembly-CSharp/HeroBouncer.cs	0	
Assets/Scripts/Assembly-CSharp/HeroChargeEffects.cs	0	
Assets/Scripts/Assembly-CSharp/HeroControllerConfig.cs	0	
Assets/Scripts/Assembly-CSharp/HeroControllerConfigWarrior.cs	0	
Assets/Scripts/Assembly-CSharp/HeroCorpseMarker.cs	0	
Assets/Scripts/Assembly-CSharp/HeroCorpseMarkerProxy.cs	0	
Assets/Scripts/Assembly-CSharp/HeroDamageSpawn.cs	0	
Assets/Scripts/Assembly-CSharp/HeroDeathSequence.cs	0	
Assets/Scripts/Assembly-CSharp/HeroDownAttack.cs	0	
Assets/Scripts/Assembly-CSharp/HeroEnterSceneXResponder.cs	0	
Assets/Scripts/Assembly-CSharp/HeroExtraNailSlash.cs	0	
Assets/Scripts/Assembly-CSharp/HeroFallParticle.cs	0	
Assets/Scripts/Assembly-CSharp/HeroInPositionDelayedEvent.cs	0	
Assets/Scripts/Assembly-CSharp/HeroInvincibilitySource.cs	0	
Assets/Scripts/Assembly-CSharp/HeroItemsState.cs	0	
Assets/Scripts/Assembly-CSharp/HeroLight.cs	0	
Assets/Scripts/Assembly-CSharp/HeroNailImbuement.cs	0	
Assets/Scripts/Assembly-CSharp/HeroNailImbuementEffect.cs	0	
Assets/Scripts/Assembly-CSharp/HeroPerformanceRegion.cs	0	
Assets/Scripts/Assembly-CSharp/HeroPerformanceSingReaction.cs	0	
Assets/Scripts/Assembly-CSharp/HeroPerformanceSingReactionCallbackHooks.cs	0	
Assets/Scripts/Assembly-CSharp/HeroPlatformCollisionSplit.cs	0	
Assets/Scripts/Assembly-CSharp/HeroShamanRuneEffect.cs	0	
Assets/Scripts/Assembly-CSharp/HeroSilkAcid.cs	0	
Assets/Scripts/Assembly-CSharp/HeroSlabCapture.cs	0	
Assets/Scripts/Assembly-CSharp/HeroSlashBounceConfig.cs	0	
Assets/Scripts/Assembly-CSharp/HeroTalkAnimation.cs	0	
Assets/Scripts/Assembly-CSharp/HeroTouchForce.cs	0	
Assets/Scripts/Assembly-CSharp/HeroTreadmill.cs	0	
Assets/Scripts/Assembly-CSharp/HeroTriggerFader.cs	0	
Assets/Scripts/Assembly-CSharp/HeroUtility.cs	0	
Assets/Scripts/Assembly-CSharp/HeroWaterController.cs	0	
Assets/Scripts/Assembly-CSharp/HeroWispLantern.cs	0	
Assets/Scripts/Assembly-CSharp/HideInEditMode.cs	0	
Assets/Scripts/Assembly-CSharp/HitGroundPinned.cs	0	
Assets/Scripts/Assembly-CSharp/HitResponse.cs	0	
Assets/Scripts/Assembly-CSharp/HitResponseAnimator.cs	0	
Assets/Scripts/Assembly-CSharp/HitRigidbody2D.cs	0	
Assets/Scripts/Assembly-CSharp/HitSequence.cs	0	
Assets/Scripts/Assembly-CSharp/HitSlidePlatform.cs	0	
Assets/Scripts/Assembly-CSharp/HitSlidePlatformNode.cs	0	
Assets/Scripts/Assembly-CSharp/HudCanvas.cs	0	
Assets/Scripts/Assembly-CSharp/HudGlobalHide.cs	0	
Assets/Scripts/Assembly-CSharp/HudScalePositioner.cs	0	
Assets/Scripts/Assembly-CSharp/HunterBarTester.cs	0	
Assets/Scripts/Assembly-CSharp/HutongGames/PlayMaker/Actions/AccelerateTo.cs	0	
Assets/Scripts/Assembly-CSharp/HutongGames/PlayMaker/Actions/AccelerateToX.cs	0	
Assets/Scripts/Assembly-CSharp/HutongGames/PlayMaker/Actions/AccelerateToXByScale.cs	0	
Assets/Scripts/Assembly-CSharp/HutongGames/PlayMaker/Actions/AccelerateToY.cs	0	
Assets/Scripts/Assembly-CSharp/HutongGames/PlayMaker/Actions/ActivateAllChildren.cs	0	
Assets/Scripts/Assembly-CSharp/HutongGames/PlayMaker/Actions/ActivateAllChildrenV2.cs	0	
Assets/Scripts/Assembly-CSharp/HutongGames/PlayMaker/Actions/ActivateBoxCollider2D.cs	0	
Assets/Scripts/Assembly-CSharp/HutongGames/PlayMaker/Actions/ActivateGameObjectDelay.cs	0	
Assets/Scripts/Assembly-CSharp/HutongGames/PlayMaker/Actions/AddComponentIfNotPresent.cs	0	
Assets/Scripts/Assembly-CSharp/HutongGames/PlayMaker/Actions/AddForce2dConditional.cs	0	
Assets/Scripts/Assembly-CSharp/HutongGames/PlayMaker/Actions/AdjustColliderPosToEdge.cs	0	
Assets/Scripts/Assembly-CSharp/HutongGames/PlayMaker/Actions/AdjustColliderPosToEdgeV2.cs	0	
Assets/Scripts/Assembly-CSharp/HutongGames/PlayMaker/Actions/AnimatePositionBy.cs	0	
Assets/Scripts/Assembly-CSharp/HutongGames/PlayMaker/Actions/AnimatePositionTo.cs	0	
Assets/Scripts/Assembly-CSharp/HutongGames/PlayMaker/Actions/AnimateRigidBody2DPositionTo.cs	0	
Assets/Scripts/Assembly-CSharp/HutongGames/PlayMaker/Actions/AnimateRigidBodyYPositionTo.cs	0	
Assets/Scripts/Assembly-CSharp/HutongGames/PlayMaker/Actions/AnimateRotationTo.cs	0	
Assets/Scripts/Assembly-CSharp/HutongGames/PlayMaker/Actions/AnimateRotationToV2.cs	0	
Assets/Scripts/Assembly-CSharp/HutongGames/PlayMaker/Actions/AnimateScaleTo.cs	0	
Assets/Scripts/Assembly-CSharp/HutongGames/PlayMaker/Actions/AnimateXPositionTo.cs	0	
Assets/Scripts/Assembly-CSharp/HutongGames/PlayMaker/Actions/AnimateYPositionTo.cs	0	
Assets/Scripts/Assembly-CSharp/HutongGames/PlayMaker/Actions/AnimateZPositionTo.cs	0	
Assets/Scripts/Assembly-CSharp/HutongGames/PlayMaker/Actions/AnimatorPauseAtTime.cs	0	
Assets/Scripts/Assembly-CSharp/HutongGames/PlayMaker/Actions/ApplyAtmosCue.cs	0	
Assets/Scripts/Assembly-CSharp/HutongGames/PlayMaker/Actions/ArrayAddRangeArray.cs	0	
Assets/Scripts/Assembly-CSharp/HutongGames/PlayMaker/Actions/AudioPlayDelay.cs	0	
Assets/Scripts/Assembly-CSharp/HutongGames/PlayMaker/Actions/AudioPlayInStateConditional.cs	0	
Assets/Scripts/Assembly-CSharp/HutongGames/PlayMaker/Actions/AudioPlayRandomVoice.cs	0	
Assets/Scripts/Assembly-CSharp/HutongGames/PlayMaker/Actions/AudioPlayRandomVoiceFromTable.cs	0	
Assets/Scripts/Assembly-CSharp/HutongGames/PlayMaker/Actions/AudioPlayRandomVoiceFromTableBool.cs	0	
Assets/Scripts/Assembly-CSharp/HutongGames/PlayMaker/Actions/AudioPlayRandomVoiceFromTableV2.cs	0	
Assets/Scripts/Assembly-CSharp/HutongGames/PlayMaker/Actions/AudioPlaySimpleBool.cs	0	
Assets/Scripts/Assembly-CSharp/HutongGames/PlayMaker/Actions/AudioPlaySimpleV2.cs	0	
Assets/Scripts/Assembly-CSharp/HutongGames/PlayMaker/Actions/AudioPlaySynced.cs	0	
Assets/Scripts/Assembly-CSharp/HutongGames/PlayMaker/Actions/AudioPlayerOneShotSingleV2.cs	0	
Assets/Scripts/Assembly-CSharp/HutongGames/PlayMaker/Actions/AudioStopV2.cs	0	
Assets/Scripts/Assembly-CSharp/HutongGames/PlayMaker/Actions/AudioSyncAction.cs	0	
Assets/Scripts/Assembly-CSharp/HutongGames/PlayMaker/Actions/BoolKeepValue.cs	0	
Assets/Scripts/Assembly-CSharp/HutongGames/PlayMaker/Actions/BoolTestDelay.cs	0	
Assets/Scripts/Assembly-CSharp/HutongGames/PlayMaker/Actions/BoolTestToGameObject.cs	0	
Assets/Scripts/Assembly-CSharp/HutongGames/PlayMaker/Actions/BoolTestToObject.cs	0	
Assets/Scripts/Assembly-CSharp/HutongGames/PlayMaker/Actions/BoolTestToSprite.cs	0	
Assets/Scripts/Assembly-CSharp/HutongGames/PlayMaker/Actions/BoolTestV2.cs	0	
Assets/Scripts/Assembly-CSharp/HutongGames/PlayMaker/Actions/BoolTrigger.cs	0	
Assets/Scripts/Assembly-CSharp/HutongGames/PlayMaker/Actions/CalculateProjectileVelocity.cs	0	
Assets/Scripts/Assembly-CSharp/HutongGames/PlayMaker/Actions/CalculateTimeToMoveDistance.cs	0	
Assets/Scripts/Assembly-CSharp/HutongGames/PlayMaker/Actions/CallMethodOnExit.cs	0	
Assets/Scripts/Assembly-CSharp/HutongGames/PlayMaker/Actions/CharacterAmbientLightLerp.cs	0	
Assets/Scripts/Assembly-CSharp/HutongGames/PlayMaker/Actions/ChaseObjectSpread.cs	0	
Assets/Scripts/Assembly-CSharp/HutongGames/PlayMaker/Actions/ChaseObjectV3.cs	0	
Assets/Scripts/Assembly-CSharp/HutongGames/PlayMaker/Actions/ChaseObjectWisp.cs	0	
Assets/Scripts/Assembly-CSharp/HutongGames/PlayMaker/Actions/CheckFacingTarget.cs	0	
Assets/Scripts/Assembly-CSharp/HutongGames/PlayMaker/Actions/CheckForEnemyDamagerBelow.cs	0	
Assets/Scripts/Assembly-CSharp/HutongGames/PlayMaker/Actions/CheckGroundClearance.cs	0	
Assets/Scripts/Assembly-CSharp/HutongGames/PlayMaker/Actions/CheckIsInEditor.cs	0	
Assets/Scripts/Assembly-CSharp/HutongGames/PlayMaker/Actions/CheckOutOfCamera.cs	0	
Assets/Scripts/Assembly-CSharp/HutongGames/PlayMaker/Actions/CheckPassedTarget.cs	0	
Assets/Scripts/Assembly-CSharp/HutongGames/PlayMaker/Actions/CheckXPosition.cs	0	
Assets/Scripts/Assembly-CSharp/HutongGames/PlayMaker/Actions/CheckYPosition.cs	0	
Assets/Scripts/Assembly-CSharp/HutongGames/PlayMaker/Actions/CheckYPositionV2.cs	0	
Assets/Scripts/Assembly-CSharp/HutongGames/PlayMaker/Actions/CheckZPosition.cs	0	
Assets/Scripts/Assembly-CSharp/HutongGames/PlayMaker/Actions/ClampAngle.cs	0	
Assets/Scripts/Assembly-CSharp/HutongGames/PlayMaker/Actions/ClampAngleByScale.cs	0	
Assets/Scripts/Assembly-CSharp/HutongGames/PlayMaker/Actions/ClampSpeed.cs	0	
Assets/Scripts/Assembly-CSharp/HutongGames/PlayMaker/Actions/ClampVelocity2D.cs	0	
Assets/Scripts/Assembly-CSharp/HutongGames/PlayMaker/Actions/Collider2DIsActive.cs	0	
Assets/Scripts/Assembly-CSharp/HutongGames/PlayMaker/Actions/Collision2dEventLayerV2.cs	0	
Assets/Scripts/Assembly-CSharp/HutongGames/PlayMaker/Actions/CollisionEnter2DChildren.cs	0	
Assets/Scripts/Assembly-CSharp/HutongGames/PlayMaker/Actions/CompareHP.cs	0	
Assets/Scripts/Assembly-CSharp/HutongGames/PlayMaker/Actions/CompareHPBool.cs	0	
Assets/Scripts/Assembly-CSharp/HutongGames/PlayMaker/Actions/ConvertAngleToVector2.cs	0	
Assets/Scripts/Assembly-CSharp/HutongGames/PlayMaker/Actions/ConvertBoolToVector2.cs	0	
Assets/Scripts/Assembly-CSharp/HutongGames/PlayMaker/Actions/ConvertDoubleBoolToFloat.cs	0	
Assets/Scripts/Assembly-CSharp/HutongGames/PlayMaker/Actions/ConvertDoubleBoolToString.cs	0	
Assets/Scripts/Assembly-CSharp/HutongGames/PlayMaker/Actions/ConvertIntToEnum.cs	0	
Assets/Scripts/Assembly-CSharp/HutongGames/PlayMaker/Actions/ConvertNormalToAngle.cs	0	
Assets/Scripts/Assembly-CSharp/HutongGames/PlayMaker/Actions/ConvertVector2ToAngle.cs	0	
Assets/Scripts/Assembly-CSharp/HutongGames/PlayMaker/Actions/CreateChildWithParentedOffset.cs	0	
Assets/Scripts/Assembly-CSharp/HutongGames/PlayMaker/Actions/CreateObjectsRandom.cs	0	
Assets/Scripts/Assembly-CSharp/HutongGames/PlayMaker/Actions/DebugPause.cs	0	
Assets/Scripts/Assembly-CSharp/HutongGames/PlayMaker/Actions/DecelerateXYConditional.cs	0	
Assets/Scripts/Assembly-CSharp/HutongGames/PlayMaker/Actions/DetectGroundEdge.cs	0	
Assets/Scripts/Assembly-CSharp/HutongGames/PlayMaker/Actions/DirectlyFlyTo.cs	0	
Assets/Scripts/Assembly-CSharp/HutongGames/PlayMaker/Actions/DisplayBossTitle.cs	0	
Assets/Scripts/Assembly-CSharp/HutongGames/PlayMaker/Actions/DisplayNPCTitle.cs	0	
Assets/Scripts/Assembly-CSharp/HutongGames/PlayMaker/Actions/DistanceFlyHorizontal.cs	0	
Assets/Scripts/Assembly-CSharp/HutongGames/PlayMaker/Actions/DistanceFlyV3.cs	0	
Assets/Scripts/Assembly-CSharp/HutongGames/PlayMaker/Actions/DistanceWalkServitor.cs	0	
Assets/Scripts/Assembly-CSharp/HutongGames/PlayMaker/Actions/DistanceWalkServitorV.cs	0	
Assets/Scripts/Assembly-CSharp/HutongGames/PlayMaker/Actions/DistanceWalkVertical.cs	0	
Assets/Scripts/Assembly-CSharp/HutongGames/PlayMaker/Actions/DoCameraShake.cs	0	
Assets/Scripts/Assembly-CSharp/HutongGames/PlayMaker/Actions/DockClamberCheck.cs	0	
Assets/Scripts/Assembly-CSharp/HutongGames/PlayMaker/Actions/EasePosX.cs	0	
Assets/Scripts/Assembly-CSharp/HutongGames/PlayMaker/Actions/EaseSpriteColor.cs	0	
Assets/Scripts/Assembly-CSharp/HutongGames/PlayMaker/Actions/EdgeSlowdown.cs	0	
Assets/Scripts/Assembly-CSharp/HutongGames/PlayMaker/Actions/EnableFsmSelf.cs	0	
Assets/Scripts/Assembly-CSharp/HutongGames/PlayMaker/Actions/EnemyDetectTurn.cs	0	
Assets/Scripts/Assembly-CSharp/HutongGames/PlayMaker/Actions/EnemySingControl.cs	0	
Assets/Scripts/Assembly-CSharp/HutongGames/PlayMaker/Actions/EnumBitmaskSwitch.cs	0	
Assets/Scripts/Assembly-CSharp/HutongGames/PlayMaker/Actions/ExitFromTransitionGate.cs	0	
Assets/Scripts/Assembly-CSharp/HutongGames/PlayMaker/Actions/FaceAngleV3.cs	0	
Assets/Scripts/Assembly-CSharp/HutongGames/PlayMaker/Actions/FaceDirectionUmbrella.cs	0	
Assets/Scripts/Assembly-CSharp/HutongGames/PlayMaker/Actions/FaceDirectionV2.cs	0	
Assets/Scripts/Assembly-CSharp/HutongGames/PlayMaker/Actions/FaceObjectAnim.cs	0	
Assets/Scripts/Assembly-CSharp/HutongGames/PlayMaker/Actions/FaceObjectTk2dSpriteScale.cs	0	
Assets/Scripts/Assembly-CSharp/HutongGames/PlayMaker/Actions/FaceObjectV2.cs	0	
Assets/Scripts/Assembly-CSharp/HutongGames/PlayMaker/Actions/FaceObjectV3.cs	0	
Assets/Scripts/Assembly-CSharp/HutongGames/PlayMaker/Actions/FaceObjectV4.cs	0	
Assets/Scripts/Assembly-CSharp/HutongGames/PlayMaker/Actions/FadeAudioV2.cs	0	
Assets/Scripts/Assembly-CSharp/HutongGames/PlayMaker/Actions/FindChildRecursive.cs	0	
Assets/Scripts/Assembly-CSharp/HutongGames/PlayMaker/Actions/FindFastTravelTeleportPoint.cs	0	
Assets/Scripts/Assembly-CSharp/HutongGames/PlayMaker/Actions/FindNamedChild.cs	0	
Assets/Scripts/Assembly-CSharp/HutongGames/PlayMaker/Actions/FindTopEdgeIntersectionX.cs	0	
Assets/Scripts/Assembly-CSharp/HutongGames/PlayMaker/Actions/FlingObjectsFromGlobalPoolV2.cs	0	
Assets/Scripts/Assembly-CSharp/HutongGames/PlayMaker/Actions/FlingObjectsFromGlobalPoolVelTime.cs	0	
Assets/Scripts/Assembly-CSharp/HutongGames/PlayMaker/Actions/FlingObjectsV2.cs	0	
Assets/Scripts/Assembly-CSharp/HutongGames/PlayMaker/Actions/FlipScaleDelay.cs	0	
Assets/Scripts/Assembly-CSharp/HutongGames/PlayMaker/Actions/FlipScaleOnExit.cs	0	
Assets/Scripts/Assembly-CSharp/HutongGames/PlayMaker/Actions/FloatAddRandom.cs	0	
Assets/Scripts/Assembly-CSharp/HutongGames/PlayMaker/Actions/FloatMinClamp.cs	0	
Assets/Scripts/Assembly-CSharp/HutongGames/PlayMaker/Actions/FloatSign.cs	0	
Assets/Scripts/Assembly-CSharp/HutongGames/PlayMaker/Actions/FollowTargetPosition.cs	0	
Assets/Scripts/Assembly-CSharp/HutongGames/PlayMaker/Actions/FsmIntAdd.cs	0	
Assets/Scripts/Assembly-CSharp/HutongGames/PlayMaker/Actions/GameObjectIsActive.cs	0	
Assets/Scripts/Assembly-CSharp/HutongGames/PlayMaker/Actions/GetActiveChild.cs	0	
Assets/Scripts/Assembly-CSharp/HutongGames/PlayMaker/Actions/GetAngleBetweenPointsV2.cs	0	
Assets/Scripts/Assembly-CSharp/HutongGames/PlayMaker/Actions/GetAngularVelocity2d.cs	0	
Assets/Scripts/Assembly-CSharp/HutongGames/PlayMaker/Actions/GetAttunementLevel.cs	0	
Assets/Scripts/Assembly-CSharp/HutongGames/PlayMaker/Actions/GetAttunementTime.cs	0	
Assets/Scripts/Assembly-CSharp/HutongGames/PlayMaker/Actions/GetAudioClipDuration.cs	0	
Assets/Scripts/Assembly-CSharp/HutongGames/PlayMaker/Actions/GetBoxCollider2DSizeVector.cs	0	
Assets/Scripts/Assembly-CSharp/HutongGames/PlayMaker/Actions/GetCameraXEdgeDistanceForwardMin.cs	0	
Assets/Scripts/Assembly-CSharp/HutongGames/PlayMaker/Actions/GetClosestGameObject.cs	0	
Assets/Scripts/Assembly-CSharp/HutongGames/PlayMaker/Actions/GetClosestTargetDistanceX.cs	0	
Assets/Scripts/Assembly-CSharp/HutongGames/PlayMaker/Actions/GetCurrentTk2dClipName.cs	0	
Assets/Scripts/Assembly-CSharp/HutongGames/PlayMaker/Actions/GetDefaultTk2dClipName.cs	0	
Assets/Scripts/Assembly-CSharp/HutongGames/PlayMaker/Actions/GetDifferenceBetweenFloats.cs	0	
Assets/Scripts/Assembly-CSharp/HutongGames/PlayMaker/Actions/GetDirection2D.cs	0	
Assets/Scripts/Assembly-CSharp/HutongGames/PlayMaker/Actions/GetDirectionBetweenAngles.cs	0	
Assets/Scripts/Assembly-CSharp/HutongGames/PlayMaker/Actions/GetDistanceV2.cs	0	
Assets/Scripts/Assembly-CSharp/HutongGames/PlayMaker/Actions/GetGrandParent.cs	0	
Assets/Scripts/Assembly-CSharp/HutongGames/PlayMaker/Actions/GetGravity2dScale.cs	0	
Assets/Scripts/Assembly-CSharp/HutongGames/PlayMaker/Actions/GetGroundPointClampedToEdge.cs	0	
Assets/Scripts/Assembly-CSharp/HutongGames/PlayMaker/Actions/GetHorizontallyClosestGameObject.cs	0	
Assets/Scripts/Assembly-CSharp/HutongGames/PlayMaker/Actions/GetMiddleObjectX.cs	0	
Assets/Scripts/Assembly-CSharp/HutongGames/PlayMaker/Actions/GetPoisonTintColour.cs	0	
Assets/Scripts/Assembly-CSharp/HutongGames/PlayMaker/Actions/GetPosition2dAs3d.cs	0	
Assets/Scripts/Assembly-CSharp/HutongGames/PlayMaker/Actions/GetPositionAtDistance.cs	0	
Assets/Scripts/Assembly-CSharp/HutongGames/PlayMaker/Actions/GetRandomChildOffScreen.cs	0	
Assets/Scripts/Assembly-CSharp/HutongGames/PlayMaker/Actions/GetRandomChildSceneSeed.cs	0	
Assets/Scripts/Assembly-CSharp/HutongGames/PlayMaker/Actions/GetVelocity2dLate.cs	0	
Assets/Scripts/Assembly-CSharp/HutongGames/PlayMaker/Actions/GetVelocity2dNotZero.cs	0	
Assets/Scripts/Assembly-CSharp/HutongGames/PlayMaker/Actions/HeroControllerMethods.cs	0	
Assets/Scripts/Assembly-CSharp/HutongGames/PlayMaker/Actions/HeroRelinquishControlDynamic.cs	0	
Assets/Scripts/Assembly-CSharp/HutongGames/PlayMaker/Actions/IdleBuzzV4.cs	0	
Assets/Scripts/Assembly-CSharp/HutongGames/PlayMaker/Actions/IgnoreCollisions.cs	0	
Assets/Scripts/Assembly-CSharp/HutongGames/PlayMaker/Actions/IntAddDelay.cs	0	
Assets/Scripts/Assembly-CSharp/HutongGames/PlayMaker/Actions/IntAddWrapped.cs	0	
Assets/Scripts/Assembly-CSharp/HutongGames/PlayMaker/Actions/IntSwitchToArray.cs	0	
Assets/Scripts/Assembly-CSharp/HutongGames/PlayMaker/Actions/IntSwitchToEnum.cs	0	
Assets/Scripts/Assembly-CSharp/HutongGames/PlayMaker/Actions/IntSwitchWait.cs	0	
Assets/Scripts/Assembly-CSharp/HutongGames/PlayMaker/Actions/JumpTranslateTo.cs	0	
Assets/Scripts/Assembly-CSharp/HutongGames/PlayMaker/Actions/LerpByXPosition.cs	0	
Assets/Scripts/Assembly-CSharp/HutongGames/PlayMaker/Actions/LerpObjectPosition.cs	0	
Assets/Scripts/Assembly-CSharp/HutongGames/PlayMaker/Actions/ListenForAttackV2.cs	0	
Assets/Scripts/Assembly-CSharp/HutongGames/PlayMaker/Actions/ListenForDashReleased.cs	0	
Assets/Scripts/Assembly-CSharp/HutongGames/PlayMaker/Actions/ListenForDashV2.cs	0	
Assets/Scripts/Assembly-CSharp/HutongGames/PlayMaker/Actions/ListenForDashV3.cs	0	
Assets/Scripts/Assembly-CSharp/HutongGames/PlayMaker/Actions/ListenForInventoryShortcut.cs	0	
Assets/Scripts/Assembly-CSharp/HutongGames/PlayMaker/Actions/ListenForJumpV2.cs	0	
Assets/Scripts/Assembly-CSharp/HutongGames/PlayMaker/Actions/ListenForQuickCastV2.cs	0	
Assets/Scripts/Assembly-CSharp/HutongGames/PlayMaker/Actions/ListenForQuickMapV2.cs	0	
Assets/Scripts/Assembly-CSharp/HutongGames/PlayMaker/Actions/ListenForSilkSpecial.cs	0	
Assets/Scripts/Assembly-CSharp/HutongGames/PlayMaker/Actions/ListenForSilkSpecialV2.cs	0	
Assets/Scripts/Assembly-CSharp/HutongGames/PlayMaker/Actions/ListenForTaunt.cs	0	
Assets/Scripts/Assembly-CSharp/HutongGames/PlayMaker/Actions/ListenForToolThrow.cs	0	
Assets/Scripts/Assembly-CSharp/HutongGames/PlayMaker/Actions/LoadSceneSingleCustom.cs	0	
Assets/Scripts/Assembly-CSharp/HutongGames/PlayMaker/Actions/MatchAudioSourceTime.cs	0	
Assets/Scripts/Assembly-CSharp/HutongGames/PlayMaker/Actions/MatchScaleSign.cs	0	
Assets/Scripts/Assembly-CSharp/HutongGames/PlayMaker/Actions/MovedPastTargetEvent.cs	0	
Assets/Scripts/Assembly-CSharp/HutongGames/PlayMaker/Actions/MultiplyGravity.cs	0	
Assets/Scripts/Assembly-CSharp/HutongGames/PlayMaker/Actions/MultiplyIntByFloat.cs	0	
Assets/Scripts/Assembly-CSharp/HutongGames/PlayMaker/Actions/NextFixedFrameEvent.cs	0	
Assets/Scripts/Assembly-CSharp/HutongGames/PlayMaker/Actions/ObjectIsNull.cs	0	
Assets/Scripts/Assembly-CSharp/HutongGames/PlayMaker/Actions/ObjectJitterOnRender.cs	0	
Assets/Scripts/Assembly-CSharp/HutongGames/PlayMaker/Actions/PanAudio.cs	0	
Assets/Scripts/Assembly-CSharp/HutongGames/PlayMaker/Actions/PlayEnemySingAudio.cs	0	
Assets/Scripts/Assembly-CSharp/HutongGames/PlayMaker/Actions/PlayParticleEmitterChildren.cs	0	
Assets/Scripts/Assembly-CSharp/HutongGames/PlayMaker/Actions/PlayParticleEmitterConditional.cs	0	
Assets/Scripts/Assembly-CSharp/HutongGames/PlayMaker/Actions/PlayTimeline.cs	0	
Assets/Scripts/Assembly-CSharp/HutongGames/PlayMaker/Actions/PlayerDataVariableAction.cs	0	
Assets/Scripts/Assembly-CSharp/HutongGames/PlayMaker/Actions/PlayerdataIntCompare.cs	0	
Assets/Scripts/Assembly-CSharp/HutongGames/PlayMaker/Actions/PositionColliderOnGround.cs	0	
Assets/Scripts/Assembly-CSharp/HutongGames/PlayMaker/Actions/PositionColliderOnGroundV2.cs	0	
Assets/Scripts/Assembly-CSharp/HutongGames/PlayMaker/Actions/ProjectileSquashV2.cs	0	
Assets/Scripts/Assembly-CSharp/HutongGames/PlayMaker/Actions/PulseOpacity.cs	0	
Assets/Scripts/Assembly-CSharp/HutongGames/PlayMaker/Actions/QueueJump.cs	0	
Assets/Scripts/Assembly-CSharp/HutongGames/PlayMaker/Actions/RandomBoolPercent.cs	0	
Assets/Scripts/Assembly-CSharp/HutongGames/PlayMaker/Actions/RandomVector2.cs	0	
Assets/Scripts/Assembly-CSharp/HutongGames/PlayMaker/Actions/RandomVector3.cs	0	
Assets/Scripts/Assembly-CSharp/HutongGames/PlayMaker/Actions/RandomiseAudioPosition.cs	0	
Assets/Scripts/Assembly-CSharp/HutongGames/PlayMaker/Actions/RandomlyFlipInt.cs	0	
Assets/Scripts/Assembly-CSharp/HutongGames/PlayMaker/Actions/RandomlyFlipScale.cs	0	
Assets/Scripts/Assembly-CSharp/HutongGames/PlayMaker/Actions/RandomlyFlipYScale.cs	0	
Assets/Scripts/Assembly-CSharp/HutongGames/PlayMaker/Actions/RayCast2dIgnoreTag.cs	0	
Assets/Scripts/Assembly-CSharp/HutongGames/PlayMaker/Actions/RayCast2dNoTriggers.cs	0	
Assets/Scripts/Assembly-CSharp/HutongGames/PlayMaker/Actions/RayCast2dV3.cs	0	
Assets/Scripts/Assembly-CSharp/HutongGames/PlayMaker/Actions/RayCastHeroBlocker.cs	0	
Assets/Scripts/Assembly-CSharp/HutongGames/PlayMaker/Actions/ReceivedDamageBase.cs	0	
Assets/Scripts/Assembly-CSharp/HutongGames/PlayMaker/Actions/RecycleObject.cs	0	
Assets/Scripts/Assembly-CSharp/HutongGames/PlayMaker/Actions/RendererFloatRamp.cs	0	
Assets/Scripts/Assembly-CSharp/HutongGames/PlayMaker/Actions/RendererIsVisible.cs	0	
Assets/Scripts/Assembly-CSharp/HutongGames/PlayMaker/Actions/ReplaceMaterials.cs	0	
Assets/Scripts/Assembly-CSharp/HutongGames/PlayMaker/Actions/ResetAnimatorTrigger.cs	0	
Assets/Scripts/Assembly-CSharp/HutongGames/PlayMaker/Actions/ResetCutsceneBools.cs	0	
Assets/Scripts/Assembly-CSharp/HutongGames/PlayMaker/Actions/RigidBody2DGetPosition.cs	0	
Assets/Scripts/Assembly-CSharp/HutongGames/PlayMaker/Actions/RigidBody2DSetPositionSafe.cs	0	
Assets/Scripts/Assembly-CSharp/HutongGames/PlayMaker/Actions/Rigidbody2DMoveBy.cs	0	
Assets/Scripts/Assembly-CSharp/HutongGames/PlayMaker/Actions/SceneTravelerTempEval.cs	0	
Assets/Scripts/Assembly-CSharp/HutongGames/PlayMaker/Actions/ScreenFader.cs	0	
Assets/Scripts/Assembly-CSharp/HutongGames/PlayMaker/Actions/SelectRandomAudioClipFair.cs	0	
Assets/Scripts/Assembly-CSharp/HutongGames/PlayMaker/Actions/SelectRandomGameObjectV2.cs	0	
Assets/Scripts/Assembly-CSharp/HutongGames/PlayMaker/Actions/SendEventByNameOnExit.cs	0	
Assets/Scripts/Assembly-CSharp/HutongGames/PlayMaker/Actions/SendEventByNameUpwards.cs	0	
Assets/Scripts/Assembly-CSharp/HutongGames/PlayMaker/Actions/SendEventByNameV3.cs	0	
Assets/Scripts/Assembly-CSharp/HutongGames/PlayMaker/Actions/SendEventEnableFsm.cs	0	
Assets/Scripts/Assembly-CSharp/HutongGames/PlayMaker/Actions/SendEventRepeat.cs	0	
Assets/Scripts/Assembly-CSharp/HutongGames/PlayMaker/Actions/SendMessageDelay.cs	0	
Assets/Scripts/Assembly-CSharp/HutongGames/PlayMaker/Actions/SendMessageOnExit.cs	0	
Assets/Scripts/Assembly-CSharp/HutongGames/PlayMaker/Actions/SendRandomEventFair.cs	0	
Assets/Scripts/Assembly-CSharp/HutongGames/PlayMaker/Actions/SendRandomEventV3ActiveBool.cs	0	
Assets/Scripts/Assembly-CSharp/HutongGames/PlayMaker/Actions/SendRandomEventV4.cs	0	
Assets/Scripts/Assembly-CSharp/HutongGames/PlayMaker/Actions/SetAngularDrag2d.cs	0	
Assets/Scripts/Assembly-CSharp/HutongGames/PlayMaker/Actions/SetAudioClipVariable.cs	0	
Assets/Scripts/Assembly-CSharp/HutongGames/PlayMaker/Actions/SetBitmaskAtIndex.cs	0	
Assets/Scripts/Assembly-CSharp/HutongGames/PlayMaker/Actions/SetBoolValueAtTime.cs	0	
Assets/Scripts/Assembly-CSharp/HutongGames/PlayMaker/Actions/SetBoolValueV2.cs	0	
Assets/Scripts/Assembly-CSharp/HutongGames/PlayMaker/Actions/SetCircleColliderTrigger.cs	0	
Assets/Scripts/Assembly-CSharp/HutongGames/PlayMaker/Actions/SetColliderV2.cs	0	
Assets/Scripts/Assembly-CSharp/HutongGames/PlayMaker/Actions/SetDarknessLevel.cs	0	
Assets/Scripts/Assembly-CSharp/HutongGames/PlayMaker/Actions/SetFloatSign.cs	0	
Assets/Scripts/Assembly-CSharp/HutongGames/PlayMaker/Actions/SetFloatToLowest.cs	0	
Assets/Scripts/Assembly-CSharp/HutongGames/PlayMaker/Actions/SetGameObjectIfNull.cs	0	
Assets/Scripts/Assembly-CSharp/HutongGames/PlayMaker/Actions/SetGravity2dScaleV2.cs	0	
Assets/Scripts/Assembly-CSharp/HutongGames/PlayMaker/Actions/SetHazardRespawn.cs	0	
Assets/Scripts/Assembly-CSharp/HutongGames/PlayMaker/Actions/SetIntValueBool.cs	0	
Assets/Scripts/Assembly-CSharp/HutongGames/PlayMaker/Actions/SetMeshRendererEveryFrame.cs	0	
Assets/Scripts/Assembly-CSharp/HutongGames/PlayMaker/Actions/SetParticleColour.cs	0	
Assets/Scripts/Assembly-CSharp/HutongGames/PlayMaker/Actions/SetParticleEmissionChildren.cs	0	
Assets/Scripts/Assembly-CSharp/HutongGames/PlayMaker/Actions/SetParticleEmissionTemp.cs	0	
Assets/Scripts/Assembly-CSharp/HutongGames/PlayMaker/Actions/SetParticleEmitterUVFlip.cs	0	
Assets/Scripts/Assembly-CSharp/HutongGames/PlayMaker/Actions/SetParticleForceOverTime.cs	0	
Assets/Scripts/Assembly-CSharp/HutongGames/PlayMaker/Actions/SetParticleMaterial.cs	0	
Assets/Scripts/Assembly-CSharp/HutongGames/PlayMaker/Actions/SetPlayerDataBool.cs	0	
Assets/Scripts/Assembly-CSharp/HutongGames/PlayMaker/Actions/SetPolygonColliderTrigger.cs	0	
Assets/Scripts/Assembly-CSharp/HutongGames/PlayMaker/Actions/SetPosition2D.cs	0	
Assets/Scripts/Assembly-CSharp/HutongGames/PlayMaker/Actions/SetPosition2DV2.cs	0	
Assets/Scripts/Assembly-CSharp/HutongGames/PlayMaker/Actions/SetPositionToObject2D.cs	0	
Assets/Scripts/Assembly-CSharp/HutongGames/PlayMaker/Actions/SetPositionToObject2DLateUpdate.cs	0	
Assets/Scripts/Assembly-CSharp/HutongGames/PlayMaker/Actions/SetPositionToObject2DV2.cs	0	
Assets/Scripts/Assembly-CSharp/HutongGames/PlayMaker/Actions/SetPositionToObjectDelay.cs	0	
Assets/Scripts/Assembly-CSharp/HutongGames/PlayMaker/Actions/SetPropertyV2.cs	0	
Assets/Scripts/Assembly-CSharp/HutongGames/PlayMaker/Actions/SetRendererSortingLayer.cs	0	
Assets/Scripts/Assembly-CSharp/HutongGames/PlayMaker/Actions/SetRigidBody2dInterpolation.cs	0	
Assets/Scripts/Assembly-CSharp/HutongGames/PlayMaker/Actions/SetRotation2DLerp.cs	0	
Assets/Scripts/Assembly-CSharp/HutongGames/PlayMaker/Actions/SetRotationDelay.cs	0	
Assets/Scripts/Assembly-CSharp/HutongGames/PlayMaker/Actions/SetRotationTimer.cs	0	
Assets/Scripts/Assembly-CSharp/HutongGames/PlayMaker/Actions/SetScaleDelay.cs	0	
Assets/Scripts/Assembly-CSharp/HutongGames/PlayMaker/Actions/SetSpriteValue.cs	0	
Assets/Scripts/Assembly-CSharp/HutongGames/PlayMaker/Actions/SetStringValueBool.cs	0	
Assets/Scripts/Assembly-CSharp/HutongGames/PlayMaker/Actions/SetVectorTempAction.cs	0	
Assets/Scripts/Assembly-CSharp/HutongGames/PlayMaker/Actions/SetVelocity2dBool.cs	0	
Assets/Scripts/Assembly-CSharp/HutongGames/PlayMaker/Actions/SetVelocity2dLate.cs	0	
Assets/Scripts/Assembly-CSharp/HutongGames/PlayMaker/Actions/SetVelocityByScale.cs	0	
Assets/Scripts/Assembly-CSharp/HutongGames/PlayMaker/Actions/ShoveFromBouncer.cs	0	
Assets/Scripts/Assembly-CSharp/HutongGames/PlayMaker/Actions/ShoveFromPlayer.cs	0	
Assets/Scripts/Assembly-CSharp/HutongGames/PlayMaker/Actions/ShoveFromWall.cs	0	
Assets/Scripts/Assembly-CSharp/HutongGames/PlayMaker/Actions/SilkBossIdleBuzz.cs	0	
Assets/Scripts/Assembly-CSharp/HutongGames/PlayMaker/Actions/SimpleTiltByVelocityX.cs	0	
Assets/Scripts/Assembly-CSharp/HutongGames/PlayMaker/Actions/SimpleTiltOtherByVelocityX.cs	0	
Assets/Scripts/Assembly-CSharp/HutongGames/PlayMaker/Actions/SineMovement.cs	0	
Assets/Scripts/Assembly-CSharp/HutongGames/PlayMaker/Actions/SpawnObjectFromGlobalPoolDelay.cs	0	
Assets/Scripts/Assembly-CSharp/HutongGames/PlayMaker/Actions/SpawnObjectFromGlobalPoolV2.cs	0	
Assets/Scripts/Assembly-CSharp/HutongGames/PlayMaker/Actions/SpawnProjectile.cs	0	
Assets/Scripts/Assembly-CSharp/HutongGames/PlayMaker/Actions/SpawnProjectileV2.cs	0	
Assets/Scripts/Assembly-CSharp/HutongGames/PlayMaker/Actions/SpawnRandomObjectsRadial.cs	0	
Assets/Scripts/Assembly-CSharp/HutongGames/PlayMaker/Actions/StartRoarEmitter.cs	0	
Assets/Scripts/Assembly-CSharp/HutongGames/PlayMaker/Actions/StopParticleEmitterOnExit.cs	0	
Assets/Scripts/Assembly-CSharp/HutongGames/PlayMaker/Actions/StopRoarEmitter.cs	0	
Assets/Scripts/Assembly-CSharp/HutongGames/PlayMaker/Actions/StringToUpper.cs	0	
Assets/Scripts/Assembly-CSharp/HutongGames/PlayMaker/Actions/SuperJumpRaycast.cs	0	
Assets/Scripts/Assembly-CSharp/HutongGames/PlayMaker/Actions/Swoop.cs	0	
Assets/Scripts/Assembly-CSharp/HutongGames/PlayMaker/Actions/TiltBySpeed.cs	0	
Assets/Scripts/Assembly-CSharp/HutongGames/PlayMaker/Actions/TiltBySpeedV2.cs	0	
Assets/Scripts/Assembly-CSharp/HutongGames/PlayMaker/Actions/TiltBySpeedY.cs	0	
Assets/Scripts/Assembly-CSharp/HutongGames/PlayMaker/Actions/Tk2DAnimationByDirection.cs	0	
Assets/Scripts/Assembly-CSharp/HutongGames/PlayMaker/Actions/Tk2dPlayAnimationChildren.cs	0	
Assets/Scripts/Assembly-CSharp/HutongGames/PlayMaker/Actions/Tk2dPlayAnimationChildrenRandom.cs	0	
Assets/Scripts/Assembly-CSharp/HutongGames/PlayMaker/Actions/Tk2dPlayAnimationDelay.cs	0	
Assets/Scripts/Assembly-CSharp/HutongGames/PlayMaker/Actions/Tk2dPlayAnimationWait.cs	0	
Assets/Scripts/Assembly-CSharp/HutongGames/PlayMaker/Actions/Tk2dSpriteSetColorRecolour.cs	0	
Assets/Scripts/Assembly-CSharp/HutongGames/PlayMaker/Actions/Tk2dWatchAnimationEventsV2.cs	0	
Assets/Scripts/Assembly-CSharp/HutongGames/PlayMaker/Actions/ToggleString.cs	0	
Assets/Scripts/Assembly-CSharp/HutongGames/PlayMaker/Actions/TrackTimeInState.cs	0	
Assets/Scripts/Assembly-CSharp/HutongGames/PlayMaker/Actions/TranslateRandom.cs	0	
Assets/Scripts/Assembly-CSharp/HutongGames/PlayMaker/Actions/Trigger2dEventCheckName.cs	0	
Assets/Scripts/Assembly-CSharp/HutongGames/PlayMaker/Actions/Trigger2dEventLayerIfBool.cs	0	
Assets/Scripts/Assembly-CSharp/HutongGames/PlayMaker/Actions/Trigger2dEventLayerNoTriggers.cs	0	
Assets/Scripts/Assembly-CSharp/HutongGames/PlayMaker/Actions/Trigger2dEventV2.cs	0	
Assets/Scripts/Assembly-CSharp/HutongGames/PlayMaker/Actions/TweenVelocity2D.cs	0	
Assets/Scripts/Assembly-CSharp/HutongGames/PlayMaker/Actions/UmbrellaMotionX.cs	0	
Assets/Scripts/Assembly-CSharp/HutongGames/PlayMaker/Actions/UmbrellaMotionXV2.cs	0	
Assets/Scripts/Assembly-CSharp/HutongGames/PlayMaker/Actions/WaitBool.cs	0	
Assets/Scripts/Assembly-CSharp/HutongGames/PlayMaker/Actions/WaitParticleSystem.cs	0	
Assets/Scripts/Assembly-CSharp/HutongGames/PlayMaker/Actions/WaitTimeAndTk2dFrame.cs	0	
Assets/Scripts/Assembly-CSharp/HutongGames/PlayMaker/Actions/WispBuzz.cs	0	
Assets/Scripts/Assembly-CSharp/HutongGames/PlayMaker/Actions/tk2dPlayAnimAfterPreviousComplete.cs	0	
Assets/Scripts/Assembly-CSharp/HutongGames/PlayMaker/Actions/tk2dPlayAnimationConditional.cs	0	
Assets/Scripts/Assembly-CSharp/HutongGames/PlayMaker/Actions/tk2dPlayAnimationOptionalReset.cs	0	
Assets/Scripts/Assembly-CSharp/HutongGames/PlayMaker/FsmProcessor.cs	0	
Assets/Scripts/Assembly-CSharp/HutongGames/PlayMaker/MarkUIForRebuild.cs	0	
Assets/Scripts/Assembly-CSharp/HutongGames/PlayMaker/PlayMakerCanvasRaycastFilterProxy.cs	0	
Assets/Scripts/Assembly-CSharp/HutongGames/PlayMaker/PlayMakerUiBoolValueChangedEvent.cs	0	
Assets/Scripts/Assembly-CSharp/HutongGames/PlayMaker/PlayMakerUiClickEvent.cs	0	
Assets/Scripts/Assembly-CSharp/HutongGames/PlayMaker/PlayMakerUiDragEvents.cs	0	
Assets/Scripts/Assembly-CSharp/HutongGames/PlayMaker/PlayMakerUiDropEvent.cs	0	
Assets/Scripts/Assembly-CSharp/HutongGames/PlayMaker/PlayMakerUiEndEditEvent.cs	0	
Assets/Scripts/Assembly-CSharp/HutongGames/PlayMaker/PlayMakerUiEventBase.cs	0	
Assets/Scripts/Assembly-CSharp/HutongGames/PlayMaker/PlayMakerUiFloatValueChangedEvent.cs	0	
Assets/Scripts/Assembly-CSharp/HutongGames/PlayMaker/PlayMakerUiIntValueChangedEvent.cs	0	
Assets/Scripts/Assembly-CSharp/HutongGames/PlayMaker/PlayMakerUiPointerEvents.cs	0	
Assets/Scripts/Assembly-CSharp/HutongGames/PlayMaker/PlayMakerUiVector2ValueChangedEvent.cs	0	
Assets/Scripts/Assembly-CSharp/ICancellable.cs	0	
Assets/Scripts/Assembly-CSharp/ICurrencyObject.cs	0	
Assets/Scripts/Assembly-CSharp/IFastTravelMap.cs	0	
Assets/Scripts/Assembly-CSharp/IFastTravelMapPiece.cs	0	
Assets/Scripts/Assembly-CSharp/IInitialisable.cs	0	
Assets/Scripts/Assembly-CSharp/IMasterListExclude.cs	0	
Assets/Scripts/Assembly-CSharp/IPreSpawn.cs	0	
Assets/Scripts/Assembly-CSharp/ISceneLintUpgrader.cs	0	
Assets/Scripts/Assembly-CSharp/ISerializableNamedDataRedundancy.cs	0	
Assets/Scripts/Assembly-CSharp/IUIMsgPopupItem.cs	0	
Assets/Scripts/Assembly-CSharp/IconCounter.cs	0	
Assets/Scripts/Assembly-CSharp/IconCounterItem.cs	0	
Assets/Scripts/Assembly-CSharp/IdleBuzzingV2.cs	0	
Assets/Scripts/Assembly-CSharp/IdleForceAnimator.cs	0	
Assets/Scripts/Assembly-CSharp/IdleForceAnimatorCallbackHooks.cs	0	
Assets/Scripts/Assembly-CSharp/IdleMemoryCleaner.cs	0	
Assets/Scripts/Assembly-CSharp/IgnoreCollision.cs	0	
Assets/Scripts/Assembly-CSharp/ImageSlider.cs	0	
Assets/Scripts/Assembly-CSharp/IncreaseParticlesWithScale.cs	0	
Assets/Scripts/Assembly-CSharp/InitialiseChildren.cs	0	
Assets/Scripts/Assembly-CSharp/InputCapture.cs	0	
Assets/Scripts/Assembly-CSharp/InputDebugger.cs	0	
Assets/Scripts/Assembly-CSharp/InspectDoor.cs	0	
Assets/Scripts/Assembly-CSharp/InspectorValidationAttribute.cs	0	
Assets/Scripts/Assembly-CSharp/InstantiateAsChild.cs	0	
Assets/Scripts/Assembly-CSharp/InstantiateOnAwake.cs	-40	
Assets/Scripts/Assembly-CSharp/IntReference.cs	0	
Assets/Scripts/Assembly-CSharp/InteractEvents.cs	0	
Assets/Scripts/Assembly-CSharp/InteractManager.cs	0	
Assets/Scripts/Assembly-CSharp/InteractableActiveRange.cs	0	
Assets/Scripts/Assembly-CSharp/InteractableBase.cs	0	
Assets/Scripts/Assembly-CSharp/InteractiveWeathervane.cs	0	
Assets/Scripts/Assembly-CSharp/InventoryAutoNavGroup.cs	0	
Assets/Scripts/Assembly-CSharp/InventoryCollectableItemSelectionHelper.cs	0	
Assets/Scripts/Assembly-CSharp/InventoryCursor.cs	0	
Assets/Scripts/Assembly-CSharp/InventoryCursorTarget.cs	0	
Assets/Scripts/Assembly-CSharp/InventoryFloatingToolSlots.cs	0	
Assets/Scripts/Assembly-CSharp/InventoryItemBasic.cs	0	
Assets/Scripts/Assembly-CSharp/InventoryItemButtonPrompt.cs	0	
Assets/Scripts/Assembly-CSharp/InventoryItemButtonPromptDisplay.cs	0	
Assets/Scripts/Assembly-CSharp/InventoryItemButtonPromptDisplayList.cs	0	
Assets/Scripts/Assembly-CSharp/InventoryItemCollectable.cs	0	
Assets/Scripts/Assembly-CSharp/InventoryItemCollectableManager.cs	0	
Assets/Scripts/Assembly-CSharp/InventoryItemComboButtonPrompt.cs	0	
Assets/Scripts/Assembly-CSharp/InventoryItemComboButtonPromptDisplay.cs	0	
Assets/Scripts/Assembly-CSharp/InventoryItemConditional.cs	0	
Assets/Scripts/Assembly-CSharp/InventoryItemExtraDescription.cs	0	
Assets/Scripts/Assembly-CSharp/InventoryItemGrid.cs	0	
Assets/Scripts/Assembly-CSharp/InventoryItemGroup.cs	0	
Assets/Scripts/Assembly-CSharp/InventoryItemHeart.cs	0	
Assets/Scripts/Assembly-CSharp/InventoryItemHeartPieces.cs	0	
Assets/Scripts/Assembly-CSharp/InventoryItemIconAnimator.cs	0	
Assets/Scripts/Assembly-CSharp/InventoryItemMainQuest.cs	0	
Assets/Scripts/Assembly-CSharp/InventoryItemManager.cs	0	
Assets/Scripts/Assembly-CSharp/InventoryItemMaterium.cs	0	
Assets/Scripts/Assembly-CSharp/InventoryItemMateriumManager.cs	0	
Assets/Scripts/Assembly-CSharp/InventoryItemNail.cs	0	
Assets/Scripts/Assembly-CSharp/InventoryItemNavigationHelper.cs	0	
Assets/Scripts/Assembly-CSharp/InventoryItemParent.cs	0	
Assets/Scripts/Assembly-CSharp/InventoryItemQuest.cs	0	
Assets/Scripts/Assembly-CSharp/InventoryItemQuestManager.cs	0	
Assets/Scripts/Assembly-CSharp/InventoryItemSelectable.cs	0	
Assets/Scripts/Assembly-CSharp/InventoryItemSelectableButtonEvent.cs	0	
Assets/Scripts/Assembly-CSharp/InventoryItemSelectableDirectional.cs	0	
Assets/Scripts/Assembly-CSharp/InventoryItemSpool.cs	0	
Assets/Scripts/Assembly-CSharp/InventoryItemSpoolPieces.cs	0	
Assets/Scripts/Assembly-CSharp/InventoryItemTool.cs	0	
Assets/Scripts/Assembly-CSharp/InventoryItemToolBase.cs	0	
Assets/Scripts/Assembly-CSharp/InventoryItemToolManager.cs	0	
Assets/Scripts/Assembly-CSharp/InventoryItemToolTween.cs	0	
Assets/Scripts/Assembly-CSharp/InventoryItemUpdateable.cs	0	
Assets/Scripts/Assembly-CSharp/InventoryItemWideMapZone.cs	0	
Assets/Scripts/Assembly-CSharp/InventoryMapManager.cs	0	
Assets/Scripts/Assembly-CSharp/InventoryPane.cs	0	
Assets/Scripts/Assembly-CSharp/InventoryPaneBase.cs	0	
Assets/Scripts/Assembly-CSharp/InventoryPaneInput.cs	0	
Assets/Scripts/Assembly-CSharp/InventoryPaneList.cs	0	
Assets/Scripts/Assembly-CSharp/InventoryPaneListDisplay.cs	0	
Assets/Scripts/Assembly-CSharp/InventoryPaneListItem.cs	0	
Assets/Scripts/Assembly-CSharp/InventoryPaneStandalone.cs	0	
Assets/Scripts/Assembly-CSharp/InventoryParentPane.cs	0	
Assets/Scripts/Assembly-CSharp/InventorySilkGrub.cs	0	
Assets/Scripts/Assembly-CSharp/InventorySubMenuButton.cs	0	
Assets/Scripts/Assembly-CSharp/InventoryToolCrest.cs	0	1
Assets/Scripts/Assembly-CSharp/InventoryToolCrestList.cs	0	0
Assets/Scripts/Assembly-CSharp/InventoryToolCrestSlot.cs	0	2
Assets/Scripts/Assembly-CSharp/InventoryWideMap.cs	0	
Assets/Scripts/Assembly-CSharp/IsCoralCrustWall.cs	0	
Assets/Scripts/Assembly-CSharp/ItemCurrencyCounter.cs	0	
Assets/Scripts/Assembly-CSharp/ItemReceptacle.cs	0	
Assets/Scripts/Assembly-CSharp/JitterEnemyInside.cs	0	
Assets/Scripts/Assembly-CSharp/JitterFixPosition.cs	0	
Assets/Scripts/Assembly-CSharp/JitterSelf.cs	0	
Assets/Scripts/Assembly-CSharp/JitterSelfForTime.cs	0	
Assets/Scripts/Assembly-CSharp/JitterSelfProfile.cs	0	
Assets/Scripts/Assembly-CSharp/JitterSelfSimple.cs	0	
Assets/Scripts/Assembly-CSharp/JoinedLevers.cs	0	
Assets/Scripts/Assembly-CSharp/JostleChildren.cs	0	
Assets/Scripts/Assembly-CSharp/JournalEntryItem.cs	0	
Assets/Scripts/Assembly-CSharp/JournalItemManager.cs	0	
Assets/Scripts/Assembly-CSharp/JournalQuestTarget.cs	0	
Assets/Scripts/Assembly-CSharp/JsonSharedData.cs	0	
Assets/Scripts/Assembly-CSharp/KeepLocalPosition.cs	0	
Assets/Scripts/Assembly-CSharp/KeepRelativeWorldDirection.cs	0	
Assets/Scripts/Assembly-CSharp/KeepRotationCallbackHooks.cs	9	
Assets/Scripts/Assembly-CSharp/KeepWorldPosScreenDepth.cs	0	
Assets/Scripts/Assembly-CSharp/LagHitOptions.cs	0	
Assets/Scripts/Assembly-CSharp/LagHitOptionsProfile.cs	0	
Assets/Scripts/Assembly-CSharp/LanguageSelector.cs	0	
Assets/Scripts/Assembly-CSharp/LavaBellCoalRegionShield.cs	0	
Assets/Scripts/Assembly-CSharp/LavaBox.cs	0	
Assets/Scripts/Assembly-CSharp/LavaCorpseSplash.cs	0	
Assets/Scripts/Assembly-CSharp/LavaSurfaceSplasher.cs	0	
Assets/Scripts/Assembly-CSharp/LechPusherWall.cs	0	
Assets/Scripts/Assembly-CSharp/Lever.cs	0	
Assets/Scripts/Assembly-CSharp/Lever_tk2d.cs	0	
Assets/Scripts/Assembly-CSharp/LifebloodGlob.cs	0	
Assets/Scripts/Assembly-CSharp/LifebloodPustule.cs	0	
Assets/Scripts/Assembly-CSharp/LifebloodPustuleSubWither.cs	0	
Assets/Scripts/Assembly-CSharp/LifebloodState.cs	0	
Assets/Scripts/Assembly-CSharp/LiftControl.cs	0	
Assets/Scripts/Assembly-CSharp/LilyPad.cs	0	
Assets/Scripts/Assembly-CSharp/LiquidMeter.cs	0	
Assets/Scripts/Assembly-CSharp/LiquidReserveCounter.cs	0	
Assets/Scripts/Assembly-CSharp/LocalisedTextCollection.cs	0	
Assets/Scripts/Assembly-CSharp/LocalizationProjectSettings.cs	0	
Assets/Scripts/Assembly-CSharp/LoopMovementTrack.cs	0	
Assets/Scripts/Assembly-CSharp/LoopRotator.cs	0	
Assets/Scripts/Assembly-CSharp/MaggotRegion.cs	0	
Assets/Scripts/Assembly-CSharp/MainQuest.cs	0	
Assets/Scripts/Assembly-CSharp/ManualLift.cs	0	
Assets/Scripts/Assembly-CSharp/MapKey.cs	0	
Assets/Scripts/Assembly-CSharp/MapMarkerArrow.cs	0	
Assets/Scripts/Assembly-CSharp/MapPin.cs	0	
Assets/Scripts/Assembly-CSharp/MapPinConditional.cs	0	
Assets/Scripts/Assembly-CSharp/MapSceneRegion.cs	0	
Assets/Scripts/Assembly-CSharp/MaskerBase.cs	0	
Assets/Scripts/Assembly-CSharp/MaskerBlackout.cs	0	
Assets/Scripts/Assembly-CSharp/MatchColliderSize.cs	0	
Assets/Scripts/Assembly-CSharp/MatchHeroFacing.cs	0	
Assets/Scripts/Assembly-CSharp/MatchScale.cs	0	
Assets/Scripts/Assembly-CSharp/MatchXScaleSignOnEnable.cs	0	
Assets/Scripts/Assembly-CSharp/MaterialPropertyRegion.cs	0	
Assets/Scripts/Assembly-CSharp/MateriumItem.cs	0	
Assets/Scripts/Assembly-CSharp/MateriumItemList.cs	0	
Assets/Scripts/Assembly-CSharp/MateriumItemManager.cs	0	
Assets/Scripts/Assembly-CSharp/MateriumItemsData.cs	0	
Assets/Scripts/Assembly-CSharp/MazeController.cs	0	
Assets/Scripts/Assembly-CSharp/MazeCorpseSpawner.cs	0	
Assets/Scripts/Assembly-CSharp/MazeMistZone.cs	0	
Assets/Scripts/Assembly-CSharp/MemoryHeartBeat.cs	0	
Assets/Scripts/Assembly-CSharp/MemoryMsgBox.cs	0	
Assets/Scripts/Assembly-CSharp/MemoryOrb.cs	0	
Assets/Scripts/Assembly-CSharp/MemoryOrbGroup.cs	0	
Assets/Scripts/Assembly-CSharp/MemoryOrbSceneMap.cs	0	
Assets/Scripts/Assembly-CSharp/MemoryOrbSceneMapConditional.cs	0	
Assets/Scripts/Assembly-CSharp/MemoryOrbSource.cs	0	
Assets/Scripts/Assembly-CSharp/MemoryOrbSourceGroup.cs	0	
Assets/Scripts/Assembly-CSharp/MenuButtonAdvancedControllerListCondition.cs	0	
Assets/Scripts/Assembly-CSharp/MenuButtonHideInDemoMode.cs	0	
Assets/Scripts/Assembly-CSharp/MenuButtonLimitedGraphicsCondition.cs	0	
Assets/Scripts/Assembly-CSharp/MenuButtonSaveImportCondition.cs	0	
Assets/Scripts/Assembly-CSharp/MenuButtonSaveQuitListCondition.cs	0	
Assets/Scripts/Assembly-CSharp/MeshSortingOrderCallbackHooks.cs	0	
Assets/Scripts/Assembly-CSharp/MetronomePlat.cs	0	
Assets/Scripts/Assembly-CSharp/MinesFlipPlatform.cs	0	
Assets/Scripts/Assembly-CSharp/MirrorTk2dAnimDelayed.cs	0	
Assets/Scripts/Assembly-CSharp/MossClump.cs	0	
Assets/Scripts/Assembly-CSharp/MoveOffsetFollowLooped.cs	0	
Assets/Scripts/Assembly-CSharp/MovePlatform.cs	0	
Assets/Scripts/Assembly-CSharp/NPCControlBase.cs	0	
Assets/Scripts/Assembly-CSharp/NPCEncounterStateController.cs	0	
Assets/Scripts/Assembly-CSharp/NPCEventResponder.cs	0	
Assets/Scripts/Assembly-CSharp/NPCFlyAround.cs	0	
Assets/Scripts/Assembly-CSharp/NailAttackBase.cs	0	
Assets/Scripts/Assembly-CSharp/NailImbuementConfig.cs	0	
Assets/Scripts/Assembly-CSharp/NailSlashRecoil.cs	0	
Assets/Scripts/Assembly-CSharp/NailSlashTerrainThunk.cs	0	
Assets/Scripts/Assembly-CSharp/NailSlashTravel.cs	0	
Assets/Scripts/Assembly-CSharp/NamedArrayAttribute.cs	0	
Assets/Scripts/Assembly-CSharp/NavigationAssigner.cs	0	
Assets/Scripts/Assembly-CSharp/NeedolinAppearTimeline.cs	0	
Assets/Scripts/Assembly-CSharp/NeedolinMsgBox.cs	0	
Assets/Scripts/Assembly-CSharp/NeedolinTextConfig.cs	0	
Assets/Scripts/Assembly-CSharp/NeedolinTextOwner.cs	0	
Assets/Scripts/Assembly-CSharp/NestedFadeGroupGradeMarker.cs	0	
Assets/Scripts/Assembly-CSharp/NestedFadeGroupTextMeshPro.cs	0	
Assets/Scripts/Assembly-CSharp/NewCameraNoise.cs	0	
Assets/Scripts/Assembly-CSharp/NoClamberRegion.cs	0	
Assets/Scripts/Assembly-CSharp/NoSuperJumpCollider.cs	0	
Assets/Scripts/Assembly-CSharp/NoTeleportRegion.cs	0	
Assets/Scripts/Assembly-CSharp/NoWallClingRegion.cs	0	
Assets/Scripts/Assembly-CSharp/NodeFlyer.cs	0	
Assets/Scripts/Assembly-CSharp/NoiseMaker.cs	0	
Assets/Scripts/Assembly-CSharp/NoiseResponder.cs	0	
Assets/Scripts/Assembly-CSharp/NonTinter.cs	0	
Assets/Scripts/Assembly-CSharp/NpcAnimatorParams.cs	0	
Assets/Scripts/Assembly-CSharp/NpcDialogueTitle.cs	0	
Assets/Scripts/Assembly-CSharp/NpcTinkReaction.cs	0	
Assets/Scripts/Assembly-CSharp/ObjectBounceCallbackHooks.cs	25055	
Assets/Scripts/Assembly-CSharp/ObjectPool.cs	250	
Assets/Scripts/Assembly-CSharp/OnDestroyEventAnnouncer.cs	0	
Assets/Scripts/Assembly-CSharp/OverMaskerBase.cs	0	
Assets/Scripts/Assembly-CSharp/OverMaskerRenderer.cs	0	
Assets/Scripts/Assembly-CSharp/OverrideExtraRestZone.cs	0	
Assets/Scripts/Assembly-CSharp/OverrideMapZone.cs	0	
Assets/Scripts/Assembly-CSharp/OverrideNeedolinLoop.cs	0	
Assets/Scripts/Assembly-CSharp/PS5PlayerPrefsSharedData.cs	0	
Assets/Scripts/Assembly-CSharp/ParentAngleEvent.cs	0	
Assets/Scripts/Assembly-CSharp/ParentSwayConfig.cs	0	
Assets/Scripts/Assembly-CSharp/ParticleCulling.cs	0	
Assets/Scripts/Assembly-CSharp/ParticleDamageHero.cs	0	
Assets/Scripts/Assembly-CSharp/ParticleDetachReparent.cs	0	
Assets/Scripts/Assembly-CSharp/ParticleEffectsLerpEmission.cs	0	
Assets/Scripts/Assembly-CSharp/ParticleEffectsScaleTarget.cs	0	
Assets/Scripts/Assembly-CSharp/ParticleEffectsScaleToCollider.cs	0	
Assets/Scripts/Assembly-CSharp/ParticleSystemAutoDeactivate.cs	0	
Assets/Scripts/Assembly-CSharp/ParticleSystemPool.cs	0	
Assets/Scripts/Assembly-CSharp/PassBlackThreadState.cs	0	
Assets/Scripts/Assembly-CSharp/PassColour.cs	0	
Assets/Scripts/Assembly-CSharp/PerformanceHud.cs	0	
Assets/Scripts/Assembly-CSharp/PersistentBoolItemResponder.cs	0	
Assets/Scripts/Assembly-CSharp/PhysicsConstants.cs	0	
Assets/Scripts/Assembly-CSharp/PinChallenge.cs	0	
Assets/Scripts/Assembly-CSharp/PinTransformToSpline.cs	31995	
Assets/Scripts/Assembly-CSharp/PlayAnimationInAir.cs	0	
Assets/Scripts/Assembly-CSharp/PlayMakerEventRange.cs	0	
Assets/Scripts/Assembly-CSharp/PlayMakerNPC.cs	0	
Assets/Scripts/Assembly-CSharp/PlayMakerValidator.cs	0	
Assets/Scripts/Assembly-CSharp/PlayParticleEffectsCallbackHooks.cs	0	
Assets/Scripts/Assembly-CSharp/PlayRandomAnimatorStateOnEnable.cs	0	
Assets/Scripts/Assembly-CSharp/PlayableDirectorRamp.cs	0	
Assets/Scripts/Assembly-CSharp/PlayerDataTestResponse.cs	202	
Assets/Scripts/Assembly-CSharp/PlayerStory.cs	0	
Assets/Scripts/Assembly-CSharp/PlaymakerBoolConditionalTk2dAnimation.cs	0	
Assets/Scripts/Assembly-CSharp/PlaymakerFSMVariableOverrides.cs	0	
Assets/Scripts/Assembly-CSharp/PlaystationSwipeInputSource.cs	0	
Assets/Scripts/Assembly-CSharp/PointAtPivot.cs	0	
Assets/Scripts/Assembly-CSharp/PointerEnterEventConsumer.cs	0	
Assets/Scripts/Assembly-CSharp/PoisonPouchEventCaller.cs	0	
Assets/Scripts/Assembly-CSharp/PoisonTintBase.cs	0	
Assets/Scripts/Assembly-CSharp/PoisonTintSpriteRenderer.cs	0	
Assets/Scripts/Assembly-CSharp/PoisonTintTk2dSprite.cs	0	
Assets/Scripts/Assembly-CSharp/PooledEffect.cs	0	
Assets/Scripts/Assembly-CSharp/PooledEffectManager.cs	0	
Assets/Scripts/Assembly-CSharp/PooledEffectProfile.cs	0	
Assets/Scripts/Assembly-CSharp/PositionActivator.cs	0	
Assets/Scripts/Assembly-CSharp/PositionActivatorRange.cs	0	
Assets/Scripts/Assembly-CSharp/PositionConditions.cs	0	
Assets/Scripts/Assembly-CSharp/PositionRelativeTo.cs	0	
Assets/Scripts/Assembly-CSharp/PositionToHeroClamped.cs	0	
Assets/Scripts/Assembly-CSharp/PowerUpGetMsg.cs	0	
Assets/Scripts/Assembly-CSharp/PrefabCollectable.cs	0	
Assets/Scripts/Assembly-CSharp/PressurePlateBase.cs	0	
Assets/Scripts/Assembly-CSharp/PressurePlateBinarySwitcher.cs	0	
Assets/Scripts/Assembly-CSharp/ProgressBarSegmented.cs	0	
Assets/Scripts/Assembly-CSharp/ProjectBenchmark.cs	0	
Assets/Scripts/Assembly-CSharp/ProjectileBreakTrigger.cs	0	
Assets/Scripts/Assembly-CSharp/ProjectileVelocityManager.cs	0	
Assets/Scripts/Assembly-CSharp/PropertyModifierAttribute.cs	0	
Assets/Scripts/Assembly-CSharp/PuppetThread.cs	0	
Assets/Scripts/Assembly-CSharp/PushReactNonPhysical.cs	0	
Assets/Scripts/Assembly-CSharp/Quest.cs	0	
Assets/Scripts/Assembly-CSharp/QuestBoardInteractable.cs	0	
Assets/Scripts/Assembly-CSharp/QuestBoardList.cs	0	
Assets/Scripts/Assembly-CSharp/QuestCompleteTotalGroup.cs	0	
Assets/Scripts/Assembly-CSharp/QuestCompletionData.cs	0	
Assets/Scripts/Assembly-CSharp/QuestGroup.cs	0	
Assets/Scripts/Assembly-CSharp/QuestGroupBase.cs	0	
Assets/Scripts/Assembly-CSharp/QuestIconDisplay.cs	0	
Assets/Scripts/Assembly-CSharp/QuestItemBoard.cs	0	
Assets/Scripts/Assembly-CSharp/QuestItemDescription.cs	0	
Assets/Scripts/Assembly-CSharp/QuestItemDescriptionCustom.cs	0	
Assets/Scripts/Assembly-CSharp/QuestItemDescriptionText.cs	0	
Assets/Scripts/Assembly-CSharp/QuestItemManager.cs	0	
Assets/Scripts/Assembly-CSharp/QuestList.cs	0	
Assets/Scripts/Assembly-CSharp/QuestManager.cs	0	
Assets/Scripts/Assembly-CSharp/QuestMapMarker.cs	0	
Assets/Scripts/Assembly-CSharp/QuestRewardHolder.cs	0	
Assets/Scripts/Assembly-CSharp/QuestRumour.cs	0	
Assets/Scripts/Assembly-CSharp/QuestRumourData.cs	0	
Assets/Scripts/Assembly-CSharp/QuestTargetCounter.cs	0	
Assets/Scripts/Assembly-CSharp/QuestTargetCurrency.cs	0	
Assets/Scripts/Assembly-CSharp/QuestTargetJournalGroup.cs	0	
Assets/Scripts/Assembly-CSharp/QuestTargetSteelQuestSpot.cs	0	
Assets/Scripts/Assembly-CSharp/QuestTest.cs	0	
Assets/Scripts/Assembly-CSharp/QuestType.cs	0	
Assets/Scripts/Assembly-CSharp/QuestYesNoBox.cs	0	
Assets/Scripts/Assembly-CSharp/QuickBurn.cs	0	
Assets/Scripts/Assembly-CSharp/QuickCreateAssetAttribute.cs	0	
Assets/Scripts/Assembly-CSharp/RadialHudIcon.cs	0	
Assets/Scripts/Assembly-CSharp/RadialHudSwitchModeSettings.cs	0	
Assets/Scripts/Assembly-CSharp/RandomLooptk2dAnimator.cs	0	
Assets/Scripts/Assembly-CSharp/RandomRotationDelay.cs	0	
Assets/Scripts/Assembly-CSharp/RandomSpeechNPC.cs	0	
Assets/Scripts/Assembly-CSharp/RandomSprite.cs	0	
Assets/Scripts/Assembly-CSharp/RandomTranslation.cs	0	
Assets/Scripts/Assembly-CSharp/RandomiseEnabledChild.cs	0	
Assets/Scripts/Assembly-CSharp/RandomisePlaybackOffset.cs	0	
Assets/Scripts/Assembly-CSharp/RandomlyFlipScale.cs	0	
Assets/Scripts/Assembly-CSharp/RangeAttackGroup.cs	0	
Assets/Scripts/Assembly-CSharp/RangeAttacker.cs	0	
Assets/Scripts/Assembly-CSharp/Rb2dFollowWithVelocity.cs	0	
Assets/Scripts/Assembly-CSharp/ReceivedDamageProxy.cs	0	
Assets/Scripts/Assembly-CSharp/RecoilEnemiesToRadius.cs	0	
Assets/Scripts/Assembly-CSharp/RecordDoorEntry.cs	0	
Assets/Scripts/Assembly-CSharp/RectTransformDimensionChangedEvent.cs	0	
Assets/Scripts/Assembly-CSharp/RectTransformScaleMapper.cs	0	
Assets/Scripts/Assembly-CSharp/RecycleResetHandler.cs	0	
Assets/Scripts/Assembly-CSharp/RelativeJointAutoConfigure.cs	0	
Assets/Scripts/Assembly-CSharp/RelicBoardOwner.cs	0	
Assets/Scripts/Assembly-CSharp/RemapTk2DSpriteAnimator.cs	0	
Assets/Scripts/Assembly-CSharp/Remasker.cs	0	
Assets/Scripts/Assembly-CSharp/ReparentOnParticleStop.cs	0	
Assets/Scripts/Assembly-CSharp/ReplaceWithTemplate.cs	-20	
Assets/Scripts/Assembly-CSharp/RepositionFromWalls.cs	0	
Assets/Scripts/Assembly-CSharp/ResetAnimatorOnEnable.cs	0	
Assets/Scripts/Assembly-CSharp/ResetDynamicHierarchy.cs	0	
Assets/Scripts/Assembly-CSharp/RestBenchHelper.cs	0	
Assets/Scripts/Assembly-CSharp/RestoreSaveSelectionButton.cs	0	
Assets/Scripts/Assembly-CSharp/RigidBody2DGroupResetter.cs	0	
Assets/Scripts/Assembly-CSharp/Rigidbody2DDisturber.cs	0	
Assets/Scripts/Assembly-CSharp/Rigidbody2DDisturberImpulse.cs	0	
Assets/Scripts/Assembly-CSharp/RosaryCache.cs	0	
Assets/Scripts/Assembly-CSharp/RosaryCacheHanging.cs	0	
Assets/Scripts/Assembly-CSharp/RosaryCacheShrine.cs	0	
Assets/Scripts/Assembly-CSharp/RosaryCacheString.cs	0	
Assets/Scripts/Assembly-CSharp/RunEffects.cs	0	
Assets/Scripts/Assembly-CSharp/SandCentipede.cs	0	
Assets/Scripts/Assembly-CSharp/SandRegion.cs	0	
Assets/Scripts/Assembly-CSharp/SandRegionCollisionBreakable.cs	0	
Assets/Scripts/Assembly-CSharp/ScaleActivation.cs	0	
Assets/Scripts/Assembly-CSharp/ScaleToMatchCollider.cs	0	
Assets/Scripts/Assembly-CSharp/ScaleWithAspect.cs	0	
Assets/Scripts/Assembly-CSharp/SceneAppearanceRegion.cs	0	
Assets/Scripts/Assembly-CSharp/SceneLintDisableChildren.cs	0	
Assets/Scripts/Assembly-CSharp/SceneLintFixRotation.cs	0	
Assets/Scripts/Assembly-CSharp/SceneLintLogger.cs	0	
Assets/Scripts/Assembly-CSharp/SceneObjectPool.cs	0	
Assets/Scripts/Assembly-CSharp/ScenePrefabInstanceFix.cs	0	
Assets/Scripts/Assembly-CSharp/SceneTeleportMap.cs	0	
Assets/Scripts/Assembly-CSharp/SceneTransitionZone.cs	0	
Assets/Scripts/Assembly-CSharp/ScentTrail.cs	0	
Assets/Scripts/Assembly-CSharp/ScoreBoardUI.cs	0	
Assets/Scripts/Assembly-CSharp/ScoreBoardUIBadge.cs	0	
Assets/Scripts/Assembly-CSharp/ScoreBoardUIBadgeHero.cs	0	
Assets/Scripts/Assembly-CSharp/ScreenFaderState.cs	0	
Assets/Scripts/Assembly-CSharp/ScreenFlashAnimator.cs	0	
Assets/Scripts/Assembly-CSharp/ScreenHeightAdjustPos.cs	0	
Assets/Scripts/Assembly-CSharp/ScrollIndicator.cs	0	
Assets/Scripts/Assembly-CSharp/ScrollView.cs	0	
Assets/Scripts/Assembly-CSharp/SelectEventConsumer.cs	0	
Assets/Scripts/Assembly-CSharp/SendEventOnEnable.cs	0	
Assets/Scripts/Assembly-CSharp/SendEventToRegisterMethod.cs	0	
Assets/Scripts/Assembly-CSharp/SendEventToRegisterOnDisable.cs	0	
Assets/Scripts/Assembly-CSharp/SendEventToRegisterOnEnable.cs	0	
Assets/Scripts/Assembly-CSharp/SendEventToRegisterOnTriggerEnter.cs	0	
Assets/Scripts/Assembly-CSharp/SendEventToRegisterOnTriggerExit.cs	0	
Assets/Scripts/Assembly-CSharp/SetCullingInState.cs	0	
Assets/Scripts/Assembly-CSharp/SetGameCameraRotation.cs	0	
Assets/Scripts/Assembly-CSharp/SetGlobalShaderPos.cs	0	
Assets/Scripts/Assembly-CSharp/SetGlobalShaderTime.cs	0	
Assets/Scripts/Assembly-CSharp/SetGravityOnEnable.cs	0	
Assets/Scripts/Assembly-CSharp/SetMappedOnStart.cs	0	
Assets/Scripts/Assembly-CSharp/SetNailDamage.cs	0	
Assets/Scripts/Assembly-CSharp/SetParticleScaleCallbackHooks.cs	0	
Assets/Scripts/Assembly-CSharp/SetPlayerDataBool.cs	0	
Assets/Scripts/Assembly-CSharp/SetPosConditional.cs	0	
Assets/Scripts/Assembly-CSharp/SetRandomFsmIndexForChildren.cs	0	
Assets/Scripts/Assembly-CSharp/SetRigidBody2D.cs	0	
Assets/Scripts/Assembly-CSharp/SetRigidbody2DConstraints.cs	0	
Assets/Scripts/Assembly-CSharp/SetRotationThreadPossess.cs	32000	
Assets/Scripts/Assembly-CSharp/SetShaderPropertyRotation.cs	0	
Assets/Scripts/Assembly-CSharp/SetSpriteRendererColor.cs	0	
Assets/Scripts/Assembly-CSharp/SetTriggerRandom.cs	0	
Assets/Scripts/Assembly-CSharp/SetVector3PerSwitchMode.cs	0	
Assets/Scripts/Assembly-CSharp/SetWorldScale.cs	0	
Assets/Scripts/Assembly-CSharp/SetWorldTransform.cs	0	
Assets/Scripts/Assembly-CSharp/SetZMin.cs	0	
Assets/Scripts/Assembly-CSharp/SetZPerHeroSide.cs	0	
Assets/Scripts/Assembly-CSharp/SetZPerRotation.cs	0	
Assets/Scripts/Assembly-CSharp/ShadeMarkerArrow.cs	0	
Assets/Scripts/Assembly-CSharp/ShaderPassObjectPos.cs	0	
Assets/Scripts/Assembly-CSharp/ShaderPassObjectScale.cs	0	
Assets/Scripts/Assembly-CSharp/ShakeChildren.cs	0	
Assets/Scripts/Assembly-CSharp/ShardRegion.cs	0	
Assets/Scripts/Assembly-CSharp/SharedDamagedGroup.cs	0	
Assets/Scripts/Assembly-CSharp/SharedDataBoolActivator.cs	0	
Assets/Scripts/Assembly-CSharp/ShellFossilMimicSpawn.cs	0	
Assets/Scripts/Assembly-CSharp/ShellShard.cs	0	
Assets/Scripts/Assembly-CSharp/ShopItem.cs	0	
Assets/Scripts/Assembly-CSharp/ShopItemList.cs	0	
Assets/Scripts/Assembly-CSharp/ShopOwner.cs	0	
Assets/Scripts/Assembly-CSharp/ShopSubItemSelection.cs	0	
Assets/Scripts/Assembly-CSharp/ShopSubItemStats.cs	0	
Assets/Scripts/Assembly-CSharp/SilkAcidRegion.cs	0	
Assets/Scripts/Assembly-CSharp/SilkChunk.cs	0	
Assets/Scripts/Assembly-CSharp/SilkGrubCocoon.cs	0	
Assets/Scripts/Assembly-CSharp/SilkPossession.cs	0	
Assets/Scripts/Assembly-CSharp/SilkPusher.cs	0	
Assets/Scripts/Assembly-CSharp/SilkRationMachine.cs	32000	
Assets/Scripts/Assembly-CSharp/SilkRationObject.cs	0	
Assets/Scripts/Assembly-CSharp/SilkSnare.cs	0	
Assets/Scripts/Assembly-CSharp/SilkSpool.cs	0	
Assets/Scripts/Assembly-CSharp/SilkSpoolInventoryDescription.cs	0	
Assets/Scripts/Assembly-CSharp/SilkcatcherPlant.cs	0	
Assets/Scripts/Assembly-CSharp/SilkflyCloud.cs	0	
Assets/Scripts/Assembly-CSharp/SimpleButton.cs	0	
Assets/Scripts/Assembly-CSharp/SimpleCounter.cs	0	
Assets/Scripts/Assembly-CSharp/SimpleProjectile.cs	0	
Assets/Scripts/Assembly-CSharp/SimpleQuestsShopOwner.cs	0	
Assets/Scripts/Assembly-CSharp/SimpleShopItemDisplay.cs	0	
Assets/Scripts/Assembly-CSharp/SimpleShopMenu.cs	0	
Assets/Scripts/Assembly-CSharp/SimpleShopMenuOwner.cs	0	
Assets/Scripts/Assembly-CSharp/SkillGetMsg.cs	0	
Assets/Scripts/Assembly-CSharp/SlideSurface.cs	0	
Assets/Scripts/Assembly-CSharp/SliderRightStickInput.cs	0	
Assets/Scripts/Assembly-CSharp/SmashableTile.cs	0	
Assets/Scripts/Assembly-CSharp/SoftMaskScrollIndicator.cs	0	
Assets/Scripts/Assembly-CSharp/SongGateString.cs	0	
Assets/Scripts/Assembly-CSharp/SongGateStringControl.cs	0	
Assets/Scripts/Assembly-CSharp/SortingLayerAttribute.cs	0	
Assets/Scripts/Assembly-CSharp/SoulThread.cs	0	
Assets/Scripts/Assembly-CSharp/SpatterHealth.cs	0	
Assets/Scripts/Assembly-CSharp/SpawnQueueGroup.cs	0	
Assets/Scripts/Assembly-CSharp/SpawnRepeatingSmart.cs	0	
Assets/Scripts/Assembly-CSharp/SpawnedCorpseEffectTint.cs	0	
Assets/Scripts/Assembly-CSharp/SpecialQuestItemVariant.cs	0	
Assets/Scripts/Assembly-CSharp/SpeedChanger.cs	0	
Assets/Scripts/Assembly-CSharp/SpeedRampAnimator.cs	0	
Assets/Scripts/Assembly-CSharp/SpikeCogFall.cs	0	
Assets/Scripts/Assembly-CSharp/SpikeSlashReaction.cs	0	
Assets/Scripts/Assembly-CSharp/SpikeSlashReactionProfile.cs	0	
Assets/Scripts/Assembly-CSharp/SpinSelfCallbackHooks.cs	0	
Assets/Scripts/Assembly-CSharp/SplineBladeTrap.cs	0	
Assets/Scripts/Assembly-CSharp/SplineDepress.cs	0	
Assets/Scripts/Assembly-CSharp/SplineRunner.cs	0	
Assets/Scripts/Assembly-CSharp/SplineTextureAnim.cs	0	
Assets/Scripts/Assembly-CSharp/SplineWalker.cs	0	
Assets/Scripts/Assembly-CSharp/SprintRaceController.cs	0	
Assets/Scripts/Assembly-CSharp/SprintRaceLapMarker.cs	0	
Assets/Scripts/Assembly-CSharp/SpriteExtruder.cs	0	
Assets/Scripts/Assembly-CSharp/SpriteFlashCallbackHooks.cs	0	
Assets/Scripts/Assembly-CSharp/SpriteFlashDistanceSilhouette.cs	0	
Assets/Scripts/Assembly-CSharp/SpritePreviewAttribute.cs	0	
Assets/Scripts/Assembly-CSharp/SpriteRendererVisibilityCentre.cs	0	
Assets/Scripts/Assembly-CSharp/StaffFallOver.cs	0	
Assets/Scripts/Assembly-CSharp/StateChangeSequence.cs	0	
Assets/Scripts/Assembly-CSharp/StateTransitionAnimator.cs	0	
Assets/Scripts/Assembly-CSharp/StatusRecordComparisonResponse.cs	0	
Assets/Scripts/Assembly-CSharp/StatusVignette.cs	0	
Assets/Scripts/Assembly-CSharp/SteelSoulAnimProxy.cs	0	
Assets/Scripts/Assembly-CSharp/SteelSoulQuestSpot.cs	0	
Assets/Scripts/Assembly-CSharp/SteelSoulUnlockSequence.cs	0	
Assets/Scripts/Assembly-CSharp/StopParticleSystemsOnStart.cs	0	
Assets/Scripts/Assembly-CSharp/StreamingOnlineSubsystem.cs	0	
Assets/Scripts/Assembly-CSharp/SubQuest.cs	0	
Assets/Scripts/Assembly-CSharp/SurfaceWaterFloat.cs	0	
Assets/Scripts/Assembly-CSharp/SurfaceWaterFloater.cs	0	
Assets/Scripts/Assembly-CSharp/SurfaceWaterRegion.cs	0	
Assets/Scripts/Assembly-CSharp/SurfaceWaterSplasher.cs	0	
Assets/Scripts/Assembly-CSharp/SuspendedDropPropeller.cs	0	
Assets/Scripts/Assembly-CSharp/SuspendedPlatform.cs	0	
Assets/Scripts/Assembly-CSharp/SuspendedPlatformBase.cs	0	
Assets/Scripts/Assembly-CSharp/SuspendedPlatformCut.cs	0	
Assets/Scripts/Assembly-CSharp/SuspendedSwayPlat.cs	0	
Assets/Scripts/Assembly-CSharp/SwampZone.cs	0	
Assets/Scripts/Assembly-CSharp/SwitchPlatformModeUpdateHandler.cs	0	
Assets/Scripts/Assembly-CSharp/SyncActivation.cs	0	
Assets/Scripts/Assembly-CSharp/SyncNeedolinLoop.cs	0	
Assets/Scripts/Assembly-CSharp/TK2DSpriteFadePulse.cs	0	
Assets/Scripts/Assembly-CSharp/TagDamageTaker.cs	0	
Assets/Scripts/Assembly-CSharp/TagDamager.cs	0	
Assets/Scripts/Assembly-CSharp/TagSelectorAttribute.cs	0	
Assets/Scripts/Assembly-CSharp/TalkAnimNPC.cs	0	
Assets/Scripts/Assembly-CSharp/TempGate.cs	0	
Assets/Scripts/Assembly-CSharp/TempPressurePlate.cs	0	
Assets/Scripts/Assembly-CSharp/TerrainThunkUtils.cs	0	
Assets/Scripts/Assembly-CSharp/TestGameObjectActivator.cs	0	
Assets/Scripts/Assembly-CSharp/TextBridge.cs	0	
Assets/Scripts/Assembly-CSharp/TextHeightYFollower.cs	0	
Assets/Scripts/Assembly-CSharp/TextMeshProClipRect.cs	0	
Assets/Scripts/Assembly-CSharp/TextMeshProColorPreserver.cs	0	
Assets/Scripts/Assembly-CSharp/TextMeshProContainerFitter.cs	0	
Assets/Scripts/Assembly-CSharp/TextMeshProFontFallback.cs	0	
Assets/Scripts/Assembly-CSharp/TextMeshProLineAnchor.cs	0	
Assets/Scripts/Assembly-CSharp/TextMeshUpdateMinHeight.cs	0	
Assets/Scripts/Assembly-CSharp/ThiefSnatchEffect.cs	0	
Assets/Scripts/Assembly-CSharp/ThreadIllumination.cs	0	
Assets/Scripts/Assembly-CSharp/ThreadIlluminationTK2D.cs	0	
Assets/Scripts/Assembly-CSharp/ThreadSpinner.cs	0	
Assets/Scripts/Assembly-CSharp/ThunkTarget.cs	0	
Assets/Scripts/Assembly-CSharp/TickedPendulum.cs	0	
Assets/Scripts/Assembly-CSharp/TiltPlat.cs	0	
Assets/Scripts/Assembly-CSharp/TimeManager.cs	0	
Assets/Scripts/Assembly-CSharp/TimedActivator.cs	0	
Assets/Scripts/Assembly-CSharp/TimedEventCaller.cs	31998	
Assets/Scripts/Assembly-CSharp/TimedTicker.cs	0	
Assets/Scripts/Assembly-CSharp/TimelineGate.cs	0	
Assets/Scripts/Assembly-CSharp/TimerGroup.cs	0	
Assets/Scripts/Assembly-CSharp/TinkRigidbodyForce.cs	0	
Assets/Scripts/Assembly-CSharp/TinyMossFly.cs	0	
Assets/Scripts/Assembly-CSharp/TipOverObject.cs	0	
Assets/Scripts/Assembly-CSharp/Tk2dGlobalEventListener.cs	0	
Assets/Scripts/Assembly-CSharp/Tk2dPlayRandomAnimationOnEnable.cs	0	
Assets/Scripts/Assembly-CSharp/Tk2dSpriteSetKeywordsConditional.cs	0	
Assets/Scripts/Assembly-CSharp/Tk2dTalkAnimNPC.cs	0	
Assets/Scripts/Assembly-CSharp/Tk2dTileMapRuntimeDemo.cs	0	
Assets/Scripts/Assembly-CSharp/ToolBoomerang.cs	0	
Assets/Scripts/Assembly-CSharp/ToolBreakRangeHandler.cs	0	
Assets/Scripts/Assembly-CSharp/ToolCrest.cs	0	
Assets/Scripts/Assembly-CSharp/ToolCrestList.cs	0	
Assets/Scripts/Assembly-CSharp/ToolCrestUIMsg.cs	0	
Assets/Scripts/Assembly-CSharp/ToolCrestsData.cs	0	
Assets/Scripts/Assembly-CSharp/ToolEquipChecker.cs	0	
Assets/Scripts/Assembly-CSharp/ToolGameObjectActivator.cs	0	
Assets/Scripts/Assembly-CSharp/ToolHudIcon.cs	0	
Assets/Scripts/Assembly-CSharp/ToolItem.cs	0	
Assets/Scripts/Assembly-CSharp/ToolItemBasic.cs	0	
Assets/Scripts/Assembly-CSharp/ToolItemLerpStates.cs	0	
Assets/Scripts/Assembly-CSharp/ToolItemLimiter.cs	0	
Assets/Scripts/Assembly-CSharp/ToolItemList.cs	0	
Assets/Scripts/Assembly-CSharp/ToolItemManager.cs	0	
Assets/Scripts/Assembly-CSharp/ToolItemSkill.cs	0	
Assets/Scripts/Assembly-CSharp/ToolItemStates.cs	0	
Assets/Scripts/Assembly-CSharp/ToolItemStatesLiquid.cs	0	
Assets/Scripts/Assembly-CSharp/ToolItemToggleState.cs	0	
Assets/Scripts/Assembly-CSharp/ToolItemsData.cs	0	
Assets/Scripts/Assembly-CSharp/ToolPin.cs	0	
Assets/Scripts/Assembly-CSharp/ToolPouchInventoryDescription.cs	0	
Assets/Scripts/Assembly-CSharp/ToolRing.cs	0	
Assets/Scripts/Assembly-CSharp/ToolTutorialMsg.cs	0	
Assets/Scripts/Assembly-CSharp/ToolUsageCounter.cs	0	
Assets/Scripts/Assembly-CSharp/TrackTriggerEvent.cs	0	
Assets/Scripts/Assembly-CSharp/TrackTriggerObjectsLineOfSight.cs	0	
Assets/Scripts/Assembly-CSharp/TrackTriggerResponder.cs	0	
Assets/Scripts/Assembly-CSharp/TrackingTrail.cs	0	
Assets/Scripts/Assembly-CSharp/TrailThread.cs	0	
Assets/Scripts/Assembly-CSharp/TransferVelocityOnCollide.cs	0	
Assets/Scripts/Assembly-CSharp/TransformLayoutGrid.cs	0	
Assets/Scripts/Assembly-CSharp/TransitionPointDoorAnim.cs	0	
Assets/Scripts/Assembly-CSharp/TrapBridge.cs	0	
Assets/Scripts/Assembly-CSharp/TrapBridgeExtend.cs	0	
Assets/Scripts/Assembly-CSharp/TrapBridgeFlip.cs	0	
Assets/Scripts/Assembly-CSharp/TrapPressurePlate.cs	0	
Assets/Scripts/Assembly-CSharp/Trapdoor.cs	0	
Assets/Scripts/Assembly-CSharp/TriggerEvent.cs	0	
Assets/Scripts/Assembly-CSharp/TriggerStaySubEvent.cs	0	
Assets/Scripts/Assembly-CSharp/TriggerSubEvent.cs	0	
Assets/Scripts/Assembly-CSharp/TripWire.cs	0	
Assets/Scripts/Assembly-CSharp/TubeTravelMap.cs	0	
Assets/Scripts/Assembly-CSharp/TubeTravelMapButton.cs	0	
Assets/Scripts/Assembly-CSharp/TubeTravelMapPiece.cs	0	
Assets/Scripts/Assembly-CSharp/TweenExtensions.cs	0	
Assets/Scripts/Assembly-CSharp/UIImageKeepNativeSize.cs	0	
Assets/Scripts/Assembly-CSharp/UIMsgProxy.cs	0	
Assets/Scripts/Assembly-CSharp/UISelectionList.cs	0	
Assets/Scripts/Assembly-CSharp/UISelectionListItem.cs	0	
Assets/Scripts/Assembly-CSharp/UberPostprocess.cs	0	
Assets/Scripts/Assembly-CSharp/UiMsgPopupFsmProxy.cs	0	
Assets/Scripts/Assembly-CSharp/UiProgressBar.cs	0	
Assets/Scripts/Assembly-CSharp/UmbrellaWindObject.cs	0	
Assets/Scripts/Assembly-CSharp/UmbrellaWindRegion.cs	0	
Assets/Scripts/Assembly-CSharp/UnMaggotRegion.cs	0	
Assets/Scripts/Assembly-CSharp/UnityFontFallback.cs	0	
Assets/Scripts/Assembly-CSharp/UnityMessageListener.cs	0	
Assets/Scripts/Assembly-CSharp/UnityThreadContext.cs	0	
Assets/Scripts/Assembly-CSharp/UnityThreadContextInitialiser.cs	0	
Assets/Scripts/Assembly-CSharp/Unmasker.cs	0	
Assets/Scripts/Assembly-CSharp/UpdateBatcher.cs	0	
Assets/Scripts/Assembly-CSharp/VectorCurveAnimator.cs	0	
Assets/Scripts/Assembly-CSharp/VectorCurveAnimatorRamp.cs	0	
Assets/Scripts/Assembly-CSharp/VentRegion.cs	0	
Assets/Scripts/Assembly-CSharp/VerticalScrollRectController.cs	0	
Assets/Scripts/Assembly-CSharp/VisibilityGroup.cs	0	
Assets/Scripts/Assembly-CSharp/VisibilityObject.cs	0	
Assets/Scripts/Assembly-CSharp/WaitForSecondsInterruptable.cs	0	
Assets/Scripts/Assembly-CSharp/WaitForTk2dAnimatorClipFinish.cs	0	
Assets/Scripts/Assembly-CSharp/WaitFrameAndPaused.cs	0	
Assets/Scripts/Assembly-CSharp/WalkerV2.cs	0	
Assets/Scripts/Assembly-CSharp/WallClinger.cs	0	
Assets/Scripts/Assembly-CSharp/WaterDetector.cs	0	
Assets/Scripts/Assembly-CSharp/WaterDisturber.cs	31997	
Assets/Scripts/Assembly-CSharp/WaterPhysics.cs	0	
Assets/Scripts/Assembly-CSharp/WaterfallParticles.cs	0	
Assets/Scripts/Assembly-CSharp/WaterfallRegion.cs	0	
Assets/Scripts/Assembly-CSharp/WavUtility.cs	0	
Assets/Scripts/Assembly-CSharp/WeaverHeatLamp.cs	0	
Assets/Scripts/Assembly-CSharp/WeaverLift.cs	0	
Assets/Scripts/Assembly-CSharp/WeaverLiftButton.cs	0	
Assets/Scripts/Assembly-CSharp/WeaverSpeedChallenge.cs	0	
Assets/Scripts/Assembly-CSharp/WeaverSpeedPanel.cs	0	
Assets/Scripts/Assembly-CSharp/WeaverWalkThread.cs	0	
Assets/Scripts/Assembly-CSharp/WindCameraRegion.cs	0	
Assets/Scripts/Assembly-CSharp/WindRegion.cs	0	
Assets/Scripts/Assembly-CSharp/WispFireballLight.cs	0	
Assets/Scripts/Assembly-CSharp/WitchBindEffects.cs	0	
Assets/Scripts/Assembly-CSharp/WorkerThread.cs	0	
Assets/Scripts/Assembly-CSharp/XBoxConsolePlatform.cs	0	
Assets/Scripts/Assembly-CSharp/YesNoBox.cs	0	
Assets/Scripts/Assembly-CSharp/ZapGrassCluster.cs	0	
Assets/Scripts/Assembly-CSharp/tk2dAnimateUpDown.cs	0	
Assets/Scripts/Assembly-CSharp/tk2dAnimationTriggerFlipScale.cs	0	
Assets/Scripts/Assembly-CSharp/tk2dAnimationTriggerResponder.cs	0	
Assets/Scripts/Assembly-CSharp/tk2dFootstepPlayer.cs	0	
Assets/Scripts/Assembly-CSharp/tk2dGetClipDuration.cs	0	
Assets/Scripts/Assembly-CSharp/tk2dLookAnimNPC.cs	0	
Assets/Scripts/Assembly-CSharp/tk2dSpriteInitialiser.cs	0	
Assets/Scripts/BuildSupport/System/Runtime/Serialization/Formatters/SystemRuntimeSerialziationFormattersDummy.cs	0	
Assets/Scripts/MixedIntegrations/HollowKnightInputModule.cs	-102	
Assets/Scripts/MixedIntegrations/PlayMakerActions/ApplyMusicCue.cs	0	
Assets/Scripts/MixedIntegrations/PlayMakerActions/BeginSceneTransition.cs	0	
Assets/Scripts/MixedIntegrations/PlayMakerActions/ChaseObject.cs	0	
Assets/Scripts/MixedIntegrations/PlayMakerActions/ChaseObjectGround.cs	0	
Assets/Scripts/MixedIntegrations/PlayMakerActions/ChaseObjectV2.cs	0	
Assets/Scripts/MixedIntegrations/PlayMakerActions/ChaseObjectVertical.cs	0	
Assets/Scripts/MixedIntegrations/PlayMakerActions/CheckTargetDirection.cs	0	
Assets/Scripts/MixedIntegrations/PlayMakerActions/CreateUIMsgGetItem.cs	0	
Assets/Scripts/MixedIntegrations/PlayMakerActions/Decelerate.cs	0	
Assets/Scripts/MixedIntegrations/PlayMakerActions/DecelerateV2.cs	0	
Assets/Scripts/MixedIntegrations/PlayMakerActions/DecelerateXY.cs	0	
Assets/Scripts/MixedIntegrations/PlayMakerActions/DecrementPlayerDataInt.cs	0	
Assets/Scripts/MixedIntegrations/PlayMakerActions/DistanceFly.cs	0	
Assets/Scripts/MixedIntegrations/PlayMakerActions/DistanceFlySmooth.cs	0	
Assets/Scripts/MixedIntegrations/PlayMakerActions/DistanceFlyV2.cs	0	
Assets/Scripts/MixedIntegrations/PlayMakerActions/DistanceWalk.cs	0	
Assets/Scripts/MixedIntegrations/PlayMakerActions/FaceAngle.cs	0	
Assets/Scripts/MixedIntegrations/PlayMakerActions/FaceAngleV2.cs	0	
Assets/Scripts/MixedIntegrations/PlayMakerActions/FaceDirection.cs	0	
Assets/Scripts/MixedIntegrations/PlayMakerActions/FaceObject.cs	0	
Assets/Scripts/MixedIntegrations/PlayMakerActions/FireAtTarget.cs	0	
Assets/Scripts/MixedIntegrations/PlayMakerActions/FlingFlashingGeo.cs	0	
Assets/Scripts/MixedIntegrations/PlayMakerActions/FlingObjectsFromGlobalPool.cs	0	
Assets/Scripts/MixedIntegrations/PlayMakerActions/FlingObjectsFromGlobalPoolTime.cs	0	
Assets/Scripts/MixedIntegrations/PlayMakerActions/GetAngleToTarget2D.cs	0	
Assets/Scripts/MixedIntegrations/PlayMakerActions/GetCurrentLanguageAsString.cs	0	
Assets/Scripts/MixedIntegrations/PlayMakerActions/GetLanguageString.cs	0	
Assets/Scripts/MixedIntegrations/PlayMakerActions/GetNamedParent.cs	0	
Assets/Scripts/MixedIntegrations/PlayMakerActions/GetPlayerDataBool.cs	0	
Assets/Scripts/MixedIntegrations/PlayMakerActions/GetPlayerDataFloat.cs	0	
Assets/Scripts/MixedIntegrations/PlayMakerActions/GetPlayerDataInt.cs	0	
Assets/Scripts/MixedIntegrations/PlayMakerActions/GetPlayerDataString.cs	0	
Assets/Scripts/MixedIntegrations/PlayMakerActions/GetPlayerDataVector3.cs	0	
Assets/Scripts/MixedIntegrations/PlayMakerActions/GhostMovement.cs	0	
Assets/Scripts/MixedIntegrations/PlayMakerActions/GrimmChildFly.cs	0	
Assets/Scripts/MixedIntegrations/PlayMakerActions/IdleBuzz.cs	0	
Assets/Scripts/MixedIntegrations/PlayMakerActions/IdleBuzzV2.cs	0	
Assets/Scripts/MixedIntegrations/PlayMakerActions/IdleBuzzV3.cs	0	
Assets/Scripts/MixedIntegrations/PlayMakerActions/IncrementPlayerDataInt.cs	0	
Assets/Scripts/MixedIntegrations/PlayMakerActions/ListenForAttack.cs	0	
Assets/Scripts/MixedIntegrations/PlayMakerActions/ListenForBackdash.cs	0	
Assets/Scripts/MixedIntegrations/PlayMakerActions/ListenForCast.cs	0	
Assets/Scripts/MixedIntegrations/PlayMakerActions/ListenForDash.cs	0	
Assets/Scripts/MixedIntegrations/PlayMakerActions/ListenForDown.cs	0	
Assets/Scripts/MixedIntegrations/PlayMakerActions/ListenForDreamNail.cs	0	
Assets/Scripts/MixedIntegrations/PlayMakerActions/ListenForInventory.cs	0	
Assets/Scripts/MixedIntegrations/PlayMakerActions/ListenForJump.cs	0	
Assets/Scripts/MixedIntegrations/PlayMakerActions/ListenForLeft.cs	0	
Assets/Scripts/MixedIntegrations/PlayMakerActions/ListenForMenuActions.cs	0	
Assets/Scripts/MixedIntegrations/PlayMakerActions/ListenForMenuCancel.cs	0	
Assets/Scripts/MixedIntegrations/PlayMakerActions/ListenForMenuSubmit.cs	0	
Assets/Scripts/MixedIntegrations/PlayMakerActions/ListenForPaneLeft.cs	0	
Assets/Scripts/MixedIntegrations/PlayMakerActions/ListenForPaneRight.cs	0	
Assets/Scripts/MixedIntegrations/PlayMakerActions/ListenForQuickCast.cs	0	
Assets/Scripts/MixedIntegrations/PlayMakerActions/ListenForQuickMap.cs	0	
Assets/Scripts/MixedIntegrations/PlayMakerActions/ListenForRight.cs	0	
Assets/Scripts/MixedIntegrations/PlayMakerActions/ListenForRsDown.cs	0	
Assets/Scripts/MixedIntegrations/PlayMakerActions/ListenForRsUp.cs	0	
Assets/Scripts/MixedIntegrations/PlayMakerActions/ListenForSuperdash.cs	0	
Assets/Scripts/MixedIntegrations/PlayMakerActions/ListenForUp.cs	0	
Assets/Scripts/MixedIntegrations/PlayMakerActions/PlayerDataBoolAllTrue.cs	0	
Assets/Scripts/MixedIntegrations/PlayMakerActions/PlayerDataBoolTest.cs	0	
Assets/Scripts/MixedIntegrations/PlayMakerActions/PlayerDataBoolTrueAndFalse.cs	0	
Assets/Scripts/MixedIntegrations/PlayMakerActions/PlayerDataIntAdd.cs	0	
Assets/Scripts/MixedIntegrations/PlayMakerActions/ProjectileSquash.cs	0	
Assets/Scripts/MixedIntegrations/PlayMakerActions/ReceivedDamage.cs	0	
Assets/Scripts/MixedIntegrations/PlayMakerActions/ReceivedDamageStay.cs	0	
Assets/Scripts/MixedIntegrations/PlayMakerActions/RunAway.cs	0	
Assets/Scripts/MixedIntegrations/PlayMakerActions/ScaleTo.cs	0	
Assets/Scripts/MixedIntegrations/PlayMakerActions/SendEnemyMessage.cs	0	
Assets/Scripts/MixedIntegrations/PlayMakerActions/SendEventToGameObjectOptimized.cs	0	
Assets/Scripts/MixedIntegrations/PlayMakerActions/SetPlayerDataFloat.cs	0	
Assets/Scripts/MixedIntegrations/PlayMakerActions/SetPlayerDataInt.cs	0	
Assets/Scripts/MixedIntegrations/PlayMakerActions/SetPlayerDataString.cs	0	
Assets/Scripts/MixedIntegrations/PlayMakerActions/SetPlayerDataVector3.cs	0	
Assets/Scripts/MixedIntegrations/PlayMakerActions/ShakeAllGrass.cs	0	
Assets/Scripts/MixedIntegrations/PlayMakerActions/ShakePosition.cs	0	
Assets/Scripts/MixedIntegrations/PlayMakerActions/ShakePositionV2.cs	0	
Assets/Scripts/MixedIntegrations/PlayMakerActions/SmoothFlyTo.cs	0	
Assets/Scripts/MixedIntegrations/PlayMakerActions/SpawnFromPoolV2.cs	0	
Assets/Scripts/MixedIntegrations/PlayMakerActions/TakeDamage.cs	0	
Assets/Scripts/MixedIntegrations/SecPlayerPrefs/SecurePlayerPrefs.cs	0	
Assets/Scripts/MixedIntegrations/UnityStandardAssets/ImageEffects/FastNoise.cs	0	
Assets/Scripts/ProjectCode/FSM/00_Core/EventRegister.cs	0	
Assets/Scripts/ProjectCode/FSM/00_Core/FSMActivator.cs	0	
Assets/Scripts/ProjectCode/FSM/00_Core/FSMUtility.cs	0	
Assets/Scripts/ProjectCode/FSM/01_Project_Actions/General/AnimSpeedLerp.cs	0	
Assets/Scripts/ProjectCode/FSM/01_Project_Actions/General/CreateGameObjectPool.cs	0	
Assets/Scripts/ProjectCode/FSM/01_Project_Actions/General/GetNailDamage.cs	0	
Assets/Scripts/ProjectCode/FSM/01_Project_Actions/General/SetRigidbodySimulated2D.cs	0	
Assets/Scripts/ProjectCode/FSM/01_Project_Actions/General/TimeLimitSet.cs	0	
Assets/Scripts/ProjectCode/FSM/01_Project_Actions/Hollow_Knight/GetHero.cs	0	
Assets/Scripts/ProjectCode/FSM/01_Project_Actions/Hollow_Knight/PreSpawnGameObjects.cs	0	
Assets/Scripts/ProjectCode/FSM/01_Project_Actions/Hollow_Knight/RestoreGameObjectPositions.cs	0	
Assets/Scripts/ProjectCode/FSM/01_Project_Actions/Hollow_Knight/WaitForHeroInPosition.cs	0	
Assets/Scripts/ProjectCode/FSM/01_Project_Actions/Hollow_Knight/WeaverlingEnemyList.cs	0	
Assets/Scripts/ProjectCode/FSM/03_Project_Triggers/SendFSMEventOnEntry.cs	0	
Assets/Scripts/ProjectCode/FSM/03_Project_Triggers/SendPlaymakerEventOnEnable.cs	0	
Assets/Scripts/ProjectCode/FSM/QuestActions/QuestFsmAction.cs	0	
Assets/Scripts/ProjectCode/FSM/StateMachineBehaviours/AnimatorStateVibration.cs	0	
Assets/Scripts/ProjectCode/Game/00_Bootstrap/CoreLoop.cs	0	
Assets/Scripts/ProjectCode/Game/00_Bootstrap/StartGameEventTrigger.cs	0	
Assets/Scripts/ProjectCode/Game/00_Bootstrap/StartManager.cs	0	
Assets/Scripts/ProjectCode/Game/01_Core/CheatManager.cs	0	
Assets/Scripts/ProjectCode/Game/01_Core/ConfigManager.cs	0	
Assets/Scripts/ProjectCode/Game/01_Core/Constants.cs	0	
Assets/Scripts/ProjectCode/Game/01_Core/GCManager.cs	0	
Assets/Scripts/ProjectCode/Game/01_Core/GameManager.cs	201	
Assets/Scripts/ProjectCode/Game/02_Player/ActionQueue.cs	0	
Assets/Scripts/ProjectCode/Game/02_Player/BuildEquippedCharms.cs	0	
Assets/Scripts/ProjectCode/Game/02_Player/CharmDisplay.cs	0	
Assets/Scripts/ProjectCode/Game/02_Player/CharmIconList.cs	0	
Assets/Scripts/ProjectCode/Game/02_Player/CharmItem.cs	0	
Assets/Scripts/ProjectCode/Game/02_Player/CharmVibrations.cs	0	
Assets/Scripts/ProjectCode/Game/02_Player/ConveyorMovementHero.cs	18000	
Assets/Scripts/ProjectCode/Game/02_Player/DashEffect.cs	0	
Assets/Scripts/ProjectCode/Game/02_Player/HardLandEffect.cs	0	
Assets/Scripts/ProjectCode/Game/02_Player/HeroActions.cs	0	
Assets/Scripts/ProjectCode/Game/02_Player/HeroAnimationController.cs	550	
Assets/Scripts/ProjectCode/Game/02_Player/HeroAudioController.cs	0	
Assets/Scripts/ProjectCode/Game/02_Player/HeroBox.cs	750	
Assets/Scripts/ProjectCode/Game/02_Player/HeroController.cs	208	
Assets/Scripts/ProjectCode/Game/02_Player/HeroControllerStates.cs	0	
Assets/Scripts/ProjectCode/Game/02_Player/HeroDetect.cs	0	
Assets/Scripts/ProjectCode/Game/02_Player/HeroPlatformStick.cs	0	
Assets/Scripts/ProjectCode/Game/02_Player/IgnoreHeroCollision.cs	0	
Assets/Scripts/ProjectCode/Game/02_Player/InputHandler.cs	204	
Assets/Scripts/ProjectCode/Game/02_Player/JumpEffects.cs	0	
Assets/Scripts/ProjectCode/Game/02_Player/KnightHatchling.cs	0	
Assets/Scripts/ProjectCode/Game/02_Player/NailSlash.cs	500	
Assets/Scripts/ProjectCode/Game/02_Player/NoHardLanding.cs	0	
Assets/Scripts/ProjectCode/Game/02_Player/SoftLandEffect.cs	0	
Assets/Scripts/ProjectCode/Game/02_Player/SpellFluke.cs	0	
Assets/Scripts/ProjectCode/Game/02_Player/SpellGetOrb.cs	0	
Assets/Scripts/ProjectCode/Game/02_Player/TutorialEntryPauser.cs	0	
Assets/Scripts/ProjectCode/Game/03_Combat/AlertRange.cs	0	
Assets/Scripts/ProjectCode/Game/03_Combat/BigBouncer.cs	0	
Assets/Scripts/ProjectCode/Game/03_Combat/Bullet.cs	0	
Assets/Scripts/ProjectCode/Game/03_Combat/CorpseBitEnd.cs	0	
Assets/Scripts/ProjectCode/Game/03_Combat/CorpseChunker.cs	0	
Assets/Scripts/ProjectCode/Game/03_Combat/CorpseDeathStun.cs	0	
Assets/Scripts/ProjectCode/Game/03_Combat/CorpseDeathStunChunker.cs	0	
Assets/Scripts/ProjectCode/Game/03_Combat/CorpseFungusExplode.cs	0	
Assets/Scripts/ProjectCode/Game/03_Combat/CorpseGoopExplode.cs	0	
Assets/Scripts/ProjectCode/Game/03_Combat/CorpseHatcher.cs	0	
Assets/Scripts/ProjectCode/Game/03_Combat/CorpseSpineBurst.cs	0	
Assets/Scripts/ProjectCode/Game/03_Combat/CorpseZomHive.cs	0	
Assets/Scripts/ProjectCode/Game/03_Combat/DamageEffectTicker.cs	0	
Assets/Scripts/ProjectCode/Game/03_Combat/DamageEnemies.cs	15	
Assets/Scripts/ProjectCode/Game/03_Combat/DamageHero.cs	10	
Assets/Scripts/ProjectCode/Game/03_Combat/EnemyBullet.cs	0	
Assets/Scripts/ProjectCode/Game/03_Combat/EnemyDeathEffects.cs	0	
Assets/Scripts/ProjectCode/Game/03_Combat/EnemyDeathEffectsBlackKnight.cs	0	
Assets/Scripts/ProjectCode/Game/03_Combat/EnemyDeathEffectsBubble.cs	0	
Assets/Scripts/ProjectCode/Game/03_Combat/EnemyDeathEffectsDung.cs	0	
Assets/Scripts/ProjectCode/Game/03_Combat/EnemyDeathEffectsNoEffect.cs	0	
Assets/Scripts/ProjectCode/Game/03_Combat/EnemyHitEffectsArmoured.cs	0	
Assets/Scripts/ProjectCode/Game/03_Combat/EnemyHitEffectsBlackKnight.cs	0	
Assets/Scripts/ProjectCode/Game/03_Combat/EnemyHitEffectsGhost.cs	0	
Assets/Scripts/ProjectCode/Game/03_Combat/EnemyHitEffectsShade.cs	0	
Assets/Scripts/ProjectCode/Game/03_Combat/ExtraDamageable.cs	0	
Assets/Scripts/ProjectCode/Game/03_Combat/ExtraDamageableProxy.cs	0	
Assets/Scripts/ProjectCode/Game/03_Combat/HealthCocoon.cs	0	
Assets/Scripts/ProjectCode/Game/03_Combat/HealthManager.cs	0	
Assets/Scripts/ProjectCode/Game/03_Combat/IHitEffectReciever.cs	0	
Assets/Scripts/ProjectCode/Game/03_Combat/KillOnContact.cs	0	
Assets/Scripts/ProjectCode/Game/03_Combat/PaintBullet.cs	0	
Assets/Scripts/ProjectCode/Game/03_Combat/PaintSplat.cs	0	
Assets/Scripts/ProjectCode/Game/03_Combat/Recoil.cs	0	
Assets/Scripts/ProjectCode/Game/03_Combat/SendEnemyMessageTrigger.cs	0	
Assets/Scripts/ProjectCode/Game/03_Combat/Sweep.cs	0	
Assets/Scripts/ProjectCode/Game/03_Combat/TinkEffect.cs	0	
Assets/Scripts/ProjectCode/Game/04_World_Environment/AcidCorpseSplash.cs	0	
Assets/Scripts/ProjectCode/Game/04_World_Environment/ActivateChildrenOnContact.cs	0	
Assets/Scripts/ProjectCode/Game/04_World_Environment/ActivateIfPlayerdataTrue.cs	0	
Assets/Scripts/ProjectCode/Game/04_World_Environment/ActivatePerLanguage.cs	0	
Assets/Scripts/ProjectCode/Game/04_World_Environment/BounceShroom.cs	0	
Assets/Scripts/ProjectCode/Game/04_World_Environment/Breakable.cs	0	
Assets/Scripts/ProjectCode/Game/04_World_Environment/BreakableInfectedVine.cs	0	
Assets/Scripts/ProjectCode/Game/04_World_Environment/BreakableObject.cs	0	
Assets/Scripts/ProjectCode/Game/04_World_Environment/BreakablePole.cs	0	
Assets/Scripts/ProjectCode/Game/04_World_Environment/BreakablePoleSimple.cs	0	
Assets/Scripts/ProjectCode/Game/04_World_Environment/BreakablePoleTopLand.cs	0	
Assets/Scripts/ProjectCode/Game/04_World_Environment/BreakableWithExternalDebris.cs	0	
Assets/Scripts/ProjectCode/Game/04_World_Environment/BridgeLever.cs	0	
Assets/Scripts/ProjectCode/Game/04_World_Environment/BridgeSection.cs	0	
Assets/Scripts/ProjectCode/Game/04_World_Environment/Collision2DUtils.cs	0	
Assets/Scripts/ProjectCode/Game/04_World_Environment/CollisionEnterEvent.cs	0	
Assets/Scripts/ProjectCode/Game/04_World_Environment/ConstrainPosition.cs	0	
Assets/Scripts/ProjectCode/Game/04_World_Environment/ConveyorBelt.cs	0	
Assets/Scripts/ProjectCode/Game/04_World_Environment/ConveyorMovement.cs	0	
Assets/Scripts/ProjectCode/Game/04_World_Environment/ConveyorSpeedZone.cs	0	
Assets/Scripts/ProjectCode/Game/04_World_Environment/ConveyorZone.cs	0	
Assets/Scripts/ProjectCode/Game/04_World_Environment/CrystalPieceSize.cs	0	
Assets/Scripts/ProjectCode/Game/04_World_Environment/DeactivateAfter2dtkAnimation.cs	0	
Assets/Scripts/ProjectCode/Game/04_World_Environment/DeactivateAfterDelay.cs	0	
Assets/Scripts/ProjectCode/Game/04_World_Environment/DeactivateIfPlayerdataFalse.cs	0	
Assets/Scripts/ProjectCode/Game/04_World_Environment/DeactivateIfPlayerdataFalseDelayed.cs	0	
Assets/Scripts/ProjectCode/Game/04_World_Environment/DeactivateIfPlayerdataTrue.cs	0	
Assets/Scripts/ProjectCode/Game/04_World_Environment/DeactivateInDarknessWithoutLantern.cs	0	
Assets/Scripts/ProjectCode/Game/04_World_Environment/DebrisParticle.cs	0	
Assets/Scripts/ProjectCode/Game/04_World_Environment/DebrisPiece.cs	0	
Assets/Scripts/ProjectCode/Game/04_World_Environment/DeprecatedPrefab.cs	0	
Assets/Scripts/ProjectCode/Game/04_World_Environment/DestroyOutOfBounds.cs	0	
Assets/Scripts/ProjectCode/Game/04_World_Environment/DestructibleProp.cs	0	
Assets/Scripts/ProjectCode/Game/04_World_Environment/DisableAfterTime.cs	0	
Assets/Scripts/ProjectCode/Game/04_World_Environment/DisableIfZPos.cs	0	
Assets/Scripts/ProjectCode/Game/04_World_Environment/DreamPlatform.cs	0	
Assets/Scripts/ProjectCode/Game/04_World_Environment/Drip.cs	0	
Assets/Scripts/ProjectCode/Game/04_World_Environment/Dripper.cs	0	
Assets/Scripts/ProjectCode/Game/04_World_Environment/DropCrystal.cs	0	
Assets/Scripts/ProjectCode/Game/04_World_Environment/DropPlatform.cs	0	
Assets/Scripts/ProjectCode/Game/04_World_Environment/DustyPlatform.cs	0	
Assets/Scripts/ProjectCode/Game/04_World_Environment/FinishingRigidBody.cs	0	
Assets/Scripts/ProjectCode/Game/04_World_Environment/Grass.cs	0	
Assets/Scripts/ProjectCode/Game/04_World_Environment/GrassBehaviour.cs	0	
Assets/Scripts/ProjectCode/Game/04_World_Environment/GrassCut.cs	0	
Assets/Scripts/ProjectCode/Game/04_World_Environment/GrassSpriteBehaviour.cs	0	
Assets/Scripts/ProjectCode/Game/04_World_Environment/GrassWind.cs	0	
Assets/Scripts/ProjectCode/Game/04_World_Environment/KeepInScene.cs	0	
Assets/Scripts/ProjectCode/Game/04_World_Environment/KeepRotation.cs	8	
Assets/Scripts/ProjectCode/Game/04_World_Environment/KeepWorldPosition.cs	0	
Assets/Scripts/ProjectCode/Game/04_World_Environment/KeepWorldScalePositive.cs	0	
Assets/Scripts/ProjectCode/Game/04_World_Environment/KeepWorldScalePositiveLate.cs	0	
Assets/Scripts/ProjectCode/Game/04_World_Environment/LiftChain.cs	0	
Assets/Scripts/ProjectCode/Game/04_World_Environment/LiftPlatform.cs	0	
Assets/Scripts/ProjectCode/Game/04_World_Environment/NonBouncer.cs	0	
Assets/Scripts/ProjectCode/Game/04_World_Environment/NonSlider.cs	0	
Assets/Scripts/ProjectCode/Game/04_World_Environment/NonThunker.cs	0	
Assets/Scripts/ProjectCode/Game/04_World_Environment/ObjectBounce.cs	25050	
Assets/Scripts/ProjectCode/Game/04_World_Environment/PositionShadeMarkerPerDoor.cs	0	
Assets/Scripts/ProjectCode/Game/04_World_Environment/PrefabSwapper.cs	0	
Assets/Scripts/ProjectCode/Game/04_World_Environment/PushableRubble.cs	0	
Assets/Scripts/ProjectCode/Game/04_World_Environment/RemoteDisable.cs	0	
Assets/Scripts/ProjectCode/Game/04_World_Environment/RemoteDisableChild.cs	0	
Assets/Scripts/ProjectCode/Game/04_World_Environment/RestBench.cs	25060	
Assets/Scripts/ProjectCode/Game/04_World_Environment/RestBenchTilt.cs	0	
Assets/Scripts/ProjectCode/Game/04_World_Environment/Roof.cs	0	
Assets/Scripts/ProjectCode/Game/04_World_Environment/RotationController.cs	0	
Assets/Scripts/ProjectCode/Game/04_World_Environment/RuinsLift.cs	0	
Assets/Scripts/ProjectCode/Game/04_World_Environment/SetAngleToVelocity.cs	0	
Assets/Scripts/ProjectCode/Game/04_World_Environment/SetPosIfPlayerdataBool.cs	0	
Assets/Scripts/ProjectCode/Game/04_World_Environment/SimpleRock.cs	0	
Assets/Scripts/ProjectCode/Game/04_World_Environment/SlopePlat.cs	0	
Assets/Scripts/ProjectCode/Game/04_World_Environment/SnapToGround.cs	0	
Assets/Scripts/ProjectCode/Game/04_World_Environment/StalactiteControl.cs	0	
Assets/Scripts/ProjectCode/Game/04_World_Environment/SteepSlope.cs	0	
Assets/Scripts/ProjectCode/Game/04_World_Environment/TownGrass.cs	0	
Assets/Scripts/ProjectCode/Game/04_World_Environment/TrackMouseMovement.cs	0	
Assets/Scripts/ProjectCode/Game/04_World_Environment/TrackSpawnedEnemies.cs	0	
Assets/Scripts/ProjectCode/Game/04_World_Environment/TrackTriggerObjects.cs	0	
Assets/Scripts/ProjectCode/Game/04_World_Environment/TriggerActivateComponent.cs	0	
Assets/Scripts/ProjectCode/Game/04_World_Environment/TriggerActivateGameObject.cs	0	
Assets/Scripts/ProjectCode/Game/04_World_Environment/TriggerEnterEvent.cs	0	
Assets/Scripts/ProjectCode/Game/04_World_Environment/TriggerEnterSendMessage.cs	0	
Assets/Scripts/ProjectCode/Game/04_World_Environment/VinePlatform.cs	0	
Assets/Scripts/ProjectCode/Game/04_World_Environment/VisibilityControl.cs	0	
Assets/Scripts/ProjectCode/Game/04_World_Environment/WalkArea.cs	520	
Assets/Scripts/ProjectCode/Game/04_World_Environment/WalkSlope.cs	0	
Assets/Scripts/ProjectCode/Game/04_World_Environment/WaterDrip.cs	0	
Assets/Scripts/ProjectCode/Game/05_Scenes_Travel/ActiveRegion.cs	0	
Assets/Scripts/ProjectCode/Game/05_Scenes_Travel/BetaGateChanger.cs	0	
Assets/Scripts/ProjectCode/Game/05_Scenes_Travel/CameraLockArea.cs	210	
Assets/Scripts/ProjectCode/Game/05_Scenes_Travel/DontClinkGates.cs	0	
Assets/Scripts/ProjectCode/Game/05_Scenes_Travel/EndBeta.cs	0	
Assets/Scripts/ProjectCode/Game/05_Scenes_Travel/EnviroRegion.cs	0	
Assets/Scripts/ProjectCode/Game/05_Scenes_Travel/ForceCameraAspect.cs	0	
Assets/Scripts/ProjectCode/Game/05_Scenes_Travel/ForceCameraAspectLite.cs	0	
Assets/Scripts/ProjectCode/Game/05_Scenes_Travel/GameCameras.cs	207	
Assets/Scripts/ProjectCode/Game/05_Scenes_Travel/GateSetAudio.cs	0	
Assets/Scripts/ProjectCode/Game/05_Scenes_Travel/GateSnap.cs	0	
Assets/Scripts/ProjectCode/Game/05_Scenes_Travel/HazardRespawnMarker.cs	0	
Assets/Scripts/ProjectCode/Game/05_Scenes_Travel/HazardRespawnTrigger.cs	0	
Assets/Scripts/ProjectCode/Game/05_Scenes_Travel/LoadingCanvas.cs	0	
Assets/Scripts/ProjectCode/Game/05_Scenes_Travel/LoadingPulse.cs	0	
Assets/Scripts/ProjectCode/Game/05_Scenes_Travel/LoadingSpinner.cs	0	
Assets/Scripts/ProjectCode/Game/05_Scenes_Travel/QuitToMenu.cs	0	
Assets/Scripts/ProjectCode/Game/05_Scenes_Travel/RegionDebugger.cs	0	
Assets/Scripts/ProjectCode/Game/05_Scenes_Travel/RegionSetAudio.cs	0	
Assets/Scripts/ProjectCode/Game/05_Scenes_Travel/RequestFadeSceneIn.cs	0	
Assets/Scripts/ProjectCode/Game/05_Scenes_Travel/RespawnMarker.cs	0	
Assets/Scripts/ProjectCode/Game/05_Scenes_Travel/RespawnTrigger.cs	0	
Assets/Scripts/ProjectCode/Game/05_Scenes_Travel/SceneAdditiveLoadConditional.cs	0	
Assets/Scripts/ProjectCode/Game/05_Scenes_Travel/SceneColorManager.cs	209	
Assets/Scripts/ProjectCode/Game/05_Scenes_Travel/SceneImporter.cs	0	
Assets/Scripts/ProjectCode/Game/05_Scenes_Travel/SceneLoad.cs	0	
Assets/Scripts/ProjectCode/Game/05_Scenes_Travel/SceneManagerSettings.cs	0	
Assets/Scripts/ProjectCode/Game/05_Scenes_Travel/SceneParticlesController.cs	25099	
Assets/Scripts/ProjectCode/Game/05_Scenes_Travel/ScenePreloader.cs	0	
Assets/Scripts/ProjectCode/Game/05_Scenes_Travel/SceneryTriggerCircle.cs	0	
Assets/Scripts/ProjectCode/Game/05_Scenes_Travel/SetSceneAudio.cs	0	
Assets/Scripts/ProjectCode/Game/05_Scenes_Travel/SpawnStagMenu.cs	0	
Assets/Scripts/ProjectCode/Game/05_Scenes_Travel/StagTravel.cs	0	
Assets/Scripts/ProjectCode/Game/05_Scenes_Travel/TransitionPoint.cs	800	
Assets/Scripts/ProjectCode/Game/06_Data_Save_Progression/ActivateIfPlayerdataFalse.cs	0	
Assets/Scripts/ProjectCode/Game/06_Data_Save_Progression/CollectableItemPlayerDataStack.cs	0	
Assets/Scripts/ProjectCode/Game/06_Data_Save_Progression/CustomSharedData.cs	0	
Assets/Scripts/ProjectCode/Game/06_Data_Save_Progression/DesktopSaveRestoreHandler.cs	0	
Assets/Scripts/ProjectCode/Game/06_Data_Save_Progression/GameConfig.cs	0	
Assets/Scripts/ProjectCode/Game/06_Data_Save_Progression/GameSettings.cs	0	
Assets/Scripts/ProjectCode/Game/06_Data_Save_Progression/GeoControl.cs	0	
Assets/Scripts/ProjectCode/Game/06_Data_Save_Progression/GeoRock.cs	10000	
Assets/Scripts/ProjectCode/Game/06_Data_Save_Progression/IPersistentItem.cs	0	
Assets/Scripts/ProjectCode/Game/06_Data_Save_Progression/InventoryArrowContainer.cs	0	
Assets/Scripts/ProjectCode/Game/06_Data_Save_Progression/PermadeathUnlock.cs	0	
Assets/Scripts/ProjectCode/Game/06_Data_Save_Progression/PersistentActivator.cs	0	
Assets/Scripts/ProjectCode/Game/06_Data_Save_Progression/PersistentBoolItem.cs	10001	
Assets/Scripts/ProjectCode/Game/06_Data_Save_Progression/PersistentEnemyItemDrop.cs	0	
Assets/Scripts/ProjectCode/Game/06_Data_Save_Progression/PersistentFolderReset.cs	0	
Assets/Scripts/ProjectCode/Game/06_Data_Save_Progression/PersistentIntItem.cs	10002	
Assets/Scripts/ProjectCode/Game/06_Data_Save_Progression/PersistentIntItemResponder.cs	0	
Assets/Scripts/ProjectCode/Game/06_Data_Save_Progression/PersistentPressurePlate.cs	0	
Assets/Scripts/ProjectCode/Game/06_Data_Save_Progression/PlayerAchievements.cs	0	
Assets/Scripts/ProjectCode/Game/06_Data_Save_Progression/PlayerData.cs	0	
Assets/Scripts/ProjectCode/Game/06_Data_Save_Progression/PlayerDataBase.cs	0	
Assets/Scripts/ProjectCode/Game/06_Data_Save_Progression/PlayerDataBoolCollectable.cs	0	
Assets/Scripts/ProjectCode/Game/06_Data_Save_Progression/PlayerDataBoolFsmGroup.cs	0	
Assets/Scripts/ProjectCode/Game/06_Data_Save_Progression/PlayerDataBoolOperation.cs	0	
Assets/Scripts/ProjectCode/Game/06_Data_Save_Progression/PlayerDataCollectable.cs	0	
Assets/Scripts/ProjectCode/Game/06_Data_Save_Progression/PlayerDataFieldAttribute.cs	0	
Assets/Scripts/ProjectCode/Game/06_Data_Save_Progression/PlayerDataFixer.cs	0	
Assets/Scripts/ProjectCode/Game/06_Data_Save_Progression/PlayerDataIntOperation.cs	0	
Assets/Scripts/ProjectCode/Game/06_Data_Save_Progression/PlayerDataStringResponse.cs	0	
Assets/Scripts/ProjectCode/Game/06_Data_Save_Progression/PlayerDataTest.cs	0	
Assets/Scripts/ProjectCode/Game/06_Data_Save_Progression/PlayerPrefsSharedData.cs	0	
Assets/Scripts/ProjectCode/Game/06_Data_Save_Progression/QuestTargetPlayerDataBools.cs	0	
Assets/Scripts/ProjectCode/Game/06_Data_Save_Progression/QuestTargetPlayerDataInt.cs	0	
Assets/Scripts/ProjectCode/Game/06_Data_Save_Progression/RestoreSaveLoadIcon.cs	0	
Assets/Scripts/ProjectCode/Game/06_Data_Save_Progression/RestoreSavePointDisplay.cs	0	
Assets/Scripts/ProjectCode/Game/06_Data_Save_Progression/SaveDataUpgradeHandler.cs	0	
Assets/Scripts/ProjectCode/Game/06_Data_Save_Progression/SaveDataUtility.cs	0	
Assets/Scripts/ProjectCode/Game/06_Data_Save_Progression/SaveFileCodec.cs	0	
Assets/Scripts/ProjectCode/Game/06_Data_Save_Progression/SaveGameData.cs	0	
Assets/Scripts/ProjectCode/Game/06_Data_Save_Progression/SaveProfileHealthBar.cs	0	
Assets/Scripts/ProjectCode/Game/06_Data_Save_Progression/SaveProfileMenu.cs	0	
Assets/Scripts/ProjectCode/Game/06_Data_Save_Progression/SaveProfileSilkBar.cs	0	
Assets/Scripts/ProjectCode/Game/06_Data_Save_Progression/SaveRestoreHandler.cs	0	
Assets/Scripts/ProjectCode/Game/06_Data_Save_Progression/SaveSlotBackgrounds.cs	0	
Assets/Scripts/ProjectCode/Game/06_Data_Save_Progression/SaveSlotCompletionIcons.cs	0	
Assets/Scripts/ProjectCode/Game/06_Data_Save_Progression/SaveStats.cs	0	
Assets/Scripts/ProjectCode/Game/06_Data_Save_Progression/SavedFleaActivator.cs	0	
Assets/Scripts/ProjectCode/Game/06_Data_Save_Progression/SavedItem.cs	0	
Assets/Scripts/ProjectCode/Game/06_Data_Save_Progression/SavedItemDisplay.cs	0	
Assets/Scripts/ProjectCode/Game/06_Data_Save_Progression/SavedItemTrackerMarker.cs	0	
Assets/Scripts/ProjectCode/Game/06_Data_Save_Progression/SceneData.cs	0	
Assets/Scripts/ProjectCode/Game/06_Data_Save_Progression/ShopItemStats.cs	0	
Assets/Scripts/ProjectCode/Game/06_Data_Save_Progression/StaticVariableList.cs	0	
Assets/Scripts/ProjectCode/Game/06_Data_Save_Progression/StringEncrypt.cs	0	
Assets/Scripts/ProjectCode/Game/06_Data_Save_Progression/WorldInfo.cs	0	
Assets/Scripts/ProjectCode/Game/06_Data_Save_Progression/WorldNavigation.cs	0	
Assets/Scripts/ProjectCode/Game/07_UI_Localization/AchievementPopup.cs	0	
Assets/Scripts/ProjectCode/Game/07_UI_Localization/AchievementPopupHandler.cs	0	
Assets/Scripts/ProjectCode/Game/07_UI_Localization/ActionButtonIcon.cs	25100	
Assets/Scripts/ProjectCode/Game/07_UI_Localization/ActionButtonIconBase.cs	0	
Assets/Scripts/ProjectCode/Game/07_UI_Localization/AreaTitle.cs	0	
Assets/Scripts/ProjectCode/Game/07_UI_Localization/AreaTitleController.cs	0	
Assets/Scripts/ProjectCode/Game/07_UI_Localization/AutoLocalizeTextUI.cs	25101	
Assets/Scripts/ProjectCode/Game/07_UI_Localization/BetaEndPrompt.cs	0	
Assets/Scripts/ProjectCode/Game/07_UI_Localization/CanvasGroupRemap.cs	0	
Assets/Scripts/ProjectCode/Game/07_UI_Localization/ChangeFontByLanguage.cs	0	
Assets/Scripts/ProjectCode/Game/07_UI_Localization/CinematicSkipPopup.cs	0	
Assets/Scripts/ProjectCode/Game/07_UI_Localization/ContentPackDetailsUI.cs	0	
Assets/Scripts/ProjectCode/Game/07_UI_Localization/ControllerButtonLabel.cs	0	
Assets/Scripts/ProjectCode/Game/07_UI_Localization/ControllerButtonPositions.cs	0	
Assets/Scripts/ProjectCode/Game/07_UI_Localization/CreditsHelper.cs	0	
Assets/Scripts/ProjectCode/Game/07_UI_Localization/CursorHighlight.cs	0	
Assets/Scripts/ProjectCode/Game/07_UI_Localization/DialogueBox.cs	0	
Assets/Scripts/ProjectCode/Game/07_UI_Localization/DisplayCurrentLanguage.cs	0	
Assets/Scripts/ProjectCode/Game/07_UI_Localization/DisplayItemAmount.cs	0	
Assets/Scripts/ProjectCode/Game/07_UI_Localization/DisplayOnWorldMapOnly.cs	0	
Assets/Scripts/ProjectCode/Game/07_UI_Localization/EngagedUserPanel.cs	0	
Assets/Scripts/ProjectCode/Game/07_UI_Localization/FixVerticalAlign.cs	25102	
Assets/Scripts/ProjectCode/Game/07_UI_Localization/GameCompletionScreen.cs	0	
Assets/Scripts/ProjectCode/Game/07_UI_Localization/GameMap.cs	0	
Assets/Scripts/ProjectCode/Game/07_UI_Localization/GameMenuOptions.cs	50	
Assets/Scripts/ProjectCode/Game/07_UI_Localization/GenerateJournalNewDot.cs	0	
Assets/Scripts/ProjectCode/Game/07_UI_Localization/GeneratePortraitFrame.cs	0	
Assets/Scripts/ProjectCode/Game/07_UI_Localization/GetTMProLeftVertex.cs	0	
Assets/Scripts/ProjectCode/Game/07_UI_Localization/InvAnimateUpAndDown.cs	0	
Assets/Scripts/ProjectCode/Game/07_UI_Localization/InvCharmBackboard.cs	0	
Assets/Scripts/ProjectCode/Game/07_UI_Localization/InvItemDisplay.cs	0	
Assets/Scripts/ProjectCode/Game/07_UI_Localization/InvMarker.cs	0	
Assets/Scripts/ProjectCode/Game/07_UI_Localization/InvMarkerCollide.cs	0	
Assets/Scripts/ProjectCode/Game/07_UI_Localization/InvNailArtBackboard.cs	0	
Assets/Scripts/ProjectCode/Game/07_UI_Localization/InvNailSprite.cs	0	
Assets/Scripts/ProjectCode/Game/07_UI_Localization/InvRelicBackboard.cs	0	
Assets/Scripts/ProjectCode/Game/07_UI_Localization/InvulnerablePulse.cs	0	
Assets/Scripts/ProjectCode/Game/07_UI_Localization/LocaliseSprite.cs	0	
Assets/Scripts/ProjectCode/Game/07_UI_Localization/LogoLanguage.cs	0	
Assets/Scripts/ProjectCode/Game/07_UI_Localization/MainMenuOptions.cs	0	
Assets/Scripts/ProjectCode/Game/07_UI_Localization/MapMarkerButton.cs	28000	
Assets/Scripts/ProjectCode/Game/07_UI_Localization/MapMarkerMenu.cs	0	
Assets/Scripts/ProjectCode/Game/07_UI_Localization/MapNextAreaDisplay.cs	0	
Assets/Scripts/ProjectCode/Game/07_UI_Localization/MappableControllerButton.cs	0	
Assets/Scripts/ProjectCode/Game/07_UI_Localization/MappableKey.cs	600	
Assets/Scripts/ProjectCode/Game/07_UI_Localization/MenuAchievement.cs	0	
Assets/Scripts/ProjectCode/Game/07_UI_Localization/MenuAchievementsList.cs	0	
Assets/Scripts/ProjectCode/Game/07_UI_Localization/MenuAudioController.cs	0	
Assets/Scripts/ProjectCode/Game/07_UI_Localization/MenuAudioSlider.cs	0	
Assets/Scripts/ProjectCode/Game/07_UI_Localization/MenuButtonAchievementListCondition.cs	0	
Assets/Scripts/ProjectCode/Game/07_UI_Localization/MenuButtonControllerListCondition.cs	0	
Assets/Scripts/ProjectCode/Game/07_UI_Localization/MenuButtonGraphicsListCondition.cs	0	
Assets/Scripts/ProjectCode/Game/07_UI_Localization/MenuButtonIcon.cs	0	
Assets/Scripts/ProjectCode/Game/07_UI_Localization/MenuButtonKeyboardListCondition.cs	0	
Assets/Scripts/ProjectCode/Game/07_UI_Localization/MenuButtonList.cs	80	
Assets/Scripts/ProjectCode/Game/07_UI_Localization/MenuButtonListCondition.cs	0	
Assets/Scripts/ProjectCode/Game/07_UI_Localization/MenuButtonListPlatformCondition.cs	0	
Assets/Scripts/ProjectCode/Game/07_UI_Localization/MenuButtonNativeInputListCondition.cs	0	
Assets/Scripts/ProjectCode/Game/07_UI_Localization/MenuButtonQuitListCondition.cs	0	
Assets/Scripts/ProjectCode/Game/07_UI_Localization/MenuButtonSwitchUserListCondition.cs	0	
Assets/Scripts/ProjectCode/Game/07_UI_Localization/MenuScreen.cs	0	
Assets/Scripts/ProjectCode/Game/07_UI_Localization/MenuSetting.cs	0	
Assets/Scripts/ProjectCode/Game/07_UI_Localization/MenuStyleUnlock.cs	0	
Assets/Scripts/ProjectCode/Game/07_UI_Localization/MenuStyles.cs	0	
Assets/Scripts/ProjectCode/Game/07_UI_Localization/ModalDialog.cs	0	
Assets/Scripts/ProjectCode/Game/07_UI_Localization/OpeningGameplayCredits.cs	0	
Assets/Scripts/ProjectCode/Game/07_UI_Localization/OverscanSetting.cs	0	
Assets/Scripts/ProjectCode/Game/07_UI_Localization/PreselectOption.cs	0	
Assets/Scripts/ProjectCode/Game/07_UI_Localization/PromptMarker.cs	0	
Assets/Scripts/ProjectCode/Game/07_UI_Localization/RadialLayoutUI.cs	0	
Assets/Scripts/ProjectCode/Game/07_UI_Localization/ReplaceTextLineBreaks.cs	0	
Assets/Scripts/ProjectCode/Game/07_UI_Localization/ResolutionCountdownTimer.cs	0	
Assets/Scripts/ProjectCode/Game/07_UI_Localization/ScrollBarHandle.cs	0	
Assets/Scripts/ProjectCode/Game/07_UI_Localization/SetTextMeshProGameText.cs	0	
Assets/Scripts/ProjectCode/Game/07_UI_Localization/SetVersionNumber.cs	0	
Assets/Scripts/ProjectCode/Game/07_UI_Localization/ShopMenuStock.cs	0	
Assets/Scripts/ProjectCode/Game/07_UI_Localization/StandaloneLoadingSpinner.cs	0	
Assets/Scripts/ProjectCode/Game/07_UI_Localization/TextMeshOrderingLayer.cs	0	
Assets/Scripts/ProjectCode/Game/07_UI_Localization/TextMeshSharpener.cs	0	
Assets/Scripts/ProjectCode/Game/07_UI_Localization/TitleLogo.cs	0	
Assets/Scripts/ProjectCode/Game/07_UI_Localization/UIAnimationEvents.cs	0	
Assets/Scripts/ProjectCode/Game/07_UI_Localization/UIButtonSkins.cs	0	
Assets/Scripts/ProjectCode/Game/07_UI_Localization/UIManager.cs	206	
Assets/Scripts/ProjectCode/Game/07_UI_Localization/UIWindowBase.cs	0	
Assets/Scripts/ProjectCode/Game/07_UI_Localization/UnboldIfCJK.cs	0	
Assets/Scripts/ProjectCode/Game/07_UI_Localization/UpdateTextWithSliderValue.cs	0	
Assets/Scripts/ProjectCode/Game/08_Audio_Visual_Cinematics/AnimatedVolumeControl.cs	0	
Assets/Scripts/ProjectCode/Game/08_Audio_Visual_Cinematics/AnimatorSequence.cs	0	
Assets/Scripts/ProjectCode/Game/08_Audio_Visual_Cinematics/AtmosCue.cs	0	
Assets/Scripts/ProjectCode/Game/08_Audio_Visual_Cinematics/AtmosRegion.cs	0	
Assets/Scripts/ProjectCode/Game/08_Audio_Visual_Cinematics/AtmosSnapshotMarker.cs	0	
Assets/Scripts/ProjectCode/Game/08_Audio_Visual_Cinematics/AudioEffectTag.cs	0	
Assets/Scripts/ProjectCode/Game/08_Audio_Visual_Cinematics/AudioEvent.cs	0	
Assets/Scripts/ProjectCode/Game/08_Audio_Visual_Cinematics/AudioEventAnimationEvents.cs	0	
Assets/Scripts/ProjectCode/Game/08_Audio_Visual_Cinematics/AudioEventManager.cs	0	
Assets/Scripts/ProjectCode/Game/08_Audio_Visual_Cinematics/AudioGroupManager.cs	0	
Assets/Scripts/ProjectCode/Game/08_Audio_Visual_Cinematics/AudioLoopMaster.cs	0	
Assets/Scripts/ProjectCode/Game/08_Audio_Visual_Cinematics/AudioLoopRandom.cs	0	
Assets/Scripts/ProjectCode/Game/08_Audio_Visual_Cinematics/AudioManager.cs	0	
Assets/Scripts/ProjectCode/Game/08_Audio_Visual_Cinematics/AudioMixerExtensions.cs	0	
Assets/Scripts/ProjectCode/Game/08_Audio_Visual_Cinematics/AudioPlayParticleCollision.cs	0	
Assets/Scripts/ProjectCode/Game/08_Audio_Visual_Cinematics/AudioPlayStateSync.cs	0	
Assets/Scripts/ProjectCode/Game/08_Audio_Visual_Cinematics/AudioPlayWhenGrounded.cs	0	
Assets/Scripts/ProjectCode/Game/08_Audio_Visual_Cinematics/AudioPreloader.cs	0	
Assets/Scripts/ProjectCode/Game/08_Audio_Visual_Cinematics/AudioSourceFadeControl.cs	0	
Assets/Scripts/ProjectCode/Game/08_Audio_Visual_Cinematics/AudioSourceGamePause.cs	0	
Assets/Scripts/ProjectCode/Game/08_Audio_Visual_Cinematics/AudioSourceMovingClips.cs	0	
Assets/Scripts/ProjectCode/Game/08_Audio_Visual_Cinematics/AudioSourceMovingVolume.cs	0	
Assets/Scripts/ProjectCode/Game/08_Audio_Visual_Cinematics/AudioSourcePitchRandomizer.cs	0	
Assets/Scripts/ProjectCode/Game/08_Audio_Visual_Cinematics/AudioSourcePitchRandomizerV2.cs	0	
Assets/Scripts/ProjectCode/Game/08_Audio_Visual_Cinematics/AudioSourcePitchRandomizerV3.cs	0	
Assets/Scripts/ProjectCode/Game/08_Audio_Visual_Cinematics/AudioSourcePriority.cs	0	
Assets/Scripts/ProjectCode/Game/08_Audio_Visual_Cinematics/AudioSourceVisibilityPause.cs	0	
Assets/Scripts/ProjectCode/Game/08_Audio_Visual_Cinematics/AutoZSorter.cs	0	
Assets/Scripts/ProjectCode/Game/08_Audio_Visual_Cinematics/BasicSpriteAnimator.cs	0	
Assets/Scripts/ProjectCode/Game/08_Audio_Visual_Cinematics/BeatControl.cs	0	
Assets/Scripts/ProjectCode/Game/08_Audio_Visual_Cinematics/BlurControl.cs	0	
Assets/Scripts/ProjectCode/Game/08_Audio_Visual_Cinematics/BlurManager.cs	0	
Assets/Scripts/ProjectCode/Game/08_Audio_Visual_Cinematics/BlurPlane.cs	0	
Assets/Scripts/ProjectCode/Game/08_Audio_Visual_Cinematics/BrightnessEffect.cs	0	
Assets/Scripts/ProjectCode/Game/08_Audio_Visual_Cinematics/BrightnessSetting.cs	0	
Assets/Scripts/ProjectCode/Game/08_Audio_Visual_Cinematics/CameraControlAnimationEvents.cs	0	
Assets/Scripts/ProjectCode/Game/08_Audio_Visual_Cinematics/CameraController.cs	215	
Assets/Scripts/ProjectCode/Game/08_Audio_Visual_Cinematics/CameraFade.cs	0	
Assets/Scripts/ProjectCode/Game/08_Audio_Visual_Cinematics/CameraShake.cs	0	
Assets/Scripts/ProjectCode/Game/08_Audio_Visual_Cinematics/CameraTarget.cs	0	
Assets/Scripts/ProjectCode/Game/08_Audio_Visual_Cinematics/CaptureAnimationEvent.cs	0	
Assets/Scripts/ProjectCode/Game/08_Audio_Visual_Cinematics/CheckpointSprite.cs	0	
Assets/Scripts/ProjectCode/Game/08_Audio_Visual_Cinematics/CinematicPlayer.cs	25080	
Assets/Scripts/ProjectCode/Game/08_Audio_Visual_Cinematics/CinematicSequence.cs	0	
Assets/Scripts/ProjectCode/Game/08_Audio_Visual_Cinematics/ColorCurvesManager.cs	0	
Assets/Scripts/ProjectCode/Game/08_Audio_Visual_Cinematics/ColorFader.cs	0	
Assets/Scripts/ProjectCode/Game/08_Audio_Visual_Cinematics/ColourPainter.cs	0	
Assets/Scripts/ProjectCode/Game/08_Audio_Visual_Cinematics/CopyParentSprite.cs	0	
Assets/Scripts/ProjectCode/Game/08_Audio_Visual_Cinematics/CutsceneHelper.cs	25085	
Assets/Scripts/ProjectCode/Game/08_Audio_Visual_Cinematics/CycloneDust.cs	0	
Assets/Scripts/ProjectCode/Game/08_Audio_Visual_Cinematics/EnsureSnapshotRestore.cs	0	
Assets/Scripts/ProjectCode/Game/08_Audio_Visual_Cinematics/FaceAngleSimple.cs	0	
Assets/Scripts/ProjectCode/Game/08_Audio_Visual_Cinematics/FadeAudioOnAwake.cs	0	
Assets/Scripts/ProjectCode/Game/08_Audio_Visual_Cinematics/FadeAudioOnPause.cs	0	
Assets/Scripts/ProjectCode/Game/08_Audio_Visual_Cinematics/FadeGroup.cs	0	
Assets/Scripts/ProjectCode/Game/08_Audio_Visual_Cinematics/FadeOutAudioSource.cs	0	
Assets/Scripts/ProjectCode/Game/08_Audio_Visual_Cinematics/FadeSequence.cs	0	
Assets/Scripts/ProjectCode/Game/08_Audio_Visual_Cinematics/FlashMaterialGroup.cs	0	
Assets/Scripts/ProjectCode/Game/08_Audio_Visual_Cinematics/GameCameraTextureDisplay.cs	0	
Assets/Scripts/ProjectCode/Game/08_Audio_Visual_Cinematics/GlobControl.cs	0	
Assets/Scripts/ProjectCode/Game/08_Audio_Visual_Cinematics/GlowResponse.cs	0	
Assets/Scripts/ProjectCode/Game/08_Audio_Visual_Cinematics/GradeMarker.cs	25090	
Assets/Scripts/ProjectCode/Game/08_Audio_Visual_Cinematics/GradeOverride.cs	25098	
Assets/Scripts/ProjectCode/Game/08_Audio_Visual_Cinematics/GradeTrigger.cs	25095	
Assets/Scripts/ProjectCode/Game/08_Audio_Visual_Cinematics/GradeZone.cs	0	
Assets/Scripts/ProjectCode/Game/08_Audio_Visual_Cinematics/HUDCamera.cs	0	
Assets/Scripts/ProjectCode/Game/08_Audio_Visual_Cinematics/InGameCutsceneInfo.cs	0	
Assets/Scripts/ProjectCode/Game/08_Audio_Visual_Cinematics/IncrementRenderQueue.cs	0	
Assets/Scripts/ProjectCode/Game/08_Audio_Visual_Cinematics/InfectedBurstLarge.cs	0	
Assets/Scripts/ProjectCode/Game/08_Audio_Visual_Cinematics/InfectedBurstSmall.cs	0	
Assets/Scripts/ProjectCode/Game/08_Audio_Visual_Cinematics/InventoryAudioFadeOut.cs	0	
Assets/Scripts/ProjectCode/Game/08_Audio_Visual_Cinematics/InventoryPaneFollowAudio.cs	0	
Assets/Scripts/ProjectCode/Game/08_Audio_Visual_Cinematics/LensCAAndDistortion.cs	0	
Assets/Scripts/ProjectCode/Game/08_Audio_Visual_Cinematics/LightBlur.cs	0	
Assets/Scripts/ProjectCode/Game/08_Audio_Visual_Cinematics/LightBlurredBackground.cs	0	
Assets/Scripts/ProjectCode/Game/08_Audio_Visual_Cinematics/LinkRendererState.cs	0	
Assets/Scripts/ProjectCode/Game/08_Audio_Visual_Cinematics/LoopedAudioStateBehaviour.cs	0	
Assets/Scripts/ProjectCode/Game/08_Audio_Visual_Cinematics/LowPassDistance.cs	0	
Assets/Scripts/ProjectCode/Game/08_Audio_Visual_Cinematics/MakeSkippable.cs	0	
Assets/Scripts/ProjectCode/Game/08_Audio_Visual_Cinematics/MaskByYPos.cs	0	
Assets/Scripts/ProjectCode/Game/08_Audio_Visual_Cinematics/MatchMasterTimeSample.cs	0	
Assets/Scripts/ProjectCode/Game/08_Audio_Visual_Cinematics/MeshSortingOrder.cs	0	
Assets/Scripts/ProjectCode/Game/08_Audio_Visual_Cinematics/MusicCue.cs	0	
Assets/Scripts/ProjectCode/Game/08_Audio_Visual_Cinematics/MusicRegion.cs	0	
Assets/Scripts/ProjectCode/Game/08_Audio_Visual_Cinematics/MusicSnapshotMarker.cs	0	
Assets/Scripts/ProjectCode/Game/08_Audio_Visual_Cinematics/MuteAudioChannel.cs	0	
Assets/Scripts/ProjectCode/Game/08_Audio_Visual_Cinematics/NPCSpeakingAudio.cs	0	
Assets/Scripts/ProjectCode/Game/08_Audio_Visual_Cinematics/NeedolinSyncedAudioPlayer.cs	0	
Assets/Scripts/ProjectCode/Game/08_Audio_Visual_Cinematics/OpeningSequence.cs	0	
Assets/Scripts/ProjectCode/Game/08_Audio_Visual_Cinematics/ParallaxSorter.cs	0	
Assets/Scripts/ProjectCode/Game/08_Audio_Visual_Cinematics/ParticleSystemAutoDestroy.cs	0	
Assets/Scripts/ProjectCode/Game/08_Audio_Visual_Cinematics/ParticleSystemAutoDisable.cs	0	
Assets/Scripts/ProjectCode/Game/08_Audio_Visual_Cinematics/ParticleSystemAutoRecycle.cs	0	
Assets/Scripts/ProjectCode/Game/08_Audio_Visual_Cinematics/ParticleSystemCollisionLagFix.cs	0	
Assets/Scripts/ProjectCode/Game/08_Audio_Visual_Cinematics/PersistentAudioInstance.cs	0	
Assets/Scripts/ProjectCode/Game/08_Audio_Visual_Cinematics/PersistentAudioManager.cs	0	
Assets/Scripts/ProjectCode/Game/08_Audio_Visual_Cinematics/PersistentAudioProfile.cs	0	
Assets/Scripts/ProjectCode/Game/08_Audio_Visual_Cinematics/PlanarRealtimeReflection.cs	0	
Assets/Scripts/ProjectCode/Game/08_Audio_Visual_Cinematics/PlayAudioAndRecycle.cs	0	
Assets/Scripts/ProjectCode/Game/08_Audio_Visual_Cinematics/PlayChainSound.cs	0	
Assets/Scripts/ProjectCode/Game/08_Audio_Visual_Cinematics/PlayFromRandomFrame.cs	0	
Assets/Scripts/ProjectCode/Game/08_Audio_Visual_Cinematics/PlayFromRandomFrameMecanim.cs	0	
Assets/Scripts/ProjectCode/Game/08_Audio_Visual_Cinematics/PlayParticleEffects.cs	0	
Assets/Scripts/ProjectCode/Game/08_Audio_Visual_Cinematics/PlayParticleOnEntry.cs	0	
Assets/Scripts/ProjectCode/Game/08_Audio_Visual_Cinematics/PlayRandomAudioClip.cs	0	
Assets/Scripts/ProjectCode/Game/08_Audio_Visual_Cinematics/PlayRandomAudioEvent.cs	0	
Assets/Scripts/ProjectCode/Game/08_Audio_Visual_Cinematics/RandomAudioClipTable.cs	0	
Assets/Scripts/ProjectCode/Game/08_Audio_Visual_Cinematics/RandomAudioStart.cs	0	
Assets/Scripts/ProjectCode/Game/08_Audio_Visual_Cinematics/RandomAudioStartPosition.cs	0	
Assets/Scripts/ProjectCode/Game/08_Audio_Visual_Cinematics/RandomFrame.cs	0	
Assets/Scripts/ProjectCode/Game/08_Audio_Visual_Cinematics/RandomRotation.cs	0	
Assets/Scripts/ProjectCode/Game/08_Audio_Visual_Cinematics/RandomRotationRange.cs	0	
Assets/Scripts/ProjectCode/Game/08_Audio_Visual_Cinematics/RandomScale.cs	0	
Assets/Scripts/ProjectCode/Game/08_Audio_Visual_Cinematics/RealtimeReflections.cs	0	
Assets/Scripts/ProjectCode/Game/08_Audio_Visual_Cinematics/ReduceParticleEffects.cs	0	
Assets/Scripts/ProjectCode/Game/08_Audio_Visual_Cinematics/SetBlurDepth.cs	0	
Assets/Scripts/ProjectCode/Game/08_Audio_Visual_Cinematics/SetParticleScale.cs	0	
Assets/Scripts/ProjectCode/Game/08_Audio_Visual_Cinematics/SetRandomSpriteId.cs	0	
Assets/Scripts/ProjectCode/Game/08_Audio_Visual_Cinematics/SetZ.cs	0	
Assets/Scripts/ProjectCode/Game/08_Audio_Visual_Cinematics/SetZRandom.cs	0	
Assets/Scripts/ProjectCode/Game/08_Audio_Visual_Cinematics/ShineAnimSequence.cs	0	
Assets/Scripts/ProjectCode/Game/08_Audio_Visual_Cinematics/SimpleFadeOut.cs	0	
Assets/Scripts/ProjectCode/Game/08_Audio_Visual_Cinematics/SimpleSpriteFade.cs	0	
Assets/Scripts/ProjectCode/Game/08_Audio_Visual_Cinematics/SkippableSequence.cs	0	
Assets/Scripts/ProjectCode/Game/08_Audio_Visual_Cinematics/SnapshotMarker.cs	0	
Assets/Scripts/ProjectCode/Game/08_Audio_Visual_Cinematics/SnapshotOnActivation.cs	0	
Assets/Scripts/ProjectCode/Game/08_Audio_Visual_Cinematics/SpatterHoney.cs	0	
Assets/Scripts/ProjectCode/Game/08_Audio_Visual_Cinematics/SpatterOrange.cs	0	
Assets/Scripts/ProjectCode/Game/08_Audio_Visual_Cinematics/SpawnableAudioSource.cs	0	
Assets/Scripts/ProjectCode/Game/08_Audio_Visual_Cinematics/SpinSelf.cs	0	
Assets/Scripts/ProjectCode/Game/08_Audio_Visual_Cinematics/SpinSelfSimple.cs	0	
Assets/Scripts/ProjectCode/Game/08_Audio_Visual_Cinematics/SplashAnimator.cs	0	
Assets/Scripts/ProjectCode/Game/08_Audio_Visual_Cinematics/SpriteFadeMaterial.cs	0	
Assets/Scripts/ProjectCode/Game/08_Audio_Visual_Cinematics/SpriteFadePulse.cs	0	
Assets/Scripts/ProjectCode/Game/08_Audio_Visual_Cinematics/SpriteFlash.cs	0	
Assets/Scripts/ProjectCode/Game/08_Audio_Visual_Cinematics/SpriteTweenColorNeutral.cs	0	
Assets/Scripts/ProjectCode/Game/08_Audio_Visual_Cinematics/StartAudioPlayerAfterHeroInPosition.cs	0	
Assets/Scripts/ProjectCode/Game/08_Audio_Visual_Cinematics/StopAnimatorsAtPoint.cs	0	
Assets/Scripts/ProjectCode/Game/08_Audio_Visual_Cinematics/StopAudioDuringTransition.cs	0	
Assets/Scripts/ProjectCode/Game/08_Audio_Visual_Cinematics/StopAudioSourcesOnStart.cs	0	
Assets/Scripts/ProjectCode/Game/08_Audio_Visual_Cinematics/TimeScaledAudio.cs	0	
Assets/Scripts/ProjectCode/Game/08_Audio_Visual_Cinematics/TouchShake.cs	0	
Assets/Scripts/ProjectCode/Game/08_Audio_Visual_Cinematics/TransitionAudioFader.cs	0	
Assets/Scripts/ProjectCode/Game/08_Audio_Visual_Cinematics/VolumeBlendController.cs	0	
Assets/Scripts/ProjectCode/Game/08_Audio_Visual_Cinematics/WaveEffectControl.cs	0	
Assets/Scripts/ProjectCode/Game/08_Audio_Visual_Cinematics/ZeroAlphaOnStart.cs	0	
Assets/Scripts/ProjectCode/Game/09_Platform_Input_Achievements/Achievement.cs	0	
Assets/Scripts/ProjectCode/Game/09_Platform_Input_Achievements/AchievementHandler.cs	0	
Assets/Scripts/ProjectCode/Game/09_Platform_Input_Achievements/AchievementIDMap.cs	0	
Assets/Scripts/ProjectCode/Game/09_Platform_Input_Achievements/AchievementListener.cs	0	
Assets/Scripts/ProjectCode/Game/09_Platform_Input_Achievements/AchievementRecord.cs	0	
Assets/Scripts/ProjectCode/Game/09_Platform_Input_Achievements/AchievementRecordFloat.cs	0	
Assets/Scripts/ProjectCode/Game/09_Platform_Input_Achievements/AchievementRecordInt.cs	0	
Assets/Scripts/ProjectCode/Game/09_Platform_Input_Achievements/AchievementsList.cs	0	
Assets/Scripts/ProjectCode/Game/09_Platform_Input_Achievements/AudioSyncedVibration.cs	0	
Assets/Scripts/ProjectCode/Game/09_Platform_Input_Achievements/AudioVibrationSyncer.cs	0	
Assets/Scripts/ProjectCode/Game/09_Platform_Input_Achievements/CaptureMouseEvents.cs	0	
Assets/Scripts/ProjectCode/Game/09_Platform_Input_Achievements/CommandLineArguments.cs	0	
Assets/Scripts/ProjectCode/Game/09_Platform_Input_Achievements/ControllerDetect.cs	0	
Assets/Scripts/ProjectCode/Game/09_Platform_Input_Achievements/ControllerImage.cs	0	
Assets/Scripts/ProjectCode/Game/09_Platform_Input_Achievements/ControllerMapping.cs	0	
Assets/Scripts/ProjectCode/Game/09_Platform_Input_Achievements/DesktopPlatform.cs	0	
Assets/Scripts/ProjectCode/Game/09_Platform_Input_Achievements/GOGGalaxyOnlineSubsystem.cs	0	
Assets/Scripts/ProjectCode/Game/09_Platform_Input_Achievements/GamepadVibration.cs	0	
Assets/Scripts/ProjectCode/Game/09_Platform_Input_Achievements/GamepadVibrationMixer.cs	0	
Assets/Scripts/ProjectCode/Game/09_Platform_Input_Achievements/HeroVibrationController.cs	0	
Assets/Scripts/ProjectCode/Game/09_Platform_Input_Achievements/HeroVibrationRegion.cs	0	
Assets/Scripts/ProjectCode/Game/09_Platform_Input_Achievements/HeroVibrationRegionBasic.cs	0	
Assets/Scripts/ProjectCode/Game/09_Platform_Input_Achievements/HeroVibrationRegionSyncer.cs	0	
Assets/Scripts/ProjectCode/Game/09_Platform_Input_Achievements/IAudioVibrationPlayer.cs	0	
Assets/Scripts/ProjectCode/Game/09_Platform_Input_Achievements/InputModuleActionAdaptor.cs	205	
Assets/Scripts/ProjectCode/Game/09_Platform_Input_Achievements/InputModuleBinder.cs	0	
Assets/Scripts/ProjectCode/Game/09_Platform_Input_Achievements/JitterSelfVibration.cs	0	
Assets/Scripts/ProjectCode/Game/09_Platform_Input_Achievements/KeyboardButtonSkins.cs	0	
Assets/Scripts/ProjectCode/Game/09_Platform_Input_Achievements/NativeInputModuleManager.cs	-103	
Assets/Scripts/ProjectCode/Game/09_Platform_Input_Achievements/Platform.cs	0	
Assets/Scripts/ProjectCode/Game/09_Platform_Input_Achievements/PlatformSimulation.cs	0	
Assets/Scripts/ProjectCode/Game/09_Platform_Input_Achievements/PlatformSpecificLocalisation.cs	0	
Assets/Scripts/ProjectCode/Game/09_Platform_Input_Achievements/PlatformVibrationHelper.cs	0	
Assets/Scripts/ProjectCode/Game/09_Platform_Input_Achievements/PreMenuInputModuleActionAdaptor.cs	0	
Assets/Scripts/ProjectCode/Game/09_Platform_Input_Achievements/RainVibrationRegion.cs	0	
Assets/Scripts/ProjectCode/Game/09_Platform_Input_Achievements/SpriteAlphaVibration.cs	0	
Assets/Scripts/ProjectCode/Game/09_Platform_Input_Achievements/SteamOnlineSubsystem.cs	0	
Assets/Scripts/ProjectCode/Game/09_Platform_Input_Achievements/SwitchVibrationList.cs	0	
Assets/Scripts/ProjectCode/Game/09_Platform_Input_Achievements/VibrationDataAsset.cs	0	
Assets/Scripts/ProjectCode/Game/09_Platform_Input_Achievements/VibrationEffect.cs	0	
Assets/Scripts/ProjectCode/Game/09_Platform_Input_Achievements/VibrationLocalisation.cs	0	
Assets/Scripts/ProjectCode/Game/09_Platform_Input_Achievements/VibrationManager.cs	0	
Assets/Scripts/ProjectCode/Game/09_Platform_Input_Achievements/VibrationManagerUpdater.cs	0	
Assets/Scripts/ProjectCode/Game/09_Platform_Input_Achievements/VibrationPlayer.cs	0	
Assets/Scripts/ProjectCode/Game/09_Platform_Input_Achievements/VibrationPlayerAdvanced.cs	0	
Assets/Scripts/ProjectCode/Game/09_Platform_Input_Achievements/VibrationTesterButton.cs	0	
Assets/Scripts/ProjectCode/Game/09_Platform_Input_Achievements/WorldRumbleArea.cs	0	
Assets/Scripts/ProjectCode/Game/09_Platform_Input_Achievements/WorldRumbleManager.cs	0	
Assets/Scripts/ProjectCode/Game/09_Platform_Input_Achievements/WorldRumblePreventWhileActive.cs	0	
Assets/Scripts/ProjectCode/Game/10_Bosses_Godmaster/BossChallengeUI.cs	0	
Assets/Scripts/ProjectCode/Game/10_Bosses_Godmaster/BossDoorCage.cs	0	
Assets/Scripts/ProjectCode/Game/10_Bosses_Godmaster/BossDoorChallengeCompleteUI.cs	0	
Assets/Scripts/ProjectCode/Game/10_Bosses_Godmaster/BossDoorChallengeUI.cs	0	
Assets/Scripts/ProjectCode/Game/10_Bosses_Godmaster/BossDoorChallengeUIBindingButton.cs	0	
Assets/Scripts/ProjectCode/Game/10_Bosses_Godmaster/BossDoorCompletionStates.cs	0	
Assets/Scripts/ProjectCode/Game/10_Bosses_Godmaster/BossDoorLockUI.cs	0	
Assets/Scripts/ProjectCode/Game/10_Bosses_Godmaster/BossDoorLockUIIcon.cs	0	
Assets/Scripts/ProjectCode/Game/10_Bosses_Godmaster/BossDoorTargetLock.cs	0	1
Assets/Scripts/ProjectCode/Game/10_Bosses_Godmaster/BossScene.cs	0	
Assets/Scripts/ProjectCode/Game/10_Bosses_Godmaster/BossSceneController.cs	0	
Assets/Scripts/ProjectCode/Game/10_Bosses_Godmaster/BossSequence.cs	0	
Assets/Scripts/ProjectCode/Game/10_Bosses_Godmaster/BossSequenceBindingsDisplay.cs	0	
Assets/Scripts/ProjectCode/Game/10_Bosses_Godmaster/BossSequenceBindingsDoor.cs	0	
Assets/Scripts/ProjectCode/Game/10_Bosses_Godmaster/BossSequenceController.cs	0	
Assets/Scripts/ProjectCode/Game/10_Bosses_Godmaster/BossSequenceDoor.cs	0	
Assets/Scripts/ProjectCode/Game/10_Bosses_Godmaster/BossStatue.cs	20	
Assets/Scripts/ProjectCode/Game/10_Bosses_Godmaster/BossStatueCompletionStates.cs	0	
Assets/Scripts/ProjectCode/Game/10_Bosses_Godmaster/BossStatueDreamToggle.cs	0	
Assets/Scripts/ProjectCode/Game/10_Bosses_Godmaster/BossStatueExtraFlashEffect.cs	0	
Assets/Scripts/ProjectCode/Game/10_Bosses_Godmaster/BossStatueFlashEffect.cs	0	
Assets/Scripts/ProjectCode/Game/10_Bosses_Godmaster/BossStatueLever.cs	0	
Assets/Scripts/ProjectCode/Game/10_Bosses_Godmaster/BossStatueSetUnlockIndicator.cs	0	
Assets/Scripts/ProjectCode/Game/10_Bosses_Godmaster/BossStatueTrophyPlaque.cs	0	
Assets/Scripts/ProjectCode/Game/10_Bosses_Godmaster/BossSummaryBoard.cs	40	
Assets/Scripts/ProjectCode/Game/10_Bosses_Godmaster/BossSummaryUI.cs	0	
Assets/Scripts/ProjectCode/Game/10_Bosses_Godmaster/GodfinderGateIcon.cs	0	
Assets/Scripts/ProjectCode/Game/10_Bosses_Godmaster/GodfinderGateIconManager.cs	0	
Assets/Scripts/ProjectCode/Game/10_Bosses_Godmaster/GodfinderIcon.cs	0	
Assets/Scripts/ProjectCode/Game/10_Bosses_Godmaster/GodfinderInvIcon.cs	0	
Assets/Scripts/ProjectCode/Game/10_Bosses_Godmaster/UnlockGGMode.cs	0	
Assets/Scripts/ProjectCode/Game/11_Actors_Quests/BigCentipede.cs	0	
Assets/Scripts/ProjectCode/Game/11_Actors_Quests/BigCentipedeSection.cs	0	
Assets/Scripts/ProjectCode/Game/11_Actors_Quests/BrokenVesselGlob.cs	0	
Assets/Scripts/ProjectCode/Game/11_Actors_Quests/BrummFlamePin.cs	0	
Assets/Scripts/ProjectCode/Game/11_Actors_Quests/Climber.cs	0	
Assets/Scripts/ProjectCode/Game/11_Actors_Quests/Crawler.cs	0	
Assets/Scripts/ProjectCode/Game/11_Actors_Quests/DreamPlant.cs	0	
Assets/Scripts/ProjectCode/Game/11_Actors_Quests/DreamPlantOrb.cs	0	
Assets/Scripts/ProjectCode/Game/11_Actors_Quests/EnemyKillEventListener.cs	0	
Assets/Scripts/ProjectCode/Game/11_Actors_Quests/EnemyPusher.cs	0	
Assets/Scripts/ProjectCode/Game/11_Actors_Quests/EnemySpawner.cs	0	
Assets/Scripts/ProjectCode/Game/11_Actors_Quests/EnemyWakeRegion.cs	0	
Assets/Scripts/ProjectCode/Game/11_Actors_Quests/FakeBat.cs	0	
Assets/Scripts/ProjectCode/Game/11_Actors_Quests/FlamePin.cs	0	
Assets/Scripts/ProjectCode/Game/11_Actors_Quests/GrimmEnemyRange.cs	0	
Assets/Scripts/ProjectCode/Game/11_Actors_Quests/GrimmballControl.cs	0	
Assets/Scripts/ProjectCode/Game/11_Actors_Quests/GrubBGControl.cs	0	
Assets/Scripts/ProjectCode/Game/11_Actors_Quests/GrubPin.cs	0	
Assets/Scripts/ProjectCode/Game/11_Actors_Quests/HiveKnightStinger.cs	0	
Assets/Scripts/ProjectCode/Game/11_Actors_Quests/IdleBuzzing.cs	0	
Assets/Scripts/ProjectCode/Game/11_Actors_Quests/InfectedEnemyEffects.cs	0	
Assets/Scripts/ProjectCode/Game/11_Actors_Quests/JellyEgg.cs	0	
Assets/Scripts/ProjectCode/Game/11_Actors_Quests/LineOfSightDetector.cs	0	
Assets/Scripts/ProjectCode/Game/11_Actors_Quests/LookAnimNPC.cs	0	
Assets/Scripts/ProjectCode/Game/11_Actors_Quests/MegaJellyZap.cs	0	
Assets/Scripts/ProjectCode/Game/11_Actors_Quests/ScuttlerControl.cs	0	
Assets/Scripts/ProjectCode/Game/11_Actors_Quests/SpawnJarControl.cs	0	
Assets/Scripts/ProjectCode/Game/11_Actors_Quests/Turret.cs	0	
Assets/Scripts/ProjectCode/Game/11_Actors_Quests/Walker.cs	0	
Assets/Scripts/ProjectCode/Game/12_Utilities/ActiveRecycler.cs	0	
Assets/Scripts/ProjectCode/Game/12_Utilities/ArrayForEnumAttribute.cs	0	
Assets/Scripts/ProjectCode/Game/12_Utilities/AssetNamePickerAttribute.cs	0	
Assets/Scripts/ProjectCode/Game/12_Utilities/AutoRecycleSelf.cs	0	
Assets/Scripts/ProjectCode/Game/12_Utilities/ChainSequence.cs	0	
Assets/Scripts/ProjectCode/Game/12_Utilities/CodeProfiler.cs	0	
Assets/Scripts/ProjectCode/Game/12_Utilities/CoroutineQueue.cs	0	
Assets/Scripts/ProjectCode/Game/12_Utilities/DirectionTest.cs	0	
Assets/Scripts/ProjectCode/Game/12_Utilities/DirectionUtils.cs	0	
Assets/Scripts/ProjectCode/Game/12_Utilities/Extensions.cs	0	
Assets/Scripts/ProjectCode/Game/12_Utilities/FlingUtils.cs	0	
Assets/Scripts/ProjectCode/Game/12_Utilities/GizmoUtility.cs	0	
Assets/Scripts/ProjectCode/Game/12_Utilities/Helper.cs	0	
Assets/Scripts/ProjectCode/Game/12_Utilities/INIParser.cs	0	
Assets/Scripts/ProjectCode/Game/12_Utilities/LimitBehaviour.cs	0	
Assets/Scripts/ProjectCode/Game/12_Utilities/LimitSendEvents.cs	0	
Assets/Scripts/ProjectCode/Game/12_Utilities/LocalisationHelper.cs	0	
Assets/Scripts/ProjectCode/Game/12_Utilities/MyGuid.cs	0	
Assets/Scripts/ProjectCode/Game/12_Utilities/ObjectPoolAuditor.cs	0	
Assets/Scripts/ProjectCode/Game/12_Utilities/OnScreenDebugInfo.cs	650	
Assets/Scripts/ProjectCode/Game/12_Utilities/PersonalObjectPool.cs	400	
Assets/Scripts/ProjectCode/Game/12_Utilities/PreInstantiateGameObject.cs	0	
Assets/Scripts/ProjectCode/Game/12_Utilities/Probability.cs	0	
Assets/Scripts/ProjectCode/Game/12_Utilities/RandomTable.cs	0	
Assets/Scripts/ProjectCode/Game/12_Utilities/RecycleAfter2dtkAnimation.cs	0	
Assets/Scripts/ProjectCode/Game/12_Utilities/TimeUtility.cs	0	
Assets/Scripts/ProjectCode/GlobalSettings/Audio.cs	0	
Assets/Scripts/ProjectCode/GlobalSettings/Camera.cs	0	
Assets/Scripts/ProjectCode/GlobalSettings/Corpse.cs	0	
Assets/Scripts/ProjectCode/GlobalSettings/Demo.cs	0	
Assets/Scripts/ProjectCode/GlobalSettings/Effects.cs	0	
Assets/Scripts/ProjectCode/GlobalSettings/Gameplay.cs	0	
Assets/Scripts/ProjectCode/GlobalSettings/GlobalSettings.cs	0	
Assets/Scripts/ProjectCode/GlobalSettings/UI.cs	0	
Assets/Scripts/ProjectCode/HKMenu/IMenuOptionLayout.cs	0	
Assets/Scripts/ProjectCode/HKMenu/IMenuOptionListSetting.cs	0	
Assets/Scripts/ProjectCode/MyGame/Editor/TrophyExport/PS4TrophyLocalisation.cs	0	
Assets/Scripts/ProjectCode/TeamCherry/DebugMenu/DebugMenu.cs	0	
Assets/Scripts/ProjectCode/TeamCherry/DebugMenu/DebugMenuAutoScrollRect.cs	0	
Assets/Scripts/ProjectCode/TeamCherry/DebugMenu/DebugMenuButton.cs	0	
Assets/Scripts/ProjectCode/TeamCherry/DebugMenu/DebugMenuGridLayoutHelper.cs	0	
Assets/Scripts/ProjectCode/TeamCherry/GameCore/GameCoreSaveHandler.cs	0	
Assets/Scripts/ProjectCode/TeamCherry/GameCore/GameCoreSharedData.cs	0	
Assets/Scripts/ProjectCode/TeamCherry/Localization/Platform/XboxAchievementDatabase.cs	0	
Assets/Scripts/ProjectCode/TeamCherry/Localization/Platform/XboxLocalizationData.cs	0	
Assets/Scripts/ProjectCode/TeamCherry/MapAreas.cs	0	
Assets/Scripts/ProjectCode/TeamCherry/PS5/GamePad.cs	0	
Assets/Scripts/ProjectCode/TeamCherry/PS5/PS5InControlInput.cs	0	
Assets/Scripts/ProjectCode/TeamCherry/PS5/PS5VibrationData.cs	0	
Assets/Scripts/ProjectCode/TeamCherry/PS5/PS5VibrationEditor.cs	0	
Assets/Scripts/ProjectCode/TeamCherry/PS5/PS5VibrationManager.cs	0	
Assets/Scripts/ProjectCode/TeamCherry/PS5/PSInputBase.cs	0	
Assets/Scripts/ProjectCode/TeamCherry/PS5/PSSampleInput.cs	0	
Assets/Scripts/ProjectCode/TeamCherry/PS5/PlaystationGamePadManager.cs	0	
Assets/Scripts/ProjectCode/TeamCherry/PS5/SimpleOnScreenLog.cs	0	
Assets/Scripts/ProjectCode/TeamCherry/References.cs	0	
Assets/Scripts/ProjectCode/TeamCherry/SceneDefaultSettings.cs	0	
Assets/Scripts/ProjectCode/TeamCherry/SharedUtils/EnumFlags.cs	0	
Assets/Scripts/ProjectCode/TeamCherry/SharedUtils/OverrideMaskValueBase.cs	0	
Assets/Scripts/ProjectCode/TeamCherry/WorldItems.cs	0	
Assets/Scripts/ProjectCode/UnityNamespaceExtensions/UI/ClearSaveButton.cs	0	
Assets/Scripts/ProjectCode/UnityNamespaceExtensions/UI/ControllerProfileButton.cs	0	
Assets/Scripts/ProjectCode/UnityNamespaceExtensions/UI/ControllerProfileButtons.cs	0	
Assets/Scripts/ProjectCode/UnityNamespaceExtensions/UI/LanguageSelectionButton.cs	0	
Assets/Scripts/ProjectCode/UnityNamespaceExtensions/UI/MenuButton.cs	0	
Assets/Scripts/ProjectCode/UnityNamespaceExtensions/UI/MenuButtonSaveImport.cs	0	
Assets/Scripts/ProjectCode/UnityNamespaceExtensions/UI/MenuDisplaySetting.cs	0	
Assets/Scripts/ProjectCode/UnityNamespaceExtensions/UI/MenuFrameCapSetting.cs	0	
Assets/Scripts/ProjectCode/UnityNamespaceExtensions/UI/MenuLanguageSetting.cs	0	
Assets/Scripts/ProjectCode/UnityNamespaceExtensions/UI/MenuOptionHorizontal.cs	0	
Assets/Scripts/ProjectCode/UnityNamespaceExtensions/UI/MenuPreventDeselect.cs	0	
Assets/Scripts/ProjectCode/UnityNamespaceExtensions/UI/MenuResolutionSetting.cs	0	
Assets/Scripts/ProjectCode/UnityNamespaceExtensions/UI/MenuScroller.cs	0	
Assets/Scripts/ProjectCode/UnityNamespaceExtensions/UI/MenuSelectable.cs	0	
Assets/Scripts/ProjectCode/UnityNamespaceExtensions/UI/MenuStyleListCondition.cs	0	
Assets/Scripts/ProjectCode/UnityNamespaceExtensions/UI/MenuStyleSetting.cs	0	
Assets/Scripts/ProjectCode/UnityNamespaceExtensions/UI/PauseMenuButton.cs	0	
Assets/Scripts/ProjectCode/UnityNamespaceExtensions/UI/RestoreSaveButton.cs	0	
Assets/Scripts/ProjectCode/UnityNamespaceExtensions/UI/SaveSlotButton.cs	0	
Assets/Scripts/ThirdParty/Framework/Demos_Stubs/CustomActionTest.cs	0	
Assets/Scripts/ThirdParty/Framework/Demos_Stubs/HashTableSortKeysfromValues.cs	0	
Assets/Scripts/ThirdParty/Framework/Demos_Stubs/NewBehaviourScript.cs	0	
Assets/Scripts/ThirdParty/Framework/Demos_Stubs/SecurePlayerPrefsDemo.cs	0	
Assets/Scripts/ThirdParty/Framework/Demos_Stubs/SecureplayerPrefsDemoClass.cs	0	
Assets/Scripts/ThirdParty/Framework/iTween/iTweenFSMEvents.cs	0	
Assets/Scripts/ThirdParty/GUIBlendModes/BlendMaterials.cs	0	
Assets/Scripts/ThirdParty/GUIBlendModes/UIBlendMode.cs	0	
Assets/Scripts/ThirdParty/HutongGames/PlayMaker/Actions/AccelerateVelocity.cs	0	
Assets/Scripts/ThirdParty/HutongGames/PlayMaker/Actions/ActivateTrailRenderer.cs	0	
Assets/Scripts/ThirdParty/HutongGames/PlayMaker/Actions/AddForce2dAsAngle.cs	0	
Assets/Scripts/ThirdParty/HutongGames/PlayMaker/Actions/AddForce2dV2.cs	0	
Assets/Scripts/ThirdParty/HutongGames/PlayMaker/Actions/AnimatorPlayStateWait.cs	0	
Assets/Scripts/ThirdParty/HutongGames/PlayMaker/Actions/ArrayListActions.cs	0	
Assets/Scripts/ThirdParty/HutongGames/PlayMaker/Actions/ArrayListAdd.cs	0	
Assets/Scripts/ThirdParty/HutongGames/PlayMaker/Actions/ArrayListAddRange.cs	0	
Assets/Scripts/ThirdParty/HutongGames/PlayMaker/Actions/ArrayListClear.cs	0	
Assets/Scripts/ThirdParty/HutongGames/PlayMaker/Actions/ArrayListConcat.cs	0	
Assets/Scripts/ThirdParty/HutongGames/PlayMaker/Actions/ArrayListContains.cs	0	
Assets/Scripts/ThirdParty/HutongGames/PlayMaker/Actions/ArrayListContainsGameObject.cs	0	
Assets/Scripts/ThirdParty/HutongGames/PlayMaker/Actions/ArrayListCopyTo.cs	0	
Assets/Scripts/ThirdParty/HutongGames/PlayMaker/Actions/ArrayListCount.cs	0	
Assets/Scripts/ThirdParty/HutongGames/PlayMaker/Actions/ArrayListCreate.cs	0	
Assets/Scripts/ThirdParty/HutongGames/PlayMaker/Actions/ArrayListExists.cs	0	
Assets/Scripts/ThirdParty/HutongGames/PlayMaker/Actions/ArrayListFindGameObjectsByTag.cs	0	
Assets/Scripts/ThirdParty/HutongGames/PlayMaker/Actions/ArrayListGet.cs	0	
Assets/Scripts/ThirdParty/HutongGames/PlayMaker/Actions/ArrayListGetAverageValue.cs	0	
Assets/Scripts/ThirdParty/HutongGames/PlayMaker/Actions/ArrayListGetClosestGameObject.cs	0	
Assets/Scripts/ThirdParty/HutongGames/PlayMaker/Actions/ArrayListGetClosestGameObjectInSight.cs	0	
Assets/Scripts/ThirdParty/HutongGames/PlayMaker/Actions/ArrayListGetFarthestGameObject.cs	0	
Assets/Scripts/ThirdParty/HutongGames/PlayMaker/Actions/ArrayListGetFarthestGameObjectInSight.cs	0	
Assets/Scripts/ThirdParty/HutongGames/PlayMaker/Actions/ArrayListGetGameobjectMaxFsmFloatIndex.cs	0	
Assets/Scripts/ThirdParty/HutongGames/PlayMaker/Actions/ArrayListGetMaxValue.cs	0	
Assets/Scripts/ThirdParty/HutongGames/PlayMaker/Actions/ArrayListGetMinValue.cs	0	
Assets/Scripts/ThirdParty/HutongGames/PlayMaker/Actions/ArrayListGetNearestFloatValue.cs	0	
Assets/Scripts/ThirdParty/HutongGames/PlayMaker/Actions/ArrayListGetNext.cs	0	
Assets/Scripts/ThirdParty/HutongGames/PlayMaker/Actions/ArrayListGetPrevious.cs	0	
Assets/Scripts/ThirdParty/HutongGames/PlayMaker/Actions/ArrayListGetRandom.cs	0	
Assets/Scripts/ThirdParty/HutongGames/PlayMaker/Actions/ArrayListGetRelative.cs	0	
Assets/Scripts/ThirdParty/HutongGames/PlayMaker/Actions/ArrayListGetVertexColors.cs	0	
Assets/Scripts/ThirdParty/HutongGames/PlayMaker/Actions/ArrayListGetVertexPositions.cs	0	
Assets/Scripts/ThirdParty/HutongGames/PlayMaker/Actions/ArrayListIndexOf.cs	0	
Assets/Scripts/ThirdParty/HutongGames/PlayMaker/Actions/ArrayListInsert.cs	0	
Assets/Scripts/ThirdParty/HutongGames/PlayMaker/Actions/ArrayListIsEmpty.cs	0	
Assets/Scripts/ThirdParty/HutongGames/PlayMaker/Actions/ArrayListLastIndexOf.cs	0	
Assets/Scripts/ThirdParty/HutongGames/PlayMaker/Actions/ArrayListRemove.cs	0	
Assets/Scripts/ThirdParty/HutongGames/PlayMaker/Actions/ArrayListRemoveAt.cs	0	
Assets/Scripts/ThirdParty/HutongGames/PlayMaker/Actions/ArrayListRemoveRange.cs	0	
Assets/Scripts/ThirdParty/HutongGames/PlayMaker/Actions/ArrayListResetValues.cs	0	
Assets/Scripts/ThirdParty/HutongGames/PlayMaker/Actions/ArrayListReverse.cs	0	
Assets/Scripts/ThirdParty/HutongGames/PlayMaker/Actions/ArrayListRevertToSnapShot.cs	0	
Assets/Scripts/ThirdParty/HutongGames/PlayMaker/Actions/ArrayListSendEventToGameObjects.cs	0	
Assets/Scripts/ThirdParty/HutongGames/PlayMaker/Actions/ArrayListSet.cs	0	
Assets/Scripts/ThirdParty/HutongGames/PlayMaker/Actions/ArrayListSetVertexColors.cs	0	
Assets/Scripts/ThirdParty/HutongGames/PlayMaker/Actions/ArrayListSetVertexPositions.cs	0	
Assets/Scripts/ThirdParty/HutongGames/PlayMaker/Actions/ArrayListShuffle.cs	0	
Assets/Scripts/ThirdParty/HutongGames/PlayMaker/Actions/ArrayListSort.cs	0	
Assets/Scripts/ThirdParty/HutongGames/PlayMaker/Actions/ArrayListSwapItems.cs	0	
Assets/Scripts/ThirdParty/HutongGames/PlayMaker/Actions/ArrayListTakeSnapShot.cs	0	
Assets/Scripts/ThirdParty/HutongGames/PlayMaker/Actions/AudioPlayInState.cs	0	
Assets/Scripts/ThirdParty/HutongGames/PlayMaker/Actions/AudioPlayRandom.cs	0	
Assets/Scripts/ThirdParty/HutongGames/PlayMaker/Actions/AudioPlayRandomSingle.cs	0	
Assets/Scripts/ThirdParty/HutongGames/PlayMaker/Actions/AudioPlaySimple.cs	0	
Assets/Scripts/ThirdParty/HutongGames/PlayMaker/Actions/AudioPlayV2.cs	0	
Assets/Scripts/ThirdParty/HutongGames/PlayMaker/Actions/AudioPlayerOneShot.cs	0	
Assets/Scripts/ThirdParty/HutongGames/PlayMaker/Actions/AudioPlayerOneShotSingle.cs	0	
Assets/Scripts/ThirdParty/HutongGames/PlayMaker/Actions/BoolFlipEveryFrame.cs	0	
Assets/Scripts/ThirdParty/HutongGames/PlayMaker/Actions/BoolTestMulti.cs	0	
Assets/Scripts/ThirdParty/HutongGames/PlayMaker/Actions/Bounds.cs	0	
Assets/Scripts/ThirdParty/HutongGames/PlayMaker/Actions/BoundsBoxCollider.cs	0	
Assets/Scripts/ThirdParty/HutongGames/PlayMaker/Actions/BoxColliderOffset.cs	0	
Assets/Scripts/ThirdParty/HutongGames/PlayMaker/Actions/CallMethodProper.cs	0	
Assets/Scripts/ThirdParty/HutongGames/PlayMaker/Actions/CameraFadeInWithDelay.cs	0	
Assets/Scripts/ThirdParty/HutongGames/PlayMaker/Actions/CheckCollisionSide.cs	0	
Assets/Scripts/ThirdParty/HutongGames/PlayMaker/Actions/CheckCollisionSideEnter.cs	0	
Assets/Scripts/ThirdParty/HutongGames/PlayMaker/Actions/CollectionsActions.cs	0	
Assets/Scripts/ThirdParty/HutongGames/PlayMaker/Actions/Collision2dEventLayer.cs	0	
Assets/Scripts/ThirdParty/HutongGames/PlayMaker/Actions/CompareDistance2D.cs	0	
Assets/Scripts/ThirdParty/HutongGames/PlayMaker/Actions/CompareNames.cs	0	
Assets/Scripts/ThirdParty/HutongGames/PlayMaker/Actions/ConstrainMovement.cs	0	
Assets/Scripts/ThirdParty/HutongGames/PlayMaker/Actions/CreatePool.cs	0	
Assets/Scripts/ThirdParty/HutongGames/PlayMaker/Actions/CreatePoolObjects.cs	0	
Assets/Scripts/ThirdParty/HutongGames/PlayMaker/Actions/DebugLogConsole.cs	0	
Assets/Scripts/ThirdParty/HutongGames/PlayMaker/Actions/DebugLogDeprecatedEvent.cs	0	
Assets/Scripts/ThirdParty/HutongGames/PlayMaker/Actions/DestroyAllChildren.cs	0	
Assets/Scripts/ThirdParty/HutongGames/PlayMaker/Actions/DestroyArrayList.cs	0	
Assets/Scripts/ThirdParty/HutongGames/PlayMaker/Actions/DestroyHashTable.cs	0	
Assets/Scripts/ThirdParty/HutongGames/PlayMaker/Actions/DetectCollisonDown.cs	0	
Assets/Scripts/ThirdParty/HutongGames/PlayMaker/Actions/DistanceBetweenPoints.cs	0	
Assets/Scripts/ThirdParty/HutongGames/PlayMaker/Actions/DistanceBetweenPoints2D.cs	0	
Assets/Scripts/ThirdParty/HutongGames/PlayMaker/Actions/FadeAudio.cs	0	
Assets/Scripts/ThirdParty/HutongGames/PlayMaker/Actions/FindArrayList.cs	0	
Assets/Scripts/ThirdParty/HutongGames/PlayMaker/Actions/FlingObject.cs	0	
Assets/Scripts/ThirdParty/HutongGames/PlayMaker/Actions/FlingObjects.cs	0	
Assets/Scripts/ThirdParty/HutongGames/PlayMaker/Actions/FlingObjectsFromGlobalPoolVel.cs	0	
Assets/Scripts/ThirdParty/HutongGames/PlayMaker/Actions/FlipScale.cs	0	
Assets/Scripts/ThirdParty/HutongGames/PlayMaker/Actions/FloatAddV2.cs	0	
Assets/Scripts/ThirdParty/HutongGames/PlayMaker/Actions/FloatDivideV2.cs	0	
Assets/Scripts/ThirdParty/HutongGames/PlayMaker/Actions/FloatInRange.cs	0	
Assets/Scripts/ThirdParty/HutongGames/PlayMaker/Actions/FloatMultiplyV2.cs	0	
Assets/Scripts/ThirdParty/HutongGames/PlayMaker/Actions/FloatSquareRoot.cs	0	
Assets/Scripts/ThirdParty/HutongGames/PlayMaker/Actions/FloatTestToBool.cs	0	
Assets/Scripts/ThirdParty/HutongGames/PlayMaker/Actions/FsmEventOptions.cs	0	
Assets/Scripts/ThirdParty/HutongGames/PlayMaker/Actions/FsmStateActionAdvanced.cs	0	
Assets/Scripts/ThirdParty/HutongGames/PlayMaker/Actions/GameObjectExists.cs	0	
Assets/Scripts/ThirdParty/HutongGames/PlayMaker/Actions/GetAngleBetweenPoints.cs	0	
Assets/Scripts/ThirdParty/HutongGames/PlayMaker/Actions/GetAudioVolume.cs	0	
Assets/Scripts/ThirdParty/HutongGames/PlayMaker/Actions/GetCameraPixelDimensions.cs	0	
Assets/Scripts/ThirdParty/HutongGames/PlayMaker/Actions/GetColliderRange.cs	0	
Assets/Scripts/ThirdParty/HutongGames/PlayMaker/Actions/GetEventProperties.cs	0	
Assets/Scripts/ThirdParty/HutongGames/PlayMaker/Actions/GetEventSender.cs	0	
Assets/Scripts/ThirdParty/HutongGames/PlayMaker/Actions/GetInControlDeviceInputAxis.cs	0	
Assets/Scripts/ThirdParty/HutongGames/PlayMaker/Actions/GetInControlDeviceInputAxisVector.cs	0	
Assets/Scripts/ThirdParty/HutongGames/PlayMaker/Actions/GetInControlDeviceInputButton.cs	0	
Assets/Scripts/ThirdParty/HutongGames/PlayMaker/Actions/GetInControlDeviceInputButtonDown.cs	0	
Assets/Scripts/ThirdParty/HutongGames/PlayMaker/Actions/GetInControlDeviceInputButtonUp.cs	0	
Assets/Scripts/ThirdParty/HutongGames/PlayMaker/Actions/GetMaterialColor.cs	0	
Assets/Scripts/ThirdParty/HutongGames/PlayMaker/Actions/GetMeshRendererBounds.cs	0	
Assets/Scripts/ThirdParty/HutongGames/PlayMaker/Actions/GetMidPoint.cs	0	
Assets/Scripts/ThirdParty/HutongGames/PlayMaker/Actions/GetPosition2D.cs	0	
Assets/Scripts/ThirdParty/HutongGames/PlayMaker/Actions/GetSpriteRendererSprite.cs	0	
Assets/Scripts/ThirdParty/HutongGames/PlayMaker/Actions/GetVelocityAsAngle.cs	0	
Assets/Scripts/ThirdParty/HutongGames/PlayMaker/Actions/GetXDistance.cs	0	
Assets/Scripts/ThirdParty/HutongGames/PlayMaker/Actions/GetYDistance.cs	0	
Assets/Scripts/ThirdParty/HutongGames/PlayMaker/Actions/HashTableActions.cs	0	
Assets/Scripts/ThirdParty/HutongGames/PlayMaker/Actions/HashTableAdd.cs	0	
Assets/Scripts/ThirdParty/HutongGames/PlayMaker/Actions/HashTableAddMany.cs	0	
Assets/Scripts/ThirdParty/HutongGames/PlayMaker/Actions/HashTableClear.cs	0	
Assets/Scripts/ThirdParty/HutongGames/PlayMaker/Actions/HashTableConcat.cs	0	
Assets/Scripts/ThirdParty/HutongGames/PlayMaker/Actions/HashTableContains.cs	0	
Assets/Scripts/ThirdParty/HutongGames/PlayMaker/Actions/HashTableContainsKey.cs	0	
Assets/Scripts/ThirdParty/HutongGames/PlayMaker/Actions/HashTableContainsValue.cs	0	
Assets/Scripts/ThirdParty/HutongGames/PlayMaker/Actions/HashTableCount.cs	0	
Assets/Scripts/ThirdParty/HutongGames/PlayMaker/Actions/HashTableCreate.cs	0	
Assets/Scripts/ThirdParty/HutongGames/PlayMaker/Actions/HashTableEditKey.cs	0	
Assets/Scripts/ThirdParty/HutongGames/PlayMaker/Actions/HashTableExists.cs	0	
Assets/Scripts/ThirdParty/HutongGames/PlayMaker/Actions/HashTableGet.cs	0	
Assets/Scripts/ThirdParty/HutongGames/PlayMaker/Actions/HashTableGetKeyFromValue.cs	0	
Assets/Scripts/ThirdParty/HutongGames/PlayMaker/Actions/HashTableGetMany.cs	0	
Assets/Scripts/ThirdParty/HutongGames/PlayMaker/Actions/HashTableGetNext.cs	0	
Assets/Scripts/ThirdParty/HutongGames/PlayMaker/Actions/HashTableIsEmpty.cs	0	
Assets/Scripts/ThirdParty/HutongGames/PlayMaker/Actions/HashTableKeys.cs	0	
Assets/Scripts/ThirdParty/HutongGames/PlayMaker/Actions/HashTableRemove.cs	0	
Assets/Scripts/ThirdParty/HutongGames/PlayMaker/Actions/HashTableRevertSnapShot.cs	0	
Assets/Scripts/ThirdParty/HutongGames/PlayMaker/Actions/HashTableSet.cs	0	
Assets/Scripts/ThirdParty/HutongGames/PlayMaker/Actions/HashTableSetMany.cs	0	
Assets/Scripts/ThirdParty/HutongGames/PlayMaker/Actions/HashTableTakeSnapShot.cs	0	
Assets/Scripts/ThirdParty/HutongGames/PlayMaker/Actions/HashTableValues.cs	0	
Assets/Scripts/ThirdParty/HutongGames/PlayMaker/Actions/IntAddV2.cs	0	
Assets/Scripts/ThirdParty/HutongGames/PlayMaker/Actions/IntCompareToBool.cs	0	
Assets/Scripts/ThirdParty/HutongGames/PlayMaker/Actions/IntTestToBool.cs	0	
Assets/Scripts/ThirdParty/HutongGames/PlayMaker/Actions/KeepFloatPositive.cs	0	
Assets/Scripts/ThirdParty/HutongGames/PlayMaker/Actions/LookAt2dGameObjectSmooth.cs	0	
Assets/Scripts/ThirdParty/HutongGames/PlayMaker/Actions/ObjectJitter.cs	0	
Assets/Scripts/ThirdParty/HutongGames/PlayMaker/Actions/ObjectJitterLocal.cs	0	
Assets/Scripts/ThirdParty/HutongGames/PlayMaker/Actions/PlayParticleEmitter.cs	0	
Assets/Scripts/ThirdParty/HutongGames/PlayMaker/Actions/PlayParticleEmitterInState.cs	0	
Assets/Scripts/ThirdParty/HutongGames/PlayMaker/Actions/PreBuildTK2DSprites.cs	0	
Assets/Scripts/ThirdParty/HutongGames/PlayMaker/Actions/RandomFloatEither.cs	0	
Assets/Scripts/ThirdParty/HutongGames/PlayMaker/Actions/RandomFloatV2.cs	0	
Assets/Scripts/ThirdParty/HutongGames/PlayMaker/Actions/RandomlyFlipFloat.cs	0	
Assets/Scripts/ThirdParty/HutongGames/PlayMaker/Actions/RayCast2dV2.cs	0	
Assets/Scripts/ThirdParty/HutongGames/PlayMaker/Actions/RecycleSelf.cs	0	
Assets/Scripts/ThirdParty/HutongGames/PlayMaker/Actions/ReflectAngle.cs	0	
Assets/Scripts/ThirdParty/HutongGames/PlayMaker/Actions/RemoveAllComponents.cs	0	
Assets/Scripts/ThirdParty/HutongGames/PlayMaker/Actions/RigidBody2dActionBase.cs	0	
Assets/Scripts/ThirdParty/HutongGames/PlayMaker/Actions/RotateTo.cs	0	
Assets/Scripts/ThirdParty/HutongGames/PlayMaker/Actions/RunGarbageCollector.cs	0	
Assets/Scripts/ThirdParty/HutongGames/PlayMaker/Actions/SendEventByNameV2.cs	0	
Assets/Scripts/ThirdParty/HutongGames/PlayMaker/Actions/SendEventByScale.cs	0	
Assets/Scripts/ThirdParty/HutongGames/PlayMaker/Actions/SendMessageByTag.cs	0	
Assets/Scripts/ThirdParty/HutongGames/PlayMaker/Actions/SendMessageV2.cs	0	
Assets/Scripts/ThirdParty/HutongGames/PlayMaker/Actions/SendRandomEventV2.cs	0	
Assets/Scripts/ThirdParty/HutongGames/PlayMaker/Actions/SendRandomEventV3.cs	0	
Assets/Scripts/ThirdParty/HutongGames/PlayMaker/Actions/SendTrigger2DEvent.cs	0	
Assets/Scripts/ThirdParty/HutongGames/PlayMaker/Actions/SendTrigger2DEventByName.cs	0	
Assets/Scripts/ThirdParty/HutongGames/PlayMaker/Actions/SetAllFsmGameObject.cs	0	
Assets/Scripts/ThirdParty/HutongGames/PlayMaker/Actions/SetAngularVelocity2d.cs	0	
Assets/Scripts/ThirdParty/HutongGames/PlayMaker/Actions/SetAudioSource.cs	0	
Assets/Scripts/ThirdParty/HutongGames/PlayMaker/Actions/SetBoxCollider2DSize.cs	0	
Assets/Scripts/ThirdParty/HutongGames/PlayMaker/Actions/SetBoxCollider2DSizeVector.cs	0	
Assets/Scripts/ThirdParty/HutongGames/PlayMaker/Actions/SetBoxColliderTrigger.cs	0	
Assets/Scripts/ThirdParty/HutongGames/PlayMaker/Actions/SetCircleCollider.cs	0	
Assets/Scripts/ThirdParty/HutongGames/PlayMaker/Actions/SetCircleColliderRadius.cs	0	
Assets/Scripts/ThirdParty/HutongGames/PlayMaker/Actions/SetCollider.cs	0	
Assets/Scripts/ThirdParty/HutongGames/PlayMaker/Actions/SetEventProperties.cs	0	
Assets/Scripts/ThirdParty/HutongGames/PlayMaker/Actions/SetExtrapolate.cs	0	
Assets/Scripts/ThirdParty/HutongGames/PlayMaker/Actions/SetFloatToHighest.cs	0	
Assets/Scripts/ThirdParty/HutongGames/PlayMaker/Actions/SetFloatToSmallest.cs	0	
Assets/Scripts/ThirdParty/HutongGames/PlayMaker/Actions/SetFloatValueV2.cs	0	
Assets/Scripts/ThirdParty/HutongGames/PlayMaker/Actions/SetFsmStringReturn.cs	0	
Assets/Scripts/ThirdParty/HutongGames/PlayMaker/Actions/SetGameObjectSelf.cs	0	
Assets/Scripts/ThirdParty/HutongGames/PlayMaker/Actions/SetIntToSmallest.cs	0	
Assets/Scripts/ThirdParty/HutongGames/PlayMaker/Actions/SetInterpolate.cs	0	
Assets/Scripts/ThirdParty/HutongGames/PlayMaker/Actions/SetInterpolateNone.cs	0	
Assets/Scripts/ThirdParty/HutongGames/PlayMaker/Actions/SetMeshRenderer.cs	0	
Assets/Scripts/ThirdParty/HutongGames/PlayMaker/Actions/SetMeshRendererChildren.cs	0	
Assets/Scripts/ThirdParty/HutongGames/PlayMaker/Actions/SetParticleEmission.cs	0	
Assets/Scripts/ThirdParty/HutongGames/PlayMaker/Actions/SetParticleEmissionRate.cs	0	
Assets/Scripts/ThirdParty/HutongGames/PlayMaker/Actions/SetParticleEmissionSpeed.cs	0	
Assets/Scripts/ThirdParty/HutongGames/PlayMaker/Actions/SetPolygonCollider.cs	0	
Assets/Scripts/ThirdParty/HutongGames/PlayMaker/Actions/SetPositionToObject.cs	0	
Assets/Scripts/ThirdParty/HutongGames/PlayMaker/Actions/SetSpriteRenderer.cs	0	
Assets/Scripts/ThirdParty/HutongGames/PlayMaker/Actions/SetSpriteRendererByColor.cs	0	
Assets/Scripts/ThirdParty/HutongGames/PlayMaker/Actions/SetSpriteRendererOrder.cs	0	
Assets/Scripts/ThirdParty/HutongGames/PlayMaker/Actions/SetSpriteRendererSprite.cs	0	
Assets/Scripts/ThirdParty/HutongGames/PlayMaker/Actions/SetTextMeshProAlignment.cs	0	
Assets/Scripts/ThirdParty/HutongGames/PlayMaker/Actions/SetTextMeshProColor.cs	0	
Assets/Scripts/ThirdParty/HutongGames/PlayMaker/Actions/SetTextMeshProText.cs	0	
Assets/Scripts/ThirdParty/HutongGames/PlayMaker/Actions/SetTextMeshText.cs	0	
Assets/Scripts/ThirdParty/HutongGames/PlayMaker/Actions/SetTrailRenderer.cs	0	
Assets/Scripts/ThirdParty/HutongGames/PlayMaker/Actions/SetTransformParent.cs	0	
Assets/Scripts/ThirdParty/HutongGames/PlayMaker/Actions/SetVelocity2dIfFalse.cs	0	
Assets/Scripts/ThirdParty/HutongGames/PlayMaker/Actions/SetVelocityAsAngle.cs	0	
Assets/Scripts/ThirdParty/HutongGames/PlayMaker/Actions/SmoothFollowTarget2D.cs	0	
Assets/Scripts/ThirdParty/HutongGames/PlayMaker/Actions/SpawnFromPool.cs	0	
Assets/Scripts/ThirdParty/HutongGames/PlayMaker/Actions/SpawnObjectFromGlobalPool.cs	0	
Assets/Scripts/ThirdParty/HutongGames/PlayMaker/Actions/SpawnObjectFromGlobalPoolOverTime.cs	0	
Assets/Scripts/ThirdParty/HutongGames/PlayMaker/Actions/SpawnObjectFromGlobalPoolOverTimeV2.cs	0	
Assets/Scripts/ThirdParty/HutongGames/PlayMaker/Actions/SpawnRandomObjects.cs	0	
Assets/Scripts/ThirdParty/HutongGames/PlayMaker/Actions/SpawnRandomObjectsOverTime.cs	0	
Assets/Scripts/ThirdParty/HutongGames/PlayMaker/Actions/SpawnRandomObjectsOverTimeV2.cs	0	
Assets/Scripts/ThirdParty/HutongGames/PlayMaker/Actions/SpawnRandomObjectsV2.cs	0	
Assets/Scripts/ThirdParty/HutongGames/PlayMaker/Actions/SpawnRandomObjectsVelocity.cs	0	
Assets/Scripts/ThirdParty/HutongGames/PlayMaker/Actions/SplitTextToArrayList.cs	0	
Assets/Scripts/ThirdParty/HutongGames/PlayMaker/Actions/StopParticleEmitter.cs	0	
Assets/Scripts/ThirdParty/HutongGames/PlayMaker/Actions/StopParticleEmittersInChildren.cs	0	
Assets/Scripts/ThirdParty/HutongGames/PlayMaker/Actions/Tk2dIsPlaying.cs	0	
Assets/Scripts/ThirdParty/HutongGames/PlayMaker/Actions/Tk2dPauseAnimation.cs	0	
Assets/Scripts/ThirdParty/HutongGames/PlayMaker/Actions/Tk2dPlayAnimation.cs	0	
Assets/Scripts/ThirdParty/HutongGames/PlayMaker/Actions/Tk2dPlayAnimationV2.cs	0	
Assets/Scripts/ThirdParty/HutongGames/PlayMaker/Actions/Tk2dPlayAnimationWithEvents.cs	0	
Assets/Scripts/ThirdParty/HutongGames/PlayMaker/Actions/Tk2dPlayFrame.cs	0	
Assets/Scripts/ThirdParty/HutongGames/PlayMaker/Actions/Tk2dResumeAnimation.cs	0	
Assets/Scripts/ThirdParty/HutongGames/PlayMaker/Actions/Tk2dSetAnimationFrameRate.cs	0	
Assets/Scripts/ThirdParty/HutongGames/PlayMaker/Actions/Tk2dSpriteGetColor.cs	0	
Assets/Scripts/ThirdParty/HutongGames/PlayMaker/Actions/Tk2dSpriteGetId.cs	0	
Assets/Scripts/ThirdParty/HutongGames/PlayMaker/Actions/Tk2dSpriteGetPixelPerfect.cs	0	
Assets/Scripts/ThirdParty/HutongGames/PlayMaker/Actions/Tk2dSpriteGetScale.cs	0	
Assets/Scripts/ThirdParty/HutongGames/PlayMaker/Actions/Tk2dSpriteMakePixelPerfect.cs	0	
Assets/Scripts/ThirdParty/HutongGames/PlayMaker/Actions/Tk2dSpriteSetColor.cs	0	
Assets/Scripts/ThirdParty/HutongGames/PlayMaker/Actions/Tk2dSpriteSetId.cs	0	
Assets/Scripts/ThirdParty/HutongGames/PlayMaker/Actions/Tk2dSpriteSetIdRandom.cs	0	
Assets/Scripts/ThirdParty/HutongGames/PlayMaker/Actions/Tk2dSpriteSetPixelPerfect.cs	0	
Assets/Scripts/ThirdParty/HutongGames/PlayMaker/Actions/Tk2dSpriteSetScale.cs	0	
Assets/Scripts/ThirdParty/HutongGames/PlayMaker/Actions/Tk2dSpriteTweenColor.cs	0	
Assets/Scripts/ThirdParty/HutongGames/PlayMaker/Actions/Tk2dStopAnimation.cs	0	
Assets/Scripts/ThirdParty/HutongGames/PlayMaker/Actions/Tk2dTextMeshCommit.cs	0	
Assets/Scripts/ThirdParty/HutongGames/PlayMaker/Actions/Tk2dTextMeshGetAnchor.cs	0	
Assets/Scripts/ThirdParty/HutongGames/PlayMaker/Actions/Tk2dTextMeshGetColors.cs	0	
Assets/Scripts/ThirdParty/HutongGames/PlayMaker/Actions/Tk2dTextMeshGetFont.cs	0	
Assets/Scripts/ThirdParty/HutongGames/PlayMaker/Actions/Tk2dTextMeshGetInlineStyling.cs	0	
Assets/Scripts/ThirdParty/HutongGames/PlayMaker/Actions/Tk2dTextMeshGetInlineStylingIsAvailable.cs	0	
Assets/Scripts/ThirdParty/HutongGames/PlayMaker/Actions/Tk2dTextMeshGetMaxChars.cs	0	
Assets/Scripts/ThirdParty/HutongGames/PlayMaker/Actions/Tk2dTextMeshGetNumDrawnCharacters.cs	0	
Assets/Scripts/ThirdParty/HutongGames/PlayMaker/Actions/Tk2dTextMeshGetPixelPerfect.cs	0	
Assets/Scripts/ThirdParty/HutongGames/PlayMaker/Actions/Tk2dTextMeshGetProperties.cs	0	
Assets/Scripts/ThirdParty/HutongGames/PlayMaker/Actions/Tk2dTextMeshGetScale.cs	0	
Assets/Scripts/ThirdParty/HutongGames/PlayMaker/Actions/Tk2dTextMeshGetText.cs	0	
Assets/Scripts/ThirdParty/HutongGames/PlayMaker/Actions/Tk2dTextMeshGetTextureGradient.cs	0	
Assets/Scripts/ThirdParty/HutongGames/PlayMaker/Actions/Tk2dTextMeshMakePixelPerfect.cs	0	
Assets/Scripts/ThirdParty/HutongGames/PlayMaker/Actions/Tk2dTextMeshSetAnchor.cs	0	
Assets/Scripts/ThirdParty/HutongGames/PlayMaker/Actions/Tk2dTextMeshSetColors.cs	0	
Assets/Scripts/ThirdParty/HutongGames/PlayMaker/Actions/Tk2dTextMeshSetFont.cs	0	
Assets/Scripts/ThirdParty/HutongGames/PlayMaker/Actions/Tk2dTextMeshSetInlineStyling.cs	0	
Assets/Scripts/ThirdParty/HutongGames/PlayMaker/Actions/Tk2dTextMeshSetMaxChars.cs	0	
Assets/Scripts/ThirdParty/HutongGames/PlayMaker/Actions/Tk2dTextMeshSetPixelPerfect.cs	0	
Assets/Scripts/ThirdParty/HutongGames/PlayMaker/Actions/Tk2dTextMeshSetProperties.cs	0	
Assets/Scripts/ThirdParty/HutongGames/PlayMaker/Actions/Tk2dTextMeshSetScale.cs	0	
Assets/Scripts/ThirdParty/HutongGames/PlayMaker/Actions/Tk2dTextMeshSetText.cs	0	
Assets/Scripts/ThirdParty/HutongGames/PlayMaker/Actions/Tk2dTextMeshSetTextureGradient.cs	0	
Assets/Scripts/ThirdParty/HutongGames/PlayMaker/Actions/Tk2dWatchAnimationEvents.cs	0	
Assets/Scripts/ThirdParty/HutongGames/PlayMaker/Actions/TransitionToAudioSnapshot.cs	0	
Assets/Scripts/ThirdParty/HutongGames/PlayMaker/Actions/TranslateContinuous.cs	0	
Assets/Scripts/ThirdParty/HutongGames/PlayMaker/Actions/TranslateV2.cs	0	
Assets/Scripts/ThirdParty/HutongGames/PlayMaker/Actions/Trigger2dEventLayer.cs	0	
Assets/Scripts/ThirdParty/HutongGames/PlayMaker/Actions/Trigger2dEventToParent.cs	0	
Assets/Scripts/ThirdParty/HutongGames/PlayMaker/Actions/WaitRandom.cs	0	
Assets/Scripts/ThirdParty/HutongGames/PlayMaker/Actions/WalkLeftRight.cs	0	
Assets/Scripts/ThirdParty/HutongGames/PlayMaker/Actions/iTweenFadeTo.cs	0	
Assets/Scripts/ThirdParty/HutongGames/PlayMaker/Actions/iTweenFsmAction.cs	0	
Assets/Scripts/ThirdParty/HutongGames/PlayMaker/Actions/iTweenLookFrom.cs	0	
Assets/Scripts/ThirdParty/HutongGames/PlayMaker/Actions/iTweenLookTo.cs	0	
Assets/Scripts/ThirdParty/HutongGames/PlayMaker/Actions/iTweenLookUpdate.cs	0	
Assets/Scripts/ThirdParty/HutongGames/PlayMaker/Actions/iTweenMoveAdd.cs	0	
Assets/Scripts/ThirdParty/HutongGames/PlayMaker/Actions/iTweenMoveBy.cs	0	
Assets/Scripts/ThirdParty/HutongGames/PlayMaker/Actions/iTweenMoveFrom.cs	0	
Assets/Scripts/ThirdParty/HutongGames/PlayMaker/Actions/iTweenMoveTo.cs	0	
Assets/Scripts/ThirdParty/HutongGames/PlayMaker/Actions/iTweenMoveUpdate.cs	0	
Assets/Scripts/ThirdParty/HutongGames/PlayMaker/Actions/iTweenPause.cs	0	
Assets/Scripts/ThirdParty/HutongGames/PlayMaker/Actions/iTweenPunchPosition.cs	0	
Assets/Scripts/ThirdParty/HutongGames/PlayMaker/Actions/iTweenPunchRotation.cs	0	
Assets/Scripts/ThirdParty/HutongGames/PlayMaker/Actions/iTweenPunchScale.cs	0	
Assets/Scripts/ThirdParty/HutongGames/PlayMaker/Actions/iTweenResume.cs	0	
Assets/Scripts/ThirdParty/HutongGames/PlayMaker/Actions/iTweenRotateAdd.cs	0	
Assets/Scripts/ThirdParty/HutongGames/PlayMaker/Actions/iTweenRotateBy.cs	0	
Assets/Scripts/ThirdParty/HutongGames/PlayMaker/Actions/iTweenRotateFrom.cs	0	
Assets/Scripts/ThirdParty/HutongGames/PlayMaker/Actions/iTweenRotateTo.cs	0	
Assets/Scripts/ThirdParty/HutongGames/PlayMaker/Actions/iTweenRotateUpdate.cs	0	
Assets/Scripts/ThirdParty/HutongGames/PlayMaker/Actions/iTweenScaleAdd.cs	0	
Assets/Scripts/ThirdParty/HutongGames/PlayMaker/Actions/iTweenScaleBy.cs	0	
Assets/Scripts/ThirdParty/HutongGames/PlayMaker/Actions/iTweenScaleFrom.cs	0	
Assets/Scripts/ThirdParty/HutongGames/PlayMaker/Actions/iTweenScaleTo.cs	0	
Assets/Scripts/ThirdParty/HutongGames/PlayMaker/Actions/iTweenScaleUpdate.cs	0	
Assets/Scripts/ThirdParty/HutongGames/PlayMaker/Actions/iTweenShakePosition.cs	0	
Assets/Scripts/ThirdParty/HutongGames/PlayMaker/Actions/iTweenShakeRotation.cs	0	
Assets/Scripts/ThirdParty/HutongGames/PlayMaker/Actions/iTweenShakeScale.cs	0	
Assets/Scripts/ThirdParty/HutongGames/PlayMaker/Actions/iTweenStop.cs	0	
Assets/Scripts/ThirdParty/HutongGames/PlayMaker/Ecosystem/Utils/EventTargetVariable.cs	0	
Assets/Scripts/ThirdParty/HutongGames/PlayMaker/Ecosystem/Utils/Owner.cs	0	
Assets/Scripts/ThirdParty/HutongGames/PlayMaker/Ecosystem/Utils/PlayMakerEvent.cs	0	
Assets/Scripts/ThirdParty/HutongGames/PlayMaker/Ecosystem/Utils/PlayMakerEventTarget.cs	0	
Assets/Scripts/ThirdParty/HutongGames/PlayMaker/Ecosystem/Utils/ShowOptions.cs	0	
Assets/Scripts/ThirdParty/HutongGames/PlayMaker/IFsmCollider2DStateAction.cs	0	
Assets/Scripts/ThirdParty/PlayMakerEcosystem/PlayMakerUtils.cs	0	
Assets/Scripts/ThirdParty/PlayMakerEcosystem/Runtime_Bridges/PlayMakerArrayListProxy.cs	0	
Assets/Scripts/ThirdParty/PlayMakerEcosystem/Runtime_Bridges/PlayMakerCollectionProxy.cs	0	
Assets/Scripts/ThirdParty/PlayMakerEcosystem/Runtime_Bridges/PlayMakerHashTableProxy.cs	0	
Assets/Scripts/ThirdParty/PlayMakerEcosystem/Runtime_Bridges/PlayMakerUnity2DProxy.cs	0	
Assets/Scripts/ThirdParty/PlayMakerEcosystem/Runtime_Bridges/PlayMakerUnity2d.cs	0	
Assets/Scripts/ThirdParty/PlayMakerEcosystem/Runtime_Bridges/PlayMakerUtilsDotNetExtensions.cs	0	
Assets/Scripts/ThirdParty/PlayMakerEcosystem/Runtime_Bridges/PlayMakerUtils_Extensions.cs	0	
Assets/Scripts/ThirdParty/TMPro/FaceInfo.cs	0	
Assets/Scripts/ThirdParty/TMPro/FastAction.cs	0	
Assets/Scripts/ThirdParty/TMPro/ITweenValue.cs	0	
Assets/Scripts/ThirdParty/TMPro/InlineGraphic.cs	0	
Assets/Scripts/ThirdParty/TMPro/InlineGraphicManager.cs	0	
Assets/Scripts/ThirdParty/TMPro/MaterialReferenceManager.cs	0	
Assets/Scripts/ThirdParty/TMPro/ShaderUtilities.cs	0	
Assets/Scripts/ThirdParty/TMPro/TMP_Asset.cs	0	
Assets/Scripts/ThirdParty/TMPro/TMP_CharacterInfo.cs	0	
Assets/Scripts/ThirdParty/TMPro/TMP_ColorGradient.cs	0	
Assets/Scripts/ThirdParty/TMPro/TMP_Compatibility.cs	0	
Assets/Scripts/ThirdParty/TMPro/TMP_DefaultControls.cs	0	
Assets/Scripts/ThirdParty/TMPro/TMP_Dropdown.cs	0	
Assets/Scripts/ThirdParty/TMPro/TMP_FontAsset.cs	0	
Assets/Scripts/ThirdParty/TMPro/TMP_InputField.cs	0	
Assets/Scripts/ThirdParty/TMPro/TMP_LineInfo.cs	0	
Assets/Scripts/ThirdParty/TMPro/TMP_MaterialManager.cs	0	
Assets/Scripts/ThirdParty/TMPro/TMP_MeshInfo.cs	0	
Assets/Scripts/ThirdParty/TMPro/TMP_Settings.cs	0	
Assets/Scripts/ThirdParty/TMPro/TMP_Sprite.cs	0	
Assets/Scripts/ThirdParty/TMPro/TMP_SpriteAsset.cs	0	
Assets/Scripts/ThirdParty/TMPro/TMP_Style.cs	0	
Assets/Scripts/ThirdParty/TMPro/TMP_StyleSheet.cs	0	
Assets/Scripts/ThirdParty/TMPro/TMP_SubMesh.cs	0	
Assets/Scripts/ThirdParty/TMPro/TMP_SubMeshUI.cs	0	
Assets/Scripts/ThirdParty/TMPro/TMP_Text.cs	0	
Assets/Scripts/ThirdParty/TMPro/TMP_TextElement.cs	0	
Assets/Scripts/ThirdParty/TMPro/TMP_TextInfo.cs	0	
Assets/Scripts/ThirdParty/TMPro/TMP_TextUtilities.cs	0	
Assets/Scripts/ThirdParty/TMPro/TMP_UpdateManager.cs	0	
Assets/Scripts/ThirdParty/TMPro/TMP_UpdateRegistry.cs	0	
Assets/Scripts/ThirdParty/TMPro/TMPro_EventManager.cs	0	
Assets/Scripts/ThirdParty/TMPro/TMPro_ExtensionMethods.cs	0	
Assets/Scripts/ThirdParty/TMPro/TextContainer.cs	-110	
Assets/Scripts/ThirdParty/TMPro/TextMeshPro.cs	-105	
Assets/Scripts/ThirdParty/TMPro/TextMeshProUGUI.cs	-100	
Assets/Scripts/ThirdParty/ToJ/Mask.cs	0	
Assets/Scripts/ThirdParty/UnityUIExtensions/SoftMaskScript.cs	0	
